ISO-10303-21;
HEADER;
/* Generated by software containing ST-Developer
 * from STEP Tools, Inc. (www.steptools.com) 
 */

FILE_DESCRIPTION(
/* description */ (''),
/* implementation_level */ '2;1');

FILE_NAME(
/* name */ 'mg90s servo.step',
/* time_stamp */ '2026-09-05T11:51:15+05:30',
/* author */ (''),
/* organization */ (''),
/* preprocessor_version */ 'ST-DEVELOPER v20.1',
/* originating_system */ 'Autodesk Translation Framework v15.8.0.0',
/* authorisation */ '');

FILE_SCHEMA (('AUTOMOTIVE_DESIGN { 1 0 10303 214 3 1 1 }'));
ENDSEC;

DATA;
#10=MECHANICAL_DESIGN_GEOMETRIC_PRESENTATION_REPRESENTATION('',(#3973,#3974,
#3975,#3976,#3977,#3978,#3979,#3980,#3981,#3982,#3983,#3984,#3985,#3986,
#3987,#3988,#3989,#3990,#3991,#3992,#3993,#3994,#3995,#3996,#3997,#3998,
#3999,#4000,#4001,#4002,#4003,#4004,#4005,#4006,#4007,#4008,#4009,#4010,
#4011,#4012,#4013,#4014,#4015,#4016,#4017,#4018,#4019,#4020,#4021,#4022,
#4023,#4024,#4025,#4026,#4027,#4028,#4029,#4030,#4031,#4032,#4033,#4034,
#4035,#4036,#4037,#4038,#4039,#4040,#4041,#4042,#4043,#4044,#4045,#4046,
#4047,#4048,#4049,#4050,#4051,#4052,#4053,#4054,#4055,#4056,#4057,#4058,
#4059,#4060,#4061,#4062,#4063,#4064,#4065,#4066,#4067,#4068,#4069,#4070,
#4071,#4072,#4073,#4074,#4075,#4076,#4077,#4078,#4079,#4080,#4081,#4082,
#4083,#4084,#4085,#4086,#4087,#4088,#4089,#4090,#4091,#4092,#4093,#4094,
#4095,#4096,#4097,#4098,#4099,#4100,#4101,#4102,#4103,#4104,#4105,#4106,
#4107,#4108,#4109,#4110,#4111,#4112,#4113,#4114,#4115,#4116,#4117,#4118,
#4119,#4120,#4121,#4122,#4123,#4124,#4125,#4126,#4127,#4128,#4129,#4130,
#4131,#4132,#4133,#4134,#4135,#4136,#4137,#4138,#4139,#4140,#4141,#4142,
#4143,#4144,#4145,#4146,#4147,#4148,#4149,#4150,#4151,#4152,#4153,#4154,
#4155,#4156),#8309);
#11=ITEM_DEFINED_TRANSFORMATION($,$,#4396,#4969);
#12=ITEM_DEFINED_TRANSFORMATION($,$,#4395,#4970);
#13=(
REPRESENTATION_RELATIONSHIP($,$,#8324,#8323)
REPRESENTATION_RELATIONSHIP_WITH_TRANSFORMATION(#11)
SHAPE_REPRESENTATION_RELATIONSHIP()
);
#14=(
REPRESENTATION_RELATIONSHIP($,$,#8323,#8322)
REPRESENTATION_RELATIONSHIP_WITH_TRANSFORMATION(#12)
SHAPE_REPRESENTATION_RELATIONSHIP()
);
#15=CONTEXT_DEPENDENT_SHAPE_REPRESENTATION(#13,#8320);
#16=CONTEXT_DEPENDENT_SHAPE_REPRESENTATION(#14,#8321);
#17=NEXT_ASSEMBLY_USAGE_OCCURRENCE('MG90S Servo Motor v1:1',
'MG90S Servo Motor v1:1','MG90S Servo Motor v1:1',#8327,#8328,
'MG90S Servo Motor v1:1');
#18=NEXT_ASSEMBLY_USAGE_OCCURRENCE('SERVOFULLCOMBINE v1:1',
'SERVOFULLCOMBINE v1:1','SERVOFULLCOMBINE v1:1',#8326,#8327,
'SERVOFULLCOMBINE v1:1');
#19=SHAPE_REPRESENTATION_RELATIONSHIP('SRR','None',#8324,#20);
#20=ADVANCED_BREP_SHAPE_REPRESENTATION('',(#21),#8308);
#21=MANIFOLD_SOLID_BREP('Body4',#4381);
#22=TOROIDAL_SURFACE('',#4709,2.7,0.2);
#23=TOROIDAL_SURFACE('',#4714,6.1,0.2);
#24=TOROIDAL_SURFACE('',#4718,6.1,0.2);
#25=FACE_BOUND('',#1037,.T.);
#26=FACE_BOUND('',#1070,.T.);
#27=FACE_BOUND('',#1153,.T.);
#28=PLANE('',#4419);
#29=PLANE('',#4443);
#30=PLANE('',#4467);
#31=PLANE('',#4491);
#32=PLANE('',#4515);
#33=PLANE('',#4539);
#34=PLANE('',#4563);
#35=PLANE('',#4588);
#36=PLANE('',#4612);
#37=PLANE('',#4636);
#38=PLANE('',#4660);
#39=PLANE('',#4684);
#40=PLANE('',#4686);
#41=PLANE('',#4688);
#42=PLANE('',#4694);
#43=PLANE('',#4695);
#44=PLANE('',#4701);
#45=PLANE('',#4704);
#46=PLANE('',#4724);
#47=PLANE('',#4725);
#48=PLANE('',#4726);
#49=PLANE('',#4730);
#50=PLANE('',#4731);
#51=PLANE('',#4732);
#52=PLANE('',#4733);
#53=PLANE('',#4734);
#54=PLANE('',#4735);
#55=PLANE('',#4736);
#56=PLANE('',#4742);
#57=PLANE('',#4745);
#58=PLANE('',#4746);
#59=PLANE('',#4747);
#60=PLANE('',#4748);
#61=PLANE('',#4749);
#62=PLANE('',#4750);
#63=PLANE('',#4751);
#64=PLANE('',#4752);
#65=PLANE('',#4775);
#66=PLANE('',#4829);
#67=PLANE('',#4852);
#68=PLANE('',#4875);
#69=PLANE('',#4898);
#70=PLANE('',#4921);
#71=PLANE('',#4944);
#72=PLANE('',#4967);
#73=PLANE('',#4968);
#74=B_SPLINE_SURFACE_WITH_KNOTS('',4,1,((#6389,#6390),(#6391,#6392),(#6393,
#6394),(#6395,#6396),(#6397,#6398)),.UNSPECIFIED.,.F.,.F.,.F.,(5,5),(2,
2),(-1.,0.),(0.,0.36),.UNSPECIFIED.);
#75=B_SPLINE_SURFACE_WITH_KNOTS('',4,1,((#6404,#6405),(#6406,#6407),(#6408,
#6409),(#6410,#6411),(#6412,#6413)),.UNSPECIFIED.,.F.,.F.,.F.,(5,5),(2,
2),(-1.,0.),(0.,0.36),.UNSPECIFIED.);
#76=B_SPLINE_SURFACE_WITH_KNOTS('',4,1,((#6469,#6470),(#6471,#6472),(#6473,
#6474),(#6475,#6476),(#6477,#6478)),.UNSPECIFIED.,.F.,.F.,.F.,(5,5),(2,
2),(-1.,0.),(0.,0.36),.UNSPECIFIED.);
#77=B_SPLINE_SURFACE_WITH_KNOTS('',4,1,((#6484,#6485),(#6486,#6487),(#6488,
#6489),(#6490,#6491),(#6492,#6493)),.UNSPECIFIED.,.F.,.F.,.F.,(5,5),(2,
2),(-1.,0.),(0.,0.36),.UNSPECIFIED.);
#78=B_SPLINE_SURFACE_WITH_KNOTS('',4,1,((#6549,#6550),(#6551,#6552),(#6553,
#6554),(#6555,#6556),(#6557,#6558)),.UNSPECIFIED.,.F.,.F.,.F.,(5,5),(2,
2),(-1.,0.),(0.,0.36),.UNSPECIFIED.);
#79=B_SPLINE_SURFACE_WITH_KNOTS('',4,1,((#6564,#6565),(#6566,#6567),(#6568,
#6569),(#6570,#6571),(#6572,#6573)),.UNSPECIFIED.,.F.,.F.,.F.,(5,5),(2,
2),(-1.,0.),(0.,0.36),.UNSPECIFIED.);
#80=B_SPLINE_SURFACE_WITH_KNOTS('',4,1,((#6629,#6630),(#6631,#6632),(#6633,
#6634),(#6635,#6636),(#6637,#6638)),.UNSPECIFIED.,.F.,.F.,.F.,(5,5),(2,
2),(-1.,0.),(0.,0.36),.UNSPECIFIED.);
#81=B_SPLINE_SURFACE_WITH_KNOTS('',4,1,((#6644,#6645),(#6646,#6647),(#6648,
#6649),(#6650,#6651),(#6652,#6653)),.UNSPECIFIED.,.F.,.F.,.F.,(5,5),(2,
2),(-1.,0.),(0.,0.36),.UNSPECIFIED.);
#82=B_SPLINE_SURFACE_WITH_KNOTS('',4,1,((#6709,#6710),(#6711,#6712),(#6713,
#6714),(#6715,#6716),(#6717,#6718)),.UNSPECIFIED.,.F.,.F.,.F.,(5,5),(2,
2),(-1.,0.),(0.,0.36),.UNSPECIFIED.);
#83=B_SPLINE_SURFACE_WITH_KNOTS('',4,1,((#6724,#6725),(#6726,#6727),(#6728,
#6729),(#6730,#6731),(#6732,#6733)),.UNSPECIFIED.,.F.,.F.,.F.,(5,5),(2,
2),(-1.,0.),(0.,0.36),.UNSPECIFIED.);
#84=B_SPLINE_SURFACE_WITH_KNOTS('',4,1,((#6789,#6790),(#6791,#6792),(#6793,
#6794),(#6795,#6796),(#6797,#6798)),.UNSPECIFIED.,.F.,.F.,.F.,(5,5),(2,
2),(-1.,0.),(0.,0.36),.UNSPECIFIED.);
#85=B_SPLINE_SURFACE_WITH_KNOTS('',4,1,((#6804,#6805),(#6806,#6807),(#6808,
#6809),(#6810,#6811),(#6812,#6813)),.UNSPECIFIED.,.F.,.F.,.F.,(5,5),(2,
2),(-1.,0.),(0.,0.36),.UNSPECIFIED.);
#86=B_SPLINE_SURFACE_WITH_KNOTS('',4,1,((#6869,#6870),(#6871,#6872),(#6873,
#6874),(#6875,#6876),(#6877,#6878)),.UNSPECIFIED.,.F.,.F.,.F.,(5,5),(2,
2),(-1.,0.),(0.,0.36),.UNSPECIFIED.);
#87=B_SPLINE_SURFACE_WITH_KNOTS('',4,1,((#6884,#6885),(#6886,#6887),(#6888,
#6889),(#6890,#6891),(#6892,#6893)),.UNSPECIFIED.,.F.,.F.,.F.,(5,5),(2,
2),(-1.,0.),(0.,0.36),.UNSPECIFIED.);
#88=B_SPLINE_SURFACE_WITH_KNOTS('',4,1,((#6951,#6952),(#6953,#6954),(#6955,
#6956),(#6957,#6958),(#6959,#6960)),.UNSPECIFIED.,.F.,.F.,.F.,(5,5),(2,
2),(-1.,0.),(0.,0.36),.UNSPECIFIED.);
#89=B_SPLINE_SURFACE_WITH_KNOTS('',4,1,((#6966,#6967),(#6968,#6969),(#6970,
#6971),(#6972,#6973),(#6974,#6975)),.UNSPECIFIED.,.F.,.F.,.F.,(5,5),(2,
2),(-1.,0.),(0.,0.36),.UNSPECIFIED.);
#90=B_SPLINE_SURFACE_WITH_KNOTS('',4,1,((#7031,#7032),(#7033,#7034),(#7035,
#7036),(#7037,#7038),(#7039,#7040)),.UNSPECIFIED.,.F.,.F.,.F.,(5,5),(2,
2),(-1.,0.),(0.,0.36),.UNSPECIFIED.);
#91=B_SPLINE_SURFACE_WITH_KNOTS('',4,1,((#7046,#7047),(#7048,#7049),(#7050,
#7051),(#7052,#7053),(#7054,#7055)),.UNSPECIFIED.,.F.,.F.,.F.,(5,5),(2,
2),(-1.,0.),(0.,0.36),.UNSPECIFIED.);
#92=B_SPLINE_SURFACE_WITH_KNOTS('',4,1,((#7111,#7112),(#7113,#7114),(#7115,
#7116),(#7117,#7118),(#7119,#7120)),.UNSPECIFIED.,.F.,.F.,.F.,(5,5),(2,
2),(-1.,0.),(0.,0.36),.UNSPECIFIED.);
#93=B_SPLINE_SURFACE_WITH_KNOTS('',4,1,((#7126,#7127),(#7128,#7129),(#7130,
#7131),(#7132,#7133),(#7134,#7135)),.UNSPECIFIED.,.F.,.F.,.F.,(5,5),(2,
2),(-1.,0.),(0.,0.36),.UNSPECIFIED.);
#94=B_SPLINE_SURFACE_WITH_KNOTS('',4,1,((#7191,#7192),(#7193,#7194),(#7195,
#7196),(#7197,#7198),(#7199,#7200)),.UNSPECIFIED.,.F.,.F.,.F.,(5,5),(2,
2),(-1.,0.),(0.,0.36),.UNSPECIFIED.);
#95=B_SPLINE_SURFACE_WITH_KNOTS('',4,1,((#7206,#7207),(#7208,#7209),(#7210,
#7211),(#7212,#7213),(#7214,#7215)),.UNSPECIFIED.,.F.,.F.,.F.,(5,5),(2,
2),(-1.,0.),(0.,0.36),.UNSPECIFIED.);
#96=B_SPLINE_SURFACE_WITH_KNOTS('',4,1,((#7271,#7272),(#7273,#7274),(#7275,
#7276),(#7277,#7278),(#7279,#7280)),.UNSPECIFIED.,.F.,.F.,.F.,(5,5),(2,
2),(-1.,0.),(0.,0.36),.UNSPECIFIED.);
#97=B_SPLINE_SURFACE_WITH_KNOTS('',4,1,((#7286,#7287),(#7288,#7289),(#7290,
#7291),(#7292,#7293),(#7294,#7295)),.UNSPECIFIED.,.F.,.F.,.F.,(5,5),(2,
2),(-1.,0.),(0.,0.36),.UNSPECIFIED.);
#98=B_SPLINE_SURFACE_WITH_KNOTS('',3,3,((#7473,#7474,#7475,#7476,#7477,
#7478),(#7479,#7480,#7481,#7482,#7483,#7484),(#7485,#7486,#7487,#7488,#7489,
#7490),(#7491,#7492,#7493,#7494,#7495,#7496)),.UNSPECIFIED.,.F.,.F.,.F.,
(4,4),(4,2,4),(0.,1.),(-0.000916975964786,0.,0.1570771570926),
 .UNSPECIFIED.);
#99=B_SPLINE_SURFACE_WITH_KNOTS('',3,3,((#7507,#7508,#7509,#7510,#7511,
#7512),(#7513,#7514,#7515,#7516,#7517,#7518),(#7519,#7520,#7521,#7522,#7523,
#7524),(#7525,#7526,#7527,#7528,#7529,#7530),(#7531,#7532,#7533,#7534,#7535,
#7536)),.UNSPECIFIED.,.F.,.F.,.F.,(4,1,4),(4,2,4),(0.,0.5,1.),(0.301640410627729,
0.458717567720329,0.459634543685115),.UNSPECIFIED.);
#100=B_SPLINE_SURFACE_WITH_KNOTS('',4,1,((#7657,#7658),(#7659,#7660),(#7661,
#7662),(#7663,#7664),(#7665,#7666)),.UNSPECIFIED.,.F.,.F.,.F.,(5,5),(2,
2),(-1.,0.),(0.,0.36),.UNSPECIFIED.);
#101=B_SPLINE_SURFACE_WITH_KNOTS('',4,1,((#7672,#7673),(#7674,#7675),(#7676,
#7677),(#7678,#7679),(#7680,#7681)),.UNSPECIFIED.,.F.,.F.,.F.,(5,5),(2,
2),(-1.,0.),(0.,0.36),.UNSPECIFIED.);
#102=B_SPLINE_SURFACE_WITH_KNOTS('',4,1,((#7812,#7813),(#7814,#7815),(#7816,
#7817),(#7818,#7819),(#7820,#7821)),.UNSPECIFIED.,.F.,.F.,.F.,(5,5),(2,
2),(-1.,0.),(0.,0.36),.UNSPECIFIED.);
#103=B_SPLINE_SURFACE_WITH_KNOTS('',4,1,((#7827,#7828),(#7829,#7830),(#7831,
#7832),(#7833,#7834),(#7835,#7836)),.UNSPECIFIED.,.F.,.F.,.F.,(5,5),(2,
2),(-1.,0.),(0.,0.36),.UNSPECIFIED.);
#104=B_SPLINE_SURFACE_WITH_KNOTS('',4,1,((#7885,#7886),(#7887,#7888),(#7889,
#7890),(#7891,#7892),(#7893,#7894)),.UNSPECIFIED.,.F.,.F.,.F.,(5,5),(2,
2),(-1.,0.),(0.,0.36),.UNSPECIFIED.);
#105=B_SPLINE_SURFACE_WITH_KNOTS('',4,1,((#7900,#7901),(#7902,#7903),(#7904,
#7905),(#7906,#7907),(#7908,#7909)),.UNSPECIFIED.,.F.,.F.,.F.,(5,5),(2,
2),(-1.,0.),(0.,0.36),.UNSPECIFIED.);
#106=B_SPLINE_SURFACE_WITH_KNOTS('',4,1,((#7958,#7959),(#7960,#7961),(#7962,
#7963),(#7964,#7965),(#7966,#7967)),.UNSPECIFIED.,.F.,.F.,.F.,(5,5),(2,
2),(-1.,0.),(0.,0.36),.UNSPECIFIED.);
#107=B_SPLINE_SURFACE_WITH_KNOTS('',4,1,((#7973,#7974),(#7975,#7976),(#7977,
#7978),(#7979,#7980),(#7981,#7982)),.UNSPECIFIED.,.F.,.F.,.F.,(5,5),(2,
2),(-1.,0.),(0.,0.36),.UNSPECIFIED.);
#108=B_SPLINE_SURFACE_WITH_KNOTS('',4,1,((#8031,#8032),(#8033,#8034),(#8035,
#8036),(#8037,#8038),(#8039,#8040)),.UNSPECIFIED.,.F.,.F.,.F.,(5,5),(2,
2),(-1.,0.),(0.,0.36),.UNSPECIFIED.);
#109=B_SPLINE_SURFACE_WITH_KNOTS('',4,1,((#8046,#8047),(#8048,#8049),(#8050,
#8051),(#8052,#8053),(#8054,#8055)),.UNSPECIFIED.,.F.,.F.,.F.,(5,5),(2,
2),(-1.,0.),(0.,0.36),.UNSPECIFIED.);
#110=B_SPLINE_SURFACE_WITH_KNOTS('',4,1,((#8104,#8105),(#8106,#8107),(#8108,
#8109),(#8110,#8111),(#8112,#8113)),.UNSPECIFIED.,.F.,.F.,.F.,(5,5),(2,
2),(-1.,0.),(0.,0.36),.UNSPECIFIED.);
#111=B_SPLINE_SURFACE_WITH_KNOTS('',4,1,((#8119,#8120),(#8121,#8122),(#8123,
#8124),(#8125,#8126),(#8127,#8128)),.UNSPECIFIED.,.F.,.F.,.F.,(5,5),(2,
2),(-1.,0.),(0.,0.36),.UNSPECIFIED.);
#112=B_SPLINE_SURFACE_WITH_KNOTS('',4,1,((#8177,#8178),(#8179,#8180),(#8181,
#8182),(#8183,#8184),(#8185,#8186)),.UNSPECIFIED.,.F.,.F.,.F.,(5,5),(2,
2),(-1.,0.),(0.,0.36),.UNSPECIFIED.);
#113=B_SPLINE_SURFACE_WITH_KNOTS('',4,1,((#8192,#8193),(#8194,#8195),(#8196,
#8197),(#8198,#8199),(#8200,#8201)),.UNSPECIFIED.,.F.,.F.,.F.,(5,5),(2,
2),(-1.,0.),(0.,0.36),.UNSPECIFIED.);
#114=B_SPLINE_SURFACE_WITH_KNOTS('',4,1,((#8250,#8251),(#8252,#8253),(#8254,
#8255),(#8256,#8257),(#8258,#8259)),.UNSPECIFIED.,.F.,.F.,.F.,(5,5),(2,
2),(-1.,0.),(0.,0.36),.UNSPECIFIED.);
#115=B_SPLINE_SURFACE_WITH_KNOTS('',4,1,((#8265,#8266),(#8267,#8268),(#8269,
#8270),(#8271,#8272),(#8273,#8274)),.UNSPECIFIED.,.F.,.F.,.F.,(5,5),(2,
2),(-1.,0.),(0.,0.36),.UNSPECIFIED.);
#116=LINE('',#6385,#353);
#117=LINE('',#6388,#354);
#118=LINE('',#6402,#355);
#119=LINE('',#6417,#356);
#120=LINE('',#6424,#357);
#121=LINE('',#6430,#358);
#122=LINE('',#6436,#359);
#123=LINE('',#6439,#360);
#124=LINE('',#6465,#361);
#125=LINE('',#6468,#362);
#126=LINE('',#6482,#363);
#127=LINE('',#6497,#364);
#128=LINE('',#6504,#365);
#129=LINE('',#6510,#366);
#130=LINE('',#6516,#367);
#131=LINE('',#6519,#368);
#132=LINE('',#6545,#369);
#133=LINE('',#6548,#370);
#134=LINE('',#6562,#371);
#135=LINE('',#6577,#372);
#136=LINE('',#6584,#373);
#137=LINE('',#6590,#374);
#138=LINE('',#6596,#375);
#139=LINE('',#6599,#376);
#140=LINE('',#6625,#377);
#141=LINE('',#6628,#378);
#142=LINE('',#6642,#379);
#143=LINE('',#6657,#380);
#144=LINE('',#6664,#381);
#145=LINE('',#6670,#382);
#146=LINE('',#6676,#383);
#147=LINE('',#6679,#384);
#148=LINE('',#6705,#385);
#149=LINE('',#6708,#386);
#150=LINE('',#6722,#387);
#151=LINE('',#6737,#388);
#152=LINE('',#6744,#389);
#153=LINE('',#6750,#390);
#154=LINE('',#6756,#391);
#155=LINE('',#6759,#392);
#156=LINE('',#6785,#393);
#157=LINE('',#6788,#394);
#158=LINE('',#6802,#395);
#159=LINE('',#6817,#396);
#160=LINE('',#6824,#397);
#161=LINE('',#6830,#398);
#162=LINE('',#6836,#399);
#163=LINE('',#6839,#400);
#164=LINE('',#6865,#401);
#165=LINE('',#6868,#402);
#166=LINE('',#6882,#403);
#167=LINE('',#6897,#404);
#168=LINE('',#6904,#405);
#169=LINE('',#6910,#406);
#170=LINE('',#6916,#407);
#171=LINE('',#6919,#408);
#172=LINE('',#6947,#409);
#173=LINE('',#6950,#410);
#174=LINE('',#6964,#411);
#175=LINE('',#6979,#412);
#176=LINE('',#6986,#413);
#177=LINE('',#6992,#414);
#178=LINE('',#6998,#415);
#179=LINE('',#7001,#416);
#180=LINE('',#7027,#417);
#181=LINE('',#7030,#418);
#182=LINE('',#7044,#419);
#183=LINE('',#7059,#420);
#184=LINE('',#7066,#421);
#185=LINE('',#7072,#422);
#186=LINE('',#7078,#423);
#187=LINE('',#7081,#424);
#188=LINE('',#7107,#425);
#189=LINE('',#7110,#426);
#190=LINE('',#7124,#427);
#191=LINE('',#7139,#428);
#192=LINE('',#7146,#429);
#193=LINE('',#7152,#430);
#194=LINE('',#7158,#431);
#195=LINE('',#7161,#432);
#196=LINE('',#7187,#433);
#197=LINE('',#7190,#434);
#198=LINE('',#7204,#435);
#199=LINE('',#7219,#436);
#200=LINE('',#7226,#437);
#201=LINE('',#7232,#438);
#202=LINE('',#7238,#439);
#203=LINE('',#7241,#440);
#204=LINE('',#7267,#441);
#205=LINE('',#7270,#442);
#206=LINE('',#7284,#443);
#207=LINE('',#7299,#444);
#208=LINE('',#7306,#445);
#209=LINE('',#7312,#446);
#210=LINE('',#7318,#447);
#211=LINE('',#7321,#448);
#212=LINE('',#7340,#449);
#213=LINE('',#7343,#450);
#214=LINE('',#7346,#451);
#215=LINE('',#7348,#452);
#216=LINE('',#7350,#453);
#217=LINE('',#7352,#454);
#218=LINE('',#7354,#455);
#219=LINE('',#7356,#456);
#220=LINE('',#7358,#457);
#221=LINE('',#7360,#458);
#222=LINE('',#7362,#459);
#223=LINE('',#7364,#460);
#224=LINE('',#7365,#461);
#225=LINE('',#7368,#462);
#226=LINE('',#7372,#463);
#227=LINE('',#7376,#464);
#228=LINE('',#7380,#465);
#229=LINE('',#7383,#466);
#230=LINE('',#7386,#467);
#231=LINE('',#7388,#468);
#232=LINE('',#7390,#469);
#233=LINE('',#7392,#470);
#234=LINE('',#7394,#471);
#235=LINE('',#7396,#472);
#236=LINE('',#7398,#473);
#237=LINE('',#7400,#474);
#238=LINE('',#7402,#475);
#239=LINE('',#7403,#476);
#240=LINE('',#7407,#477);
#241=LINE('',#7410,#478);
#242=LINE('',#7411,#479);
#243=LINE('',#7417,#480);
#244=LINE('',#7421,#481);
#245=LINE('',#7444,#482);
#246=LINE('',#7446,#483);
#247=LINE('',#7498,#484);
#248=LINE('',#7500,#485);
#249=LINE('',#7543,#486);
#250=LINE('',#7546,#487);
#251=LINE('',#7549,#488);
#252=LINE('',#7552,#489);
#253=LINE('',#7553,#490);
#254=LINE('',#7557,#491);
#255=LINE('',#7559,#492);
#256=LINE('',#7561,#493);
#257=LINE('',#7562,#494);
#258=LINE('',#7566,#495);
#259=LINE('',#7568,#496);
#260=LINE('',#7570,#497);
#261=LINE('',#7571,#498);
#262=LINE('',#7576,#499);
#263=LINE('',#7577,#500);
#264=LINE('',#7578,#501);
#265=LINE('',#7580,#502);
#266=LINE('',#7581,#503);
#267=LINE('',#7582,#504);
#268=LINE('',#7587,#505);
#269=LINE('',#7589,#506);
#270=LINE('',#7591,#507);
#271=LINE('',#7592,#508);
#272=LINE('',#7596,#509);
#273=LINE('',#7598,#510);
#274=LINE('',#7600,#511);
#275=LINE('',#7601,#512);
#276=LINE('',#7603,#513);
#277=LINE('',#7604,#514);
#278=LINE('',#7606,#515);
#279=LINE('',#7607,#516);
#280=LINE('',#7613,#517);
#281=LINE('',#7617,#518);
#282=LINE('',#7618,#519);
#283=LINE('',#7623,#520);
#284=LINE('',#7624,#521);
#285=LINE('',#7625,#522);
#286=LINE('',#7629,#523);
#287=LINE('',#7653,#524);
#288=LINE('',#7656,#525);
#289=LINE('',#7670,#526);
#290=LINE('',#7685,#527);
#291=LINE('',#7692,#528);
#292=LINE('',#7698,#529);
#293=LINE('',#7704,#530);
#294=LINE('',#7707,#531);
#295=LINE('',#7715,#532);
#296=LINE('',#7721,#533);
#297=LINE('',#7725,#534);
#298=LINE('',#7729,#535);
#299=LINE('',#7733,#536);
#300=LINE('',#7738,#537);
#301=LINE('',#7742,#538);
#302=LINE('',#7747,#539);
#303=LINE('',#7751,#540);
#304=LINE('',#7759,#541);
#305=LINE('',#7763,#542);
#306=LINE('',#7767,#543);
#307=LINE('',#7771,#544);
#308=LINE('',#7775,#545);
#309=LINE('',#7779,#546);
#310=LINE('',#7786,#547);
#311=LINE('',#7808,#548);
#312=LINE('',#7811,#549);
#313=LINE('',#7825,#550);
#314=LINE('',#7840,#551);
#315=LINE('',#7847,#552);
#316=LINE('',#7856,#553);
#317=LINE('',#7881,#554);
#318=LINE('',#7884,#555);
#319=LINE('',#7898,#556);
#320=LINE('',#7913,#557);
#321=LINE('',#7920,#558);
#322=LINE('',#7929,#559);
#323=LINE('',#7954,#560);
#324=LINE('',#7957,#561);
#325=LINE('',#7971,#562);
#326=LINE('',#7986,#563);
#327=LINE('',#7993,#564);
#328=LINE('',#8002,#565);
#329=LINE('',#8027,#566);
#330=LINE('',#8030,#567);
#331=LINE('',#8044,#568);
#332=LINE('',#8059,#569);
#333=LINE('',#8066,#570);
#334=LINE('',#8075,#571);
#335=LINE('',#8100,#572);
#336=LINE('',#8103,#573);
#337=LINE('',#8117,#574);
#338=LINE('',#8132,#575);
#339=LINE('',#8139,#576);
#340=LINE('',#8148,#577);
#341=LINE('',#8173,#578);
#342=LINE('',#8176,#579);
#343=LINE('',#8190,#580);
#344=LINE('',#8205,#581);
#345=LINE('',#8212,#582);
#346=LINE('',#8221,#583);
#347=LINE('',#8246,#584);
#348=LINE('',#8249,#585);
#349=LINE('',#8263,#586);
#350=LINE('',#8278,#587);
#351=LINE('',#8285,#588);
#352=LINE('',#8294,#589);
#353=VECTOR('',#4987,2.85);
#354=VECTOR('',#4990,2.85);
#355=VECTOR('',#4993,3.);
#356=VECTOR('',#4998,3.);
#357=VECTOR('',#5007,3.);
#358=VECTOR('',#5014,10.);
#359=VECTOR('',#5019,10.);
#360=VECTOR('',#5022,3.);
#361=VECTOR('',#5043,2.85);
#362=VECTOR('',#5046,2.85);
#363=VECTOR('',#5049,3.);
#364=VECTOR('',#5054,3.);
#365=VECTOR('',#5063,3.);
#366=VECTOR('',#5070,10.);
#367=VECTOR('',#5075,10.);
#368=VECTOR('',#5078,3.);
#369=VECTOR('',#5099,2.85);
#370=VECTOR('',#5102,2.85);
#371=VECTOR('',#5105,3.);
#372=VECTOR('',#5110,3.);
#373=VECTOR('',#5119,3.);
#374=VECTOR('',#5126,10.);
#375=VECTOR('',#5131,10.);
#376=VECTOR('',#5134,3.);
#377=VECTOR('',#5155,2.85);
#378=VECTOR('',#5158,2.85);
#379=VECTOR('',#5161,3.);
#380=VECTOR('',#5166,3.);
#381=VECTOR('',#5175,3.);
#382=VECTOR('',#5182,10.);
#383=VECTOR('',#5187,10.);
#384=VECTOR('',#5190,3.);
#385=VECTOR('',#5211,2.85);
#386=VECTOR('',#5214,2.85);
#387=VECTOR('',#5217,3.);
#388=VECTOR('',#5222,3.);
#389=VECTOR('',#5231,3.);
#390=VECTOR('',#5238,10.);
#391=VECTOR('',#5243,10.);
#392=VECTOR('',#5246,3.);
#393=VECTOR('',#5267,2.85);
#394=VECTOR('',#5270,2.85);
#395=VECTOR('',#5273,3.);
#396=VECTOR('',#5278,3.);
#397=VECTOR('',#5287,3.);
#398=VECTOR('',#5294,10.);
#399=VECTOR('',#5299,10.);
#400=VECTOR('',#5302,3.);
#401=VECTOR('',#5323,2.85);
#402=VECTOR('',#5326,2.85);
#403=VECTOR('',#5329,3.);
#404=VECTOR('',#5334,3.);
#405=VECTOR('',#5343,3.);
#406=VECTOR('',#5350,10.);
#407=VECTOR('',#5355,10.);
#408=VECTOR('',#5358,3.);
#409=VECTOR('',#5381,2.85);
#410=VECTOR('',#5384,2.85);
#411=VECTOR('',#5387,3.);
#412=VECTOR('',#5392,3.);
#413=VECTOR('',#5401,3.);
#414=VECTOR('',#5408,10.);
#415=VECTOR('',#5413,10.);
#416=VECTOR('',#5416,3.);
#417=VECTOR('',#5437,2.85);
#418=VECTOR('',#5440,2.85);
#419=VECTOR('',#5443,3.);
#420=VECTOR('',#5448,3.);
#421=VECTOR('',#5457,3.);
#422=VECTOR('',#5464,10.);
#423=VECTOR('',#5469,10.);
#424=VECTOR('',#5472,3.);
#425=VECTOR('',#5493,2.85);
#426=VECTOR('',#5496,2.85);
#427=VECTOR('',#5499,3.);
#428=VECTOR('',#5504,3.);
#429=VECTOR('',#5513,3.);
#430=VECTOR('',#5520,10.);
#431=VECTOR('',#5525,10.);
#432=VECTOR('',#5528,3.);
#433=VECTOR('',#5549,2.85);
#434=VECTOR('',#5552,2.85);
#435=VECTOR('',#5555,3.);
#436=VECTOR('',#5560,3.);
#437=VECTOR('',#5569,3.);
#438=VECTOR('',#5576,10.);
#439=VECTOR('',#5581,10.);
#440=VECTOR('',#5584,3.);
#441=VECTOR('',#5605,2.85);
#442=VECTOR('',#5608,2.85);
#443=VECTOR('',#5611,3.);
#444=VECTOR('',#5616,3.);
#445=VECTOR('',#5625,3.);
#446=VECTOR('',#5632,10.);
#447=VECTOR('',#5637,10.);
#448=VECTOR('',#5640,3.);
#449=VECTOR('',#5665,17.5);
#450=VECTOR('',#5668,17.5);
#451=VECTOR('',#5671,5.10000000000001);
#452=VECTOR('',#5672,22.);
#453=VECTOR('',#5673,17.5);
#454=VECTOR('',#5674,5.10000000000001);
#455=VECTOR('',#5675,2.4);
#456=VECTOR('',#5676,4.70000000000001);
#457=VECTOR('',#5677,4.3);
#458=VECTOR('',#5678,22.8);
#459=VECTOR('',#5679,4.3);
#460=VECTOR('',#5680,4.70000000000001);
#461=VECTOR('',#5681,2.4);
#462=VECTOR('',#5684,11.6);
#463=VECTOR('',#5687,22.);
#464=VECTOR('',#5690,11.6);
#465=VECTOR('',#5695,17.5);
#466=VECTOR('',#5698,17.5);
#467=VECTOR('',#5701,5.10000000000001);
#468=VECTOR('',#5702,2.4);
#469=VECTOR('',#5703,4.70000000000001);
#470=VECTOR('',#5704,4.3);
#471=VECTOR('',#5705,22.8);
#472=VECTOR('',#5706,4.3);
#473=VECTOR('',#5707,4.70000000000001);
#474=VECTOR('',#5708,2.4);
#475=VECTOR('',#5709,5.10000000000002);
#476=VECTOR('',#5710,17.5);
#477=VECTOR('',#5715,17.5);
#478=VECTOR('',#5718,11.6);
#479=VECTOR('',#5719,17.5);
#480=VECTOR('',#5726,0.955844313645042);
#481=VECTOR('',#5729,0.830082267529064);
#482=VECTOR('',#5740,0.830082267529062);
#483=VECTOR('',#5741,0.955844313645047);
#484=VECTOR('',#5758,1.54919333848296);
#485=VECTOR('',#5759,1.54919333848296);
#486=VECTOR('',#5760,1.54919333848296);
#487=VECTOR('',#5763,4.30000000000001);
#488=VECTOR('',#5766,4.3);
#489=VECTOR('',#5769,4.30000000000001);
#490=VECTOR('',#5770,0.955844313645042);
#491=VECTOR('',#5773,0.862815696834147);
#492=VECTOR('',#5774,2.4);
#493=VECTOR('',#5775,0.862815696834147);
#494=VECTOR('',#5776,2.4);
#495=VECTOR('',#5779,0.862815696834151);
#496=VECTOR('',#5780,2.4);
#497=VECTOR('',#5781,0.862815696834147);
#498=VECTOR('',#5782,2.4);
#499=VECTOR('',#5791,5.6);
#500=VECTOR('',#5792,12.4);
#501=VECTOR('',#5793,5.6);
#502=VECTOR('',#5796,5.6);
#503=VECTOR('',#5797,11.6);
#504=VECTOR('',#5798,5.6);
#505=VECTOR('',#5803,0.862815696834147);
#506=VECTOR('',#5804,2.4);
#507=VECTOR('',#5805,0.862815696834147);
#508=VECTOR('',#5806,2.4);
#509=VECTOR('',#5809,0.862815696834147);
#510=VECTOR('',#5810,2.4);
#511=VECTOR('',#5811,0.862815696834147);
#512=VECTOR('',#5812,2.4);
#513=VECTOR('',#5815,5.6);
#514=VECTOR('',#5816,5.6);
#515=VECTOR('',#5819,5.6);
#516=VECTOR('',#5820,5.6);
#517=VECTOR('',#5829,2.55);
#518=VECTOR('',#5834,0.955844313645047);
#519=VECTOR('',#5835,4.3);
#520=VECTOR('',#5844,4.65080666151704);
#521=VECTOR('',#5845,12.4);
#522=VECTOR('',#5846,4.65080666151704);
#523=VECTOR('',#5853,12.4);
#524=VECTOR('',#5870,2.85);
#525=VECTOR('',#5873,2.85);
#526=VECTOR('',#5876,3.);
#527=VECTOR('',#5881,3.);
#528=VECTOR('',#5890,3.);
#529=VECTOR('',#5897,10.);
#530=VECTOR('',#5902,10.);
#531=VECTOR('',#5905,3.);
#532=VECTOR('',#5920,2.1835);
#533=VECTOR('',#5927,3.);
#534=VECTOR('',#5930,3.);
#535=VECTOR('',#5933,3.);
#536=VECTOR('',#5936,3.);
#537=VECTOR('',#5941,3.);
#538=VECTOR('',#5944,3.);
#539=VECTOR('',#5949,3.);
#540=VECTOR('',#5952,3.);
#541=VECTOR('',#5963,3.);
#542=VECTOR('',#5966,3.);
#543=VECTOR('',#5969,3.);
#544=VECTOR('',#5972,3.);
#545=VECTOR('',#5975,3.);
#546=VECTOR('',#5978,3.);
#547=VECTOR('',#5989,1.0065);
#548=VECTOR('',#6002,2.85);
#549=VECTOR('',#6005,2.85);
#550=VECTOR('',#6008,3.);
#551=VECTOR('',#6013,3.);
#552=VECTOR('',#6022,3.);
#553=VECTOR('',#6035,3.);
#554=VECTOR('',#6054,2.85);
#555=VECTOR('',#6057,2.85);
#556=VECTOR('',#6060,3.);
#557=VECTOR('',#6065,3.);
#558=VECTOR('',#6074,3.);
#559=VECTOR('',#6087,3.);
#560=VECTOR('',#6106,2.85);
#561=VECTOR('',#6109,2.85);
#562=VECTOR('',#6112,3.);
#563=VECTOR('',#6117,3.);
#564=VECTOR('',#6126,3.);
#565=VECTOR('',#6139,3.);
#566=VECTOR('',#6158,2.85);
#567=VECTOR('',#6161,2.85);
#568=VECTOR('',#6164,3.);
#569=VECTOR('',#6169,3.);
#570=VECTOR('',#6178,3.);
#571=VECTOR('',#6191,3.);
#572=VECTOR('',#6210,2.85);
#573=VECTOR('',#6213,2.85);
#574=VECTOR('',#6216,3.);
#575=VECTOR('',#6221,3.);
#576=VECTOR('',#6230,3.);
#577=VECTOR('',#6243,3.);
#578=VECTOR('',#6262,2.85);
#579=VECTOR('',#6265,2.85);
#580=VECTOR('',#6268,3.);
#581=VECTOR('',#6273,3.);
#582=VECTOR('',#6282,3.);
#583=VECTOR('',#6295,3.);
#584=VECTOR('',#6314,2.85);
#585=VECTOR('',#6317,2.85);
#586=VECTOR('',#6320,3.);
#587=VECTOR('',#6325,3.);
#588=VECTOR('',#6334,3.);
#589=VECTOR('',#6347,3.);
#590=CYLINDRICAL_SURFACE('',#4401,2.475);
#591=CYLINDRICAL_SURFACE('',#4407,1.01550929628819);
#592=CYLINDRICAL_SURFACE('',#4410,0.0625);
#593=CYLINDRICAL_SURFACE('',#4413,0.0625);
#594=CYLINDRICAL_SURFACE('',#4416,1.01550929628819);
#595=CYLINDRICAL_SURFACE('',#4425,2.475);
#596=CYLINDRICAL_SURFACE('',#4431,1.01550929628819);
#597=CYLINDRICAL_SURFACE('',#4434,0.0625);
#598=CYLINDRICAL_SURFACE('',#4437,0.0625);
#599=CYLINDRICAL_SURFACE('',#4440,1.01550929628819);
#600=CYLINDRICAL_SURFACE('',#4449,2.475);
#601=CYLINDRICAL_SURFACE('',#4455,1.01550929628819);
#602=CYLINDRICAL_SURFACE('',#4458,0.0625);
#603=CYLINDRICAL_SURFACE('',#4461,0.0625);
#604=CYLINDRICAL_SURFACE('',#4464,1.01550929628819);
#605=CYLINDRICAL_SURFACE('',#4473,2.475);
#606=CYLINDRICAL_SURFACE('',#4479,1.01550929628819);
#607=CYLINDRICAL_SURFACE('',#4482,0.0625);
#608=CYLINDRICAL_SURFACE('',#4485,0.0625);
#609=CYLINDRICAL_SURFACE('',#4488,1.01550929628819);
#610=CYLINDRICAL_SURFACE('',#4497,2.475);
#611=CYLINDRICAL_SURFACE('',#4503,1.01550929628819);
#612=CYLINDRICAL_SURFACE('',#4506,0.0625);
#613=CYLINDRICAL_SURFACE('',#4509,0.0625);
#614=CYLINDRICAL_SURFACE('',#4512,1.01550929628819);
#615=CYLINDRICAL_SURFACE('',#4521,2.475);
#616=CYLINDRICAL_SURFACE('',#4527,1.01550929628819);
#617=CYLINDRICAL_SURFACE('',#4530,0.0625);
#618=CYLINDRICAL_SURFACE('',#4533,0.0625);
#619=CYLINDRICAL_SURFACE('',#4536,1.01550929628819);
#620=CYLINDRICAL_SURFACE('',#4545,2.475);
#621=CYLINDRICAL_SURFACE('',#4551,1.01550929628819);
#622=CYLINDRICAL_SURFACE('',#4554,0.0625);
#623=CYLINDRICAL_SURFACE('',#4557,0.0625);
#624=CYLINDRICAL_SURFACE('',#4560,1.01550929628819);
#625=CYLINDRICAL_SURFACE('',#4570,2.475);
#626=CYLINDRICAL_SURFACE('',#4576,1.01550929628819);
#627=CYLINDRICAL_SURFACE('',#4579,0.0625);
#628=CYLINDRICAL_SURFACE('',#4582,0.0625);
#629=CYLINDRICAL_SURFACE('',#4585,1.01550929628819);
#630=CYLINDRICAL_SURFACE('',#4594,2.475);
#631=CYLINDRICAL_SURFACE('',#4600,1.01550929628819);
#632=CYLINDRICAL_SURFACE('',#4603,0.0625);
#633=CYLINDRICAL_SURFACE('',#4606,0.0625);
#634=CYLINDRICAL_SURFACE('',#4609,1.01550929628819);
#635=CYLINDRICAL_SURFACE('',#4618,2.475);
#636=CYLINDRICAL_SURFACE('',#4624,1.01550929628819);
#637=CYLINDRICAL_SURFACE('',#4627,0.0625);
#638=CYLINDRICAL_SURFACE('',#4630,0.0625);
#639=CYLINDRICAL_SURFACE('',#4633,1.01550929628819);
#640=CYLINDRICAL_SURFACE('',#4642,2.475);
#641=CYLINDRICAL_SURFACE('',#4648,1.01550929628819);
#642=CYLINDRICAL_SURFACE('',#4651,0.0625);
#643=CYLINDRICAL_SURFACE('',#4654,0.0625);
#644=CYLINDRICAL_SURFACE('',#4657,1.01550929628819);
#645=CYLINDRICAL_SURFACE('',#4666,2.475);
#646=CYLINDRICAL_SURFACE('',#4672,1.01550929628819);
#647=CYLINDRICAL_SURFACE('',#4675,0.0625);
#648=CYLINDRICAL_SURFACE('',#4678,0.0625);
#649=CYLINDRICAL_SURFACE('',#4681,1.01550929628819);
#650=CYLINDRICAL_SURFACE('',#4691,0.4);
#651=CYLINDRICAL_SURFACE('',#4699,0.4);
#652=CYLINDRICAL_SURFACE('',#4702,0.4);
#653=CYLINDRICAL_SURFACE('',#4705,0.4);
#654=CYLINDRICAL_SURFACE('',#4707,0.2);
#655=CYLINDRICAL_SURFACE('',#4713,0.2);
#656=CYLINDRICAL_SURFACE('',#4722,2.5);
#657=CYLINDRICAL_SURFACE('',#4727,1.375);
#658=CYLINDRICAL_SURFACE('',#4737,1.375);
#659=CYLINDRICAL_SURFACE('',#4740,2.55);
#660=CYLINDRICAL_SURFACE('',#4743,5.9);
#661=CYLINDRICAL_SURFACE('',#4757,2.475);
#662=CYLINDRICAL_SURFACE('',#4763,1.01550929628819);
#663=CYLINDRICAL_SURFACE('',#4766,0.0625);
#664=CYLINDRICAL_SURFACE('',#4769,0.0625);
#665=CYLINDRICAL_SURFACE('',#4772,1.01550929628819);
#666=CYLINDRICAL_SURFACE('',#4777,2.1835);
#667=CYLINDRICAL_SURFACE('',#4805,1.0065);
#668=CYLINDRICAL_SURFACE('',#4811,2.475);
#669=CYLINDRICAL_SURFACE('',#4817,1.01550929628819);
#670=CYLINDRICAL_SURFACE('',#4820,0.0625);
#671=CYLINDRICAL_SURFACE('',#4823,0.0625);
#672=CYLINDRICAL_SURFACE('',#4826,1.01550929628819);
#673=CYLINDRICAL_SURFACE('',#4834,2.475);
#674=CYLINDRICAL_SURFACE('',#4840,1.01550929628819);
#675=CYLINDRICAL_SURFACE('',#4843,0.0625);
#676=CYLINDRICAL_SURFACE('',#4846,0.0625);
#677=CYLINDRICAL_SURFACE('',#4849,1.01550929628819);
#678=CYLINDRICAL_SURFACE('',#4857,2.475);
#679=CYLINDRICAL_SURFACE('',#4863,1.01550929628819);
#680=CYLINDRICAL_SURFACE('',#4866,0.0625);
#681=CYLINDRICAL_SURFACE('',#4869,0.0625);
#682=CYLINDRICAL_SURFACE('',#4872,1.01550929628819);
#683=CYLINDRICAL_SURFACE('',#4880,2.475);
#684=CYLINDRICAL_SURFACE('',#4886,1.01550929628819);
#685=CYLINDRICAL_SURFACE('',#4889,0.0625);
#686=CYLINDRICAL_SURFACE('',#4892,0.0625);
#687=CYLINDRICAL_SURFACE('',#4895,1.01550929628819);
#688=CYLINDRICAL_SURFACE('',#4903,2.475);
#689=CYLINDRICAL_SURFACE('',#4909,1.01550929628819);
#690=CYLINDRICAL_SURFACE('',#4912,0.0625);
#691=CYLINDRICAL_SURFACE('',#4915,0.0625);
#692=CYLINDRICAL_SURFACE('',#4918,1.01550929628819);
#693=CYLINDRICAL_SURFACE('',#4926,2.475);
#694=CYLINDRICAL_SURFACE('',#4932,1.01550929628819);
#695=CYLINDRICAL_SURFACE('',#4935,0.0625);
#696=CYLINDRICAL_SURFACE('',#4938,0.0625);
#697=CYLINDRICAL_SURFACE('',#4941,1.01550929628819);
#698=CYLINDRICAL_SURFACE('',#4949,2.475);
#699=CYLINDRICAL_SURFACE('',#4955,1.01550929628819);
#700=CYLINDRICAL_SURFACE('',#4958,0.0625);
#701=CYLINDRICAL_SURFACE('',#4961,0.0625);
#702=CYLINDRICAL_SURFACE('',#4964,1.01550929628819);
#703=FACE_OUTER_BOUND('',#927,.T.);
#704=FACE_OUTER_BOUND('',#928,.T.);
#705=FACE_OUTER_BOUND('',#929,.T.);
#706=FACE_OUTER_BOUND('',#930,.T.);
#707=FACE_OUTER_BOUND('',#931,.T.);
#708=FACE_OUTER_BOUND('',#932,.T.);
#709=FACE_OUTER_BOUND('',#933,.T.);
#710=FACE_OUTER_BOUND('',#934,.T.);
#711=FACE_OUTER_BOUND('',#935,.T.);
#712=FACE_OUTER_BOUND('',#936,.T.);
#713=FACE_OUTER_BOUND('',#937,.T.);
#714=FACE_OUTER_BOUND('',#938,.T.);
#715=FACE_OUTER_BOUND('',#939,.T.);
#716=FACE_OUTER_BOUND('',#940,.T.);
#717=FACE_OUTER_BOUND('',#941,.T.);
#718=FACE_OUTER_BOUND('',#942,.T.);
#719=FACE_OUTER_BOUND('',#943,.T.);
#720=FACE_OUTER_BOUND('',#944,.T.);
#721=FACE_OUTER_BOUND('',#945,.T.);
#722=FACE_OUTER_BOUND('',#946,.T.);
#723=FACE_OUTER_BOUND('',#947,.T.);
#724=FACE_OUTER_BOUND('',#948,.T.);
#725=FACE_OUTER_BOUND('',#949,.T.);
#726=FACE_OUTER_BOUND('',#950,.T.);
#727=FACE_OUTER_BOUND('',#951,.T.);
#728=FACE_OUTER_BOUND('',#952,.T.);
#729=FACE_OUTER_BOUND('',#953,.T.);
#730=FACE_OUTER_BOUND('',#954,.T.);
#731=FACE_OUTER_BOUND('',#955,.T.);
#732=FACE_OUTER_BOUND('',#956,.T.);
#733=FACE_OUTER_BOUND('',#957,.T.);
#734=FACE_OUTER_BOUND('',#958,.T.);
#735=FACE_OUTER_BOUND('',#959,.T.);
#736=FACE_OUTER_BOUND('',#960,.T.);
#737=FACE_OUTER_BOUND('',#961,.T.);
#738=FACE_OUTER_BOUND('',#962,.T.);
#739=FACE_OUTER_BOUND('',#963,.T.);
#740=FACE_OUTER_BOUND('',#964,.T.);
#741=FACE_OUTER_BOUND('',#965,.T.);
#742=FACE_OUTER_BOUND('',#966,.T.);
#743=FACE_OUTER_BOUND('',#967,.T.);
#744=FACE_OUTER_BOUND('',#968,.T.);
#745=FACE_OUTER_BOUND('',#969,.T.);
#746=FACE_OUTER_BOUND('',#970,.T.);
#747=FACE_OUTER_BOUND('',#971,.T.);
#748=FACE_OUTER_BOUND('',#972,.T.);
#749=FACE_OUTER_BOUND('',#973,.T.);
#750=FACE_OUTER_BOUND('',#974,.T.);
#751=FACE_OUTER_BOUND('',#975,.T.);
#752=FACE_OUTER_BOUND('',#976,.T.);
#753=FACE_OUTER_BOUND('',#977,.T.);
#754=FACE_OUTER_BOUND('',#978,.T.);
#755=FACE_OUTER_BOUND('',#979,.T.);
#756=FACE_OUTER_BOUND('',#980,.T.);
#757=FACE_OUTER_BOUND('',#981,.T.);
#758=FACE_OUTER_BOUND('',#982,.T.);
#759=FACE_OUTER_BOUND('',#983,.T.);
#760=FACE_OUTER_BOUND('',#984,.T.);
#761=FACE_OUTER_BOUND('',#985,.T.);
#762=FACE_OUTER_BOUND('',#986,.T.);
#763=FACE_OUTER_BOUND('',#987,.T.);
#764=FACE_OUTER_BOUND('',#988,.T.);
#765=FACE_OUTER_BOUND('',#989,.T.);
#766=FACE_OUTER_BOUND('',#990,.T.);
#767=FACE_OUTER_BOUND('',#991,.T.);
#768=FACE_OUTER_BOUND('',#992,.T.);
#769=FACE_OUTER_BOUND('',#993,.T.);
#770=FACE_OUTER_BOUND('',#994,.T.);
#771=FACE_OUTER_BOUND('',#995,.T.);
#772=FACE_OUTER_BOUND('',#996,.T.);
#773=FACE_OUTER_BOUND('',#997,.T.);
#774=FACE_OUTER_BOUND('',#998,.T.);
#775=FACE_OUTER_BOUND('',#999,.T.);
#776=FACE_OUTER_BOUND('',#1000,.T.);
#777=FACE_OUTER_BOUND('',#1001,.T.);
#778=FACE_OUTER_BOUND('',#1002,.T.);
#779=FACE_OUTER_BOUND('',#1003,.T.);
#780=FACE_OUTER_BOUND('',#1004,.T.);
#781=FACE_OUTER_BOUND('',#1005,.T.);
#782=FACE_OUTER_BOUND('',#1006,.T.);
#783=FACE_OUTER_BOUND('',#1007,.T.);
#784=FACE_OUTER_BOUND('',#1008,.T.);
#785=FACE_OUTER_BOUND('',#1009,.T.);
#786=FACE_OUTER_BOUND('',#1010,.T.);
#787=FACE_OUTER_BOUND('',#1011,.T.);
#788=FACE_OUTER_BOUND('',#1012,.T.);
#789=FACE_OUTER_BOUND('',#1013,.T.);
#790=FACE_OUTER_BOUND('',#1014,.T.);
#791=FACE_OUTER_BOUND('',#1015,.T.);
#792=FACE_OUTER_BOUND('',#1016,.T.);
#793=FACE_OUTER_BOUND('',#1017,.T.);
#794=FACE_OUTER_BOUND('',#1018,.T.);
#795=FACE_OUTER_BOUND('',#1019,.T.);
#796=FACE_OUTER_BOUND('',#1020,.T.);
#797=FACE_OUTER_BOUND('',#1021,.T.);
#798=FACE_OUTER_BOUND('',#1022,.T.);
#799=FACE_OUTER_BOUND('',#1023,.T.);
#800=FACE_OUTER_BOUND('',#1024,.T.);
#801=FACE_OUTER_BOUND('',#1025,.T.);
#802=FACE_OUTER_BOUND('',#1026,.T.);
#803=FACE_OUTER_BOUND('',#1027,.T.);
#804=FACE_OUTER_BOUND('',#1028,.T.);
#805=FACE_OUTER_BOUND('',#1029,.T.);
#806=FACE_OUTER_BOUND('',#1030,.T.);
#807=FACE_OUTER_BOUND('',#1031,.T.);
#808=FACE_OUTER_BOUND('',#1032,.T.);
#809=FACE_OUTER_BOUND('',#1033,.T.);
#810=FACE_OUTER_BOUND('',#1034,.T.);
#811=FACE_OUTER_BOUND('',#1035,.T.);
#812=FACE_OUTER_BOUND('',#1036,.T.);
#813=FACE_OUTER_BOUND('',#1038,.T.);
#814=FACE_OUTER_BOUND('',#1039,.T.);
#815=FACE_OUTER_BOUND('',#1040,.T.);
#816=FACE_OUTER_BOUND('',#1041,.T.);
#817=FACE_OUTER_BOUND('',#1042,.T.);
#818=FACE_OUTER_BOUND('',#1043,.T.);
#819=FACE_OUTER_BOUND('',#1044,.T.);
#820=FACE_OUTER_BOUND('',#1045,.T.);
#821=FACE_OUTER_BOUND('',#1046,.T.);
#822=FACE_OUTER_BOUND('',#1047,.T.);
#823=FACE_OUTER_BOUND('',#1048,.T.);
#824=FACE_OUTER_BOUND('',#1049,.T.);
#825=FACE_OUTER_BOUND('',#1050,.T.);
#826=FACE_OUTER_BOUND('',#1051,.T.);
#827=FACE_OUTER_BOUND('',#1052,.T.);
#828=FACE_OUTER_BOUND('',#1053,.T.);
#829=FACE_OUTER_BOUND('',#1054,.T.);
#830=FACE_OUTER_BOUND('',#1055,.T.);
#831=FACE_OUTER_BOUND('',#1056,.T.);
#832=FACE_OUTER_BOUND('',#1057,.T.);
#833=FACE_OUTER_BOUND('',#1058,.T.);
#834=FACE_OUTER_BOUND('',#1059,.T.);
#835=FACE_OUTER_BOUND('',#1060,.T.);
#836=FACE_OUTER_BOUND('',#1061,.T.);
#837=FACE_OUTER_BOUND('',#1062,.T.);
#838=FACE_OUTER_BOUND('',#1063,.T.);
#839=FACE_OUTER_BOUND('',#1064,.T.);
#840=FACE_OUTER_BOUND('',#1065,.T.);
#841=FACE_OUTER_BOUND('',#1066,.T.);
#842=FACE_OUTER_BOUND('',#1067,.T.);
#843=FACE_OUTER_BOUND('',#1068,.T.);
#844=FACE_OUTER_BOUND('',#1069,.T.);
#845=FACE_OUTER_BOUND('',#1071,.T.);
#846=FACE_OUTER_BOUND('',#1072,.T.);
#847=FACE_OUTER_BOUND('',#1073,.T.);
#848=FACE_OUTER_BOUND('',#1074,.T.);
#849=FACE_OUTER_BOUND('',#1075,.T.);
#850=FACE_OUTER_BOUND('',#1076,.T.);
#851=FACE_OUTER_BOUND('',#1077,.T.);
#852=FACE_OUTER_BOUND('',#1078,.T.);
#853=FACE_OUTER_BOUND('',#1079,.T.);
#854=FACE_OUTER_BOUND('',#1080,.T.);
#855=FACE_OUTER_BOUND('',#1081,.T.);
#856=FACE_OUTER_BOUND('',#1082,.T.);
#857=FACE_OUTER_BOUND('',#1083,.T.);
#858=FACE_OUTER_BOUND('',#1084,.T.);
#859=FACE_OUTER_BOUND('',#1085,.T.);
#860=FACE_OUTER_BOUND('',#1086,.T.);
#861=FACE_OUTER_BOUND('',#1087,.T.);
#862=FACE_OUTER_BOUND('',#1088,.T.);
#863=FACE_OUTER_BOUND('',#1089,.T.);
#864=FACE_OUTER_BOUND('',#1090,.T.);
#865=FACE_OUTER_BOUND('',#1091,.T.);
#866=FACE_OUTER_BOUND('',#1092,.T.);
#867=FACE_OUTER_BOUND('',#1093,.T.);
#868=FACE_OUTER_BOUND('',#1094,.T.);
#869=FACE_OUTER_BOUND('',#1095,.T.);
#870=FACE_OUTER_BOUND('',#1096,.T.);
#871=FACE_OUTER_BOUND('',#1097,.T.);
#872=FACE_OUTER_BOUND('',#1098,.T.);
#873=FACE_OUTER_BOUND('',#1099,.T.);
#874=FACE_OUTER_BOUND('',#1100,.T.);
#875=FACE_OUTER_BOUND('',#1101,.T.);
#876=FACE_OUTER_BOUND('',#1102,.T.);
#877=FACE_OUTER_BOUND('',#1103,.T.);
#878=FACE_OUTER_BOUND('',#1104,.T.);
#879=FACE_OUTER_BOUND('',#1105,.T.);
#880=FACE_OUTER_BOUND('',#1106,.T.);
#881=FACE_OUTER_BOUND('',#1107,.T.);
#882=FACE_OUTER_BOUND('',#1108,.T.);
#883=FACE_OUTER_BOUND('',#1109,.T.);
#884=FACE_OUTER_BOUND('',#1110,.T.);
#885=FACE_OUTER_BOUND('',#1111,.T.);
#886=FACE_OUTER_BOUND('',#1112,.T.);
#887=FACE_OUTER_BOUND('',#1113,.T.);
#888=FACE_OUTER_BOUND('',#1114,.T.);
#889=FACE_OUTER_BOUND('',#1115,.T.);
#890=FACE_OUTER_BOUND('',#1116,.T.);
#891=FACE_OUTER_BOUND('',#1117,.T.);
#892=FACE_OUTER_BOUND('',#1118,.T.);
#893=FACE_OUTER_BOUND('',#1119,.T.);
#894=FACE_OUTER_BOUND('',#1120,.T.);
#895=FACE_OUTER_BOUND('',#1121,.T.);
#896=FACE_OUTER_BOUND('',#1122,.T.);
#897=FACE_OUTER_BOUND('',#1123,.T.);
#898=FACE_OUTER_BOUND('',#1124,.T.);
#899=FACE_OUTER_BOUND('',#1125,.T.);
#900=FACE_OUTER_BOUND('',#1126,.T.);
#901=FACE_OUTER_BOUND('',#1127,.T.);
#902=FACE_OUTER_BOUND('',#1128,.T.);
#903=FACE_OUTER_BOUND('',#1129,.T.);
#904=FACE_OUTER_BOUND('',#1130,.T.);
#905=FACE_OUTER_BOUND('',#1131,.T.);
#906=FACE_OUTER_BOUND('',#1132,.T.);
#907=FACE_OUTER_BOUND('',#1133,.T.);
#908=FACE_OUTER_BOUND('',#1134,.T.);
#909=FACE_OUTER_BOUND('',#1135,.T.);
#910=FACE_OUTER_BOUND('',#1136,.T.);
#911=FACE_OUTER_BOUND('',#1137,.T.);
#912=FACE_OUTER_BOUND('',#1138,.T.);
#913=FACE_OUTER_BOUND('',#1139,.T.);
#914=FACE_OUTER_BOUND('',#1140,.T.);
#915=FACE_OUTER_BOUND('',#1141,.T.);
#916=FACE_OUTER_BOUND('',#1142,.T.);
#917=FACE_OUTER_BOUND('',#1143,.T.);
#918=FACE_OUTER_BOUND('',#1144,.T.);
#919=FACE_OUTER_BOUND('',#1145,.T.);
#920=FACE_OUTER_BOUND('',#1146,.T.);
#921=FACE_OUTER_BOUND('',#1147,.T.);
#922=FACE_OUTER_BOUND('',#1148,.T.);
#923=FACE_OUTER_BOUND('',#1149,.T.);
#924=FACE_OUTER_BOUND('',#1150,.T.);
#925=FACE_OUTER_BOUND('',#1151,.T.);
#926=FACE_OUTER_BOUND('',#1152,.T.);
#927=EDGE_LOOP('',(#2651,#2652,#2653,#2654));
#928=EDGE_LOOP('',(#2655,#2656,#2657,#2658));
#929=EDGE_LOOP('',(#2659,#2660,#2661,#2662,#2663));
#930=EDGE_LOOP('',(#2664,#2665,#2666,#2667,#2668));
#931=EDGE_LOOP('',(#2669,#2670,#2671,#2672));
#932=EDGE_LOOP('',(#2673,#2674,#2675,#2676));
#933=EDGE_LOOP('',(#2677,#2678,#2679,#2680));
#934=EDGE_LOOP('',(#2681,#2682,#2683,#2684));
#935=EDGE_LOOP('',(#2685,#2686,#2687,#2688,#2689,#2690,#2691,#2692));
#936=EDGE_LOOP('',(#2693,#2694,#2695,#2696));
#937=EDGE_LOOP('',(#2697,#2698,#2699,#2700));
#938=EDGE_LOOP('',(#2701,#2702,#2703,#2704,#2705));
#939=EDGE_LOOP('',(#2706,#2707,#2708,#2709,#2710));
#940=EDGE_LOOP('',(#2711,#2712,#2713,#2714));
#941=EDGE_LOOP('',(#2715,#2716,#2717,#2718));
#942=EDGE_LOOP('',(#2719,#2720,#2721,#2722));
#943=EDGE_LOOP('',(#2723,#2724,#2725,#2726));
#944=EDGE_LOOP('',(#2727,#2728,#2729,#2730,#2731,#2732,#2733,#2734));
#945=EDGE_LOOP('',(#2735,#2736,#2737,#2738));
#946=EDGE_LOOP('',(#2739,#2740,#2741,#2742));
#947=EDGE_LOOP('',(#2743,#2744,#2745,#2746,#2747));
#948=EDGE_LOOP('',(#2748,#2749,#2750,#2751,#2752));
#949=EDGE_LOOP('',(#2753,#2754,#2755,#2756));
#950=EDGE_LOOP('',(#2757,#2758,#2759,#2760));
#951=EDGE_LOOP('',(#2761,#2762,#2763,#2764));
#952=EDGE_LOOP('',(#2765,#2766,#2767,#2768));
#953=EDGE_LOOP('',(#2769,#2770,#2771,#2772,#2773,#2774,#2775,#2776));
#954=EDGE_LOOP('',(#2777,#2778,#2779,#2780));
#955=EDGE_LOOP('',(#2781,#2782,#2783,#2784));
#956=EDGE_LOOP('',(#2785,#2786,#2787,#2788,#2789));
#957=EDGE_LOOP('',(#2790,#2791,#2792,#2793,#2794));
#958=EDGE_LOOP('',(#2795,#2796,#2797,#2798));
#959=EDGE_LOOP('',(#2799,#2800,#2801,#2802));
#960=EDGE_LOOP('',(#2803,#2804,#2805,#2806));
#961=EDGE_LOOP('',(#2807,#2808,#2809,#2810));
#962=EDGE_LOOP('',(#2811,#2812,#2813,#2814,#2815,#2816,#2817,#2818));
#963=EDGE_LOOP('',(#2819,#2820,#2821,#2822));
#964=EDGE_LOOP('',(#2823,#2824,#2825,#2826));
#965=EDGE_LOOP('',(#2827,#2828,#2829,#2830,#2831));
#966=EDGE_LOOP('',(#2832,#2833,#2834,#2835,#2836));
#967=EDGE_LOOP('',(#2837,#2838,#2839,#2840));
#968=EDGE_LOOP('',(#2841,#2842,#2843,#2844));
#969=EDGE_LOOP('',(#2845,#2846,#2847,#2848));
#970=EDGE_LOOP('',(#2849,#2850,#2851,#2852));
#971=EDGE_LOOP('',(#2853,#2854,#2855,#2856,#2857,#2858,#2859,#2860));
#972=EDGE_LOOP('',(#2861,#2862,#2863,#2864));
#973=EDGE_LOOP('',(#2865,#2866,#2867,#2868));
#974=EDGE_LOOP('',(#2869,#2870,#2871,#2872,#2873));
#975=EDGE_LOOP('',(#2874,#2875,#2876,#2877,#2878));
#976=EDGE_LOOP('',(#2879,#2880,#2881,#2882));
#977=EDGE_LOOP('',(#2883,#2884,#2885,#2886));
#978=EDGE_LOOP('',(#2887,#2888,#2889,#2890));
#979=EDGE_LOOP('',(#2891,#2892,#2893,#2894));
#980=EDGE_LOOP('',(#2895,#2896,#2897,#2898,#2899,#2900,#2901,#2902));
#981=EDGE_LOOP('',(#2903,#2904,#2905,#2906));
#982=EDGE_LOOP('',(#2907,#2908,#2909,#2910));
#983=EDGE_LOOP('',(#2911,#2912,#2913,#2914,#2915));
#984=EDGE_LOOP('',(#2916,#2917,#2918,#2919,#2920));
#985=EDGE_LOOP('',(#2921,#2922,#2923,#2924));
#986=EDGE_LOOP('',(#2925,#2926,#2927,#2928));
#987=EDGE_LOOP('',(#2929,#2930,#2931,#2932));
#988=EDGE_LOOP('',(#2933,#2934,#2935,#2936));
#989=EDGE_LOOP('',(#2937,#2938,#2939,#2940,#2941,#2942,#2943,#2944,#2945));
#990=EDGE_LOOP('',(#2946,#2947,#2948,#2949));
#991=EDGE_LOOP('',(#2950,#2951,#2952,#2953));
#992=EDGE_LOOP('',(#2954,#2955,#2956,#2957,#2958));
#993=EDGE_LOOP('',(#2959,#2960,#2961,#2962,#2963));
#994=EDGE_LOOP('',(#2964,#2965,#2966,#2967));
#995=EDGE_LOOP('',(#2968,#2969,#2970,#2971));
#996=EDGE_LOOP('',(#2972,#2973,#2974,#2975));
#997=EDGE_LOOP('',(#2976,#2977,#2978,#2979));
#998=EDGE_LOOP('',(#2980,#2981,#2982,#2983,#2984,#2985,#2986,#2987));
#999=EDGE_LOOP('',(#2988,#2989,#2990,#2991));
#1000=EDGE_LOOP('',(#2992,#2993,#2994,#2995));
#1001=EDGE_LOOP('',(#2996,#2997,#2998,#2999,#3000));
#1002=EDGE_LOOP('',(#3001,#3002,#3003,#3004,#3005));
#1003=EDGE_LOOP('',(#3006,#3007,#3008,#3009));
#1004=EDGE_LOOP('',(#3010,#3011,#3012,#3013));
#1005=EDGE_LOOP('',(#3014,#3015,#3016,#3017));
#1006=EDGE_LOOP('',(#3018,#3019,#3020,#3021));
#1007=EDGE_LOOP('',(#3022,#3023,#3024,#3025,#3026,#3027,#3028,#3029));
#1008=EDGE_LOOP('',(#3030,#3031,#3032,#3033));
#1009=EDGE_LOOP('',(#3034,#3035,#3036,#3037));
#1010=EDGE_LOOP('',(#3038,#3039,#3040,#3041,#3042));
#1011=EDGE_LOOP('',(#3043,#3044,#3045,#3046,#3047));
#1012=EDGE_LOOP('',(#3048,#3049,#3050,#3051));
#1013=EDGE_LOOP('',(#3052,#3053,#3054,#3055));
#1014=EDGE_LOOP('',(#3056,#3057,#3058,#3059));
#1015=EDGE_LOOP('',(#3060,#3061,#3062,#3063));
#1016=EDGE_LOOP('',(#3064,#3065,#3066,#3067,#3068,#3069,#3070,#3071));
#1017=EDGE_LOOP('',(#3072,#3073,#3074,#3075));
#1018=EDGE_LOOP('',(#3076,#3077,#3078,#3079));
#1019=EDGE_LOOP('',(#3080,#3081,#3082,#3083,#3084));
#1020=EDGE_LOOP('',(#3085,#3086,#3087,#3088,#3089));
#1021=EDGE_LOOP('',(#3090,#3091,#3092,#3093));
#1022=EDGE_LOOP('',(#3094,#3095,#3096,#3097));
#1023=EDGE_LOOP('',(#3098,#3099,#3100,#3101));
#1024=EDGE_LOOP('',(#3102,#3103,#3104,#3105));
#1025=EDGE_LOOP('',(#3106,#3107,#3108,#3109,#3110,#3111,#3112,#3113));
#1026=EDGE_LOOP('',(#3114,#3115,#3116,#3117));
#1027=EDGE_LOOP('',(#3118,#3119,#3120,#3121));
#1028=EDGE_LOOP('',(#3122,#3123,#3124,#3125,#3126));
#1029=EDGE_LOOP('',(#3127,#3128,#3129,#3130,#3131));
#1030=EDGE_LOOP('',(#3132,#3133,#3134,#3135));
#1031=EDGE_LOOP('',(#3136,#3137,#3138,#3139));
#1032=EDGE_LOOP('',(#3140,#3141,#3142,#3143));
#1033=EDGE_LOOP('',(#3144,#3145,#3146,#3147));
#1034=EDGE_LOOP('',(#3148,#3149,#3150,#3151,#3152,#3153,#3154,#3155));
#1035=EDGE_LOOP('',(#3156));
#1036=EDGE_LOOP('',(#3157));
#1037=EDGE_LOOP('',(#3158));
#1038=EDGE_LOOP('',(#3159,#3160,#3161,#3162));
#1039=EDGE_LOOP('',(#3163,#3164,#3165,#3166,#3167,#3168,#3169,#3170,#3171,
#3172,#3173,#3174));
#1040=EDGE_LOOP('',(#3175,#3176,#3177,#3178,#3179,#3180,#3181,#3182));
#1041=EDGE_LOOP('',(#3183,#3184,#3185,#3186));
#1042=EDGE_LOOP('',(#3187,#3188,#3189,#3190,#3191,#3192,#3193,#3194,#3195,
#3196,#3197,#3198));
#1043=EDGE_LOOP('',(#3199,#3200,#3201,#3202));
#1044=EDGE_LOOP('',(#3203,#3204,#3205,#3206));
#1045=EDGE_LOOP('',(#3207,#3208,#3209,#3210));
#1046=EDGE_LOOP('',(#3211,#3212,#3213,#3214));
#1047=EDGE_LOOP('',(#3215,#3216,#3217,#3218));
#1048=EDGE_LOOP('',(#3219,#3220,#3221,#3222));
#1049=EDGE_LOOP('',(#3223,#3224,#3225,#3226));
#1050=EDGE_LOOP('',(#3227,#3228,#3229,#3230));
#1051=EDGE_LOOP('',(#3231,#3232,#3233,#3234));
#1052=EDGE_LOOP('',(#3235,#3236,#3237));
#1053=EDGE_LOOP('',(#3238,#3239,#3240,#3241));
#1054=EDGE_LOOP('',(#3242,#3243,#3244,#3245));
#1055=EDGE_LOOP('',(#3246,#3247,#3248,#3249));
#1056=EDGE_LOOP('',(#3250,#3251,#3252,#3253));
#1057=EDGE_LOOP('',(#3254,#3255,#3256,#3257));
#1058=EDGE_LOOP('',(#3258,#3259,#3260,#3261,#3262,#3263,#3264,#3265));
#1059=EDGE_LOOP('',(#3266,#3267,#3268,#3269,#3270,#3271,#3272,#3273,#3274,
#3275));
#1060=EDGE_LOOP('',(#3276,#3277,#3278,#3279));
#1061=EDGE_LOOP('',(#3280,#3281,#3282,#3283));
#1062=EDGE_LOOP('',(#3284,#3285,#3286,#3287));
#1063=EDGE_LOOP('',(#3288,#3289,#3290,#3291));
#1064=EDGE_LOOP('',(#3292,#3293,#3294,#3295));
#1065=EDGE_LOOP('',(#3296,#3297,#3298,#3299));
#1066=EDGE_LOOP('',(#3300,#3301,#3302,#3303));
#1067=EDGE_LOOP('',(#3304,#3305,#3306,#3307));
#1068=EDGE_LOOP('',(#3308,#3309,#3310,#3311,#3312,#3313,#3314));
#1069=EDGE_LOOP('',(#3315,#3316,#3317,#3318));
#1070=EDGE_LOOP('',(#3319));
#1071=EDGE_LOOP('',(#3320,#3321,#3322,#3323,#3324,#3325,#3326,#3327,#3328,
#3329));
#1072=EDGE_LOOP('',(#3330,#3331,#3332,#3333));
#1073=EDGE_LOOP('',(#3334,#3335,#3336,#3337,#3338,#3339,#3340,#3341));
#1074=EDGE_LOOP('',(#3342,#3343,#3344,#3345));
#1075=EDGE_LOOP('',(#3346,#3347,#3348,#3349,#3350,#3351,#3352,#3353));
#1076=EDGE_LOOP('',(#3354,#3355,#3356,#3357,#3358,#3359,#3360,#3361,#3362,
#3363));
#1077=EDGE_LOOP('',(#3364,#3365,#3366,#3367));
#1078=EDGE_LOOP('',(#3368,#3369,#3370,#3371));
#1079=EDGE_LOOP('',(#3372,#3373,#3374,#3375));
#1080=EDGE_LOOP('',(#3376,#3377,#3378,#3379,#3380));
#1081=EDGE_LOOP('',(#3381,#3382,#3383,#3384,#3385));
#1082=EDGE_LOOP('',(#3386,#3387,#3388,#3389));
#1083=EDGE_LOOP('',(#3390,#3391,#3392,#3393));
#1084=EDGE_LOOP('',(#3394,#3395,#3396,#3397));
#1085=EDGE_LOOP('',(#3398,#3399,#3400,#3401));
#1086=EDGE_LOOP('',(#3402,#3403,#3404,#3405,#3406,#3407,#3408,#3409));
#1087=EDGE_LOOP('',(#3410,#3411,#3412,#3413,#3414,#3415,#3416,#3417,#3418,
#3419,#3420,#3421,#3422,#3423,#3424,#3425,#3426,#3427,#3428,#3429,#3430,
#3431,#3432,#3433,#3434,#3435,#3436,#3437,#3438,#3439,#3440,#3441,#3442,
#3443,#3444,#3445,#3446,#3447,#3448,#3449,#3450,#3451,#3452,#3453,#3454,
#3455,#3456,#3457,#3458,#3459,#3460,#3461,#3462,#3463,#3464,#3465,#3466,
#3467,#3468,#3469,#3470,#3471,#3472,#3473,#3474,#3475,#3476,#3477,#3478,
#3479,#3480,#3481,#3482,#3483,#3484,#3485,#3486,#3487,#3488,#3489,#3490,
#3491,#3492,#3493));
#1088=EDGE_LOOP('',(#3494,#3495,#3496,#3497));
#1089=EDGE_LOOP('',(#3498,#3499,#3500,#3501));
#1090=EDGE_LOOP('',(#3502,#3503,#3504,#3505));
#1091=EDGE_LOOP('',(#3506,#3507,#3508,#3509,#3510));
#1092=EDGE_LOOP('',(#3511,#3512,#3513,#3514,#3515));
#1093=EDGE_LOOP('',(#3516,#3517,#3518,#3519));
#1094=EDGE_LOOP('',(#3520,#3521,#3522,#3523));
#1095=EDGE_LOOP('',(#3524,#3525,#3526,#3527));
#1096=EDGE_LOOP('',(#3528,#3529,#3530,#3531));
#1097=EDGE_LOOP('',(#3532,#3533,#3534,#3535,#3536,#3537,#3538,#3539));
#1098=EDGE_LOOP('',(#3540,#3541,#3542,#3543));
#1099=EDGE_LOOP('',(#3544,#3545,#3546,#3547));
#1100=EDGE_LOOP('',(#3548,#3549,#3550,#3551,#3552));
#1101=EDGE_LOOP('',(#3553,#3554,#3555,#3556,#3557));
#1102=EDGE_LOOP('',(#3558,#3559,#3560,#3561));
#1103=EDGE_LOOP('',(#3562,#3563,#3564,#3565));
#1104=EDGE_LOOP('',(#3566,#3567,#3568,#3569));
#1105=EDGE_LOOP('',(#3570,#3571,#3572,#3573));
#1106=EDGE_LOOP('',(#3574,#3575,#3576,#3577,#3578,#3579,#3580,#3581));
#1107=EDGE_LOOP('',(#3582,#3583,#3584,#3585));
#1108=EDGE_LOOP('',(#3586,#3587,#3588,#3589));
#1109=EDGE_LOOP('',(#3590,#3591,#3592,#3593,#3594));
#1110=EDGE_LOOP('',(#3595,#3596,#3597,#3598,#3599));
#1111=EDGE_LOOP('',(#3600,#3601,#3602,#3603));
#1112=EDGE_LOOP('',(#3604,#3605,#3606,#3607));
#1113=EDGE_LOOP('',(#3608,#3609,#3610,#3611));
#1114=EDGE_LOOP('',(#3612,#3613,#3614,#3615));
#1115=EDGE_LOOP('',(#3616,#3617,#3618,#3619,#3620,#3621,#3622,#3623));
#1116=EDGE_LOOP('',(#3624,#3625,#3626,#3627));
#1117=EDGE_LOOP('',(#3628,#3629,#3630,#3631));
#1118=EDGE_LOOP('',(#3632,#3633,#3634,#3635,#3636));
#1119=EDGE_LOOP('',(#3637,#3638,#3639,#3640,#3641));
#1120=EDGE_LOOP('',(#3642,#3643,#3644,#3645));
#1121=EDGE_LOOP('',(#3646,#3647,#3648,#3649));
#1122=EDGE_LOOP('',(#3650,#3651,#3652,#3653));
#1123=EDGE_LOOP('',(#3654,#3655,#3656,#3657));
#1124=EDGE_LOOP('',(#3658,#3659,#3660,#3661,#3662,#3663,#3664,#3665));
#1125=EDGE_LOOP('',(#3666,#3667,#3668,#3669));
#1126=EDGE_LOOP('',(#3670,#3671,#3672,#3673));
#1127=EDGE_LOOP('',(#3674,#3675,#3676,#3677,#3678));
#1128=EDGE_LOOP('',(#3679,#3680,#3681,#3682,#3683));
#1129=EDGE_LOOP('',(#3684,#3685,#3686,#3687));
#1130=EDGE_LOOP('',(#3688,#3689,#3690,#3691));
#1131=EDGE_LOOP('',(#3692,#3693,#3694,#3695));
#1132=EDGE_LOOP('',(#3696,#3697,#3698,#3699));
#1133=EDGE_LOOP('',(#3700,#3701,#3702,#3703,#3704,#3705,#3706,#3707));
#1134=EDGE_LOOP('',(#3708,#3709,#3710,#3711));
#1135=EDGE_LOOP('',(#3712,#3713,#3714,#3715));
#1136=EDGE_LOOP('',(#3716,#3717,#3718,#3719,#3720));
#1137=EDGE_LOOP('',(#3721,#3722,#3723,#3724,#3725));
#1138=EDGE_LOOP('',(#3726,#3727,#3728,#3729));
#1139=EDGE_LOOP('',(#3730,#3731,#3732,#3733));
#1140=EDGE_LOOP('',(#3734,#3735,#3736,#3737));
#1141=EDGE_LOOP('',(#3738,#3739,#3740,#3741));
#1142=EDGE_LOOP('',(#3742,#3743,#3744,#3745,#3746,#3747,#3748,#3749));
#1143=EDGE_LOOP('',(#3750,#3751,#3752,#3753));
#1144=EDGE_LOOP('',(#3754,#3755,#3756,#3757));
#1145=EDGE_LOOP('',(#3758,#3759,#3760,#3761,#3762));
#1146=EDGE_LOOP('',(#3763,#3764,#3765,#3766,#3767));
#1147=EDGE_LOOP('',(#3768,#3769,#3770,#3771));
#1148=EDGE_LOOP('',(#3772,#3773,#3774,#3775));
#1149=EDGE_LOOP('',(#3776,#3777,#3778,#3779));
#1150=EDGE_LOOP('',(#3780,#3781,#3782,#3783));
#1151=EDGE_LOOP('',(#3784,#3785,#3786,#3787,#3788,#3789,#3790,#3791));
#1152=EDGE_LOOP('',(#3792,#3793,#3794,#3795,#3796,#3797,#3798,#3799,#3800,
#3801,#3802,#3803,#3804,#3805,#3806,#3807,#3808,#3809,#3810,#3811,#3812,
#3813,#3814,#3815,#3816,#3817,#3818,#3819,#3820,#3821,#3822,#3823,#3824,
#3825,#3826,#3827,#3828,#3829,#3830,#3831,#3832,#3833,#3834,#3835,#3836,
#3837,#3838,#3839,#3840,#3841,#3842,#3843,#3844,#3845,#3846,#3847,#3848,
#3849,#3850,#3851,#3852,#3853,#3854,#3855,#3856,#3857,#3858,#3859,#3860,
#3861,#3862,#3863,#3864,#3865,#3866,#3867,#3868,#3869,#3870,#3871,#3872,
#3873,#3874,#3875,#3876,#3877,#3878,#3879,#3880,#3881,#3882,#3883,#3884,
#3885,#3886,#3887,#3888,#3889,#3890,#3891,#3892,#3893,#3894,#3895,#3896,
#3897,#3898,#3899,#3900,#3901,#3902,#3903,#3904,#3905,#3906,#3907,#3908,
#3909,#3910,#3911,#3912,#3913,#3914,#3915,#3916,#3917,#3918,#3919,#3920,
#3921,#3922,#3923,#3924,#3925,#3926,#3927,#3928,#3929,#3930,#3931,#3932,
#3933,#3934,#3935,#3936,#3937,#3938,#3939,#3940,#3941,#3942,#3943,#3944,
#3945,#3946,#3947,#3948,#3949,#3950,#3951));
#1153=EDGE_LOOP('',(#3952));
#1154=B_SPLINE_CURVE_WITH_KNOTS('',3,(#6372,#6373,#6374,#6375,#6376,#6377,
#6378,#6379,#6380,#6381),.UNSPECIFIED.,.F.,.F.,(4,3,3,4),(-0.0239186373142164,
-0.0115841608262619,-0.00062293044792271,0.),.UNSPECIFIED.);
#1155=B_SPLINE_CURVE_WITH_KNOTS('',3,(#6452,#6453,#6454,#6455,#6456,#6457,
#6458,#6459,#6460,#6461),.UNSPECIFIED.,.F.,.F.,(4,3,3,4),(-0.0239186373142212,
-0.011584160826256,-0.000622930447914501,0.),.UNSPECIFIED.);
#1156=B_SPLINE_CURVE_WITH_KNOTS('',3,(#6532,#6533,#6534,#6535,#6536,#6537,
#6538,#6539,#6540,#6541),.UNSPECIFIED.,.F.,.F.,(4,3,3,4),(-0.0239186373142525,
-0.0115841608262571,-0.000622930447591178,0.),.UNSPECIFIED.);
#1157=B_SPLINE_CURVE_WITH_KNOTS('',3,(#6612,#6613,#6614,#6615,#6616,#6617,
#6618,#6619,#6620,#6621),.UNSPECIFIED.,.F.,.F.,(4,3,3,4),(-0.0239186373141887,
-0.0115841608262497,-0.000622930448109358,0.),.UNSPECIFIED.);
#1158=B_SPLINE_CURVE_WITH_KNOTS('',3,(#6692,#6693,#6694,#6695,#6696,#6697,
#6698,#6699,#6700,#6701),.UNSPECIFIED.,.F.,.F.,(4,3,3,4),(-0.023918637314205,
-0.0115841608262487,-0.000622930447974887,0.),.UNSPECIFIED.);
#1159=B_SPLINE_CURVE_WITH_KNOTS('',3,(#6772,#6773,#6774,#6775,#6776,#6777,
#6778,#6779,#6780,#6781),.UNSPECIFIED.,.F.,.F.,(4,3,3,4),(-0.0239186373142308,
-0.0115841608262638,-0.00062293044778965,0.),.UNSPECIFIED.);
#1160=B_SPLINE_CURVE_WITH_KNOTS('',3,(#6852,#6853,#6854,#6855,#6856,#6857,
#6858,#6859,#6860,#6861),.UNSPECIFIED.,.F.,.F.,(4,3,3,4),(-0.0239186373142183,
-0.0115841608262447,-0.000622930447888166,0.),.UNSPECIFIED.);
#1161=B_SPLINE_CURVE_WITH_KNOTS('',3,(#6934,#6935,#6936,#6937,#6938,#6939,
#6940,#6941,#6942,#6943),.UNSPECIFIED.,.F.,.F.,(4,3,3,4),(-0.0239186373142031,
-0.0115841608262434,-0.00062293044806986,0.),.UNSPECIFIED.);
#1162=B_SPLINE_CURVE_WITH_KNOTS('',3,(#7014,#7015,#7016,#7017,#7018,#7019,
#7020,#7021,#7022,#7023),.UNSPECIFIED.,.F.,.F.,(4,3,3,4),(-0.023918637314214,
-0.0115841608262562,-0.00062293044790979,0.),.UNSPECIFIED.);
#1163=B_SPLINE_CURVE_WITH_KNOTS('',3,(#7094,#7095,#7096,#7097,#7098,#7099,
#7100,#7101,#7102,#7103),.UNSPECIFIED.,.F.,.F.,(4,3,3,4),(-0.0239186373142323,
-0.0115841608262519,-0.000622930447739409,0.),.UNSPECIFIED.);
#1164=B_SPLINE_CURVE_WITH_KNOTS('',3,(#7174,#7175,#7176,#7177,#7178,#7179,
#7180,#7181,#7182,#7183),.UNSPECIFIED.,.F.,.F.,(4,3,3,4),(-0.0239186373142165,
-0.0115841608262531,-0.000622930447898127,0.),.UNSPECIFIED.);
#1165=B_SPLINE_CURVE_WITH_KNOTS('',3,(#7254,#7255,#7256,#7257,#7258,#7259,
#7260,#7261,#7262,#7263),.UNSPECIFIED.,.F.,.F.,(4,3,3,4),(-0.0239186373142161,
-0.0115841608262506,-0.000622930447908258,0.),.UNSPECIFIED.);
#1166=B_SPLINE_CURVE_WITH_KNOTS('',3,(#7422,#7423,#7424,#7425,#7426,#7427,
#7428,#7429,#7430,#7431,#7432,#7433,#7434,#7435),.UNSPECIFIED.,.F.,.F.,
(4,2,2,2,2,2,4),(-0.000235476073823,0.,0.006165239435196,0.012225345516078,
0.020631012852171,0.027816351141151,0.034229075648774),.UNSPECIFIED.);
#1167=B_SPLINE_CURVE_WITH_KNOTS('',3,(#7447,#7448,#7449,#7450,#7451,#7452,
#7453,#7454,#7455,#7456,#7457,#7458,#7459,#7460),.UNSPECIFIED.,.F.,.F.,
(4,2,2,2,2,2,4),(0.,0.006652503482212,0.013837941655559,0.022260793891682,
0.028109467866636,0.034053597757018,0.034287874505084),.UNSPECIFIED.);
#1168=B_SPLINE_CURVE_WITH_KNOTS('',3,(#7501,#7502,#7503,#7504,#7505,#7506),
 .UNSPECIFIED.,.F.,.F.,(4,2,4),(-0.000916975964786,0.,0.1570771570926),
 .UNSPECIFIED.);
#1169=B_SPLINE_CURVE_WITH_KNOTS('',3,(#7537,#7538,#7539,#7540,#7541,#7542),
 .UNSPECIFIED.,.F.,.F.,(4,2,4),(0.301640410627729,0.458717567720329,0.459634543685115),
 .UNSPECIFIED.);
#1170=B_SPLINE_CURVE_WITH_KNOTS('',3,(#7640,#7641,#7642,#7643,#7644,#7645,
#7646,#7647,#7648,#7649),.UNSPECIFIED.,.F.,.F.,(4,3,3,4),(-0.0239186373142251,
-0.0115841608262558,-0.00062293044786001,0.),.UNSPECIFIED.);
#1171=B_SPLINE_CURVE_WITH_KNOTS('',3,(#7795,#7796,#7797,#7798,#7799,#7800,
#7801,#7802,#7803,#7804),.UNSPECIFIED.,.F.,.F.,(4,3,3,4),(-0.0239186373142385,
-0.0115841608262641,-0.000622930447841489,0.),.UNSPECIFIED.);
#1172=B_SPLINE_CURVE_WITH_KNOTS('',3,(#7868,#7869,#7870,#7871,#7872,#7873,
#7874,#7875,#7876,#7877),.UNSPECIFIED.,.F.,.F.,(4,3,3,4),(-0.0239186373142363,
-0.011584160826266,-0.000622930447788349,0.),.UNSPECIFIED.);
#1173=B_SPLINE_CURVE_WITH_KNOTS('',3,(#7941,#7942,#7943,#7944,#7945,#7946,
#7947,#7948,#7949,#7950),.UNSPECIFIED.,.F.,.F.,(4,3,3,4),(-0.0239186373142257,
-0.0115841608262518,-0.000622930447839199,0.),.UNSPECIFIED.);
#1174=B_SPLINE_CURVE_WITH_KNOTS('',3,(#8014,#8015,#8016,#8017,#8018,#8019,
#8020,#8021,#8022,#8023),.UNSPECIFIED.,.F.,.F.,(4,3,3,4),(-0.0239186373142118,
-0.01158416082625,-0.000622930447978912,0.),.UNSPECIFIED.);
#1175=B_SPLINE_CURVE_WITH_KNOTS('',3,(#8087,#8088,#8089,#8090,#8091,#8092,
#8093,#8094,#8095,#8096),.UNSPECIFIED.,.F.,.F.,(4,3,3,4),(-0.0239186373142081,
-0.0115841608262513,-0.000622930447934347,0.),.UNSPECIFIED.);
#1176=B_SPLINE_CURVE_WITH_KNOTS('',3,(#8160,#8161,#8162,#8163,#8164,#8165,
#8166,#8167,#8168,#8169),.UNSPECIFIED.,.F.,.F.,(4,3,3,4),(-0.0239186373142102,
-0.0115841608262553,-0.000622930447950365,0.),.UNSPECIFIED.);
#1177=B_SPLINE_CURVE_WITH_KNOTS('',3,(#8233,#8234,#8235,#8236,#8237,#8238,
#8239,#8240,#8241,#8242),.UNSPECIFIED.,.F.,.F.,(4,3,3,4),(-0.0239186373142203,
-0.0115841608262551,-0.000622930447893192,0.),.UNSPECIFIED.);
#1178=CIRCLE('',#4399,2.325);
#1179=CIRCLE('',#4400,2.475);
#1180=CIRCLE('',#4402,2.475);
#1181=CIRCLE('',#4408,1.01550929628819);
#1182=CIRCLE('',#4409,1.01550929628819);
#1183=CIRCLE('',#4411,0.0625);
#1184=CIRCLE('',#4412,0.0625);
#1185=CIRCLE('',#4414,0.0625);
#1186=CIRCLE('',#4415,0.0625);
#1187=CIRCLE('',#4417,1.01550929628819);
#1188=CIRCLE('',#4418,1.01550929628819);
#1189=CIRCLE('',#4420,2.1835);
#1190=CIRCLE('',#4423,2.325);
#1191=CIRCLE('',#4424,2.475);
#1192=CIRCLE('',#4426,2.475);
#1193=CIRCLE('',#4432,1.01550929628819);
#1194=CIRCLE('',#4433,1.01550929628819);
#1195=CIRCLE('',#4435,0.0625);
#1196=CIRCLE('',#4436,0.0625);
#1197=CIRCLE('',#4438,0.0625);
#1198=CIRCLE('',#4439,0.0625);
#1199=CIRCLE('',#4441,1.01550929628819);
#1200=CIRCLE('',#4442,1.01550929628819);
#1201=CIRCLE('',#4444,2.1835);
#1202=CIRCLE('',#4447,2.325);
#1203=CIRCLE('',#4448,2.475);
#1204=CIRCLE('',#4450,2.475);
#1205=CIRCLE('',#4456,1.01550929628819);
#1206=CIRCLE('',#4457,1.01550929628819);
#1207=CIRCLE('',#4459,0.0625);
#1208=CIRCLE('',#4460,0.0625);
#1209=CIRCLE('',#4462,0.0625);
#1210=CIRCLE('',#4463,0.0625);
#1211=CIRCLE('',#4465,1.01550929628819);
#1212=CIRCLE('',#4466,1.01550929628819);
#1213=CIRCLE('',#4468,2.1835);
#1214=CIRCLE('',#4471,2.325);
#1215=CIRCLE('',#4472,2.475);
#1216=CIRCLE('',#4474,2.475);
#1217=CIRCLE('',#4480,1.01550929628819);
#1218=CIRCLE('',#4481,1.01550929628819);
#1219=CIRCLE('',#4483,0.0625);
#1220=CIRCLE('',#4484,0.0625);
#1221=CIRCLE('',#4486,0.0625);
#1222=CIRCLE('',#4487,0.0625);
#1223=CIRCLE('',#4489,1.01550929628819);
#1224=CIRCLE('',#4490,1.01550929628819);
#1225=CIRCLE('',#4492,2.1835);
#1226=CIRCLE('',#4495,2.325);
#1227=CIRCLE('',#4496,2.475);
#1228=CIRCLE('',#4498,2.475);
#1229=CIRCLE('',#4504,1.01550929628819);
#1230=CIRCLE('',#4505,1.01550929628819);
#1231=CIRCLE('',#4507,0.0625);
#1232=CIRCLE('',#4508,0.0625);
#1233=CIRCLE('',#4510,0.0625);
#1234=CIRCLE('',#4511,0.0625);
#1235=CIRCLE('',#4513,1.01550929628819);
#1236=CIRCLE('',#4514,1.01550929628819);
#1237=CIRCLE('',#4516,2.1835);
#1238=CIRCLE('',#4519,2.325);
#1239=CIRCLE('',#4520,2.475);
#1240=CIRCLE('',#4522,2.475);
#1241=CIRCLE('',#4528,1.01550929628819);
#1242=CIRCLE('',#4529,1.01550929628819);
#1243=CIRCLE('',#4531,0.0625);
#1244=CIRCLE('',#4532,0.0625);
#1245=CIRCLE('',#4534,0.0625);
#1246=CIRCLE('',#4535,0.0625);
#1247=CIRCLE('',#4537,1.01550929628819);
#1248=CIRCLE('',#4538,1.01550929628819);
#1249=CIRCLE('',#4540,2.1835);
#1250=CIRCLE('',#4543,2.325);
#1251=CIRCLE('',#4544,2.475);
#1252=CIRCLE('',#4546,2.475);
#1253=CIRCLE('',#4552,1.01550929628819);
#1254=CIRCLE('',#4553,1.01550929628819);
#1255=CIRCLE('',#4555,0.0625);
#1256=CIRCLE('',#4556,0.0625);
#1257=CIRCLE('',#4558,0.0625);
#1258=CIRCLE('',#4559,0.0625);
#1259=CIRCLE('',#4561,1.01550929628819);
#1260=CIRCLE('',#4562,1.01550929628819);
#1261=CIRCLE('',#4564,2.1835);
#1262=CIRCLE('',#4565,2.1835);
#1263=CIRCLE('',#4568,2.325);
#1264=CIRCLE('',#4569,2.475);
#1265=CIRCLE('',#4571,2.475);
#1266=CIRCLE('',#4577,1.01550929628819);
#1267=CIRCLE('',#4578,1.01550929628819);
#1268=CIRCLE('',#4580,0.0625);
#1269=CIRCLE('',#4581,0.0625);
#1270=CIRCLE('',#4583,0.0625);
#1271=CIRCLE('',#4584,0.0625);
#1272=CIRCLE('',#4586,1.01550929628819);
#1273=CIRCLE('',#4587,1.01550929628819);
#1274=CIRCLE('',#4589,2.1835);
#1275=CIRCLE('',#4592,2.325);
#1276=CIRCLE('',#4593,2.475);
#1277=CIRCLE('',#4595,2.475);
#1278=CIRCLE('',#4601,1.01550929628819);
#1279=CIRCLE('',#4602,1.01550929628819);
#1280=CIRCLE('',#4604,0.0625);
#1281=CIRCLE('',#4605,0.0625);
#1282=CIRCLE('',#4607,0.0625);
#1283=CIRCLE('',#4608,0.0625);
#1284=CIRCLE('',#4610,1.01550929628819);
#1285=CIRCLE('',#4611,1.01550929628819);
#1286=CIRCLE('',#4613,2.1835);
#1287=CIRCLE('',#4616,2.325);
#1288=CIRCLE('',#4617,2.475);
#1289=CIRCLE('',#4619,2.475);
#1290=CIRCLE('',#4625,1.01550929628819);
#1291=CIRCLE('',#4626,1.01550929628819);
#1292=CIRCLE('',#4628,0.0625);
#1293=CIRCLE('',#4629,0.0625);
#1294=CIRCLE('',#4631,0.0625);
#1295=CIRCLE('',#4632,0.0625);
#1296=CIRCLE('',#4634,1.01550929628819);
#1297=CIRCLE('',#4635,1.01550929628819);
#1298=CIRCLE('',#4637,2.1835);
#1299=CIRCLE('',#4640,2.325);
#1300=CIRCLE('',#4641,2.475);
#1301=CIRCLE('',#4643,2.475);
#1302=CIRCLE('',#4649,1.01550929628819);
#1303=CIRCLE('',#4650,1.01550929628819);
#1304=CIRCLE('',#4652,0.0625);
#1305=CIRCLE('',#4653,0.0625);
#1306=CIRCLE('',#4655,0.0625);
#1307=CIRCLE('',#4656,0.0625);
#1308=CIRCLE('',#4658,1.01550929628819);
#1309=CIRCLE('',#4659,1.01550929628819);
#1310=CIRCLE('',#4661,2.1835);
#1311=CIRCLE('',#4664,2.325);
#1312=CIRCLE('',#4665,2.475);
#1313=CIRCLE('',#4667,2.475);
#1314=CIRCLE('',#4673,1.01550929628819);
#1315=CIRCLE('',#4674,1.01550929628819);
#1316=CIRCLE('',#4676,0.0625);
#1317=CIRCLE('',#4677,0.0625);
#1318=CIRCLE('',#4679,0.0625);
#1319=CIRCLE('',#4680,0.0625);
#1320=CIRCLE('',#4682,1.01550929628819);
#1321=CIRCLE('',#4683,1.01550929628819);
#1322=CIRCLE('',#4685,2.1835);
#1323=CIRCLE('',#4687,1.0065);
#1324=CIRCLE('',#4689,2.55);
#1325=CIRCLE('',#4690,2.1835);
#1326=CIRCLE('',#4692,0.4);
#1327=CIRCLE('',#4693,0.4);
#1328=CIRCLE('',#4696,0.4);
#1329=CIRCLE('',#4697,0.4);
#1330=CIRCLE('',#4698,0.4);
#1331=CIRCLE('',#4700,0.4);
#1332=CIRCLE('',#4703,0.4);
#1333=CIRCLE('',#4706,0.4);
#1334=CIRCLE('',#4708,0.2);
#1335=CIRCLE('',#4710,0.2);
#1336=CIRCLE('',#4711,2.7);
#1337=CIRCLE('',#4712,2.5);
#1338=CIRCLE('',#4715,6.1);
#1339=CIRCLE('',#4716,0.2);
#1340=CIRCLE('',#4717,5.9);
#1341=CIRCLE('',#4719,5.9);
#1342=CIRCLE('',#4720,0.199999999999995);
#1343=CIRCLE('',#4721,6.1);
#1344=CIRCLE('',#4723,2.5);
#1345=CIRCLE('',#4728,1.375);
#1346=CIRCLE('',#4729,1.375);
#1347=CIRCLE('',#4738,1.375);
#1348=CIRCLE('',#4739,1.375);
#1349=CIRCLE('',#4741,2.55);
#1350=CIRCLE('',#4744,5.9);
#1351=CIRCLE('',#4755,2.325);
#1352=CIRCLE('',#4756,2.475);
#1353=CIRCLE('',#4758,2.475);
#1354=CIRCLE('',#4764,1.01550929628819);
#1355=CIRCLE('',#4765,1.01550929628819);
#1356=CIRCLE('',#4767,0.0625);
#1357=CIRCLE('',#4768,0.0625);
#1358=CIRCLE('',#4770,0.0625);
#1359=CIRCLE('',#4771,0.0625);
#1360=CIRCLE('',#4773,1.01550929628819);
#1361=CIRCLE('',#4774,1.01550929628819);
#1362=CIRCLE('',#4776,2.1835);
#1363=CIRCLE('',#4778,2.1835);
#1364=CIRCLE('',#4779,2.1835);
#1365=CIRCLE('',#4780,2.1835);
#1366=CIRCLE('',#4781,2.1835);
#1367=CIRCLE('',#4782,2.1835);
#1368=CIRCLE('',#4783,2.1835);
#1369=CIRCLE('',#4784,2.1835);
#1370=CIRCLE('',#4785,2.1835);
#1371=CIRCLE('',#4786,2.1835);
#1372=CIRCLE('',#4787,2.1835);
#1373=CIRCLE('',#4788,2.1835);
#1374=CIRCLE('',#4789,2.1835);
#1375=CIRCLE('',#4790,2.1835);
#1376=CIRCLE('',#4791,2.1835);
#1377=CIRCLE('',#4792,2.1835);
#1378=CIRCLE('',#4793,2.1835);
#1379=CIRCLE('',#4794,2.1835);
#1380=CIRCLE('',#4795,2.1835);
#1381=CIRCLE('',#4796,2.1835);
#1382=CIRCLE('',#4797,2.1835);
#1383=CIRCLE('',#4798,2.1835);
#1384=CIRCLE('',#4799,2.1835);
#1385=CIRCLE('',#4800,2.1835);
#1386=CIRCLE('',#4801,2.1835);
#1387=CIRCLE('',#4802,2.1835);
#1388=CIRCLE('',#4803,2.1835);
#1389=CIRCLE('',#4804,2.1835);
#1390=CIRCLE('',#4806,1.0065);
#1391=CIRCLE('',#4809,2.325);
#1392=CIRCLE('',#4810,2.475);
#1393=CIRCLE('',#4812,2.475);
#1394=CIRCLE('',#4818,1.01550929628819);
#1395=CIRCLE('',#4819,1.01550929628819);
#1396=CIRCLE('',#4821,0.0625);
#1397=CIRCLE('',#4822,0.0625);
#1398=CIRCLE('',#4824,0.0625);
#1399=CIRCLE('',#4825,0.0625);
#1400=CIRCLE('',#4827,1.01550929628819);
#1401=CIRCLE('',#4828,1.01550929628819);
#1402=CIRCLE('',#4832,2.325);
#1403=CIRCLE('',#4833,2.475);
#1404=CIRCLE('',#4835,2.475);
#1405=CIRCLE('',#4841,1.01550929628819);
#1406=CIRCLE('',#4842,1.01550929628819);
#1407=CIRCLE('',#4844,0.0625);
#1408=CIRCLE('',#4845,0.0625);
#1409=CIRCLE('',#4847,0.0625);
#1410=CIRCLE('',#4848,0.0625);
#1411=CIRCLE('',#4850,1.01550929628819);
#1412=CIRCLE('',#4851,1.01550929628819);
#1413=CIRCLE('',#4855,2.325);
#1414=CIRCLE('',#4856,2.475);
#1415=CIRCLE('',#4858,2.475);
#1416=CIRCLE('',#4864,1.01550929628819);
#1417=CIRCLE('',#4865,1.01550929628819);
#1418=CIRCLE('',#4867,0.0625);
#1419=CIRCLE('',#4868,0.0625);
#1420=CIRCLE('',#4870,0.0625);
#1421=CIRCLE('',#4871,0.0625);
#1422=CIRCLE('',#4873,1.01550929628819);
#1423=CIRCLE('',#4874,1.01550929628819);
#1424=CIRCLE('',#4878,2.325);
#1425=CIRCLE('',#4879,2.475);
#1426=CIRCLE('',#4881,2.475);
#1427=CIRCLE('',#4887,1.01550929628819);
#1428=CIRCLE('',#4888,1.01550929628819);
#1429=CIRCLE('',#4890,0.0625);
#1430=CIRCLE('',#4891,0.0625);
#1431=CIRCLE('',#4893,0.0625);
#1432=CIRCLE('',#4894,0.0625);
#1433=CIRCLE('',#4896,1.01550929628819);
#1434=CIRCLE('',#4897,1.01550929628819);
#1435=CIRCLE('',#4901,2.325);
#1436=CIRCLE('',#4902,2.475);
#1437=CIRCLE('',#4904,2.475);
#1438=CIRCLE('',#4910,1.01550929628819);
#1439=CIRCLE('',#4911,1.01550929628819);
#1440=CIRCLE('',#4913,0.0625);
#1441=CIRCLE('',#4914,0.0625);
#1442=CIRCLE('',#4916,0.0625);
#1443=CIRCLE('',#4917,0.0625);
#1444=CIRCLE('',#4919,1.01550929628819);
#1445=CIRCLE('',#4920,1.01550929628819);
#1446=CIRCLE('',#4924,2.325);
#1447=CIRCLE('',#4925,2.475);
#1448=CIRCLE('',#4927,2.475);
#1449=CIRCLE('',#4933,1.01550929628819);
#1450=CIRCLE('',#4934,1.01550929628819);
#1451=CIRCLE('',#4936,0.0625);
#1452=CIRCLE('',#4937,0.0625);
#1453=CIRCLE('',#4939,0.0625);
#1454=CIRCLE('',#4940,0.0625);
#1455=CIRCLE('',#4942,1.01550929628819);
#1456=CIRCLE('',#4943,1.01550929628819);
#1457=CIRCLE('',#4947,2.325);
#1458=CIRCLE('',#4948,2.475);
#1459=CIRCLE('',#4950,2.475);
#1460=CIRCLE('',#4956,1.01550929628819);
#1461=CIRCLE('',#4957,1.01550929628819);
#1462=CIRCLE('',#4959,0.0625);
#1463=CIRCLE('',#4960,0.0625);
#1464=CIRCLE('',#4962,0.0625);
#1465=CIRCLE('',#4963,0.0625);
#1466=CIRCLE('',#4965,1.01550929628819);
#1467=CIRCLE('',#4966,1.01550929628819);
#1468=ELLIPSE('',#4398,1.25800075081582,0.404005107453851);
#1469=ELLIPSE('',#4403,0.556335392966602,0.236835346511173);
#1470=ELLIPSE('',#4404,0.581183811443289,0.257629939058938);
#1471=ELLIPSE('',#4405,0.823087695986928,0.343425917081521);
#1472=ELLIPSE('',#4406,0.698305720270547,0.266021027866833);
#1473=ELLIPSE('',#4422,1.25800075051926,0.404005107348678);
#1474=ELLIPSE('',#4427,0.556335393345913,0.236835346832545);
#1475=ELLIPSE('',#4428,0.58118381144766,0.257629939062498);
#1476=ELLIPSE('',#4429,0.823087695995366,0.343425917086463);
#1477=ELLIPSE('',#4430,0.698305719273359,0.266021027219871);
#1478=ELLIPSE('',#4446,1.25800075120436,0.40400510759265);
#1479=ELLIPSE('',#4451,0.556335391602651,0.236835345354662);
#1480=ELLIPSE('',#4452,0.581183811430856,0.257629939048646);
#1481=ELLIPSE('',#4453,0.823087695979266,0.343425917077186);
#1482=ELLIPSE('',#4454,0.698305718169292,0.266021026512955);
#1483=ELLIPSE('',#4470,1.25800074991572,0.404005107132241);
#1484=ELLIPSE('',#4475,0.556335392890908,0.236835346447698);
#1485=ELLIPSE('',#4476,0.581183811435515,0.257629939052691);
#1486=ELLIPSE('',#4477,0.823087696005761,0.343425917092261);
#1487=ELLIPSE('',#4478,0.698305718794614,0.266021026911267);
#1488=ELLIPSE('',#4494,1.25800074974579,0.404005107068688);
#1489=ELLIPSE('',#4499,0.556335392445561,0.236835346070209);
#1490=ELLIPSE('',#4500,0.581183811438694,0.257629939055231);
#1491=ELLIPSE('',#4501,0.823087695977166,0.343425917076121);
#1492=ELLIPSE('',#4502,0.69830571793004,0.266021026350056);
#1493=ELLIPSE('',#4518,1.25800075052686,0.404005107351249);
#1494=ELLIPSE('',#4523,0.556335393020845,0.23683534655732);
#1495=ELLIPSE('',#4524,0.581183811447886,0.257629939062671);
#1496=ELLIPSE('',#4525,0.823087695986529,0.343425917081122);
#1497=ELLIPSE('',#4526,0.698305718901898,0.266021026980242);
#1498=ELLIPSE('',#4542,1.25800075075785,0.404005107432198);
#1499=ELLIPSE('',#4547,0.556335392413693,0.236835346043215);
#1500=ELLIPSE('',#4548,0.58118381143618,0.257629939053087);
#1501=ELLIPSE('',#4549,0.823087695986351,0.343425917081131);
#1502=ELLIPSE('',#4550,0.698305719105504,0.266021027111687);
#1503=ELLIPSE('',#4567,1.25800075041074,0.404005107308856);
#1504=ELLIPSE('',#4572,0.556335392246402,0.236835345900406);
#1505=ELLIPSE('',#4573,0.581183811439469,0.257629939055823);
#1506=ELLIPSE('',#4574,0.82308769598396,0.34342591707974);
#1507=ELLIPSE('',#4575,0.698305719614501,0.266021027444135);
#1508=ELLIPSE('',#4591,1.2580007496575,0.40400510703793);
#1509=ELLIPSE('',#4596,0.556335392628407,0.236835346225869);
#1510=ELLIPSE('',#4597,0.581183811442543,0.257629939058302);
#1511=ELLIPSE('',#4598,0.823087695985725,0.343425917081103);
#1512=ELLIPSE('',#4599,0.69830571870466,0.266021026850356);
#1513=ELLIPSE('',#4615,1.25800075042083,0.404005107315711);
#1514=ELLIPSE('',#4620,0.556335393087786,0.236835346614254);
#1515=ELLIPSE('',#4621,0.58118381143881,0.257629939055507);
#1516=ELLIPSE('',#4622,0.823087695985553,0.343425917080581);
#1517=ELLIPSE('',#4623,0.698305720731929,0.266021028169462);
#1518=ELLIPSE('',#4639,1.2580007514555,0.404005107678911);
#1519=ELLIPSE('',#4644,0.556335392196786,0.236835345859767);
#1520=ELLIPSE('',#4645,0.581183811437785,0.257629939054496);
#1521=ELLIPSE('',#4646,0.823087696037679,0.343425917110739);
#1522=ELLIPSE('',#4647,0.6983057202434,0.266021027853759);
#1523=ELLIPSE('',#4663,1.25800074993617,0.40400510713646);
#1524=ELLIPSE('',#4668,0.556335392497252,0.23683534611428);
#1525=ELLIPSE('',#4669,0.581183811438967,0.257629939055449);
#1526=ELLIPSE('',#4670,0.823087695944536,0.343425917057498);
#1527=ELLIPSE('',#4671,0.69830572087987,0.266021028267505);
#1528=ELLIPSE('',#4754,1.25800074997801,0.40400510715108);
#1529=ELLIPSE('',#4759,0.55633539198158,0.236835345677011);
#1530=ELLIPSE('',#4760,0.581183811441385,0.257629939057418);
#1531=ELLIPSE('',#4761,0.823087695965754,0.343425917069493);
#1532=ELLIPSE('',#4762,0.698305717531149,0.266021026095218);
#1533=ELLIPSE('',#4808,1.25800075065898,0.404005107393822);
#1534=ELLIPSE('',#4813,0.556335392217663,0.236835345875607);
#1535=ELLIPSE('',#4814,0.581183811438391,0.257629939054749);
#1536=ELLIPSE('',#4815,0.823087695989761,0.343425917083565);
#1537=ELLIPSE('',#4816,0.698305722278024,0.266021029171598);
#1538=ELLIPSE('',#4831,1.25800075102654,0.404005107531729);
#1539=ELLIPSE('',#4836,0.55633539111196,0.236835344940771);
#1540=ELLIPSE('',#4837,0.581183811440451,0.257629939056473);
#1541=ELLIPSE('',#4838,0.823087695975245,0.343425917074886);
#1542=ELLIPSE('',#4839,0.698305718894309,0.266021026978171);
#1543=ELLIPSE('',#4854,1.25800075122213,0.404005107599637);
#1544=ELLIPSE('',#4859,0.556335392025795,0.236835345714775);
#1545=ELLIPSE('',#4860,0.581183811438856,0.257629939055318);
#1546=ELLIPSE('',#4861,0.823087696002012,0.343425917089779);
#1547=ELLIPSE('',#4862,0.698305723275373,0.266021029813569);
#1548=ELLIPSE('',#4877,1.25800075018632,0.404005107227694);
#1549=ELLIPSE('',#4882,0.556335392216575,0.236835345875558);
#1550=ELLIPSE('',#4883,0.581183811435757,0.257629939052723);
#1551=ELLIPSE('',#4884,0.823087695973828,0.343425917074201);
#1552=ELLIPSE('',#4885,0.698305725316799,0.266021031151146);
#1553=ELLIPSE('',#4900,1.25800074961262,0.404005107023403);
#1554=ELLIPSE('',#4905,0.556335392308441,0.236835345953097);
#1555=ELLIPSE('',#4906,0.581183811435923,0.257629939052999);
#1556=ELLIPSE('',#4907,0.823087695975576,0.343425917074963);
#1557=ELLIPSE('',#4908,0.698305718218293,0.266021026540781);
#1558=ELLIPSE('',#4923,1.25800075108204,0.404005107547962);
#1559=ELLIPSE('',#4928,0.556335392340241,0.236835345981277);
#1560=ELLIPSE('',#4929,0.581183811435026,0.257629939052091);
#1561=ELLIPSE('',#4930,0.823087695973248,0.343425917073796);
#1562=ELLIPSE('',#4931,0.698305719956684,0.266021027662823);
#1563=ELLIPSE('',#4946,1.25800075023734,0.404005107246634);
#1564=ELLIPSE('',#4951,0.556335392873437,0.236835346430775);
#1565=ELLIPSE('',#4952,0.581183811423085,0.257629939042625);
#1566=ELLIPSE('',#4953,0.823087695979763,0.34342591707774);
#1567=ELLIPSE('',#4954,0.698305722230692,0.266021029143124);
#1568=VERTEX_POINT('',#6366);
#1569=VERTEX_POINT('',#6367);
#1570=VERTEX_POINT('',#6369);
#1571=VERTEX_POINT('',#6371);
#1572=VERTEX_POINT('',#6384);
#1573=VERTEX_POINT('',#6386);
#1574=VERTEX_POINT('',#6399);
#1575=VERTEX_POINT('',#6401);
#1576=VERTEX_POINT('',#6414);
#1577=VERTEX_POINT('',#6416);
#1578=VERTEX_POINT('',#6420);
#1579=VERTEX_POINT('',#6422);
#1580=VERTEX_POINT('',#6426);
#1581=VERTEX_POINT('',#6428);
#1582=VERTEX_POINT('',#6432);
#1583=VERTEX_POINT('',#6433);
#1584=VERTEX_POINT('',#6435);
#1585=VERTEX_POINT('',#6437);
#1586=VERTEX_POINT('',#6446);
#1587=VERTEX_POINT('',#6447);
#1588=VERTEX_POINT('',#6449);
#1589=VERTEX_POINT('',#6451);
#1590=VERTEX_POINT('',#6464);
#1591=VERTEX_POINT('',#6466);
#1592=VERTEX_POINT('',#6479);
#1593=VERTEX_POINT('',#6481);
#1594=VERTEX_POINT('',#6494);
#1595=VERTEX_POINT('',#6496);
#1596=VERTEX_POINT('',#6500);
#1597=VERTEX_POINT('',#6502);
#1598=VERTEX_POINT('',#6506);
#1599=VERTEX_POINT('',#6508);
#1600=VERTEX_POINT('',#6512);
#1601=VERTEX_POINT('',#6513);
#1602=VERTEX_POINT('',#6515);
#1603=VERTEX_POINT('',#6517);
#1604=VERTEX_POINT('',#6526);
#1605=VERTEX_POINT('',#6527);
#1606=VERTEX_POINT('',#6529);
#1607=VERTEX_POINT('',#6531);
#1608=VERTEX_POINT('',#6544);
#1609=VERTEX_POINT('',#6546);
#1610=VERTEX_POINT('',#6559);
#1611=VERTEX_POINT('',#6561);
#1612=VERTEX_POINT('',#6574);
#1613=VERTEX_POINT('',#6576);
#1614=VERTEX_POINT('',#6580);
#1615=VERTEX_POINT('',#6582);
#1616=VERTEX_POINT('',#6586);
#1617=VERTEX_POINT('',#6588);
#1618=VERTEX_POINT('',#6592);
#1619=VERTEX_POINT('',#6593);
#1620=VERTEX_POINT('',#6595);
#1621=VERTEX_POINT('',#6597);
#1622=VERTEX_POINT('',#6606);
#1623=VERTEX_POINT('',#6607);
#1624=VERTEX_POINT('',#6609);
#1625=VERTEX_POINT('',#6611);
#1626=VERTEX_POINT('',#6624);
#1627=VERTEX_POINT('',#6626);
#1628=VERTEX_POINT('',#6639);
#1629=VERTEX_POINT('',#6641);
#1630=VERTEX_POINT('',#6654);
#1631=VERTEX_POINT('',#6656);
#1632=VERTEX_POINT('',#6660);
#1633=VERTEX_POINT('',#6662);
#1634=VERTEX_POINT('',#6666);
#1635=VERTEX_POINT('',#6668);
#1636=VERTEX_POINT('',#6672);
#1637=VERTEX_POINT('',#6673);
#1638=VERTEX_POINT('',#6675);
#1639=VERTEX_POINT('',#6677);
#1640=VERTEX_POINT('',#6686);
#1641=VERTEX_POINT('',#6687);
#1642=VERTEX_POINT('',#6689);
#1643=VERTEX_POINT('',#6691);
#1644=VERTEX_POINT('',#6704);
#1645=VERTEX_POINT('',#6706);
#1646=VERTEX_POINT('',#6719);
#1647=VERTEX_POINT('',#6721);
#1648=VERTEX_POINT('',#6734);
#1649=VERTEX_POINT('',#6736);
#1650=VERTEX_POINT('',#6740);
#1651=VERTEX_POINT('',#6742);
#1652=VERTEX_POINT('',#6746);
#1653=VERTEX_POINT('',#6748);
#1654=VERTEX_POINT('',#6752);
#1655=VERTEX_POINT('',#6753);
#1656=VERTEX_POINT('',#6755);
#1657=VERTEX_POINT('',#6757);
#1658=VERTEX_POINT('',#6766);
#1659=VERTEX_POINT('',#6767);
#1660=VERTEX_POINT('',#6769);
#1661=VERTEX_POINT('',#6771);
#1662=VERTEX_POINT('',#6784);
#1663=VERTEX_POINT('',#6786);
#1664=VERTEX_POINT('',#6799);
#1665=VERTEX_POINT('',#6801);
#1666=VERTEX_POINT('',#6814);
#1667=VERTEX_POINT('',#6816);
#1668=VERTEX_POINT('',#6820);
#1669=VERTEX_POINT('',#6822);
#1670=VERTEX_POINT('',#6826);
#1671=VERTEX_POINT('',#6828);
#1672=VERTEX_POINT('',#6832);
#1673=VERTEX_POINT('',#6833);
#1674=VERTEX_POINT('',#6835);
#1675=VERTEX_POINT('',#6837);
#1676=VERTEX_POINT('',#6846);
#1677=VERTEX_POINT('',#6847);
#1678=VERTEX_POINT('',#6849);
#1679=VERTEX_POINT('',#6851);
#1680=VERTEX_POINT('',#6864);
#1681=VERTEX_POINT('',#6866);
#1682=VERTEX_POINT('',#6879);
#1683=VERTEX_POINT('',#6881);
#1684=VERTEX_POINT('',#6894);
#1685=VERTEX_POINT('',#6896);
#1686=VERTEX_POINT('',#6900);
#1687=VERTEX_POINT('',#6902);
#1688=VERTEX_POINT('',#6906);
#1689=VERTEX_POINT('',#6908);
#1690=VERTEX_POINT('',#6912);
#1691=VERTEX_POINT('',#6913);
#1692=VERTEX_POINT('',#6915);
#1693=VERTEX_POINT('',#6917);
#1694=VERTEX_POINT('',#6924);
#1695=VERTEX_POINT('',#6928);
#1696=VERTEX_POINT('',#6929);
#1697=VERTEX_POINT('',#6931);
#1698=VERTEX_POINT('',#6933);
#1699=VERTEX_POINT('',#6946);
#1700=VERTEX_POINT('',#6948);
#1701=VERTEX_POINT('',#6961);
#1702=VERTEX_POINT('',#6963);
#1703=VERTEX_POINT('',#6976);
#1704=VERTEX_POINT('',#6978);
#1705=VERTEX_POINT('',#6982);
#1706=VERTEX_POINT('',#6984);
#1707=VERTEX_POINT('',#6988);
#1708=VERTEX_POINT('',#6990);
#1709=VERTEX_POINT('',#6994);
#1710=VERTEX_POINT('',#6995);
#1711=VERTEX_POINT('',#6997);
#1712=VERTEX_POINT('',#6999);
#1713=VERTEX_POINT('',#7008);
#1714=VERTEX_POINT('',#7009);
#1715=VERTEX_POINT('',#7011);
#1716=VERTEX_POINT('',#7013);
#1717=VERTEX_POINT('',#7026);
#1718=VERTEX_POINT('',#7028);
#1719=VERTEX_POINT('',#7041);
#1720=VERTEX_POINT('',#7043);
#1721=VERTEX_POINT('',#7056);
#1722=VERTEX_POINT('',#7058);
#1723=VERTEX_POINT('',#7062);
#1724=VERTEX_POINT('',#7064);
#1725=VERTEX_POINT('',#7068);
#1726=VERTEX_POINT('',#7070);
#1727=VERTEX_POINT('',#7074);
#1728=VERTEX_POINT('',#7075);
#1729=VERTEX_POINT('',#7077);
#1730=VERTEX_POINT('',#7079);
#1731=VERTEX_POINT('',#7088);
#1732=VERTEX_POINT('',#7089);
#1733=VERTEX_POINT('',#7091);
#1734=VERTEX_POINT('',#7093);
#1735=VERTEX_POINT('',#7106);
#1736=VERTEX_POINT('',#7108);
#1737=VERTEX_POINT('',#7121);
#1738=VERTEX_POINT('',#7123);
#1739=VERTEX_POINT('',#7136);
#1740=VERTEX_POINT('',#7138);
#1741=VERTEX_POINT('',#7142);
#1742=VERTEX_POINT('',#7144);
#1743=VERTEX_POINT('',#7148);
#1744=VERTEX_POINT('',#7150);
#1745=VERTEX_POINT('',#7154);
#1746=VERTEX_POINT('',#7155);
#1747=VERTEX_POINT('',#7157);
#1748=VERTEX_POINT('',#7159);
#1749=VERTEX_POINT('',#7168);
#1750=VERTEX_POINT('',#7169);
#1751=VERTEX_POINT('',#7171);
#1752=VERTEX_POINT('',#7173);
#1753=VERTEX_POINT('',#7186);
#1754=VERTEX_POINT('',#7188);
#1755=VERTEX_POINT('',#7201);
#1756=VERTEX_POINT('',#7203);
#1757=VERTEX_POINT('',#7216);
#1758=VERTEX_POINT('',#7218);
#1759=VERTEX_POINT('',#7222);
#1760=VERTEX_POINT('',#7224);
#1761=VERTEX_POINT('',#7228);
#1762=VERTEX_POINT('',#7230);
#1763=VERTEX_POINT('',#7234);
#1764=VERTEX_POINT('',#7235);
#1765=VERTEX_POINT('',#7237);
#1766=VERTEX_POINT('',#7239);
#1767=VERTEX_POINT('',#7248);
#1768=VERTEX_POINT('',#7249);
#1769=VERTEX_POINT('',#7251);
#1770=VERTEX_POINT('',#7253);
#1771=VERTEX_POINT('',#7266);
#1772=VERTEX_POINT('',#7268);
#1773=VERTEX_POINT('',#7281);
#1774=VERTEX_POINT('',#7283);
#1775=VERTEX_POINT('',#7296);
#1776=VERTEX_POINT('',#7298);
#1777=VERTEX_POINT('',#7302);
#1778=VERTEX_POINT('',#7304);
#1779=VERTEX_POINT('',#7308);
#1780=VERTEX_POINT('',#7310);
#1781=VERTEX_POINT('',#7314);
#1782=VERTEX_POINT('',#7315);
#1783=VERTEX_POINT('',#7317);
#1784=VERTEX_POINT('',#7319);
#1785=VERTEX_POINT('',#7328);
#1786=VERTEX_POINT('',#7331);
#1787=VERTEX_POINT('',#7333);
#1788=VERTEX_POINT('',#7336);
#1789=VERTEX_POINT('',#7337);
#1790=VERTEX_POINT('',#7339);
#1791=VERTEX_POINT('',#7341);
#1792=VERTEX_POINT('',#7345);
#1793=VERTEX_POINT('',#7347);
#1794=VERTEX_POINT('',#7349);
#1795=VERTEX_POINT('',#7351);
#1796=VERTEX_POINT('',#7353);
#1797=VERTEX_POINT('',#7355);
#1798=VERTEX_POINT('',#7357);
#1799=VERTEX_POINT('',#7359);
#1800=VERTEX_POINT('',#7361);
#1801=VERTEX_POINT('',#7363);
#1802=VERTEX_POINT('',#7367);
#1803=VERTEX_POINT('',#7369);
#1804=VERTEX_POINT('',#7371);
#1805=VERTEX_POINT('',#7373);
#1806=VERTEX_POINT('',#7375);
#1807=VERTEX_POINT('',#7379);
#1808=VERTEX_POINT('',#7381);
#1809=VERTEX_POINT('',#7385);
#1810=VERTEX_POINT('',#7387);
#1811=VERTEX_POINT('',#7389);
#1812=VERTEX_POINT('',#7391);
#1813=VERTEX_POINT('',#7393);
#1814=VERTEX_POINT('',#7395);
#1815=VERTEX_POINT('',#7397);
#1816=VERTEX_POINT('',#7399);
#1817=VERTEX_POINT('',#7401);
#1818=VERTEX_POINT('',#7405);
#1819=VERTEX_POINT('',#7409);
#1820=VERTEX_POINT('',#7415);
#1821=VERTEX_POINT('',#7416);
#1822=VERTEX_POINT('',#7418);
#1823=VERTEX_POINT('',#7420);
#1824=VERTEX_POINT('',#7437);
#1825=VERTEX_POINT('',#7438);
#1826=VERTEX_POINT('',#7443);
#1827=VERTEX_POINT('',#7445);
#1828=VERTEX_POINT('',#7462);
#1829=VERTEX_POINT('',#7464);
#1830=VERTEX_POINT('',#7468);
#1831=VERTEX_POINT('',#7470);
#1832=VERTEX_POINT('',#7497);
#1833=VERTEX_POINT('',#7499);
#1834=VERTEX_POINT('',#7545);
#1835=VERTEX_POINT('',#7547);
#1836=VERTEX_POINT('',#7551);
#1837=VERTEX_POINT('',#7555);
#1838=VERTEX_POINT('',#7556);
#1839=VERTEX_POINT('',#7558);
#1840=VERTEX_POINT('',#7560);
#1841=VERTEX_POINT('',#7564);
#1842=VERTEX_POINT('',#7565);
#1843=VERTEX_POINT('',#7567);
#1844=VERTEX_POINT('',#7569);
#1845=VERTEX_POINT('',#7585);
#1846=VERTEX_POINT('',#7586);
#1847=VERTEX_POINT('',#7588);
#1848=VERTEX_POINT('',#7590);
#1849=VERTEX_POINT('',#7594);
#1850=VERTEX_POINT('',#7595);
#1851=VERTEX_POINT('',#7597);
#1852=VERTEX_POINT('',#7599);
#1853=VERTEX_POINT('',#7612);
#1854=VERTEX_POINT('',#7616);
#1855=VERTEX_POINT('',#7634);
#1856=VERTEX_POINT('',#7635);
#1857=VERTEX_POINT('',#7637);
#1858=VERTEX_POINT('',#7639);
#1859=VERTEX_POINT('',#7652);
#1860=VERTEX_POINT('',#7654);
#1861=VERTEX_POINT('',#7667);
#1862=VERTEX_POINT('',#7669);
#1863=VERTEX_POINT('',#7682);
#1864=VERTEX_POINT('',#7684);
#1865=VERTEX_POINT('',#7688);
#1866=VERTEX_POINT('',#7690);
#1867=VERTEX_POINT('',#7694);
#1868=VERTEX_POINT('',#7696);
#1869=VERTEX_POINT('',#7700);
#1870=VERTEX_POINT('',#7701);
#1871=VERTEX_POINT('',#7703);
#1872=VERTEX_POINT('',#7705);
#1873=VERTEX_POINT('',#7718);
#1874=VERTEX_POINT('',#7720);
#1875=VERTEX_POINT('',#7722);
#1876=VERTEX_POINT('',#7724);
#1877=VERTEX_POINT('',#7726);
#1878=VERTEX_POINT('',#7728);
#1879=VERTEX_POINT('',#7730);
#1880=VERTEX_POINT('',#7732);
#1881=VERTEX_POINT('',#7735);
#1882=VERTEX_POINT('',#7737);
#1883=VERTEX_POINT('',#7739);
#1884=VERTEX_POINT('',#7741);
#1885=VERTEX_POINT('',#7744);
#1886=VERTEX_POINT('',#7746);
#1887=VERTEX_POINT('',#7748);
#1888=VERTEX_POINT('',#7750);
#1889=VERTEX_POINT('',#7756);
#1890=VERTEX_POINT('',#7758);
#1891=VERTEX_POINT('',#7760);
#1892=VERTEX_POINT('',#7762);
#1893=VERTEX_POINT('',#7764);
#1894=VERTEX_POINT('',#7766);
#1895=VERTEX_POINT('',#7768);
#1896=VERTEX_POINT('',#7770);
#1897=VERTEX_POINT('',#7772);
#1898=VERTEX_POINT('',#7774);
#1899=VERTEX_POINT('',#7776);
#1900=VERTEX_POINT('',#7778);
#1901=VERTEX_POINT('',#7785);
#1902=VERTEX_POINT('',#7789);
#1903=VERTEX_POINT('',#7790);
#1904=VERTEX_POINT('',#7792);
#1905=VERTEX_POINT('',#7794);
#1906=VERTEX_POINT('',#7807);
#1907=VERTEX_POINT('',#7809);
#1908=VERTEX_POINT('',#7822);
#1909=VERTEX_POINT('',#7824);
#1910=VERTEX_POINT('',#7837);
#1911=VERTEX_POINT('',#7839);
#1912=VERTEX_POINT('',#7843);
#1913=VERTEX_POINT('',#7845);
#1914=VERTEX_POINT('',#7852);
#1915=VERTEX_POINT('',#7854);
#1916=VERTEX_POINT('',#7862);
#1917=VERTEX_POINT('',#7863);
#1918=VERTEX_POINT('',#7865);
#1919=VERTEX_POINT('',#7867);
#1920=VERTEX_POINT('',#7880);
#1921=VERTEX_POINT('',#7882);
#1922=VERTEX_POINT('',#7895);
#1923=VERTEX_POINT('',#7897);
#1924=VERTEX_POINT('',#7910);
#1925=VERTEX_POINT('',#7912);
#1926=VERTEX_POINT('',#7916);
#1927=VERTEX_POINT('',#7918);
#1928=VERTEX_POINT('',#7925);
#1929=VERTEX_POINT('',#7927);
#1930=VERTEX_POINT('',#7935);
#1931=VERTEX_POINT('',#7936);
#1932=VERTEX_POINT('',#7938);
#1933=VERTEX_POINT('',#7940);
#1934=VERTEX_POINT('',#7953);
#1935=VERTEX_POINT('',#7955);
#1936=VERTEX_POINT('',#7968);
#1937=VERTEX_POINT('',#7970);
#1938=VERTEX_POINT('',#7983);
#1939=VERTEX_POINT('',#7985);
#1940=VERTEX_POINT('',#7989);
#1941=VERTEX_POINT('',#7991);
#1942=VERTEX_POINT('',#7998);
#1943=VERTEX_POINT('',#8000);
#1944=VERTEX_POINT('',#8008);
#1945=VERTEX_POINT('',#8009);
#1946=VERTEX_POINT('',#8011);
#1947=VERTEX_POINT('',#8013);
#1948=VERTEX_POINT('',#8026);
#1949=VERTEX_POINT('',#8028);
#1950=VERTEX_POINT('',#8041);
#1951=VERTEX_POINT('',#8043);
#1952=VERTEX_POINT('',#8056);
#1953=VERTEX_POINT('',#8058);
#1954=VERTEX_POINT('',#8062);
#1955=VERTEX_POINT('',#8064);
#1956=VERTEX_POINT('',#8071);
#1957=VERTEX_POINT('',#8073);
#1958=VERTEX_POINT('',#8081);
#1959=VERTEX_POINT('',#8082);
#1960=VERTEX_POINT('',#8084);
#1961=VERTEX_POINT('',#8086);
#1962=VERTEX_POINT('',#8099);
#1963=VERTEX_POINT('',#8101);
#1964=VERTEX_POINT('',#8114);
#1965=VERTEX_POINT('',#8116);
#1966=VERTEX_POINT('',#8129);
#1967=VERTEX_POINT('',#8131);
#1968=VERTEX_POINT('',#8135);
#1969=VERTEX_POINT('',#8137);
#1970=VERTEX_POINT('',#8144);
#1971=VERTEX_POINT('',#8146);
#1972=VERTEX_POINT('',#8154);
#1973=VERTEX_POINT('',#8155);
#1974=VERTEX_POINT('',#8157);
#1975=VERTEX_POINT('',#8159);
#1976=VERTEX_POINT('',#8172);
#1977=VERTEX_POINT('',#8174);
#1978=VERTEX_POINT('',#8187);
#1979=VERTEX_POINT('',#8189);
#1980=VERTEX_POINT('',#8202);
#1981=VERTEX_POINT('',#8204);
#1982=VERTEX_POINT('',#8208);
#1983=VERTEX_POINT('',#8210);
#1984=VERTEX_POINT('',#8217);
#1985=VERTEX_POINT('',#8219);
#1986=VERTEX_POINT('',#8227);
#1987=VERTEX_POINT('',#8228);
#1988=VERTEX_POINT('',#8230);
#1989=VERTEX_POINT('',#8232);
#1990=VERTEX_POINT('',#8245);
#1991=VERTEX_POINT('',#8247);
#1992=VERTEX_POINT('',#8260);
#1993=VERTEX_POINT('',#8262);
#1994=VERTEX_POINT('',#8275);
#1995=VERTEX_POINT('',#8277);
#1996=VERTEX_POINT('',#8281);
#1997=VERTEX_POINT('',#8283);
#1998=VERTEX_POINT('',#8290);
#1999=VERTEX_POINT('',#8292);
#2000=EDGE_CURVE('',#1568,#1569,#1468,.T.);
#2001=EDGE_CURVE('',#1569,#1570,#1178,.T.);
#2002=EDGE_CURVE('',#1570,#1571,#1154,.T.);
#2003=EDGE_CURVE('',#1571,#1568,#1179,.T.);
#2004=EDGE_CURVE('',#1571,#1572,#116,.T.);
#2005=EDGE_CURVE('',#1573,#1572,#1180,.T.);
#2006=EDGE_CURVE('',#1568,#1573,#117,.T.);
#2007=EDGE_CURVE('',#1574,#1570,#1469,.T.);
#2008=EDGE_CURVE('',#1574,#1575,#118,.T.);
#2009=EDGE_CURVE('',#1572,#1575,#1470,.T.);
#2010=EDGE_CURVE('',#1576,#1573,#1471,.T.);
#2011=EDGE_CURVE('',#1577,#1576,#119,.T.);
#2012=EDGE_CURVE('',#1569,#1577,#1472,.T.);
#2013=EDGE_CURVE('',#1577,#1578,#1181,.T.);
#2014=EDGE_CURVE('',#1579,#1576,#1182,.T.);
#2015=EDGE_CURVE('',#1578,#1579,#120,.T.);
#2016=EDGE_CURVE('',#1578,#1580,#1183,.T.);
#2017=EDGE_CURVE('',#1581,#1579,#1184,.T.);
#2018=EDGE_CURVE('',#1580,#1581,#121,.T.);
#2019=EDGE_CURVE('',#1582,#1583,#1185,.T.);
#2020=EDGE_CURVE('',#1582,#1584,#122,.T.);
#2021=EDGE_CURVE('',#1585,#1584,#1186,.T.);
#2022=EDGE_CURVE('',#1583,#1585,#123,.T.);
#2023=EDGE_CURVE('',#1583,#1574,#1187,.T.);
#2024=EDGE_CURVE('',#1575,#1585,#1188,.T.);
#2025=EDGE_CURVE('',#1581,#1584,#1189,.T.);
#2026=EDGE_CURVE('',#1586,#1587,#1473,.T.);
#2027=EDGE_CURVE('',#1587,#1588,#1190,.T.);
#2028=EDGE_CURVE('',#1588,#1589,#1155,.T.);
#2029=EDGE_CURVE('',#1589,#1586,#1191,.T.);
#2030=EDGE_CURVE('',#1589,#1590,#124,.T.);
#2031=EDGE_CURVE('',#1591,#1590,#1192,.T.);
#2032=EDGE_CURVE('',#1586,#1591,#125,.T.);
#2033=EDGE_CURVE('',#1592,#1588,#1474,.T.);
#2034=EDGE_CURVE('',#1592,#1593,#126,.T.);
#2035=EDGE_CURVE('',#1590,#1593,#1475,.T.);
#2036=EDGE_CURVE('',#1594,#1591,#1476,.T.);
#2037=EDGE_CURVE('',#1595,#1594,#127,.T.);
#2038=EDGE_CURVE('',#1587,#1595,#1477,.T.);
#2039=EDGE_CURVE('',#1595,#1596,#1193,.T.);
#2040=EDGE_CURVE('',#1597,#1594,#1194,.T.);
#2041=EDGE_CURVE('',#1596,#1597,#128,.T.);
#2042=EDGE_CURVE('',#1596,#1598,#1195,.T.);
#2043=EDGE_CURVE('',#1599,#1597,#1196,.T.);
#2044=EDGE_CURVE('',#1598,#1599,#129,.T.);
#2045=EDGE_CURVE('',#1600,#1601,#1197,.T.);
#2046=EDGE_CURVE('',#1600,#1602,#130,.T.);
#2047=EDGE_CURVE('',#1603,#1602,#1198,.T.);
#2048=EDGE_CURVE('',#1601,#1603,#131,.T.);
#2049=EDGE_CURVE('',#1601,#1592,#1199,.T.);
#2050=EDGE_CURVE('',#1593,#1603,#1200,.T.);
#2051=EDGE_CURVE('',#1599,#1602,#1201,.T.);
#2052=EDGE_CURVE('',#1604,#1605,#1478,.T.);
#2053=EDGE_CURVE('',#1605,#1606,#1202,.T.);
#2054=EDGE_CURVE('',#1606,#1607,#1156,.T.);
#2055=EDGE_CURVE('',#1607,#1604,#1203,.T.);
#2056=EDGE_CURVE('',#1607,#1608,#132,.T.);
#2057=EDGE_CURVE('',#1609,#1608,#1204,.T.);
#2058=EDGE_CURVE('',#1604,#1609,#133,.T.);
#2059=EDGE_CURVE('',#1610,#1606,#1479,.T.);
#2060=EDGE_CURVE('',#1610,#1611,#134,.T.);
#2061=EDGE_CURVE('',#1608,#1611,#1480,.T.);
#2062=EDGE_CURVE('',#1612,#1609,#1481,.T.);
#2063=EDGE_CURVE('',#1613,#1612,#135,.T.);
#2064=EDGE_CURVE('',#1605,#1613,#1482,.T.);
#2065=EDGE_CURVE('',#1613,#1614,#1205,.T.);
#2066=EDGE_CURVE('',#1615,#1612,#1206,.T.);
#2067=EDGE_CURVE('',#1614,#1615,#136,.T.);
#2068=EDGE_CURVE('',#1614,#1616,#1207,.T.);
#2069=EDGE_CURVE('',#1617,#1615,#1208,.T.);
#2070=EDGE_CURVE('',#1616,#1617,#137,.T.);
#2071=EDGE_CURVE('',#1618,#1619,#1209,.T.);
#2072=EDGE_CURVE('',#1618,#1620,#138,.T.);
#2073=EDGE_CURVE('',#1621,#1620,#1210,.T.);
#2074=EDGE_CURVE('',#1619,#1621,#139,.T.);
#2075=EDGE_CURVE('',#1619,#1610,#1211,.T.);
#2076=EDGE_CURVE('',#1611,#1621,#1212,.T.);
#2077=EDGE_CURVE('',#1617,#1620,#1213,.T.);
#2078=EDGE_CURVE('',#1622,#1623,#1483,.T.);
#2079=EDGE_CURVE('',#1623,#1624,#1214,.T.);
#2080=EDGE_CURVE('',#1624,#1625,#1157,.T.);
#2081=EDGE_CURVE('',#1625,#1622,#1215,.T.);
#2082=EDGE_CURVE('',#1625,#1626,#140,.T.);
#2083=EDGE_CURVE('',#1627,#1626,#1216,.T.);
#2084=EDGE_CURVE('',#1622,#1627,#141,.T.);
#2085=EDGE_CURVE('',#1628,#1624,#1484,.T.);
#2086=EDGE_CURVE('',#1628,#1629,#142,.T.);
#2087=EDGE_CURVE('',#1626,#1629,#1485,.T.);
#2088=EDGE_CURVE('',#1630,#1627,#1486,.T.);
#2089=EDGE_CURVE('',#1631,#1630,#143,.T.);
#2090=EDGE_CURVE('',#1623,#1631,#1487,.T.);
#2091=EDGE_CURVE('',#1631,#1632,#1217,.T.);
#2092=EDGE_CURVE('',#1633,#1630,#1218,.T.);
#2093=EDGE_CURVE('',#1632,#1633,#144,.T.);
#2094=EDGE_CURVE('',#1632,#1634,#1219,.T.);
#2095=EDGE_CURVE('',#1635,#1633,#1220,.T.);
#2096=EDGE_CURVE('',#1634,#1635,#145,.T.);
#2097=EDGE_CURVE('',#1636,#1637,#1221,.T.);
#2098=EDGE_CURVE('',#1636,#1638,#146,.T.);
#2099=EDGE_CURVE('',#1639,#1638,#1222,.T.);
#2100=EDGE_CURVE('',#1637,#1639,#147,.T.);
#2101=EDGE_CURVE('',#1637,#1628,#1223,.T.);
#2102=EDGE_CURVE('',#1629,#1639,#1224,.T.);
#2103=EDGE_CURVE('',#1635,#1638,#1225,.T.);
#2104=EDGE_CURVE('',#1640,#1641,#1488,.T.);
#2105=EDGE_CURVE('',#1641,#1642,#1226,.T.);
#2106=EDGE_CURVE('',#1642,#1643,#1158,.T.);
#2107=EDGE_CURVE('',#1643,#1640,#1227,.T.);
#2108=EDGE_CURVE('',#1643,#1644,#148,.T.);
#2109=EDGE_CURVE('',#1645,#1644,#1228,.T.);
#2110=EDGE_CURVE('',#1640,#1645,#149,.T.);
#2111=EDGE_CURVE('',#1646,#1642,#1489,.T.);
#2112=EDGE_CURVE('',#1646,#1647,#150,.T.);
#2113=EDGE_CURVE('',#1644,#1647,#1490,.T.);
#2114=EDGE_CURVE('',#1648,#1645,#1491,.T.);
#2115=EDGE_CURVE('',#1649,#1648,#151,.T.);
#2116=EDGE_CURVE('',#1641,#1649,#1492,.T.);
#2117=EDGE_CURVE('',#1649,#1650,#1229,.T.);
#2118=EDGE_CURVE('',#1651,#1648,#1230,.T.);
#2119=EDGE_CURVE('',#1650,#1651,#152,.T.);
#2120=EDGE_CURVE('',#1650,#1652,#1231,.T.);
#2121=EDGE_CURVE('',#1653,#1651,#1232,.T.);
#2122=EDGE_CURVE('',#1652,#1653,#153,.T.);
#2123=EDGE_CURVE('',#1654,#1655,#1233,.T.);
#2124=EDGE_CURVE('',#1654,#1656,#154,.T.);
#2125=EDGE_CURVE('',#1657,#1656,#1234,.T.);
#2126=EDGE_CURVE('',#1655,#1657,#155,.T.);
#2127=EDGE_CURVE('',#1655,#1646,#1235,.T.);
#2128=EDGE_CURVE('',#1647,#1657,#1236,.T.);
#2129=EDGE_CURVE('',#1653,#1656,#1237,.T.);
#2130=EDGE_CURVE('',#1658,#1659,#1493,.T.);
#2131=EDGE_CURVE('',#1659,#1660,#1238,.T.);
#2132=EDGE_CURVE('',#1660,#1661,#1159,.T.);
#2133=EDGE_CURVE('',#1661,#1658,#1239,.T.);
#2134=EDGE_CURVE('',#1661,#1662,#156,.T.);
#2135=EDGE_CURVE('',#1663,#1662,#1240,.T.);
#2136=EDGE_CURVE('',#1658,#1663,#157,.T.);
#2137=EDGE_CURVE('',#1664,#1660,#1494,.T.);
#2138=EDGE_CURVE('',#1664,#1665,#158,.T.);
#2139=EDGE_CURVE('',#1662,#1665,#1495,.T.);
#2140=EDGE_CURVE('',#1666,#1663,#1496,.T.);
#2141=EDGE_CURVE('',#1667,#1666,#159,.T.);
#2142=EDGE_CURVE('',#1659,#1667,#1497,.T.);
#2143=EDGE_CURVE('',#1667,#1668,#1241,.T.);
#2144=EDGE_CURVE('',#1669,#1666,#1242,.T.);
#2145=EDGE_CURVE('',#1668,#1669,#160,.T.);
#2146=EDGE_CURVE('',#1668,#1670,#1243,.T.);
#2147=EDGE_CURVE('',#1671,#1669,#1244,.T.);
#2148=EDGE_CURVE('',#1670,#1671,#161,.T.);
#2149=EDGE_CURVE('',#1672,#1673,#1245,.T.);
#2150=EDGE_CURVE('',#1672,#1674,#162,.T.);
#2151=EDGE_CURVE('',#1675,#1674,#1246,.T.);
#2152=EDGE_CURVE('',#1673,#1675,#163,.T.);
#2153=EDGE_CURVE('',#1673,#1664,#1247,.T.);
#2154=EDGE_CURVE('',#1665,#1675,#1248,.T.);
#2155=EDGE_CURVE('',#1671,#1674,#1249,.T.);
#2156=EDGE_CURVE('',#1676,#1677,#1498,.T.);
#2157=EDGE_CURVE('',#1677,#1678,#1250,.T.);
#2158=EDGE_CURVE('',#1678,#1679,#1160,.T.);
#2159=EDGE_CURVE('',#1679,#1676,#1251,.T.);
#2160=EDGE_CURVE('',#1679,#1680,#164,.T.);
#2161=EDGE_CURVE('',#1681,#1680,#1252,.T.);
#2162=EDGE_CURVE('',#1676,#1681,#165,.T.);
#2163=EDGE_CURVE('',#1682,#1678,#1499,.T.);
#2164=EDGE_CURVE('',#1682,#1683,#166,.T.);
#2165=EDGE_CURVE('',#1680,#1683,#1500,.T.);
#2166=EDGE_CURVE('',#1684,#1681,#1501,.T.);
#2167=EDGE_CURVE('',#1685,#1684,#167,.T.);
#2168=EDGE_CURVE('',#1677,#1685,#1502,.T.);
#2169=EDGE_CURVE('',#1685,#1686,#1253,.T.);
#2170=EDGE_CURVE('',#1687,#1684,#1254,.T.);
#2171=EDGE_CURVE('',#1686,#1687,#168,.T.);
#2172=EDGE_CURVE('',#1686,#1688,#1255,.T.);
#2173=EDGE_CURVE('',#1689,#1687,#1256,.T.);
#2174=EDGE_CURVE('',#1688,#1689,#169,.T.);
#2175=EDGE_CURVE('',#1690,#1691,#1257,.T.);
#2176=EDGE_CURVE('',#1690,#1692,#170,.T.);
#2177=EDGE_CURVE('',#1693,#1692,#1258,.T.);
#2178=EDGE_CURVE('',#1691,#1693,#171,.T.);
#2179=EDGE_CURVE('',#1691,#1682,#1259,.T.);
#2180=EDGE_CURVE('',#1683,#1693,#1260,.T.);
#2181=EDGE_CURVE('',#1694,#1692,#1261,.T.);
#2182=EDGE_CURVE('',#1689,#1694,#1262,.T.);
#2183=EDGE_CURVE('',#1695,#1696,#1503,.T.);
#2184=EDGE_CURVE('',#1696,#1697,#1263,.T.);
#2185=EDGE_CURVE('',#1697,#1698,#1161,.T.);
#2186=EDGE_CURVE('',#1698,#1695,#1264,.T.);
#2187=EDGE_CURVE('',#1698,#1699,#172,.T.);
#2188=EDGE_CURVE('',#1700,#1699,#1265,.T.);
#2189=EDGE_CURVE('',#1695,#1700,#173,.T.);
#2190=EDGE_CURVE('',#1701,#1697,#1504,.T.);
#2191=EDGE_CURVE('',#1701,#1702,#174,.T.);
#2192=EDGE_CURVE('',#1699,#1702,#1505,.T.);
#2193=EDGE_CURVE('',#1703,#1700,#1506,.T.);
#2194=EDGE_CURVE('',#1704,#1703,#175,.T.);
#2195=EDGE_CURVE('',#1696,#1704,#1507,.T.);
#2196=EDGE_CURVE('',#1704,#1705,#1266,.T.);
#2197=EDGE_CURVE('',#1706,#1703,#1267,.T.);
#2198=EDGE_CURVE('',#1705,#1706,#176,.T.);
#2199=EDGE_CURVE('',#1705,#1707,#1268,.T.);
#2200=EDGE_CURVE('',#1708,#1706,#1269,.T.);
#2201=EDGE_CURVE('',#1707,#1708,#177,.T.);
#2202=EDGE_CURVE('',#1709,#1710,#1270,.T.);
#2203=EDGE_CURVE('',#1709,#1711,#178,.T.);
#2204=EDGE_CURVE('',#1712,#1711,#1271,.T.);
#2205=EDGE_CURVE('',#1710,#1712,#179,.T.);
#2206=EDGE_CURVE('',#1710,#1701,#1272,.T.);
#2207=EDGE_CURVE('',#1702,#1712,#1273,.T.);
#2208=EDGE_CURVE('',#1708,#1711,#1274,.T.);
#2209=EDGE_CURVE('',#1713,#1714,#1508,.T.);
#2210=EDGE_CURVE('',#1714,#1715,#1275,.T.);
#2211=EDGE_CURVE('',#1715,#1716,#1162,.T.);
#2212=EDGE_CURVE('',#1716,#1713,#1276,.T.);
#2213=EDGE_CURVE('',#1716,#1717,#180,.T.);
#2214=EDGE_CURVE('',#1718,#1717,#1277,.T.);
#2215=EDGE_CURVE('',#1713,#1718,#181,.T.);
#2216=EDGE_CURVE('',#1719,#1715,#1509,.T.);
#2217=EDGE_CURVE('',#1719,#1720,#182,.T.);
#2218=EDGE_CURVE('',#1717,#1720,#1510,.T.);
#2219=EDGE_CURVE('',#1721,#1718,#1511,.T.);
#2220=EDGE_CURVE('',#1722,#1721,#183,.T.);
#2221=EDGE_CURVE('',#1714,#1722,#1512,.T.);
#2222=EDGE_CURVE('',#1722,#1723,#1278,.T.);
#2223=EDGE_CURVE('',#1724,#1721,#1279,.T.);
#2224=EDGE_CURVE('',#1723,#1724,#184,.T.);
#2225=EDGE_CURVE('',#1723,#1725,#1280,.T.);
#2226=EDGE_CURVE('',#1726,#1724,#1281,.T.);
#2227=EDGE_CURVE('',#1725,#1726,#185,.T.);
#2228=EDGE_CURVE('',#1727,#1728,#1282,.T.);
#2229=EDGE_CURVE('',#1727,#1729,#186,.T.);
#2230=EDGE_CURVE('',#1730,#1729,#1283,.T.);
#2231=EDGE_CURVE('',#1728,#1730,#187,.T.);
#2232=EDGE_CURVE('',#1728,#1719,#1284,.T.);
#2233=EDGE_CURVE('',#1720,#1730,#1285,.T.);
#2234=EDGE_CURVE('',#1726,#1729,#1286,.T.);
#2235=EDGE_CURVE('',#1731,#1732,#1513,.T.);
#2236=EDGE_CURVE('',#1732,#1733,#1287,.T.);
#2237=EDGE_CURVE('',#1733,#1734,#1163,.T.);
#2238=EDGE_CURVE('',#1734,#1731,#1288,.T.);
#2239=EDGE_CURVE('',#1734,#1735,#188,.T.);
#2240=EDGE_CURVE('',#1736,#1735,#1289,.T.);
#2241=EDGE_CURVE('',#1731,#1736,#189,.T.);
#2242=EDGE_CURVE('',#1737,#1733,#1514,.T.);
#2243=EDGE_CURVE('',#1737,#1738,#190,.T.);
#2244=EDGE_CURVE('',#1735,#1738,#1515,.T.);
#2245=EDGE_CURVE('',#1739,#1736,#1516,.T.);
#2246=EDGE_CURVE('',#1740,#1739,#191,.T.);
#2247=EDGE_CURVE('',#1732,#1740,#1517,.T.);
#2248=EDGE_CURVE('',#1740,#1741,#1290,.T.);
#2249=EDGE_CURVE('',#1742,#1739,#1291,.T.);
#2250=EDGE_CURVE('',#1741,#1742,#192,.T.);
#2251=EDGE_CURVE('',#1741,#1743,#1292,.T.);
#2252=EDGE_CURVE('',#1744,#1742,#1293,.T.);
#2253=EDGE_CURVE('',#1743,#1744,#193,.T.);
#2254=EDGE_CURVE('',#1745,#1746,#1294,.T.);
#2255=EDGE_CURVE('',#1745,#1747,#194,.T.);
#2256=EDGE_CURVE('',#1748,#1747,#1295,.T.);
#2257=EDGE_CURVE('',#1746,#1748,#195,.T.);
#2258=EDGE_CURVE('',#1746,#1737,#1296,.T.);
#2259=EDGE_CURVE('',#1738,#1748,#1297,.T.);
#2260=EDGE_CURVE('',#1744,#1747,#1298,.T.);
#2261=EDGE_CURVE('',#1749,#1750,#1518,.T.);
#2262=EDGE_CURVE('',#1750,#1751,#1299,.T.);
#2263=EDGE_CURVE('',#1751,#1752,#1164,.T.);
#2264=EDGE_CURVE('',#1752,#1749,#1300,.T.);
#2265=EDGE_CURVE('',#1752,#1753,#196,.T.);
#2266=EDGE_CURVE('',#1754,#1753,#1301,.T.);
#2267=EDGE_CURVE('',#1749,#1754,#197,.T.);
#2268=EDGE_CURVE('',#1755,#1751,#1519,.T.);
#2269=EDGE_CURVE('',#1755,#1756,#198,.T.);
#2270=EDGE_CURVE('',#1753,#1756,#1520,.T.);
#2271=EDGE_CURVE('',#1757,#1754,#1521,.T.);
#2272=EDGE_CURVE('',#1758,#1757,#199,.T.);
#2273=EDGE_CURVE('',#1750,#1758,#1522,.T.);
#2274=EDGE_CURVE('',#1758,#1759,#1302,.T.);
#2275=EDGE_CURVE('',#1760,#1757,#1303,.T.);
#2276=EDGE_CURVE('',#1759,#1760,#200,.T.);
#2277=EDGE_CURVE('',#1759,#1761,#1304,.T.);
#2278=EDGE_CURVE('',#1762,#1760,#1305,.T.);
#2279=EDGE_CURVE('',#1761,#1762,#201,.T.);
#2280=EDGE_CURVE('',#1763,#1764,#1306,.T.);
#2281=EDGE_CURVE('',#1763,#1765,#202,.T.);
#2282=EDGE_CURVE('',#1766,#1765,#1307,.T.);
#2283=EDGE_CURVE('',#1764,#1766,#203,.T.);
#2284=EDGE_CURVE('',#1764,#1755,#1308,.T.);
#2285=EDGE_CURVE('',#1756,#1766,#1309,.T.);
#2286=EDGE_CURVE('',#1762,#1765,#1310,.T.);
#2287=EDGE_CURVE('',#1767,#1768,#1523,.T.);
#2288=EDGE_CURVE('',#1768,#1769,#1311,.T.);
#2289=EDGE_CURVE('',#1769,#1770,#1165,.T.);
#2290=EDGE_CURVE('',#1770,#1767,#1312,.T.);
#2291=EDGE_CURVE('',#1770,#1771,#204,.T.);
#2292=EDGE_CURVE('',#1772,#1771,#1313,.T.);
#2293=EDGE_CURVE('',#1767,#1772,#205,.T.);
#2294=EDGE_CURVE('',#1773,#1769,#1524,.T.);
#2295=EDGE_CURVE('',#1773,#1774,#206,.T.);
#2296=EDGE_CURVE('',#1771,#1774,#1525,.T.);
#2297=EDGE_CURVE('',#1775,#1772,#1526,.T.);
#2298=EDGE_CURVE('',#1776,#1775,#207,.T.);
#2299=EDGE_CURVE('',#1768,#1776,#1527,.T.);
#2300=EDGE_CURVE('',#1776,#1777,#1314,.T.);
#2301=EDGE_CURVE('',#1778,#1775,#1315,.T.);
#2302=EDGE_CURVE('',#1777,#1778,#208,.T.);
#2303=EDGE_CURVE('',#1777,#1779,#1316,.T.);
#2304=EDGE_CURVE('',#1780,#1778,#1317,.T.);
#2305=EDGE_CURVE('',#1779,#1780,#209,.T.);
#2306=EDGE_CURVE('',#1781,#1782,#1318,.T.);
#2307=EDGE_CURVE('',#1781,#1783,#210,.T.);
#2308=EDGE_CURVE('',#1784,#1783,#1319,.T.);
#2309=EDGE_CURVE('',#1782,#1784,#211,.T.);
#2310=EDGE_CURVE('',#1782,#1773,#1320,.T.);
#2311=EDGE_CURVE('',#1774,#1784,#1321,.T.);
#2312=EDGE_CURVE('',#1780,#1783,#1322,.T.);
#2313=EDGE_CURVE('',#1785,#1785,#1323,.T.);
#2314=EDGE_CURVE('',#1786,#1786,#1324,.T.);
#2315=EDGE_CURVE('',#1787,#1787,#1325,.T.);
#2316=EDGE_CURVE('',#1788,#1789,#1326,.T.);
#2317=EDGE_CURVE('',#1789,#1790,#212,.T.);
#2318=EDGE_CURVE('',#1790,#1791,#1327,.F.);
#2319=EDGE_CURVE('',#1791,#1788,#213,.T.);
#2320=EDGE_CURVE('',#1792,#1790,#214,.T.);
#2321=EDGE_CURVE('',#1789,#1793,#215,.T.);
#2322=EDGE_CURVE('',#1794,#1793,#216,.T.);
#2323=EDGE_CURVE('',#1795,#1794,#217,.T.);
#2324=EDGE_CURVE('',#1795,#1796,#218,.T.);
#2325=EDGE_CURVE('',#1796,#1797,#219,.T.);
#2326=EDGE_CURVE('',#1797,#1798,#220,.T.);
#2327=EDGE_CURVE('',#1798,#1799,#221,.T.);
#2328=EDGE_CURVE('',#1799,#1800,#222,.T.);
#2329=EDGE_CURVE('',#1800,#1801,#223,.T.);
#2330=EDGE_CURVE('',#1801,#1792,#224,.T.);
#2331=EDGE_CURVE('',#1802,#1788,#225,.T.);
#2332=EDGE_CURVE('',#1803,#1802,#1328,.T.);
#2333=EDGE_CURVE('',#1804,#1803,#226,.T.);
#2334=EDGE_CURVE('',#1805,#1804,#1329,.T.);
#2335=EDGE_CURVE('',#1805,#1806,#227,.T.);
#2336=EDGE_CURVE('',#1793,#1806,#1330,.T.);
#2337=EDGE_CURVE('',#1802,#1807,#228,.T.);
#2338=EDGE_CURVE('',#1807,#1808,#1331,.F.);
#2339=EDGE_CURVE('',#1808,#1803,#229,.T.);
#2340=EDGE_CURVE('',#1809,#1808,#230,.T.);
#2341=EDGE_CURVE('',#1809,#1810,#231,.T.);
#2342=EDGE_CURVE('',#1810,#1811,#232,.T.);
#2343=EDGE_CURVE('',#1811,#1812,#233,.T.);
#2344=EDGE_CURVE('',#1812,#1813,#234,.T.);
#2345=EDGE_CURVE('',#1813,#1814,#235,.T.);
#2346=EDGE_CURVE('',#1814,#1815,#236,.T.);
#2347=EDGE_CURVE('',#1815,#1816,#237,.T.);
#2348=EDGE_CURVE('',#1816,#1817,#238,.T.);
#2349=EDGE_CURVE('',#1804,#1817,#239,.T.);
#2350=EDGE_CURVE('',#1817,#1818,#1332,.F.);
#2351=EDGE_CURVE('',#1818,#1805,#240,.T.);
#2352=EDGE_CURVE('',#1818,#1819,#241,.T.);
#2353=EDGE_CURVE('',#1806,#1819,#242,.T.);
#2354=EDGE_CURVE('',#1819,#1794,#1333,.F.);
#2355=EDGE_CURVE('',#1820,#1821,#243,.T.);
#2356=EDGE_CURVE('',#1821,#1822,#1334,.T.);
#2357=EDGE_CURVE('',#1822,#1823,#244,.T.);
#2358=EDGE_CURVE('',#1823,#1820,#1166,.T.);
#2359=EDGE_CURVE('',#1824,#1825,#1335,.T.);
#2360=EDGE_CURVE('',#1825,#1822,#1336,.T.);
#2361=EDGE_CURVE('',#1821,#1824,#1337,.T.);
#2362=EDGE_CURVE('',#1826,#1825,#245,.T.);
#2363=EDGE_CURVE('',#1824,#1827,#246,.T.);
#2364=EDGE_CURVE('',#1827,#1826,#1167,.T.);
#2365=EDGE_CURVE('',#1823,#1828,#1338,.T.);
#2366=EDGE_CURVE('',#1828,#1829,#1339,.T.);
#2367=EDGE_CURVE('',#1829,#1820,#1340,.T.);
#2368=EDGE_CURVE('',#1827,#1830,#1341,.T.);
#2369=EDGE_CURVE('',#1830,#1831,#1342,.T.);
#2370=EDGE_CURVE('',#1831,#1826,#1343,.T.);
#2371=EDGE_CURVE('',#1828,#1832,#247,.T.);
#2372=EDGE_CURVE('',#1832,#1833,#248,.T.);
#2373=EDGE_CURVE('',#1833,#1829,#1168,.T.);
#2374=EDGE_CURVE('',#1830,#1833,#1169,.T.);
#2375=EDGE_CURVE('',#1833,#1831,#249,.T.);
#2376=EDGE_CURVE('',#1821,#1834,#250,.T.);
#2377=EDGE_CURVE('',#1835,#1834,#1344,.T.);
#2378=EDGE_CURVE('',#1824,#1835,#251,.T.);
#2379=EDGE_CURVE('',#1820,#1836,#252,.T.);
#2380=EDGE_CURVE('',#1834,#1836,#253,.T.);
#2381=EDGE_CURVE('',#1837,#1838,#254,.T.);
#2382=EDGE_CURVE('',#1839,#1837,#255,.T.);
#2383=EDGE_CURVE('',#1840,#1839,#256,.T.);
#2384=EDGE_CURVE('',#1838,#1840,#257,.T.);
#2385=EDGE_CURVE('',#1841,#1842,#258,.T.);
#2386=EDGE_CURVE('',#1843,#1841,#259,.T.);
#2387=EDGE_CURVE('',#1844,#1843,#260,.T.);
#2388=EDGE_CURVE('',#1842,#1844,#261,.T.);
#2389=EDGE_CURVE('',#1842,#1837,#1345,.T.);
#2390=EDGE_CURVE('',#1839,#1844,#1346,.T.);
#2391=EDGE_CURVE('',#1843,#1801,#262,.T.);
#2392=EDGE_CURVE('',#1811,#1800,#263,.T.);
#2393=EDGE_CURVE('',#1810,#1840,#264,.T.);
#2394=EDGE_CURVE('',#1838,#1809,#265,.T.);
#2395=EDGE_CURVE('',#1807,#1791,#266,.T.);
#2396=EDGE_CURVE('',#1792,#1841,#267,.T.);
#2397=EDGE_CURVE('',#1845,#1846,#268,.T.);
#2398=EDGE_CURVE('',#1847,#1845,#269,.T.);
#2399=EDGE_CURVE('',#1848,#1847,#270,.T.);
#2400=EDGE_CURVE('',#1846,#1848,#271,.T.);
#2401=EDGE_CURVE('',#1849,#1850,#272,.T.);
#2402=EDGE_CURVE('',#1851,#1849,#273,.T.);
#2403=EDGE_CURVE('',#1852,#1851,#274,.T.);
#2404=EDGE_CURVE('',#1850,#1852,#275,.T.);
#2405=EDGE_CURVE('',#1852,#1796,#276,.T.);
#2406=EDGE_CURVE('',#1850,#1795,#277,.T.);
#2407=EDGE_CURVE('',#1816,#1845,#278,.T.);
#2408=EDGE_CURVE('',#1815,#1847,#279,.T.);
#2409=EDGE_CURVE('',#1851,#1848,#1347,.T.);
#2410=EDGE_CURVE('',#1846,#1849,#1348,.T.);
#2411=EDGE_CURVE('',#1786,#1853,#280,.T.);
#2412=EDGE_CURVE('',#1853,#1853,#1349,.T.);
#2413=EDGE_CURVE('',#1854,#1835,#281,.T.);
#2414=EDGE_CURVE('',#1827,#1854,#282,.T.);
#2415=EDGE_CURVE('',#1836,#1854,#1350,.T.);
#2416=EDGE_CURVE('',#1831,#1799,#283,.T.);
#2417=EDGE_CURVE('',#1813,#1798,#284,.T.);
#2418=EDGE_CURVE('',#1812,#1828,#285,.T.);
#2419=EDGE_CURVE('',#1814,#1797,#286,.T.);
#2420=EDGE_CURVE('',#1855,#1856,#1528,.T.);
#2421=EDGE_CURVE('',#1856,#1857,#1351,.T.);
#2422=EDGE_CURVE('',#1857,#1858,#1170,.T.);
#2423=EDGE_CURVE('',#1858,#1855,#1352,.T.);
#2424=EDGE_CURVE('',#1858,#1859,#287,.T.);
#2425=EDGE_CURVE('',#1860,#1859,#1353,.T.);
#2426=EDGE_CURVE('',#1855,#1860,#288,.T.);
#2427=EDGE_CURVE('',#1861,#1857,#1529,.T.);
#2428=EDGE_CURVE('',#1861,#1862,#289,.T.);
#2429=EDGE_CURVE('',#1859,#1862,#1530,.T.);
#2430=EDGE_CURVE('',#1863,#1860,#1531,.T.);
#2431=EDGE_CURVE('',#1864,#1863,#290,.T.);
#2432=EDGE_CURVE('',#1856,#1864,#1532,.T.);
#2433=EDGE_CURVE('',#1864,#1865,#1354,.T.);
#2434=EDGE_CURVE('',#1866,#1863,#1355,.T.);
#2435=EDGE_CURVE('',#1865,#1866,#291,.T.);
#2436=EDGE_CURVE('',#1865,#1867,#1356,.T.);
#2437=EDGE_CURVE('',#1868,#1866,#1357,.T.);
#2438=EDGE_CURVE('',#1867,#1868,#292,.T.);
#2439=EDGE_CURVE('',#1869,#1870,#1358,.T.);
#2440=EDGE_CURVE('',#1869,#1871,#293,.T.);
#2441=EDGE_CURVE('',#1872,#1871,#1359,.T.);
#2442=EDGE_CURVE('',#1870,#1872,#294,.T.);
#2443=EDGE_CURVE('',#1870,#1861,#1360,.T.);
#2444=EDGE_CURVE('',#1862,#1872,#1361,.T.);
#2445=EDGE_CURVE('',#1868,#1871,#1362,.T.);
#2446=EDGE_CURVE('',#1688,#1582,#1363,.T.);
#2447=EDGE_CURVE('',#1694,#1787,#295,.T.);
#2448=EDGE_CURVE('',#1652,#1690,#1364,.T.);
#2449=EDGE_CURVE('',#1867,#1654,#1365,.T.);
#2450=EDGE_CURVE('',#1873,#1869,#1366,.T.);
#2451=EDGE_CURVE('',#1873,#1874,#296,.T.);
#2452=EDGE_CURVE('',#1875,#1874,#1367,.T.);
#2453=EDGE_CURVE('',#1876,#1875,#297,.T.);
#2454=EDGE_CURVE('',#1877,#1876,#1368,.T.);
#2455=EDGE_CURVE('',#1877,#1878,#298,.T.);
#2456=EDGE_CURVE('',#1879,#1878,#1369,.T.);
#2457=EDGE_CURVE('',#1880,#1879,#299,.T.);
#2458=EDGE_CURVE('',#1616,#1880,#1370,.T.);
#2459=EDGE_CURVE('',#1881,#1618,#1371,.T.);
#2460=EDGE_CURVE('',#1881,#1882,#300,.T.);
#2461=EDGE_CURVE('',#1883,#1882,#1372,.T.);
#2462=EDGE_CURVE('',#1884,#1883,#301,.T.);
#2463=EDGE_CURVE('',#1670,#1884,#1373,.T.);
#2464=EDGE_CURVE('',#1885,#1672,#1374,.T.);
#2465=EDGE_CURVE('',#1885,#1886,#302,.T.);
#2466=EDGE_CURVE('',#1887,#1886,#1375,.T.);
#2467=EDGE_CURVE('',#1888,#1887,#303,.T.);
#2468=EDGE_CURVE('',#1707,#1888,#1376,.T.);
#2469=EDGE_CURVE('',#1634,#1709,#1377,.T.);
#2470=EDGE_CURVE('',#1779,#1636,#1378,.T.);
#2471=EDGE_CURVE('',#1761,#1781,#1379,.T.);
#2472=EDGE_CURVE('',#1889,#1763,#1380,.T.);
#2473=EDGE_CURVE('',#1889,#1890,#304,.T.);
#2474=EDGE_CURVE('',#1891,#1890,#1381,.T.);
#2475=EDGE_CURVE('',#1892,#1891,#305,.T.);
#2476=EDGE_CURVE('',#1893,#1892,#1382,.T.);
#2477=EDGE_CURVE('',#1893,#1894,#306,.T.);
#2478=EDGE_CURVE('',#1895,#1894,#1383,.T.);
#2479=EDGE_CURVE('',#1896,#1895,#307,.T.);
#2480=EDGE_CURVE('',#1897,#1896,#1384,.T.);
#2481=EDGE_CURVE('',#1897,#1898,#308,.T.);
#2482=EDGE_CURVE('',#1899,#1898,#1385,.T.);
#2483=EDGE_CURVE('',#1900,#1899,#309,.T.);
#2484=EDGE_CURVE('',#1743,#1900,#1386,.T.);
#2485=EDGE_CURVE('',#1598,#1745,#1387,.T.);
#2486=EDGE_CURVE('',#1725,#1600,#1388,.T.);
#2487=EDGE_CURVE('',#1580,#1727,#1389,.T.);
#2488=EDGE_CURVE('',#1785,#1901,#310,.T.);
#2489=EDGE_CURVE('',#1901,#1901,#1390,.T.);
#2490=EDGE_CURVE('',#1902,#1903,#1533,.T.);
#2491=EDGE_CURVE('',#1903,#1904,#1391,.T.);
#2492=EDGE_CURVE('',#1904,#1905,#1171,.T.);
#2493=EDGE_CURVE('',#1905,#1902,#1392,.T.);
#2494=EDGE_CURVE('',#1905,#1906,#311,.T.);
#2495=EDGE_CURVE('',#1907,#1906,#1393,.T.);
#2496=EDGE_CURVE('',#1902,#1907,#312,.T.);
#2497=EDGE_CURVE('',#1908,#1904,#1534,.T.);
#2498=EDGE_CURVE('',#1908,#1909,#313,.T.);
#2499=EDGE_CURVE('',#1906,#1909,#1535,.T.);
#2500=EDGE_CURVE('',#1910,#1907,#1536,.T.);
#2501=EDGE_CURVE('',#1911,#1910,#314,.T.);
#2502=EDGE_CURVE('',#1903,#1911,#1537,.T.);
#2503=EDGE_CURVE('',#1911,#1912,#1394,.T.);
#2504=EDGE_CURVE('',#1913,#1910,#1395,.T.);
#2505=EDGE_CURVE('',#1912,#1913,#315,.T.);
#2506=EDGE_CURVE('',#1912,#1893,#1396,.T.);
#2507=EDGE_CURVE('',#1894,#1913,#1397,.T.);
#2508=EDGE_CURVE('',#1896,#1914,#1398,.T.);
#2509=EDGE_CURVE('',#1915,#1895,#1399,.T.);
#2510=EDGE_CURVE('',#1914,#1915,#316,.T.);
#2511=EDGE_CURVE('',#1914,#1908,#1400,.T.);
#2512=EDGE_CURVE('',#1909,#1915,#1401,.T.);
#2513=EDGE_CURVE('',#1916,#1917,#1538,.T.);
#2514=EDGE_CURVE('',#1917,#1918,#1402,.T.);
#2515=EDGE_CURVE('',#1918,#1919,#1172,.T.);
#2516=EDGE_CURVE('',#1919,#1916,#1403,.T.);
#2517=EDGE_CURVE('',#1919,#1920,#317,.T.);
#2518=EDGE_CURVE('',#1921,#1920,#1404,.T.);
#2519=EDGE_CURVE('',#1916,#1921,#318,.T.);
#2520=EDGE_CURVE('',#1922,#1918,#1539,.T.);
#2521=EDGE_CURVE('',#1922,#1923,#319,.T.);
#2522=EDGE_CURVE('',#1920,#1923,#1540,.T.);
#2523=EDGE_CURVE('',#1924,#1921,#1541,.T.);
#2524=EDGE_CURVE('',#1925,#1924,#320,.T.);
#2525=EDGE_CURVE('',#1917,#1925,#1542,.T.);
#2526=EDGE_CURVE('',#1925,#1926,#1405,.T.);
#2527=EDGE_CURVE('',#1927,#1924,#1406,.T.);
#2528=EDGE_CURVE('',#1926,#1927,#321,.T.);
#2529=EDGE_CURVE('',#1926,#1877,#1407,.T.);
#2530=EDGE_CURVE('',#1878,#1927,#1408,.T.);
#2531=EDGE_CURVE('',#1880,#1928,#1409,.T.);
#2532=EDGE_CURVE('',#1929,#1879,#1410,.T.);
#2533=EDGE_CURVE('',#1928,#1929,#322,.T.);
#2534=EDGE_CURVE('',#1928,#1922,#1411,.T.);
#2535=EDGE_CURVE('',#1923,#1929,#1412,.T.);
#2536=EDGE_CURVE('',#1930,#1931,#1543,.T.);
#2537=EDGE_CURVE('',#1931,#1932,#1413,.T.);
#2538=EDGE_CURVE('',#1932,#1933,#1173,.T.);
#2539=EDGE_CURVE('',#1933,#1930,#1414,.T.);
#2540=EDGE_CURVE('',#1933,#1934,#323,.T.);
#2541=EDGE_CURVE('',#1935,#1934,#1415,.T.);
#2542=EDGE_CURVE('',#1930,#1935,#324,.T.);
#2543=EDGE_CURVE('',#1936,#1932,#1544,.T.);
#2544=EDGE_CURVE('',#1936,#1937,#325,.T.);
#2545=EDGE_CURVE('',#1934,#1937,#1545,.T.);
#2546=EDGE_CURVE('',#1938,#1935,#1546,.T.);
#2547=EDGE_CURVE('',#1939,#1938,#326,.T.);
#2548=EDGE_CURVE('',#1931,#1939,#1547,.T.);
#2549=EDGE_CURVE('',#1939,#1940,#1416,.T.);
#2550=EDGE_CURVE('',#1941,#1938,#1417,.T.);
#2551=EDGE_CURVE('',#1940,#1941,#327,.T.);
#2552=EDGE_CURVE('',#1940,#1873,#1418,.T.);
#2553=EDGE_CURVE('',#1874,#1941,#1419,.T.);
#2554=EDGE_CURVE('',#1876,#1942,#1420,.T.);
#2555=EDGE_CURVE('',#1943,#1875,#1421,.T.);
#2556=EDGE_CURVE('',#1942,#1943,#328,.T.);
#2557=EDGE_CURVE('',#1942,#1936,#1422,.T.);
#2558=EDGE_CURVE('',#1937,#1943,#1423,.T.);
#2559=EDGE_CURVE('',#1944,#1945,#1548,.T.);
#2560=EDGE_CURVE('',#1945,#1946,#1424,.T.);
#2561=EDGE_CURVE('',#1946,#1947,#1174,.T.);
#2562=EDGE_CURVE('',#1947,#1944,#1425,.T.);
#2563=EDGE_CURVE('',#1947,#1948,#329,.T.);
#2564=EDGE_CURVE('',#1949,#1948,#1426,.T.);
#2565=EDGE_CURVE('',#1944,#1949,#330,.T.);
#2566=EDGE_CURVE('',#1950,#1946,#1549,.T.);
#2567=EDGE_CURVE('',#1950,#1951,#331,.T.);
#2568=EDGE_CURVE('',#1948,#1951,#1550,.T.);
#2569=EDGE_CURVE('',#1952,#1949,#1551,.T.);
#2570=EDGE_CURVE('',#1953,#1952,#332,.T.);
#2571=EDGE_CURVE('',#1945,#1953,#1552,.T.);
#2572=EDGE_CURVE('',#1953,#1954,#1427,.T.);
#2573=EDGE_CURVE('',#1955,#1952,#1428,.T.);
#2574=EDGE_CURVE('',#1954,#1955,#333,.T.);
#2575=EDGE_CURVE('',#1954,#1889,#1429,.T.);
#2576=EDGE_CURVE('',#1890,#1955,#1430,.T.);
#2577=EDGE_CURVE('',#1892,#1956,#1431,.T.);
#2578=EDGE_CURVE('',#1957,#1891,#1432,.T.);
#2579=EDGE_CURVE('',#1956,#1957,#334,.T.);
#2580=EDGE_CURVE('',#1956,#1950,#1433,.T.);
#2581=EDGE_CURVE('',#1951,#1957,#1434,.T.);
#2582=EDGE_CURVE('',#1958,#1959,#1553,.T.);
#2583=EDGE_CURVE('',#1959,#1960,#1435,.T.);
#2584=EDGE_CURVE('',#1960,#1961,#1175,.T.);
#2585=EDGE_CURVE('',#1961,#1958,#1436,.T.);
#2586=EDGE_CURVE('',#1961,#1962,#335,.T.);
#2587=EDGE_CURVE('',#1963,#1962,#1437,.T.);
#2588=EDGE_CURVE('',#1958,#1963,#336,.T.);
#2589=EDGE_CURVE('',#1964,#1960,#1554,.T.);
#2590=EDGE_CURVE('',#1964,#1965,#337,.T.);
#2591=EDGE_CURVE('',#1962,#1965,#1555,.T.);
#2592=EDGE_CURVE('',#1966,#1963,#1556,.T.);
#2593=EDGE_CURVE('',#1967,#1966,#338,.T.);
#2594=EDGE_CURVE('',#1959,#1967,#1557,.T.);
#2595=EDGE_CURVE('',#1967,#1968,#1438,.T.);
#2596=EDGE_CURVE('',#1969,#1966,#1439,.T.);
#2597=EDGE_CURVE('',#1968,#1969,#339,.T.);
#2598=EDGE_CURVE('',#1968,#1897,#1440,.T.);
#2599=EDGE_CURVE('',#1898,#1969,#1441,.T.);
#2600=EDGE_CURVE('',#1900,#1970,#1442,.T.);
#2601=EDGE_CURVE('',#1971,#1899,#1443,.T.);
#2602=EDGE_CURVE('',#1970,#1971,#340,.T.);
#2603=EDGE_CURVE('',#1970,#1964,#1444,.T.);
#2604=EDGE_CURVE('',#1965,#1971,#1445,.T.);
#2605=EDGE_CURVE('',#1972,#1973,#1558,.T.);
#2606=EDGE_CURVE('',#1973,#1974,#1446,.T.);
#2607=EDGE_CURVE('',#1974,#1975,#1176,.T.);
#2608=EDGE_CURVE('',#1975,#1972,#1447,.T.);
#2609=EDGE_CURVE('',#1975,#1976,#341,.T.);
#2610=EDGE_CURVE('',#1977,#1976,#1448,.T.);
#2611=EDGE_CURVE('',#1972,#1977,#342,.T.);
#2612=EDGE_CURVE('',#1978,#1974,#1559,.T.);
#2613=EDGE_CURVE('',#1978,#1979,#343,.T.);
#2614=EDGE_CURVE('',#1976,#1979,#1560,.T.);
#2615=EDGE_CURVE('',#1980,#1977,#1561,.T.);
#2616=EDGE_CURVE('',#1981,#1980,#344,.T.);
#2617=EDGE_CURVE('',#1973,#1981,#1562,.T.);
#2618=EDGE_CURVE('',#1981,#1982,#1449,.T.);
#2619=EDGE_CURVE('',#1983,#1980,#1450,.T.);
#2620=EDGE_CURVE('',#1982,#1983,#345,.T.);
#2621=EDGE_CURVE('',#1982,#1885,#1451,.T.);
#2622=EDGE_CURVE('',#1886,#1983,#1452,.T.);
#2623=EDGE_CURVE('',#1888,#1984,#1453,.T.);
#2624=EDGE_CURVE('',#1985,#1887,#1454,.T.);
#2625=EDGE_CURVE('',#1984,#1985,#346,.T.);
#2626=EDGE_CURVE('',#1984,#1978,#1455,.T.);
#2627=EDGE_CURVE('',#1979,#1985,#1456,.T.);
#2628=EDGE_CURVE('',#1986,#1987,#1563,.T.);
#2629=EDGE_CURVE('',#1987,#1988,#1457,.T.);
#2630=EDGE_CURVE('',#1988,#1989,#1177,.T.);
#2631=EDGE_CURVE('',#1989,#1986,#1458,.T.);
#2632=EDGE_CURVE('',#1989,#1990,#347,.T.);
#2633=EDGE_CURVE('',#1991,#1990,#1459,.T.);
#2634=EDGE_CURVE('',#1986,#1991,#348,.T.);
#2635=EDGE_CURVE('',#1992,#1988,#1564,.T.);
#2636=EDGE_CURVE('',#1992,#1993,#349,.T.);
#2637=EDGE_CURVE('',#1990,#1993,#1565,.T.);
#2638=EDGE_CURVE('',#1994,#1991,#1566,.T.);
#2639=EDGE_CURVE('',#1995,#1994,#350,.T.);
#2640=EDGE_CURVE('',#1987,#1995,#1567,.T.);
#2641=EDGE_CURVE('',#1995,#1996,#1460,.T.);
#2642=EDGE_CURVE('',#1997,#1994,#1461,.T.);
#2643=EDGE_CURVE('',#1996,#1997,#351,.T.);
#2644=EDGE_CURVE('',#1996,#1881,#1462,.T.);
#2645=EDGE_CURVE('',#1882,#1997,#1463,.T.);
#2646=EDGE_CURVE('',#1884,#1998,#1464,.T.);
#2647=EDGE_CURVE('',#1999,#1883,#1465,.T.);
#2648=EDGE_CURVE('',#1998,#1999,#352,.T.);
#2649=EDGE_CURVE('',#1998,#1992,#1466,.T.);
#2650=EDGE_CURVE('',#1993,#1999,#1467,.T.);
#2651=ORIENTED_EDGE('',*,*,#2000,.T.);
#2652=ORIENTED_EDGE('',*,*,#2001,.T.);
#2653=ORIENTED_EDGE('',*,*,#2002,.T.);
#2654=ORIENTED_EDGE('',*,*,#2003,.T.);
#2655=ORIENTED_EDGE('',*,*,#2003,.F.);
#2656=ORIENTED_EDGE('',*,*,#2004,.T.);
#2657=ORIENTED_EDGE('',*,*,#2005,.F.);
#2658=ORIENTED_EDGE('',*,*,#2006,.F.);
#2659=ORIENTED_EDGE('',*,*,#2002,.F.);
#2660=ORIENTED_EDGE('',*,*,#2007,.F.);
#2661=ORIENTED_EDGE('',*,*,#2008,.T.);
#2662=ORIENTED_EDGE('',*,*,#2009,.F.);
#2663=ORIENTED_EDGE('',*,*,#2004,.F.);
#2664=ORIENTED_EDGE('',*,*,#2000,.F.);
#2665=ORIENTED_EDGE('',*,*,#2006,.T.);
#2666=ORIENTED_EDGE('',*,*,#2010,.F.);
#2667=ORIENTED_EDGE('',*,*,#2011,.F.);
#2668=ORIENTED_EDGE('',*,*,#2012,.F.);
#2669=ORIENTED_EDGE('',*,*,#2013,.F.);
#2670=ORIENTED_EDGE('',*,*,#2011,.T.);
#2671=ORIENTED_EDGE('',*,*,#2014,.F.);
#2672=ORIENTED_EDGE('',*,*,#2015,.F.);
#2673=ORIENTED_EDGE('',*,*,#2016,.F.);
#2674=ORIENTED_EDGE('',*,*,#2015,.T.);
#2675=ORIENTED_EDGE('',*,*,#2017,.F.);
#2676=ORIENTED_EDGE('',*,*,#2018,.F.);
#2677=ORIENTED_EDGE('',*,*,#2019,.F.);
#2678=ORIENTED_EDGE('',*,*,#2020,.T.);
#2679=ORIENTED_EDGE('',*,*,#2021,.F.);
#2680=ORIENTED_EDGE('',*,*,#2022,.F.);
#2681=ORIENTED_EDGE('',*,*,#2023,.F.);
#2682=ORIENTED_EDGE('',*,*,#2022,.T.);
#2683=ORIENTED_EDGE('',*,*,#2024,.F.);
#2684=ORIENTED_EDGE('',*,*,#2008,.F.);
#2685=ORIENTED_EDGE('',*,*,#2005,.T.);
#2686=ORIENTED_EDGE('',*,*,#2009,.T.);
#2687=ORIENTED_EDGE('',*,*,#2024,.T.);
#2688=ORIENTED_EDGE('',*,*,#2021,.T.);
#2689=ORIENTED_EDGE('',*,*,#2025,.F.);
#2690=ORIENTED_EDGE('',*,*,#2017,.T.);
#2691=ORIENTED_EDGE('',*,*,#2014,.T.);
#2692=ORIENTED_EDGE('',*,*,#2010,.T.);
#2693=ORIENTED_EDGE('',*,*,#2026,.T.);
#2694=ORIENTED_EDGE('',*,*,#2027,.T.);
#2695=ORIENTED_EDGE('',*,*,#2028,.T.);
#2696=ORIENTED_EDGE('',*,*,#2029,.T.);
#2697=ORIENTED_EDGE('',*,*,#2029,.F.);
#2698=ORIENTED_EDGE('',*,*,#2030,.T.);
#2699=ORIENTED_EDGE('',*,*,#2031,.F.);
#2700=ORIENTED_EDGE('',*,*,#2032,.F.);
#2701=ORIENTED_EDGE('',*,*,#2028,.F.);
#2702=ORIENTED_EDGE('',*,*,#2033,.F.);
#2703=ORIENTED_EDGE('',*,*,#2034,.T.);
#2704=ORIENTED_EDGE('',*,*,#2035,.F.);
#2705=ORIENTED_EDGE('',*,*,#2030,.F.);
#2706=ORIENTED_EDGE('',*,*,#2026,.F.);
#2707=ORIENTED_EDGE('',*,*,#2032,.T.);
#2708=ORIENTED_EDGE('',*,*,#2036,.F.);
#2709=ORIENTED_EDGE('',*,*,#2037,.F.);
#2710=ORIENTED_EDGE('',*,*,#2038,.F.);
#2711=ORIENTED_EDGE('',*,*,#2039,.F.);
#2712=ORIENTED_EDGE('',*,*,#2037,.T.);
#2713=ORIENTED_EDGE('',*,*,#2040,.F.);
#2714=ORIENTED_EDGE('',*,*,#2041,.F.);
#2715=ORIENTED_EDGE('',*,*,#2042,.F.);
#2716=ORIENTED_EDGE('',*,*,#2041,.T.);
#2717=ORIENTED_EDGE('',*,*,#2043,.F.);
#2718=ORIENTED_EDGE('',*,*,#2044,.F.);
#2719=ORIENTED_EDGE('',*,*,#2045,.F.);
#2720=ORIENTED_EDGE('',*,*,#2046,.T.);
#2721=ORIENTED_EDGE('',*,*,#2047,.F.);
#2722=ORIENTED_EDGE('',*,*,#2048,.F.);
#2723=ORIENTED_EDGE('',*,*,#2049,.F.);
#2724=ORIENTED_EDGE('',*,*,#2048,.T.);
#2725=ORIENTED_EDGE('',*,*,#2050,.F.);
#2726=ORIENTED_EDGE('',*,*,#2034,.F.);
#2727=ORIENTED_EDGE('',*,*,#2031,.T.);
#2728=ORIENTED_EDGE('',*,*,#2035,.T.);
#2729=ORIENTED_EDGE('',*,*,#2050,.T.);
#2730=ORIENTED_EDGE('',*,*,#2047,.T.);
#2731=ORIENTED_EDGE('',*,*,#2051,.F.);
#2732=ORIENTED_EDGE('',*,*,#2043,.T.);
#2733=ORIENTED_EDGE('',*,*,#2040,.T.);
#2734=ORIENTED_EDGE('',*,*,#2036,.T.);
#2735=ORIENTED_EDGE('',*,*,#2052,.T.);
#2736=ORIENTED_EDGE('',*,*,#2053,.T.);
#2737=ORIENTED_EDGE('',*,*,#2054,.T.);
#2738=ORIENTED_EDGE('',*,*,#2055,.T.);
#2739=ORIENTED_EDGE('',*,*,#2055,.F.);
#2740=ORIENTED_EDGE('',*,*,#2056,.T.);
#2741=ORIENTED_EDGE('',*,*,#2057,.F.);
#2742=ORIENTED_EDGE('',*,*,#2058,.F.);
#2743=ORIENTED_EDGE('',*,*,#2054,.F.);
#2744=ORIENTED_EDGE('',*,*,#2059,.F.);
#2745=ORIENTED_EDGE('',*,*,#2060,.T.);
#2746=ORIENTED_EDGE('',*,*,#2061,.F.);
#2747=ORIENTED_EDGE('',*,*,#2056,.F.);
#2748=ORIENTED_EDGE('',*,*,#2052,.F.);
#2749=ORIENTED_EDGE('',*,*,#2058,.T.);
#2750=ORIENTED_EDGE('',*,*,#2062,.F.);
#2751=ORIENTED_EDGE('',*,*,#2063,.F.);
#2752=ORIENTED_EDGE('',*,*,#2064,.F.);
#2753=ORIENTED_EDGE('',*,*,#2065,.F.);
#2754=ORIENTED_EDGE('',*,*,#2063,.T.);
#2755=ORIENTED_EDGE('',*,*,#2066,.F.);
#2756=ORIENTED_EDGE('',*,*,#2067,.F.);
#2757=ORIENTED_EDGE('',*,*,#2068,.F.);
#2758=ORIENTED_EDGE('',*,*,#2067,.T.);
#2759=ORIENTED_EDGE('',*,*,#2069,.F.);
#2760=ORIENTED_EDGE('',*,*,#2070,.F.);
#2761=ORIENTED_EDGE('',*,*,#2071,.F.);
#2762=ORIENTED_EDGE('',*,*,#2072,.T.);
#2763=ORIENTED_EDGE('',*,*,#2073,.F.);
#2764=ORIENTED_EDGE('',*,*,#2074,.F.);
#2765=ORIENTED_EDGE('',*,*,#2075,.F.);
#2766=ORIENTED_EDGE('',*,*,#2074,.T.);
#2767=ORIENTED_EDGE('',*,*,#2076,.F.);
#2768=ORIENTED_EDGE('',*,*,#2060,.F.);
#2769=ORIENTED_EDGE('',*,*,#2057,.T.);
#2770=ORIENTED_EDGE('',*,*,#2061,.T.);
#2771=ORIENTED_EDGE('',*,*,#2076,.T.);
#2772=ORIENTED_EDGE('',*,*,#2073,.T.);
#2773=ORIENTED_EDGE('',*,*,#2077,.F.);
#2774=ORIENTED_EDGE('',*,*,#2069,.T.);
#2775=ORIENTED_EDGE('',*,*,#2066,.T.);
#2776=ORIENTED_EDGE('',*,*,#2062,.T.);
#2777=ORIENTED_EDGE('',*,*,#2078,.T.);
#2778=ORIENTED_EDGE('',*,*,#2079,.T.);
#2779=ORIENTED_EDGE('',*,*,#2080,.T.);
#2780=ORIENTED_EDGE('',*,*,#2081,.T.);
#2781=ORIENTED_EDGE('',*,*,#2081,.F.);
#2782=ORIENTED_EDGE('',*,*,#2082,.T.);
#2783=ORIENTED_EDGE('',*,*,#2083,.F.);
#2784=ORIENTED_EDGE('',*,*,#2084,.F.);
#2785=ORIENTED_EDGE('',*,*,#2080,.F.);
#2786=ORIENTED_EDGE('',*,*,#2085,.F.);
#2787=ORIENTED_EDGE('',*,*,#2086,.T.);
#2788=ORIENTED_EDGE('',*,*,#2087,.F.);
#2789=ORIENTED_EDGE('',*,*,#2082,.F.);
#2790=ORIENTED_EDGE('',*,*,#2078,.F.);
#2791=ORIENTED_EDGE('',*,*,#2084,.T.);
#2792=ORIENTED_EDGE('',*,*,#2088,.F.);
#2793=ORIENTED_EDGE('',*,*,#2089,.F.);
#2794=ORIENTED_EDGE('',*,*,#2090,.F.);
#2795=ORIENTED_EDGE('',*,*,#2091,.F.);
#2796=ORIENTED_EDGE('',*,*,#2089,.T.);
#2797=ORIENTED_EDGE('',*,*,#2092,.F.);
#2798=ORIENTED_EDGE('',*,*,#2093,.F.);
#2799=ORIENTED_EDGE('',*,*,#2094,.F.);
#2800=ORIENTED_EDGE('',*,*,#2093,.T.);
#2801=ORIENTED_EDGE('',*,*,#2095,.F.);
#2802=ORIENTED_EDGE('',*,*,#2096,.F.);
#2803=ORIENTED_EDGE('',*,*,#2097,.F.);
#2804=ORIENTED_EDGE('',*,*,#2098,.T.);
#2805=ORIENTED_EDGE('',*,*,#2099,.F.);
#2806=ORIENTED_EDGE('',*,*,#2100,.F.);
#2807=ORIENTED_EDGE('',*,*,#2101,.F.);
#2808=ORIENTED_EDGE('',*,*,#2100,.T.);
#2809=ORIENTED_EDGE('',*,*,#2102,.F.);
#2810=ORIENTED_EDGE('',*,*,#2086,.F.);
#2811=ORIENTED_EDGE('',*,*,#2083,.T.);
#2812=ORIENTED_EDGE('',*,*,#2087,.T.);
#2813=ORIENTED_EDGE('',*,*,#2102,.T.);
#2814=ORIENTED_EDGE('',*,*,#2099,.T.);
#2815=ORIENTED_EDGE('',*,*,#2103,.F.);
#2816=ORIENTED_EDGE('',*,*,#2095,.T.);
#2817=ORIENTED_EDGE('',*,*,#2092,.T.);
#2818=ORIENTED_EDGE('',*,*,#2088,.T.);
#2819=ORIENTED_EDGE('',*,*,#2104,.T.);
#2820=ORIENTED_EDGE('',*,*,#2105,.T.);
#2821=ORIENTED_EDGE('',*,*,#2106,.T.);
#2822=ORIENTED_EDGE('',*,*,#2107,.T.);
#2823=ORIENTED_EDGE('',*,*,#2107,.F.);
#2824=ORIENTED_EDGE('',*,*,#2108,.T.);
#2825=ORIENTED_EDGE('',*,*,#2109,.F.);
#2826=ORIENTED_EDGE('',*,*,#2110,.F.);
#2827=ORIENTED_EDGE('',*,*,#2106,.F.);
#2828=ORIENTED_EDGE('',*,*,#2111,.F.);
#2829=ORIENTED_EDGE('',*,*,#2112,.T.);
#2830=ORIENTED_EDGE('',*,*,#2113,.F.);
#2831=ORIENTED_EDGE('',*,*,#2108,.F.);
#2832=ORIENTED_EDGE('',*,*,#2104,.F.);
#2833=ORIENTED_EDGE('',*,*,#2110,.T.);
#2834=ORIENTED_EDGE('',*,*,#2114,.F.);
#2835=ORIENTED_EDGE('',*,*,#2115,.F.);
#2836=ORIENTED_EDGE('',*,*,#2116,.F.);
#2837=ORIENTED_EDGE('',*,*,#2117,.F.);
#2838=ORIENTED_EDGE('',*,*,#2115,.T.);
#2839=ORIENTED_EDGE('',*,*,#2118,.F.);
#2840=ORIENTED_EDGE('',*,*,#2119,.F.);
#2841=ORIENTED_EDGE('',*,*,#2120,.F.);
#2842=ORIENTED_EDGE('',*,*,#2119,.T.);
#2843=ORIENTED_EDGE('',*,*,#2121,.F.);
#2844=ORIENTED_EDGE('',*,*,#2122,.F.);
#2845=ORIENTED_EDGE('',*,*,#2123,.F.);
#2846=ORIENTED_EDGE('',*,*,#2124,.T.);
#2847=ORIENTED_EDGE('',*,*,#2125,.F.);
#2848=ORIENTED_EDGE('',*,*,#2126,.F.);
#2849=ORIENTED_EDGE('',*,*,#2127,.F.);
#2850=ORIENTED_EDGE('',*,*,#2126,.T.);
#2851=ORIENTED_EDGE('',*,*,#2128,.F.);
#2852=ORIENTED_EDGE('',*,*,#2112,.F.);
#2853=ORIENTED_EDGE('',*,*,#2109,.T.);
#2854=ORIENTED_EDGE('',*,*,#2113,.T.);
#2855=ORIENTED_EDGE('',*,*,#2128,.T.);
#2856=ORIENTED_EDGE('',*,*,#2125,.T.);
#2857=ORIENTED_EDGE('',*,*,#2129,.F.);
#2858=ORIENTED_EDGE('',*,*,#2121,.T.);
#2859=ORIENTED_EDGE('',*,*,#2118,.T.);
#2860=ORIENTED_EDGE('',*,*,#2114,.T.);
#2861=ORIENTED_EDGE('',*,*,#2130,.T.);
#2862=ORIENTED_EDGE('',*,*,#2131,.T.);
#2863=ORIENTED_EDGE('',*,*,#2132,.T.);
#2864=ORIENTED_EDGE('',*,*,#2133,.T.);
#2865=ORIENTED_EDGE('',*,*,#2133,.F.);
#2866=ORIENTED_EDGE('',*,*,#2134,.T.);
#2867=ORIENTED_EDGE('',*,*,#2135,.F.);
#2868=ORIENTED_EDGE('',*,*,#2136,.F.);
#2869=ORIENTED_EDGE('',*,*,#2132,.F.);
#2870=ORIENTED_EDGE('',*,*,#2137,.F.);
#2871=ORIENTED_EDGE('',*,*,#2138,.T.);
#2872=ORIENTED_EDGE('',*,*,#2139,.F.);
#2873=ORIENTED_EDGE('',*,*,#2134,.F.);
#2874=ORIENTED_EDGE('',*,*,#2130,.F.);
#2875=ORIENTED_EDGE('',*,*,#2136,.T.);
#2876=ORIENTED_EDGE('',*,*,#2140,.F.);
#2877=ORIENTED_EDGE('',*,*,#2141,.F.);
#2878=ORIENTED_EDGE('',*,*,#2142,.F.);
#2879=ORIENTED_EDGE('',*,*,#2143,.F.);
#2880=ORIENTED_EDGE('',*,*,#2141,.T.);
#2881=ORIENTED_EDGE('',*,*,#2144,.F.);
#2882=ORIENTED_EDGE('',*,*,#2145,.F.);
#2883=ORIENTED_EDGE('',*,*,#2146,.F.);
#2884=ORIENTED_EDGE('',*,*,#2145,.T.);
#2885=ORIENTED_EDGE('',*,*,#2147,.F.);
#2886=ORIENTED_EDGE('',*,*,#2148,.F.);
#2887=ORIENTED_EDGE('',*,*,#2149,.F.);
#2888=ORIENTED_EDGE('',*,*,#2150,.T.);
#2889=ORIENTED_EDGE('',*,*,#2151,.F.);
#2890=ORIENTED_EDGE('',*,*,#2152,.F.);
#2891=ORIENTED_EDGE('',*,*,#2153,.F.);
#2892=ORIENTED_EDGE('',*,*,#2152,.T.);
#2893=ORIENTED_EDGE('',*,*,#2154,.F.);
#2894=ORIENTED_EDGE('',*,*,#2138,.F.);
#2895=ORIENTED_EDGE('',*,*,#2135,.T.);
#2896=ORIENTED_EDGE('',*,*,#2139,.T.);
#2897=ORIENTED_EDGE('',*,*,#2154,.T.);
#2898=ORIENTED_EDGE('',*,*,#2151,.T.);
#2899=ORIENTED_EDGE('',*,*,#2155,.F.);
#2900=ORIENTED_EDGE('',*,*,#2147,.T.);
#2901=ORIENTED_EDGE('',*,*,#2144,.T.);
#2902=ORIENTED_EDGE('',*,*,#2140,.T.);
#2903=ORIENTED_EDGE('',*,*,#2156,.T.);
#2904=ORIENTED_EDGE('',*,*,#2157,.T.);
#2905=ORIENTED_EDGE('',*,*,#2158,.T.);
#2906=ORIENTED_EDGE('',*,*,#2159,.T.);
#2907=ORIENTED_EDGE('',*,*,#2159,.F.);
#2908=ORIENTED_EDGE('',*,*,#2160,.T.);
#2909=ORIENTED_EDGE('',*,*,#2161,.F.);
#2910=ORIENTED_EDGE('',*,*,#2162,.F.);
#2911=ORIENTED_EDGE('',*,*,#2158,.F.);
#2912=ORIENTED_EDGE('',*,*,#2163,.F.);
#2913=ORIENTED_EDGE('',*,*,#2164,.T.);
#2914=ORIENTED_EDGE('',*,*,#2165,.F.);
#2915=ORIENTED_EDGE('',*,*,#2160,.F.);
#2916=ORIENTED_EDGE('',*,*,#2156,.F.);
#2917=ORIENTED_EDGE('',*,*,#2162,.T.);
#2918=ORIENTED_EDGE('',*,*,#2166,.F.);
#2919=ORIENTED_EDGE('',*,*,#2167,.F.);
#2920=ORIENTED_EDGE('',*,*,#2168,.F.);
#2921=ORIENTED_EDGE('',*,*,#2169,.F.);
#2922=ORIENTED_EDGE('',*,*,#2167,.T.);
#2923=ORIENTED_EDGE('',*,*,#2170,.F.);
#2924=ORIENTED_EDGE('',*,*,#2171,.F.);
#2925=ORIENTED_EDGE('',*,*,#2172,.F.);
#2926=ORIENTED_EDGE('',*,*,#2171,.T.);
#2927=ORIENTED_EDGE('',*,*,#2173,.F.);
#2928=ORIENTED_EDGE('',*,*,#2174,.F.);
#2929=ORIENTED_EDGE('',*,*,#2175,.F.);
#2930=ORIENTED_EDGE('',*,*,#2176,.T.);
#2931=ORIENTED_EDGE('',*,*,#2177,.F.);
#2932=ORIENTED_EDGE('',*,*,#2178,.F.);
#2933=ORIENTED_EDGE('',*,*,#2179,.F.);
#2934=ORIENTED_EDGE('',*,*,#2178,.T.);
#2935=ORIENTED_EDGE('',*,*,#2180,.F.);
#2936=ORIENTED_EDGE('',*,*,#2164,.F.);
#2937=ORIENTED_EDGE('',*,*,#2161,.T.);
#2938=ORIENTED_EDGE('',*,*,#2165,.T.);
#2939=ORIENTED_EDGE('',*,*,#2180,.T.);
#2940=ORIENTED_EDGE('',*,*,#2177,.T.);
#2941=ORIENTED_EDGE('',*,*,#2181,.F.);
#2942=ORIENTED_EDGE('',*,*,#2182,.F.);
#2943=ORIENTED_EDGE('',*,*,#2173,.T.);
#2944=ORIENTED_EDGE('',*,*,#2170,.T.);
#2945=ORIENTED_EDGE('',*,*,#2166,.T.);
#2946=ORIENTED_EDGE('',*,*,#2183,.T.);
#2947=ORIENTED_EDGE('',*,*,#2184,.T.);
#2948=ORIENTED_EDGE('',*,*,#2185,.T.);
#2949=ORIENTED_EDGE('',*,*,#2186,.T.);
#2950=ORIENTED_EDGE('',*,*,#2186,.F.);
#2951=ORIENTED_EDGE('',*,*,#2187,.T.);
#2952=ORIENTED_EDGE('',*,*,#2188,.F.);
#2953=ORIENTED_EDGE('',*,*,#2189,.F.);
#2954=ORIENTED_EDGE('',*,*,#2185,.F.);
#2955=ORIENTED_EDGE('',*,*,#2190,.F.);
#2956=ORIENTED_EDGE('',*,*,#2191,.T.);
#2957=ORIENTED_EDGE('',*,*,#2192,.F.);
#2958=ORIENTED_EDGE('',*,*,#2187,.F.);
#2959=ORIENTED_EDGE('',*,*,#2183,.F.);
#2960=ORIENTED_EDGE('',*,*,#2189,.T.);
#2961=ORIENTED_EDGE('',*,*,#2193,.F.);
#2962=ORIENTED_EDGE('',*,*,#2194,.F.);
#2963=ORIENTED_EDGE('',*,*,#2195,.F.);
#2964=ORIENTED_EDGE('',*,*,#2196,.F.);
#2965=ORIENTED_EDGE('',*,*,#2194,.T.);
#2966=ORIENTED_EDGE('',*,*,#2197,.F.);
#2967=ORIENTED_EDGE('',*,*,#2198,.F.);
#2968=ORIENTED_EDGE('',*,*,#2199,.F.);
#2969=ORIENTED_EDGE('',*,*,#2198,.T.);
#2970=ORIENTED_EDGE('',*,*,#2200,.F.);
#2971=ORIENTED_EDGE('',*,*,#2201,.F.);
#2972=ORIENTED_EDGE('',*,*,#2202,.F.);
#2973=ORIENTED_EDGE('',*,*,#2203,.T.);
#2974=ORIENTED_EDGE('',*,*,#2204,.F.);
#2975=ORIENTED_EDGE('',*,*,#2205,.F.);
#2976=ORIENTED_EDGE('',*,*,#2206,.F.);
#2977=ORIENTED_EDGE('',*,*,#2205,.T.);
#2978=ORIENTED_EDGE('',*,*,#2207,.F.);
#2979=ORIENTED_EDGE('',*,*,#2191,.F.);
#2980=ORIENTED_EDGE('',*,*,#2188,.T.);
#2981=ORIENTED_EDGE('',*,*,#2192,.T.);
#2982=ORIENTED_EDGE('',*,*,#2207,.T.);
#2983=ORIENTED_EDGE('',*,*,#2204,.T.);
#2984=ORIENTED_EDGE('',*,*,#2208,.F.);
#2985=ORIENTED_EDGE('',*,*,#2200,.T.);
#2986=ORIENTED_EDGE('',*,*,#2197,.T.);
#2987=ORIENTED_EDGE('',*,*,#2193,.T.);
#2988=ORIENTED_EDGE('',*,*,#2209,.T.);
#2989=ORIENTED_EDGE('',*,*,#2210,.T.);
#2990=ORIENTED_EDGE('',*,*,#2211,.T.);
#2991=ORIENTED_EDGE('',*,*,#2212,.T.);
#2992=ORIENTED_EDGE('',*,*,#2212,.F.);
#2993=ORIENTED_EDGE('',*,*,#2213,.T.);
#2994=ORIENTED_EDGE('',*,*,#2214,.F.);
#2995=ORIENTED_EDGE('',*,*,#2215,.F.);
#2996=ORIENTED_EDGE('',*,*,#2211,.F.);
#2997=ORIENTED_EDGE('',*,*,#2216,.F.);
#2998=ORIENTED_EDGE('',*,*,#2217,.T.);
#2999=ORIENTED_EDGE('',*,*,#2218,.F.);
#3000=ORIENTED_EDGE('',*,*,#2213,.F.);
#3001=ORIENTED_EDGE('',*,*,#2209,.F.);
#3002=ORIENTED_EDGE('',*,*,#2215,.T.);
#3003=ORIENTED_EDGE('',*,*,#2219,.F.);
#3004=ORIENTED_EDGE('',*,*,#2220,.F.);
#3005=ORIENTED_EDGE('',*,*,#2221,.F.);
#3006=ORIENTED_EDGE('',*,*,#2222,.F.);
#3007=ORIENTED_EDGE('',*,*,#2220,.T.);
#3008=ORIENTED_EDGE('',*,*,#2223,.F.);
#3009=ORIENTED_EDGE('',*,*,#2224,.F.);
#3010=ORIENTED_EDGE('',*,*,#2225,.F.);
#3011=ORIENTED_EDGE('',*,*,#2224,.T.);
#3012=ORIENTED_EDGE('',*,*,#2226,.F.);
#3013=ORIENTED_EDGE('',*,*,#2227,.F.);
#3014=ORIENTED_EDGE('',*,*,#2228,.F.);
#3015=ORIENTED_EDGE('',*,*,#2229,.T.);
#3016=ORIENTED_EDGE('',*,*,#2230,.F.);
#3017=ORIENTED_EDGE('',*,*,#2231,.F.);
#3018=ORIENTED_EDGE('',*,*,#2232,.F.);
#3019=ORIENTED_EDGE('',*,*,#2231,.T.);
#3020=ORIENTED_EDGE('',*,*,#2233,.F.);
#3021=ORIENTED_EDGE('',*,*,#2217,.F.);
#3022=ORIENTED_EDGE('',*,*,#2214,.T.);
#3023=ORIENTED_EDGE('',*,*,#2218,.T.);
#3024=ORIENTED_EDGE('',*,*,#2233,.T.);
#3025=ORIENTED_EDGE('',*,*,#2230,.T.);
#3026=ORIENTED_EDGE('',*,*,#2234,.F.);
#3027=ORIENTED_EDGE('',*,*,#2226,.T.);
#3028=ORIENTED_EDGE('',*,*,#2223,.T.);
#3029=ORIENTED_EDGE('',*,*,#2219,.T.);
#3030=ORIENTED_EDGE('',*,*,#2235,.T.);
#3031=ORIENTED_EDGE('',*,*,#2236,.T.);
#3032=ORIENTED_EDGE('',*,*,#2237,.T.);
#3033=ORIENTED_EDGE('',*,*,#2238,.T.);
#3034=ORIENTED_EDGE('',*,*,#2238,.F.);
#3035=ORIENTED_EDGE('',*,*,#2239,.T.);
#3036=ORIENTED_EDGE('',*,*,#2240,.F.);
#3037=ORIENTED_EDGE('',*,*,#2241,.F.);
#3038=ORIENTED_EDGE('',*,*,#2237,.F.);
#3039=ORIENTED_EDGE('',*,*,#2242,.F.);
#3040=ORIENTED_EDGE('',*,*,#2243,.T.);
#3041=ORIENTED_EDGE('',*,*,#2244,.F.);
#3042=ORIENTED_EDGE('',*,*,#2239,.F.);
#3043=ORIENTED_EDGE('',*,*,#2235,.F.);
#3044=ORIENTED_EDGE('',*,*,#2241,.T.);
#3045=ORIENTED_EDGE('',*,*,#2245,.F.);
#3046=ORIENTED_EDGE('',*,*,#2246,.F.);
#3047=ORIENTED_EDGE('',*,*,#2247,.F.);
#3048=ORIENTED_EDGE('',*,*,#2248,.F.);
#3049=ORIENTED_EDGE('',*,*,#2246,.T.);
#3050=ORIENTED_EDGE('',*,*,#2249,.F.);
#3051=ORIENTED_EDGE('',*,*,#2250,.F.);
#3052=ORIENTED_EDGE('',*,*,#2251,.F.);
#3053=ORIENTED_EDGE('',*,*,#2250,.T.);
#3054=ORIENTED_EDGE('',*,*,#2252,.F.);
#3055=ORIENTED_EDGE('',*,*,#2253,.F.);
#3056=ORIENTED_EDGE('',*,*,#2254,.F.);
#3057=ORIENTED_EDGE('',*,*,#2255,.T.);
#3058=ORIENTED_EDGE('',*,*,#2256,.F.);
#3059=ORIENTED_EDGE('',*,*,#2257,.F.);
#3060=ORIENTED_EDGE('',*,*,#2258,.F.);
#3061=ORIENTED_EDGE('',*,*,#2257,.T.);
#3062=ORIENTED_EDGE('',*,*,#2259,.F.);
#3063=ORIENTED_EDGE('',*,*,#2243,.F.);
#3064=ORIENTED_EDGE('',*,*,#2240,.T.);
#3065=ORIENTED_EDGE('',*,*,#2244,.T.);
#3066=ORIENTED_EDGE('',*,*,#2259,.T.);
#3067=ORIENTED_EDGE('',*,*,#2256,.T.);
#3068=ORIENTED_EDGE('',*,*,#2260,.F.);
#3069=ORIENTED_EDGE('',*,*,#2252,.T.);
#3070=ORIENTED_EDGE('',*,*,#2249,.T.);
#3071=ORIENTED_EDGE('',*,*,#2245,.T.);
#3072=ORIENTED_EDGE('',*,*,#2261,.T.);
#3073=ORIENTED_EDGE('',*,*,#2262,.T.);
#3074=ORIENTED_EDGE('',*,*,#2263,.T.);
#3075=ORIENTED_EDGE('',*,*,#2264,.T.);
#3076=ORIENTED_EDGE('',*,*,#2264,.F.);
#3077=ORIENTED_EDGE('',*,*,#2265,.T.);
#3078=ORIENTED_EDGE('',*,*,#2266,.F.);
#3079=ORIENTED_EDGE('',*,*,#2267,.F.);
#3080=ORIENTED_EDGE('',*,*,#2263,.F.);
#3081=ORIENTED_EDGE('',*,*,#2268,.F.);
#3082=ORIENTED_EDGE('',*,*,#2269,.T.);
#3083=ORIENTED_EDGE('',*,*,#2270,.F.);
#3084=ORIENTED_EDGE('',*,*,#2265,.F.);
#3085=ORIENTED_EDGE('',*,*,#2261,.F.);
#3086=ORIENTED_EDGE('',*,*,#2267,.T.);
#3087=ORIENTED_EDGE('',*,*,#2271,.F.);
#3088=ORIENTED_EDGE('',*,*,#2272,.F.);
#3089=ORIENTED_EDGE('',*,*,#2273,.F.);
#3090=ORIENTED_EDGE('',*,*,#2274,.F.);
#3091=ORIENTED_EDGE('',*,*,#2272,.T.);
#3092=ORIENTED_EDGE('',*,*,#2275,.F.);
#3093=ORIENTED_EDGE('',*,*,#2276,.F.);
#3094=ORIENTED_EDGE('',*,*,#2277,.F.);
#3095=ORIENTED_EDGE('',*,*,#2276,.T.);
#3096=ORIENTED_EDGE('',*,*,#2278,.F.);
#3097=ORIENTED_EDGE('',*,*,#2279,.F.);
#3098=ORIENTED_EDGE('',*,*,#2280,.F.);
#3099=ORIENTED_EDGE('',*,*,#2281,.T.);
#3100=ORIENTED_EDGE('',*,*,#2282,.F.);
#3101=ORIENTED_EDGE('',*,*,#2283,.F.);
#3102=ORIENTED_EDGE('',*,*,#2284,.F.);
#3103=ORIENTED_EDGE('',*,*,#2283,.T.);
#3104=ORIENTED_EDGE('',*,*,#2285,.F.);
#3105=ORIENTED_EDGE('',*,*,#2269,.F.);
#3106=ORIENTED_EDGE('',*,*,#2266,.T.);
#3107=ORIENTED_EDGE('',*,*,#2270,.T.);
#3108=ORIENTED_EDGE('',*,*,#2285,.T.);
#3109=ORIENTED_EDGE('',*,*,#2282,.T.);
#3110=ORIENTED_EDGE('',*,*,#2286,.F.);
#3111=ORIENTED_EDGE('',*,*,#2278,.T.);
#3112=ORIENTED_EDGE('',*,*,#2275,.T.);
#3113=ORIENTED_EDGE('',*,*,#2271,.T.);
#3114=ORIENTED_EDGE('',*,*,#2287,.T.);
#3115=ORIENTED_EDGE('',*,*,#2288,.T.);
#3116=ORIENTED_EDGE('',*,*,#2289,.T.);
#3117=ORIENTED_EDGE('',*,*,#2290,.T.);
#3118=ORIENTED_EDGE('',*,*,#2290,.F.);
#3119=ORIENTED_EDGE('',*,*,#2291,.T.);
#3120=ORIENTED_EDGE('',*,*,#2292,.F.);
#3121=ORIENTED_EDGE('',*,*,#2293,.F.);
#3122=ORIENTED_EDGE('',*,*,#2289,.F.);
#3123=ORIENTED_EDGE('',*,*,#2294,.F.);
#3124=ORIENTED_EDGE('',*,*,#2295,.T.);
#3125=ORIENTED_EDGE('',*,*,#2296,.F.);
#3126=ORIENTED_EDGE('',*,*,#2291,.F.);
#3127=ORIENTED_EDGE('',*,*,#2287,.F.);
#3128=ORIENTED_EDGE('',*,*,#2293,.T.);
#3129=ORIENTED_EDGE('',*,*,#2297,.F.);
#3130=ORIENTED_EDGE('',*,*,#2298,.F.);
#3131=ORIENTED_EDGE('',*,*,#2299,.F.);
#3132=ORIENTED_EDGE('',*,*,#2300,.F.);
#3133=ORIENTED_EDGE('',*,*,#2298,.T.);
#3134=ORIENTED_EDGE('',*,*,#2301,.F.);
#3135=ORIENTED_EDGE('',*,*,#2302,.F.);
#3136=ORIENTED_EDGE('',*,*,#2303,.F.);
#3137=ORIENTED_EDGE('',*,*,#2302,.T.);
#3138=ORIENTED_EDGE('',*,*,#2304,.F.);
#3139=ORIENTED_EDGE('',*,*,#2305,.F.);
#3140=ORIENTED_EDGE('',*,*,#2306,.F.);
#3141=ORIENTED_EDGE('',*,*,#2307,.T.);
#3142=ORIENTED_EDGE('',*,*,#2308,.F.);
#3143=ORIENTED_EDGE('',*,*,#2309,.F.);
#3144=ORIENTED_EDGE('',*,*,#2310,.F.);
#3145=ORIENTED_EDGE('',*,*,#2309,.T.);
#3146=ORIENTED_EDGE('',*,*,#2311,.F.);
#3147=ORIENTED_EDGE('',*,*,#2295,.F.);
#3148=ORIENTED_EDGE('',*,*,#2292,.T.);
#3149=ORIENTED_EDGE('',*,*,#2296,.T.);
#3150=ORIENTED_EDGE('',*,*,#2311,.T.);
#3151=ORIENTED_EDGE('',*,*,#2308,.T.);
#3152=ORIENTED_EDGE('',*,*,#2312,.F.);
#3153=ORIENTED_EDGE('',*,*,#2304,.T.);
#3154=ORIENTED_EDGE('',*,*,#2301,.T.);
#3155=ORIENTED_EDGE('',*,*,#2297,.T.);
#3156=ORIENTED_EDGE('',*,*,#2313,.T.);
#3157=ORIENTED_EDGE('',*,*,#2314,.T.);
#3158=ORIENTED_EDGE('',*,*,#2315,.F.);
#3159=ORIENTED_EDGE('',*,*,#2316,.T.);
#3160=ORIENTED_EDGE('',*,*,#2317,.T.);
#3161=ORIENTED_EDGE('',*,*,#2318,.T.);
#3162=ORIENTED_EDGE('',*,*,#2319,.T.);
#3163=ORIENTED_EDGE('',*,*,#2320,.T.);
#3164=ORIENTED_EDGE('',*,*,#2317,.F.);
#3165=ORIENTED_EDGE('',*,*,#2321,.T.);
#3166=ORIENTED_EDGE('',*,*,#2322,.F.);
#3167=ORIENTED_EDGE('',*,*,#2323,.F.);
#3168=ORIENTED_EDGE('',*,*,#2324,.T.);
#3169=ORIENTED_EDGE('',*,*,#2325,.T.);
#3170=ORIENTED_EDGE('',*,*,#2326,.T.);
#3171=ORIENTED_EDGE('',*,*,#2327,.T.);
#3172=ORIENTED_EDGE('',*,*,#2328,.T.);
#3173=ORIENTED_EDGE('',*,*,#2329,.T.);
#3174=ORIENTED_EDGE('',*,*,#2330,.T.);
#3175=ORIENTED_EDGE('',*,*,#2316,.F.);
#3176=ORIENTED_EDGE('',*,*,#2331,.F.);
#3177=ORIENTED_EDGE('',*,*,#2332,.F.);
#3178=ORIENTED_EDGE('',*,*,#2333,.F.);
#3179=ORIENTED_EDGE('',*,*,#2334,.F.);
#3180=ORIENTED_EDGE('',*,*,#2335,.T.);
#3181=ORIENTED_EDGE('',*,*,#2336,.F.);
#3182=ORIENTED_EDGE('',*,*,#2321,.F.);
#3183=ORIENTED_EDGE('',*,*,#2332,.T.);
#3184=ORIENTED_EDGE('',*,*,#2337,.T.);
#3185=ORIENTED_EDGE('',*,*,#2338,.T.);
#3186=ORIENTED_EDGE('',*,*,#2339,.T.);
#3187=ORIENTED_EDGE('',*,*,#2339,.F.);
#3188=ORIENTED_EDGE('',*,*,#2340,.F.);
#3189=ORIENTED_EDGE('',*,*,#2341,.T.);
#3190=ORIENTED_EDGE('',*,*,#2342,.T.);
#3191=ORIENTED_EDGE('',*,*,#2343,.T.);
#3192=ORIENTED_EDGE('',*,*,#2344,.T.);
#3193=ORIENTED_EDGE('',*,*,#2345,.T.);
#3194=ORIENTED_EDGE('',*,*,#2346,.T.);
#3195=ORIENTED_EDGE('',*,*,#2347,.T.);
#3196=ORIENTED_EDGE('',*,*,#2348,.T.);
#3197=ORIENTED_EDGE('',*,*,#2349,.F.);
#3198=ORIENTED_EDGE('',*,*,#2333,.T.);
#3199=ORIENTED_EDGE('',*,*,#2334,.T.);
#3200=ORIENTED_EDGE('',*,*,#2349,.T.);
#3201=ORIENTED_EDGE('',*,*,#2350,.T.);
#3202=ORIENTED_EDGE('',*,*,#2351,.T.);
#3203=ORIENTED_EDGE('',*,*,#2351,.F.);
#3204=ORIENTED_EDGE('',*,*,#2352,.T.);
#3205=ORIENTED_EDGE('',*,*,#2353,.F.);
#3206=ORIENTED_EDGE('',*,*,#2335,.F.);
#3207=ORIENTED_EDGE('',*,*,#2336,.T.);
#3208=ORIENTED_EDGE('',*,*,#2353,.T.);
#3209=ORIENTED_EDGE('',*,*,#2354,.T.);
#3210=ORIENTED_EDGE('',*,*,#2322,.T.);
#3211=ORIENTED_EDGE('',*,*,#2355,.T.);
#3212=ORIENTED_EDGE('',*,*,#2356,.T.);
#3213=ORIENTED_EDGE('',*,*,#2357,.T.);
#3214=ORIENTED_EDGE('',*,*,#2358,.T.);
#3215=ORIENTED_EDGE('',*,*,#2359,.T.);
#3216=ORIENTED_EDGE('',*,*,#2360,.T.);
#3217=ORIENTED_EDGE('',*,*,#2356,.F.);
#3218=ORIENTED_EDGE('',*,*,#2361,.T.);
#3219=ORIENTED_EDGE('',*,*,#2362,.T.);
#3220=ORIENTED_EDGE('',*,*,#2359,.F.);
#3221=ORIENTED_EDGE('',*,*,#2363,.T.);
#3222=ORIENTED_EDGE('',*,*,#2364,.T.);
#3223=ORIENTED_EDGE('',*,*,#2365,.T.);
#3224=ORIENTED_EDGE('',*,*,#2366,.T.);
#3225=ORIENTED_EDGE('',*,*,#2367,.T.);
#3226=ORIENTED_EDGE('',*,*,#2358,.F.);
#3227=ORIENTED_EDGE('',*,*,#2368,.T.);
#3228=ORIENTED_EDGE('',*,*,#2369,.T.);
#3229=ORIENTED_EDGE('',*,*,#2370,.T.);
#3230=ORIENTED_EDGE('',*,*,#2364,.F.);
#3231=ORIENTED_EDGE('',*,*,#2366,.F.);
#3232=ORIENTED_EDGE('',*,*,#2371,.T.);
#3233=ORIENTED_EDGE('',*,*,#2372,.T.);
#3234=ORIENTED_EDGE('',*,*,#2373,.T.);
#3235=ORIENTED_EDGE('',*,*,#2369,.F.);
#3236=ORIENTED_EDGE('',*,*,#2374,.T.);
#3237=ORIENTED_EDGE('',*,*,#2375,.T.);
#3238=ORIENTED_EDGE('',*,*,#2361,.F.);
#3239=ORIENTED_EDGE('',*,*,#2376,.T.);
#3240=ORIENTED_EDGE('',*,*,#2377,.F.);
#3241=ORIENTED_EDGE('',*,*,#2378,.F.);
#3242=ORIENTED_EDGE('',*,*,#2355,.F.);
#3243=ORIENTED_EDGE('',*,*,#2379,.T.);
#3244=ORIENTED_EDGE('',*,*,#2380,.F.);
#3245=ORIENTED_EDGE('',*,*,#2376,.F.);
#3246=ORIENTED_EDGE('',*,*,#2381,.F.);
#3247=ORIENTED_EDGE('',*,*,#2382,.F.);
#3248=ORIENTED_EDGE('',*,*,#2383,.F.);
#3249=ORIENTED_EDGE('',*,*,#2384,.F.);
#3250=ORIENTED_EDGE('',*,*,#2385,.F.);
#3251=ORIENTED_EDGE('',*,*,#2386,.F.);
#3252=ORIENTED_EDGE('',*,*,#2387,.F.);
#3253=ORIENTED_EDGE('',*,*,#2388,.F.);
#3254=ORIENTED_EDGE('',*,*,#2389,.F.);
#3255=ORIENTED_EDGE('',*,*,#2388,.T.);
#3256=ORIENTED_EDGE('',*,*,#2390,.F.);
#3257=ORIENTED_EDGE('',*,*,#2382,.T.);
#3258=ORIENTED_EDGE('',*,*,#2383,.T.);
#3259=ORIENTED_EDGE('',*,*,#2390,.T.);
#3260=ORIENTED_EDGE('',*,*,#2387,.T.);
#3261=ORIENTED_EDGE('',*,*,#2391,.T.);
#3262=ORIENTED_EDGE('',*,*,#2329,.F.);
#3263=ORIENTED_EDGE('',*,*,#2392,.F.);
#3264=ORIENTED_EDGE('',*,*,#2342,.F.);
#3265=ORIENTED_EDGE('',*,*,#2393,.T.);
#3266=ORIENTED_EDGE('',*,*,#2381,.T.);
#3267=ORIENTED_EDGE('',*,*,#2394,.T.);
#3268=ORIENTED_EDGE('',*,*,#2340,.T.);
#3269=ORIENTED_EDGE('',*,*,#2338,.F.);
#3270=ORIENTED_EDGE('',*,*,#2395,.T.);
#3271=ORIENTED_EDGE('',*,*,#2318,.F.);
#3272=ORIENTED_EDGE('',*,*,#2320,.F.);
#3273=ORIENTED_EDGE('',*,*,#2396,.T.);
#3274=ORIENTED_EDGE('',*,*,#2385,.T.);
#3275=ORIENTED_EDGE('',*,*,#2389,.T.);
#3276=ORIENTED_EDGE('',*,*,#2386,.T.);
#3277=ORIENTED_EDGE('',*,*,#2396,.F.);
#3278=ORIENTED_EDGE('',*,*,#2330,.F.);
#3279=ORIENTED_EDGE('',*,*,#2391,.F.);
#3280=ORIENTED_EDGE('',*,*,#2397,.F.);
#3281=ORIENTED_EDGE('',*,*,#2398,.F.);
#3282=ORIENTED_EDGE('',*,*,#2399,.F.);
#3283=ORIENTED_EDGE('',*,*,#2400,.F.);
#3284=ORIENTED_EDGE('',*,*,#2401,.F.);
#3285=ORIENTED_EDGE('',*,*,#2402,.F.);
#3286=ORIENTED_EDGE('',*,*,#2403,.F.);
#3287=ORIENTED_EDGE('',*,*,#2404,.F.);
#3288=ORIENTED_EDGE('',*,*,#2404,.T.);
#3289=ORIENTED_EDGE('',*,*,#2405,.T.);
#3290=ORIENTED_EDGE('',*,*,#2324,.F.);
#3291=ORIENTED_EDGE('',*,*,#2406,.F.);
#3292=ORIENTED_EDGE('',*,*,#2398,.T.);
#3293=ORIENTED_EDGE('',*,*,#2407,.F.);
#3294=ORIENTED_EDGE('',*,*,#2347,.F.);
#3295=ORIENTED_EDGE('',*,*,#2408,.T.);
#3296=ORIENTED_EDGE('',*,*,#2400,.T.);
#3297=ORIENTED_EDGE('',*,*,#2409,.F.);
#3298=ORIENTED_EDGE('',*,*,#2402,.T.);
#3299=ORIENTED_EDGE('',*,*,#2410,.F.);
#3300=ORIENTED_EDGE('',*,*,#2314,.F.);
#3301=ORIENTED_EDGE('',*,*,#2411,.T.);
#3302=ORIENTED_EDGE('',*,*,#2412,.F.);
#3303=ORIENTED_EDGE('',*,*,#2411,.F.);
#3304=ORIENTED_EDGE('',*,*,#2363,.F.);
#3305=ORIENTED_EDGE('',*,*,#2378,.T.);
#3306=ORIENTED_EDGE('',*,*,#2413,.F.);
#3307=ORIENTED_EDGE('',*,*,#2414,.F.);
#3308=ORIENTED_EDGE('',*,*,#2368,.F.);
#3309=ORIENTED_EDGE('',*,*,#2414,.T.);
#3310=ORIENTED_EDGE('',*,*,#2415,.F.);
#3311=ORIENTED_EDGE('',*,*,#2379,.F.);
#3312=ORIENTED_EDGE('',*,*,#2367,.F.);
#3313=ORIENTED_EDGE('',*,*,#2373,.F.);
#3314=ORIENTED_EDGE('',*,*,#2374,.F.);
#3315=ORIENTED_EDGE('',*,*,#2415,.T.);
#3316=ORIENTED_EDGE('',*,*,#2413,.T.);
#3317=ORIENTED_EDGE('',*,*,#2377,.T.);
#3318=ORIENTED_EDGE('',*,*,#2380,.T.);
#3319=ORIENTED_EDGE('',*,*,#2412,.T.);
#3320=ORIENTED_EDGE('',*,*,#2370,.F.);
#3321=ORIENTED_EDGE('',*,*,#2416,.T.);
#3322=ORIENTED_EDGE('',*,*,#2327,.F.);
#3323=ORIENTED_EDGE('',*,*,#2417,.F.);
#3324=ORIENTED_EDGE('',*,*,#2344,.F.);
#3325=ORIENTED_EDGE('',*,*,#2418,.T.);
#3326=ORIENTED_EDGE('',*,*,#2365,.F.);
#3327=ORIENTED_EDGE('',*,*,#2357,.F.);
#3328=ORIENTED_EDGE('',*,*,#2360,.F.);
#3329=ORIENTED_EDGE('',*,*,#2362,.F.);
#3330=ORIENTED_EDGE('',*,*,#2384,.T.);
#3331=ORIENTED_EDGE('',*,*,#2393,.F.);
#3332=ORIENTED_EDGE('',*,*,#2341,.F.);
#3333=ORIENTED_EDGE('',*,*,#2394,.F.);
#3334=ORIENTED_EDGE('',*,*,#2392,.T.);
#3335=ORIENTED_EDGE('',*,*,#2328,.F.);
#3336=ORIENTED_EDGE('',*,*,#2416,.F.);
#3337=ORIENTED_EDGE('',*,*,#2375,.F.);
#3338=ORIENTED_EDGE('',*,*,#2372,.F.);
#3339=ORIENTED_EDGE('',*,*,#2371,.F.);
#3340=ORIENTED_EDGE('',*,*,#2418,.F.);
#3341=ORIENTED_EDGE('',*,*,#2343,.F.);
#3342=ORIENTED_EDGE('',*,*,#2417,.T.);
#3343=ORIENTED_EDGE('',*,*,#2326,.F.);
#3344=ORIENTED_EDGE('',*,*,#2419,.F.);
#3345=ORIENTED_EDGE('',*,*,#2345,.F.);
#3346=ORIENTED_EDGE('',*,*,#2399,.T.);
#3347=ORIENTED_EDGE('',*,*,#2408,.F.);
#3348=ORIENTED_EDGE('',*,*,#2346,.F.);
#3349=ORIENTED_EDGE('',*,*,#2419,.T.);
#3350=ORIENTED_EDGE('',*,*,#2325,.F.);
#3351=ORIENTED_EDGE('',*,*,#2405,.F.);
#3352=ORIENTED_EDGE('',*,*,#2403,.T.);
#3353=ORIENTED_EDGE('',*,*,#2409,.T.);
#3354=ORIENTED_EDGE('',*,*,#2401,.T.);
#3355=ORIENTED_EDGE('',*,*,#2406,.T.);
#3356=ORIENTED_EDGE('',*,*,#2323,.T.);
#3357=ORIENTED_EDGE('',*,*,#2354,.F.);
#3358=ORIENTED_EDGE('',*,*,#2352,.F.);
#3359=ORIENTED_EDGE('',*,*,#2350,.F.);
#3360=ORIENTED_EDGE('',*,*,#2348,.F.);
#3361=ORIENTED_EDGE('',*,*,#2407,.T.);
#3362=ORIENTED_EDGE('',*,*,#2397,.T.);
#3363=ORIENTED_EDGE('',*,*,#2410,.T.);
#3364=ORIENTED_EDGE('',*,*,#2319,.F.);
#3365=ORIENTED_EDGE('',*,*,#2395,.F.);
#3366=ORIENTED_EDGE('',*,*,#2337,.F.);
#3367=ORIENTED_EDGE('',*,*,#2331,.T.);
#3368=ORIENTED_EDGE('',*,*,#2420,.T.);
#3369=ORIENTED_EDGE('',*,*,#2421,.T.);
#3370=ORIENTED_EDGE('',*,*,#2422,.T.);
#3371=ORIENTED_EDGE('',*,*,#2423,.T.);
#3372=ORIENTED_EDGE('',*,*,#2423,.F.);
#3373=ORIENTED_EDGE('',*,*,#2424,.T.);
#3374=ORIENTED_EDGE('',*,*,#2425,.F.);
#3375=ORIENTED_EDGE('',*,*,#2426,.F.);
#3376=ORIENTED_EDGE('',*,*,#2422,.F.);
#3377=ORIENTED_EDGE('',*,*,#2427,.F.);
#3378=ORIENTED_EDGE('',*,*,#2428,.T.);
#3379=ORIENTED_EDGE('',*,*,#2429,.F.);
#3380=ORIENTED_EDGE('',*,*,#2424,.F.);
#3381=ORIENTED_EDGE('',*,*,#2420,.F.);
#3382=ORIENTED_EDGE('',*,*,#2426,.T.);
#3383=ORIENTED_EDGE('',*,*,#2430,.F.);
#3384=ORIENTED_EDGE('',*,*,#2431,.F.);
#3385=ORIENTED_EDGE('',*,*,#2432,.F.);
#3386=ORIENTED_EDGE('',*,*,#2433,.F.);
#3387=ORIENTED_EDGE('',*,*,#2431,.T.);
#3388=ORIENTED_EDGE('',*,*,#2434,.F.);
#3389=ORIENTED_EDGE('',*,*,#2435,.F.);
#3390=ORIENTED_EDGE('',*,*,#2436,.F.);
#3391=ORIENTED_EDGE('',*,*,#2435,.T.);
#3392=ORIENTED_EDGE('',*,*,#2437,.F.);
#3393=ORIENTED_EDGE('',*,*,#2438,.F.);
#3394=ORIENTED_EDGE('',*,*,#2439,.F.);
#3395=ORIENTED_EDGE('',*,*,#2440,.T.);
#3396=ORIENTED_EDGE('',*,*,#2441,.F.);
#3397=ORIENTED_EDGE('',*,*,#2442,.F.);
#3398=ORIENTED_EDGE('',*,*,#2443,.F.);
#3399=ORIENTED_EDGE('',*,*,#2442,.T.);
#3400=ORIENTED_EDGE('',*,*,#2444,.F.);
#3401=ORIENTED_EDGE('',*,*,#2428,.F.);
#3402=ORIENTED_EDGE('',*,*,#2425,.T.);
#3403=ORIENTED_EDGE('',*,*,#2429,.T.);
#3404=ORIENTED_EDGE('',*,*,#2444,.T.);
#3405=ORIENTED_EDGE('',*,*,#2441,.T.);
#3406=ORIENTED_EDGE('',*,*,#2445,.F.);
#3407=ORIENTED_EDGE('',*,*,#2437,.T.);
#3408=ORIENTED_EDGE('',*,*,#2434,.T.);
#3409=ORIENTED_EDGE('',*,*,#2430,.T.);
#3410=ORIENTED_EDGE('',*,*,#2020,.F.);
#3411=ORIENTED_EDGE('',*,*,#2446,.F.);
#3412=ORIENTED_EDGE('',*,*,#2174,.T.);
#3413=ORIENTED_EDGE('',*,*,#2182,.T.);
#3414=ORIENTED_EDGE('',*,*,#2447,.T.);
#3415=ORIENTED_EDGE('',*,*,#2315,.T.);
#3416=ORIENTED_EDGE('',*,*,#2447,.F.);
#3417=ORIENTED_EDGE('',*,*,#2181,.T.);
#3418=ORIENTED_EDGE('',*,*,#2176,.F.);
#3419=ORIENTED_EDGE('',*,*,#2448,.F.);
#3420=ORIENTED_EDGE('',*,*,#2122,.T.);
#3421=ORIENTED_EDGE('',*,*,#2129,.T.);
#3422=ORIENTED_EDGE('',*,*,#2124,.F.);
#3423=ORIENTED_EDGE('',*,*,#2449,.F.);
#3424=ORIENTED_EDGE('',*,*,#2438,.T.);
#3425=ORIENTED_EDGE('',*,*,#2445,.T.);
#3426=ORIENTED_EDGE('',*,*,#2440,.F.);
#3427=ORIENTED_EDGE('',*,*,#2450,.F.);
#3428=ORIENTED_EDGE('',*,*,#2451,.T.);
#3429=ORIENTED_EDGE('',*,*,#2452,.F.);
#3430=ORIENTED_EDGE('',*,*,#2453,.F.);
#3431=ORIENTED_EDGE('',*,*,#2454,.F.);
#3432=ORIENTED_EDGE('',*,*,#2455,.T.);
#3433=ORIENTED_EDGE('',*,*,#2456,.F.);
#3434=ORIENTED_EDGE('',*,*,#2457,.F.);
#3435=ORIENTED_EDGE('',*,*,#2458,.F.);
#3436=ORIENTED_EDGE('',*,*,#2070,.T.);
#3437=ORIENTED_EDGE('',*,*,#2077,.T.);
#3438=ORIENTED_EDGE('',*,*,#2072,.F.);
#3439=ORIENTED_EDGE('',*,*,#2459,.F.);
#3440=ORIENTED_EDGE('',*,*,#2460,.T.);
#3441=ORIENTED_EDGE('',*,*,#2461,.F.);
#3442=ORIENTED_EDGE('',*,*,#2462,.F.);
#3443=ORIENTED_EDGE('',*,*,#2463,.F.);
#3444=ORIENTED_EDGE('',*,*,#2148,.T.);
#3445=ORIENTED_EDGE('',*,*,#2155,.T.);
#3446=ORIENTED_EDGE('',*,*,#2150,.F.);
#3447=ORIENTED_EDGE('',*,*,#2464,.F.);
#3448=ORIENTED_EDGE('',*,*,#2465,.T.);
#3449=ORIENTED_EDGE('',*,*,#2466,.F.);
#3450=ORIENTED_EDGE('',*,*,#2467,.F.);
#3451=ORIENTED_EDGE('',*,*,#2468,.F.);
#3452=ORIENTED_EDGE('',*,*,#2201,.T.);
#3453=ORIENTED_EDGE('',*,*,#2208,.T.);
#3454=ORIENTED_EDGE('',*,*,#2203,.F.);
#3455=ORIENTED_EDGE('',*,*,#2469,.F.);
#3456=ORIENTED_EDGE('',*,*,#2096,.T.);
#3457=ORIENTED_EDGE('',*,*,#2103,.T.);
#3458=ORIENTED_EDGE('',*,*,#2098,.F.);
#3459=ORIENTED_EDGE('',*,*,#2470,.F.);
#3460=ORIENTED_EDGE('',*,*,#2305,.T.);
#3461=ORIENTED_EDGE('',*,*,#2312,.T.);
#3462=ORIENTED_EDGE('',*,*,#2307,.F.);
#3463=ORIENTED_EDGE('',*,*,#2471,.F.);
#3464=ORIENTED_EDGE('',*,*,#2279,.T.);
#3465=ORIENTED_EDGE('',*,*,#2286,.T.);
#3466=ORIENTED_EDGE('',*,*,#2281,.F.);
#3467=ORIENTED_EDGE('',*,*,#2472,.F.);
#3468=ORIENTED_EDGE('',*,*,#2473,.T.);
#3469=ORIENTED_EDGE('',*,*,#2474,.F.);
#3470=ORIENTED_EDGE('',*,*,#2475,.F.);
#3471=ORIENTED_EDGE('',*,*,#2476,.F.);
#3472=ORIENTED_EDGE('',*,*,#2477,.T.);
#3473=ORIENTED_EDGE('',*,*,#2478,.F.);
#3474=ORIENTED_EDGE('',*,*,#2479,.F.);
#3475=ORIENTED_EDGE('',*,*,#2480,.F.);
#3476=ORIENTED_EDGE('',*,*,#2481,.T.);
#3477=ORIENTED_EDGE('',*,*,#2482,.F.);
#3478=ORIENTED_EDGE('',*,*,#2483,.F.);
#3479=ORIENTED_EDGE('',*,*,#2484,.F.);
#3480=ORIENTED_EDGE('',*,*,#2253,.T.);
#3481=ORIENTED_EDGE('',*,*,#2260,.T.);
#3482=ORIENTED_EDGE('',*,*,#2255,.F.);
#3483=ORIENTED_EDGE('',*,*,#2485,.F.);
#3484=ORIENTED_EDGE('',*,*,#2044,.T.);
#3485=ORIENTED_EDGE('',*,*,#2051,.T.);
#3486=ORIENTED_EDGE('',*,*,#2046,.F.);
#3487=ORIENTED_EDGE('',*,*,#2486,.F.);
#3488=ORIENTED_EDGE('',*,*,#2227,.T.);
#3489=ORIENTED_EDGE('',*,*,#2234,.T.);
#3490=ORIENTED_EDGE('',*,*,#2229,.F.);
#3491=ORIENTED_EDGE('',*,*,#2487,.F.);
#3492=ORIENTED_EDGE('',*,*,#2018,.T.);
#3493=ORIENTED_EDGE('',*,*,#2025,.T.);
#3494=ORIENTED_EDGE('',*,*,#2313,.F.);
#3495=ORIENTED_EDGE('',*,*,#2488,.T.);
#3496=ORIENTED_EDGE('',*,*,#2489,.F.);
#3497=ORIENTED_EDGE('',*,*,#2488,.F.);
#3498=ORIENTED_EDGE('',*,*,#2490,.T.);
#3499=ORIENTED_EDGE('',*,*,#2491,.T.);
#3500=ORIENTED_EDGE('',*,*,#2492,.T.);
#3501=ORIENTED_EDGE('',*,*,#2493,.T.);
#3502=ORIENTED_EDGE('',*,*,#2493,.F.);
#3503=ORIENTED_EDGE('',*,*,#2494,.T.);
#3504=ORIENTED_EDGE('',*,*,#2495,.F.);
#3505=ORIENTED_EDGE('',*,*,#2496,.F.);
#3506=ORIENTED_EDGE('',*,*,#2492,.F.);
#3507=ORIENTED_EDGE('',*,*,#2497,.F.);
#3508=ORIENTED_EDGE('',*,*,#2498,.T.);
#3509=ORIENTED_EDGE('',*,*,#2499,.F.);
#3510=ORIENTED_EDGE('',*,*,#2494,.F.);
#3511=ORIENTED_EDGE('',*,*,#2490,.F.);
#3512=ORIENTED_EDGE('',*,*,#2496,.T.);
#3513=ORIENTED_EDGE('',*,*,#2500,.F.);
#3514=ORIENTED_EDGE('',*,*,#2501,.F.);
#3515=ORIENTED_EDGE('',*,*,#2502,.F.);
#3516=ORIENTED_EDGE('',*,*,#2503,.F.);
#3517=ORIENTED_EDGE('',*,*,#2501,.T.);
#3518=ORIENTED_EDGE('',*,*,#2504,.F.);
#3519=ORIENTED_EDGE('',*,*,#2505,.F.);
#3520=ORIENTED_EDGE('',*,*,#2506,.F.);
#3521=ORIENTED_EDGE('',*,*,#2505,.T.);
#3522=ORIENTED_EDGE('',*,*,#2507,.F.);
#3523=ORIENTED_EDGE('',*,*,#2477,.F.);
#3524=ORIENTED_EDGE('',*,*,#2508,.F.);
#3525=ORIENTED_EDGE('',*,*,#2479,.T.);
#3526=ORIENTED_EDGE('',*,*,#2509,.F.);
#3527=ORIENTED_EDGE('',*,*,#2510,.F.);
#3528=ORIENTED_EDGE('',*,*,#2511,.F.);
#3529=ORIENTED_EDGE('',*,*,#2510,.T.);
#3530=ORIENTED_EDGE('',*,*,#2512,.F.);
#3531=ORIENTED_EDGE('',*,*,#2498,.F.);
#3532=ORIENTED_EDGE('',*,*,#2495,.T.);
#3533=ORIENTED_EDGE('',*,*,#2499,.T.);
#3534=ORIENTED_EDGE('',*,*,#2512,.T.);
#3535=ORIENTED_EDGE('',*,*,#2509,.T.);
#3536=ORIENTED_EDGE('',*,*,#2478,.T.);
#3537=ORIENTED_EDGE('',*,*,#2507,.T.);
#3538=ORIENTED_EDGE('',*,*,#2504,.T.);
#3539=ORIENTED_EDGE('',*,*,#2500,.T.);
#3540=ORIENTED_EDGE('',*,*,#2513,.T.);
#3541=ORIENTED_EDGE('',*,*,#2514,.T.);
#3542=ORIENTED_EDGE('',*,*,#2515,.T.);
#3543=ORIENTED_EDGE('',*,*,#2516,.T.);
#3544=ORIENTED_EDGE('',*,*,#2516,.F.);
#3545=ORIENTED_EDGE('',*,*,#2517,.T.);
#3546=ORIENTED_EDGE('',*,*,#2518,.F.);
#3547=ORIENTED_EDGE('',*,*,#2519,.F.);
#3548=ORIENTED_EDGE('',*,*,#2515,.F.);
#3549=ORIENTED_EDGE('',*,*,#2520,.F.);
#3550=ORIENTED_EDGE('',*,*,#2521,.T.);
#3551=ORIENTED_EDGE('',*,*,#2522,.F.);
#3552=ORIENTED_EDGE('',*,*,#2517,.F.);
#3553=ORIENTED_EDGE('',*,*,#2513,.F.);
#3554=ORIENTED_EDGE('',*,*,#2519,.T.);
#3555=ORIENTED_EDGE('',*,*,#2523,.F.);
#3556=ORIENTED_EDGE('',*,*,#2524,.F.);
#3557=ORIENTED_EDGE('',*,*,#2525,.F.);
#3558=ORIENTED_EDGE('',*,*,#2526,.F.);
#3559=ORIENTED_EDGE('',*,*,#2524,.T.);
#3560=ORIENTED_EDGE('',*,*,#2527,.F.);
#3561=ORIENTED_EDGE('',*,*,#2528,.F.);
#3562=ORIENTED_EDGE('',*,*,#2529,.F.);
#3563=ORIENTED_EDGE('',*,*,#2528,.T.);
#3564=ORIENTED_EDGE('',*,*,#2530,.F.);
#3565=ORIENTED_EDGE('',*,*,#2455,.F.);
#3566=ORIENTED_EDGE('',*,*,#2531,.F.);
#3567=ORIENTED_EDGE('',*,*,#2457,.T.);
#3568=ORIENTED_EDGE('',*,*,#2532,.F.);
#3569=ORIENTED_EDGE('',*,*,#2533,.F.);
#3570=ORIENTED_EDGE('',*,*,#2534,.F.);
#3571=ORIENTED_EDGE('',*,*,#2533,.T.);
#3572=ORIENTED_EDGE('',*,*,#2535,.F.);
#3573=ORIENTED_EDGE('',*,*,#2521,.F.);
#3574=ORIENTED_EDGE('',*,*,#2518,.T.);
#3575=ORIENTED_EDGE('',*,*,#2522,.T.);
#3576=ORIENTED_EDGE('',*,*,#2535,.T.);
#3577=ORIENTED_EDGE('',*,*,#2532,.T.);
#3578=ORIENTED_EDGE('',*,*,#2456,.T.);
#3579=ORIENTED_EDGE('',*,*,#2530,.T.);
#3580=ORIENTED_EDGE('',*,*,#2527,.T.);
#3581=ORIENTED_EDGE('',*,*,#2523,.T.);
#3582=ORIENTED_EDGE('',*,*,#2536,.T.);
#3583=ORIENTED_EDGE('',*,*,#2537,.T.);
#3584=ORIENTED_EDGE('',*,*,#2538,.T.);
#3585=ORIENTED_EDGE('',*,*,#2539,.T.);
#3586=ORIENTED_EDGE('',*,*,#2539,.F.);
#3587=ORIENTED_EDGE('',*,*,#2540,.T.);
#3588=ORIENTED_EDGE('',*,*,#2541,.F.);
#3589=ORIENTED_EDGE('',*,*,#2542,.F.);
#3590=ORIENTED_EDGE('',*,*,#2538,.F.);
#3591=ORIENTED_EDGE('',*,*,#2543,.F.);
#3592=ORIENTED_EDGE('',*,*,#2544,.T.);
#3593=ORIENTED_EDGE('',*,*,#2545,.F.);
#3594=ORIENTED_EDGE('',*,*,#2540,.F.);
#3595=ORIENTED_EDGE('',*,*,#2536,.F.);
#3596=ORIENTED_EDGE('',*,*,#2542,.T.);
#3597=ORIENTED_EDGE('',*,*,#2546,.F.);
#3598=ORIENTED_EDGE('',*,*,#2547,.F.);
#3599=ORIENTED_EDGE('',*,*,#2548,.F.);
#3600=ORIENTED_EDGE('',*,*,#2549,.F.);
#3601=ORIENTED_EDGE('',*,*,#2547,.T.);
#3602=ORIENTED_EDGE('',*,*,#2550,.F.);
#3603=ORIENTED_EDGE('',*,*,#2551,.F.);
#3604=ORIENTED_EDGE('',*,*,#2552,.F.);
#3605=ORIENTED_EDGE('',*,*,#2551,.T.);
#3606=ORIENTED_EDGE('',*,*,#2553,.F.);
#3607=ORIENTED_EDGE('',*,*,#2451,.F.);
#3608=ORIENTED_EDGE('',*,*,#2554,.F.);
#3609=ORIENTED_EDGE('',*,*,#2453,.T.);
#3610=ORIENTED_EDGE('',*,*,#2555,.F.);
#3611=ORIENTED_EDGE('',*,*,#2556,.F.);
#3612=ORIENTED_EDGE('',*,*,#2557,.F.);
#3613=ORIENTED_EDGE('',*,*,#2556,.T.);
#3614=ORIENTED_EDGE('',*,*,#2558,.F.);
#3615=ORIENTED_EDGE('',*,*,#2544,.F.);
#3616=ORIENTED_EDGE('',*,*,#2541,.T.);
#3617=ORIENTED_EDGE('',*,*,#2545,.T.);
#3618=ORIENTED_EDGE('',*,*,#2558,.T.);
#3619=ORIENTED_EDGE('',*,*,#2555,.T.);
#3620=ORIENTED_EDGE('',*,*,#2452,.T.);
#3621=ORIENTED_EDGE('',*,*,#2553,.T.);
#3622=ORIENTED_EDGE('',*,*,#2550,.T.);
#3623=ORIENTED_EDGE('',*,*,#2546,.T.);
#3624=ORIENTED_EDGE('',*,*,#2559,.T.);
#3625=ORIENTED_EDGE('',*,*,#2560,.T.);
#3626=ORIENTED_EDGE('',*,*,#2561,.T.);
#3627=ORIENTED_EDGE('',*,*,#2562,.T.);
#3628=ORIENTED_EDGE('',*,*,#2562,.F.);
#3629=ORIENTED_EDGE('',*,*,#2563,.T.);
#3630=ORIENTED_EDGE('',*,*,#2564,.F.);
#3631=ORIENTED_EDGE('',*,*,#2565,.F.);
#3632=ORIENTED_EDGE('',*,*,#2561,.F.);
#3633=ORIENTED_EDGE('',*,*,#2566,.F.);
#3634=ORIENTED_EDGE('',*,*,#2567,.T.);
#3635=ORIENTED_EDGE('',*,*,#2568,.F.);
#3636=ORIENTED_EDGE('',*,*,#2563,.F.);
#3637=ORIENTED_EDGE('',*,*,#2559,.F.);
#3638=ORIENTED_EDGE('',*,*,#2565,.T.);
#3639=ORIENTED_EDGE('',*,*,#2569,.F.);
#3640=ORIENTED_EDGE('',*,*,#2570,.F.);
#3641=ORIENTED_EDGE('',*,*,#2571,.F.);
#3642=ORIENTED_EDGE('',*,*,#2572,.F.);
#3643=ORIENTED_EDGE('',*,*,#2570,.T.);
#3644=ORIENTED_EDGE('',*,*,#2573,.F.);
#3645=ORIENTED_EDGE('',*,*,#2574,.F.);
#3646=ORIENTED_EDGE('',*,*,#2575,.F.);
#3647=ORIENTED_EDGE('',*,*,#2574,.T.);
#3648=ORIENTED_EDGE('',*,*,#2576,.F.);
#3649=ORIENTED_EDGE('',*,*,#2473,.F.);
#3650=ORIENTED_EDGE('',*,*,#2577,.F.);
#3651=ORIENTED_EDGE('',*,*,#2475,.T.);
#3652=ORIENTED_EDGE('',*,*,#2578,.F.);
#3653=ORIENTED_EDGE('',*,*,#2579,.F.);
#3654=ORIENTED_EDGE('',*,*,#2580,.F.);
#3655=ORIENTED_EDGE('',*,*,#2579,.T.);
#3656=ORIENTED_EDGE('',*,*,#2581,.F.);
#3657=ORIENTED_EDGE('',*,*,#2567,.F.);
#3658=ORIENTED_EDGE('',*,*,#2564,.T.);
#3659=ORIENTED_EDGE('',*,*,#2568,.T.);
#3660=ORIENTED_EDGE('',*,*,#2581,.T.);
#3661=ORIENTED_EDGE('',*,*,#2578,.T.);
#3662=ORIENTED_EDGE('',*,*,#2474,.T.);
#3663=ORIENTED_EDGE('',*,*,#2576,.T.);
#3664=ORIENTED_EDGE('',*,*,#2573,.T.);
#3665=ORIENTED_EDGE('',*,*,#2569,.T.);
#3666=ORIENTED_EDGE('',*,*,#2582,.T.);
#3667=ORIENTED_EDGE('',*,*,#2583,.T.);
#3668=ORIENTED_EDGE('',*,*,#2584,.T.);
#3669=ORIENTED_EDGE('',*,*,#2585,.T.);
#3670=ORIENTED_EDGE('',*,*,#2585,.F.);
#3671=ORIENTED_EDGE('',*,*,#2586,.T.);
#3672=ORIENTED_EDGE('',*,*,#2587,.F.);
#3673=ORIENTED_EDGE('',*,*,#2588,.F.);
#3674=ORIENTED_EDGE('',*,*,#2584,.F.);
#3675=ORIENTED_EDGE('',*,*,#2589,.F.);
#3676=ORIENTED_EDGE('',*,*,#2590,.T.);
#3677=ORIENTED_EDGE('',*,*,#2591,.F.);
#3678=ORIENTED_EDGE('',*,*,#2586,.F.);
#3679=ORIENTED_EDGE('',*,*,#2582,.F.);
#3680=ORIENTED_EDGE('',*,*,#2588,.T.);
#3681=ORIENTED_EDGE('',*,*,#2592,.F.);
#3682=ORIENTED_EDGE('',*,*,#2593,.F.);
#3683=ORIENTED_EDGE('',*,*,#2594,.F.);
#3684=ORIENTED_EDGE('',*,*,#2595,.F.);
#3685=ORIENTED_EDGE('',*,*,#2593,.T.);
#3686=ORIENTED_EDGE('',*,*,#2596,.F.);
#3687=ORIENTED_EDGE('',*,*,#2597,.F.);
#3688=ORIENTED_EDGE('',*,*,#2598,.F.);
#3689=ORIENTED_EDGE('',*,*,#2597,.T.);
#3690=ORIENTED_EDGE('',*,*,#2599,.F.);
#3691=ORIENTED_EDGE('',*,*,#2481,.F.);
#3692=ORIENTED_EDGE('',*,*,#2600,.F.);
#3693=ORIENTED_EDGE('',*,*,#2483,.T.);
#3694=ORIENTED_EDGE('',*,*,#2601,.F.);
#3695=ORIENTED_EDGE('',*,*,#2602,.F.);
#3696=ORIENTED_EDGE('',*,*,#2603,.F.);
#3697=ORIENTED_EDGE('',*,*,#2602,.T.);
#3698=ORIENTED_EDGE('',*,*,#2604,.F.);
#3699=ORIENTED_EDGE('',*,*,#2590,.F.);
#3700=ORIENTED_EDGE('',*,*,#2587,.T.);
#3701=ORIENTED_EDGE('',*,*,#2591,.T.);
#3702=ORIENTED_EDGE('',*,*,#2604,.T.);
#3703=ORIENTED_EDGE('',*,*,#2601,.T.);
#3704=ORIENTED_EDGE('',*,*,#2482,.T.);
#3705=ORIENTED_EDGE('',*,*,#2599,.T.);
#3706=ORIENTED_EDGE('',*,*,#2596,.T.);
#3707=ORIENTED_EDGE('',*,*,#2592,.T.);
#3708=ORIENTED_EDGE('',*,*,#2605,.T.);
#3709=ORIENTED_EDGE('',*,*,#2606,.T.);
#3710=ORIENTED_EDGE('',*,*,#2607,.T.);
#3711=ORIENTED_EDGE('',*,*,#2608,.T.);
#3712=ORIENTED_EDGE('',*,*,#2608,.F.);
#3713=ORIENTED_EDGE('',*,*,#2609,.T.);
#3714=ORIENTED_EDGE('',*,*,#2610,.F.);
#3715=ORIENTED_EDGE('',*,*,#2611,.F.);
#3716=ORIENTED_EDGE('',*,*,#2607,.F.);
#3717=ORIENTED_EDGE('',*,*,#2612,.F.);
#3718=ORIENTED_EDGE('',*,*,#2613,.T.);
#3719=ORIENTED_EDGE('',*,*,#2614,.F.);
#3720=ORIENTED_EDGE('',*,*,#2609,.F.);
#3721=ORIENTED_EDGE('',*,*,#2605,.F.);
#3722=ORIENTED_EDGE('',*,*,#2611,.T.);
#3723=ORIENTED_EDGE('',*,*,#2615,.F.);
#3724=ORIENTED_EDGE('',*,*,#2616,.F.);
#3725=ORIENTED_EDGE('',*,*,#2617,.F.);
#3726=ORIENTED_EDGE('',*,*,#2618,.F.);
#3727=ORIENTED_EDGE('',*,*,#2616,.T.);
#3728=ORIENTED_EDGE('',*,*,#2619,.F.);
#3729=ORIENTED_EDGE('',*,*,#2620,.F.);
#3730=ORIENTED_EDGE('',*,*,#2621,.F.);
#3731=ORIENTED_EDGE('',*,*,#2620,.T.);
#3732=ORIENTED_EDGE('',*,*,#2622,.F.);
#3733=ORIENTED_EDGE('',*,*,#2465,.F.);
#3734=ORIENTED_EDGE('',*,*,#2623,.F.);
#3735=ORIENTED_EDGE('',*,*,#2467,.T.);
#3736=ORIENTED_EDGE('',*,*,#2624,.F.);
#3737=ORIENTED_EDGE('',*,*,#2625,.F.);
#3738=ORIENTED_EDGE('',*,*,#2626,.F.);
#3739=ORIENTED_EDGE('',*,*,#2625,.T.);
#3740=ORIENTED_EDGE('',*,*,#2627,.F.);
#3741=ORIENTED_EDGE('',*,*,#2613,.F.);
#3742=ORIENTED_EDGE('',*,*,#2610,.T.);
#3743=ORIENTED_EDGE('',*,*,#2614,.T.);
#3744=ORIENTED_EDGE('',*,*,#2627,.T.);
#3745=ORIENTED_EDGE('',*,*,#2624,.T.);
#3746=ORIENTED_EDGE('',*,*,#2466,.T.);
#3747=ORIENTED_EDGE('',*,*,#2622,.T.);
#3748=ORIENTED_EDGE('',*,*,#2619,.T.);
#3749=ORIENTED_EDGE('',*,*,#2615,.T.);
#3750=ORIENTED_EDGE('',*,*,#2628,.T.);
#3751=ORIENTED_EDGE('',*,*,#2629,.T.);
#3752=ORIENTED_EDGE('',*,*,#2630,.T.);
#3753=ORIENTED_EDGE('',*,*,#2631,.T.);
#3754=ORIENTED_EDGE('',*,*,#2631,.F.);
#3755=ORIENTED_EDGE('',*,*,#2632,.T.);
#3756=ORIENTED_EDGE('',*,*,#2633,.F.);
#3757=ORIENTED_EDGE('',*,*,#2634,.F.);
#3758=ORIENTED_EDGE('',*,*,#2630,.F.);
#3759=ORIENTED_EDGE('',*,*,#2635,.F.);
#3760=ORIENTED_EDGE('',*,*,#2636,.T.);
#3761=ORIENTED_EDGE('',*,*,#2637,.F.);
#3762=ORIENTED_EDGE('',*,*,#2632,.F.);
#3763=ORIENTED_EDGE('',*,*,#2628,.F.);
#3764=ORIENTED_EDGE('',*,*,#2634,.T.);
#3765=ORIENTED_EDGE('',*,*,#2638,.F.);
#3766=ORIENTED_EDGE('',*,*,#2639,.F.);
#3767=ORIENTED_EDGE('',*,*,#2640,.F.);
#3768=ORIENTED_EDGE('',*,*,#2641,.F.);
#3769=ORIENTED_EDGE('',*,*,#2639,.T.);
#3770=ORIENTED_EDGE('',*,*,#2642,.F.);
#3771=ORIENTED_EDGE('',*,*,#2643,.F.);
#3772=ORIENTED_EDGE('',*,*,#2644,.F.);
#3773=ORIENTED_EDGE('',*,*,#2643,.T.);
#3774=ORIENTED_EDGE('',*,*,#2645,.F.);
#3775=ORIENTED_EDGE('',*,*,#2460,.F.);
#3776=ORIENTED_EDGE('',*,*,#2646,.F.);
#3777=ORIENTED_EDGE('',*,*,#2462,.T.);
#3778=ORIENTED_EDGE('',*,*,#2647,.F.);
#3779=ORIENTED_EDGE('',*,*,#2648,.F.);
#3780=ORIENTED_EDGE('',*,*,#2649,.F.);
#3781=ORIENTED_EDGE('',*,*,#2648,.T.);
#3782=ORIENTED_EDGE('',*,*,#2650,.F.);
#3783=ORIENTED_EDGE('',*,*,#2636,.F.);
#3784=ORIENTED_EDGE('',*,*,#2633,.T.);
#3785=ORIENTED_EDGE('',*,*,#2637,.T.);
#3786=ORIENTED_EDGE('',*,*,#2650,.T.);
#3787=ORIENTED_EDGE('',*,*,#2647,.T.);
#3788=ORIENTED_EDGE('',*,*,#2461,.T.);
#3789=ORIENTED_EDGE('',*,*,#2645,.T.);
#3790=ORIENTED_EDGE('',*,*,#2642,.T.);
#3791=ORIENTED_EDGE('',*,*,#2638,.T.);
#3792=ORIENTED_EDGE('',*,*,#2629,.F.);
#3793=ORIENTED_EDGE('',*,*,#2640,.T.);
#3794=ORIENTED_EDGE('',*,*,#2641,.T.);
#3795=ORIENTED_EDGE('',*,*,#2644,.T.);
#3796=ORIENTED_EDGE('',*,*,#2459,.T.);
#3797=ORIENTED_EDGE('',*,*,#2071,.T.);
#3798=ORIENTED_EDGE('',*,*,#2075,.T.);
#3799=ORIENTED_EDGE('',*,*,#2059,.T.);
#3800=ORIENTED_EDGE('',*,*,#2053,.F.);
#3801=ORIENTED_EDGE('',*,*,#2064,.T.);
#3802=ORIENTED_EDGE('',*,*,#2065,.T.);
#3803=ORIENTED_EDGE('',*,*,#2068,.T.);
#3804=ORIENTED_EDGE('',*,*,#2458,.T.);
#3805=ORIENTED_EDGE('',*,*,#2531,.T.);
#3806=ORIENTED_EDGE('',*,*,#2534,.T.);
#3807=ORIENTED_EDGE('',*,*,#2520,.T.);
#3808=ORIENTED_EDGE('',*,*,#2514,.F.);
#3809=ORIENTED_EDGE('',*,*,#2525,.T.);
#3810=ORIENTED_EDGE('',*,*,#2526,.T.);
#3811=ORIENTED_EDGE('',*,*,#2529,.T.);
#3812=ORIENTED_EDGE('',*,*,#2454,.T.);
#3813=ORIENTED_EDGE('',*,*,#2554,.T.);
#3814=ORIENTED_EDGE('',*,*,#2557,.T.);
#3815=ORIENTED_EDGE('',*,*,#2543,.T.);
#3816=ORIENTED_EDGE('',*,*,#2537,.F.);
#3817=ORIENTED_EDGE('',*,*,#2548,.T.);
#3818=ORIENTED_EDGE('',*,*,#2549,.T.);
#3819=ORIENTED_EDGE('',*,*,#2552,.T.);
#3820=ORIENTED_EDGE('',*,*,#2450,.T.);
#3821=ORIENTED_EDGE('',*,*,#2439,.T.);
#3822=ORIENTED_EDGE('',*,*,#2443,.T.);
#3823=ORIENTED_EDGE('',*,*,#2427,.T.);
#3824=ORIENTED_EDGE('',*,*,#2421,.F.);
#3825=ORIENTED_EDGE('',*,*,#2432,.T.);
#3826=ORIENTED_EDGE('',*,*,#2433,.T.);
#3827=ORIENTED_EDGE('',*,*,#2436,.T.);
#3828=ORIENTED_EDGE('',*,*,#2449,.T.);
#3829=ORIENTED_EDGE('',*,*,#2123,.T.);
#3830=ORIENTED_EDGE('',*,*,#2127,.T.);
#3831=ORIENTED_EDGE('',*,*,#2111,.T.);
#3832=ORIENTED_EDGE('',*,*,#2105,.F.);
#3833=ORIENTED_EDGE('',*,*,#2116,.T.);
#3834=ORIENTED_EDGE('',*,*,#2117,.T.);
#3835=ORIENTED_EDGE('',*,*,#2120,.T.);
#3836=ORIENTED_EDGE('',*,*,#2448,.T.);
#3837=ORIENTED_EDGE('',*,*,#2175,.T.);
#3838=ORIENTED_EDGE('',*,*,#2179,.T.);
#3839=ORIENTED_EDGE('',*,*,#2163,.T.);
#3840=ORIENTED_EDGE('',*,*,#2157,.F.);
#3841=ORIENTED_EDGE('',*,*,#2168,.T.);
#3842=ORIENTED_EDGE('',*,*,#2169,.T.);
#3843=ORIENTED_EDGE('',*,*,#2172,.T.);
#3844=ORIENTED_EDGE('',*,*,#2446,.T.);
#3845=ORIENTED_EDGE('',*,*,#2019,.T.);
#3846=ORIENTED_EDGE('',*,*,#2023,.T.);
#3847=ORIENTED_EDGE('',*,*,#2007,.T.);
#3848=ORIENTED_EDGE('',*,*,#2001,.F.);
#3849=ORIENTED_EDGE('',*,*,#2012,.T.);
#3850=ORIENTED_EDGE('',*,*,#2013,.T.);
#3851=ORIENTED_EDGE('',*,*,#2016,.T.);
#3852=ORIENTED_EDGE('',*,*,#2487,.T.);
#3853=ORIENTED_EDGE('',*,*,#2228,.T.);
#3854=ORIENTED_EDGE('',*,*,#2232,.T.);
#3855=ORIENTED_EDGE('',*,*,#2216,.T.);
#3856=ORIENTED_EDGE('',*,*,#2210,.F.);
#3857=ORIENTED_EDGE('',*,*,#2221,.T.);
#3858=ORIENTED_EDGE('',*,*,#2222,.T.);
#3859=ORIENTED_EDGE('',*,*,#2225,.T.);
#3860=ORIENTED_EDGE('',*,*,#2486,.T.);
#3861=ORIENTED_EDGE('',*,*,#2045,.T.);
#3862=ORIENTED_EDGE('',*,*,#2049,.T.);
#3863=ORIENTED_EDGE('',*,*,#2033,.T.);
#3864=ORIENTED_EDGE('',*,*,#2027,.F.);
#3865=ORIENTED_EDGE('',*,*,#2038,.T.);
#3866=ORIENTED_EDGE('',*,*,#2039,.T.);
#3867=ORIENTED_EDGE('',*,*,#2042,.T.);
#3868=ORIENTED_EDGE('',*,*,#2485,.T.);
#3869=ORIENTED_EDGE('',*,*,#2254,.T.);
#3870=ORIENTED_EDGE('',*,*,#2258,.T.);
#3871=ORIENTED_EDGE('',*,*,#2242,.T.);
#3872=ORIENTED_EDGE('',*,*,#2236,.F.);
#3873=ORIENTED_EDGE('',*,*,#2247,.T.);
#3874=ORIENTED_EDGE('',*,*,#2248,.T.);
#3875=ORIENTED_EDGE('',*,*,#2251,.T.);
#3876=ORIENTED_EDGE('',*,*,#2484,.T.);
#3877=ORIENTED_EDGE('',*,*,#2600,.T.);
#3878=ORIENTED_EDGE('',*,*,#2603,.T.);
#3879=ORIENTED_EDGE('',*,*,#2589,.T.);
#3880=ORIENTED_EDGE('',*,*,#2583,.F.);
#3881=ORIENTED_EDGE('',*,*,#2594,.T.);
#3882=ORIENTED_EDGE('',*,*,#2595,.T.);
#3883=ORIENTED_EDGE('',*,*,#2598,.T.);
#3884=ORIENTED_EDGE('',*,*,#2480,.T.);
#3885=ORIENTED_EDGE('',*,*,#2508,.T.);
#3886=ORIENTED_EDGE('',*,*,#2511,.T.);
#3887=ORIENTED_EDGE('',*,*,#2497,.T.);
#3888=ORIENTED_EDGE('',*,*,#2491,.F.);
#3889=ORIENTED_EDGE('',*,*,#2502,.T.);
#3890=ORIENTED_EDGE('',*,*,#2503,.T.);
#3891=ORIENTED_EDGE('',*,*,#2506,.T.);
#3892=ORIENTED_EDGE('',*,*,#2476,.T.);
#3893=ORIENTED_EDGE('',*,*,#2577,.T.);
#3894=ORIENTED_EDGE('',*,*,#2580,.T.);
#3895=ORIENTED_EDGE('',*,*,#2566,.T.);
#3896=ORIENTED_EDGE('',*,*,#2560,.F.);
#3897=ORIENTED_EDGE('',*,*,#2571,.T.);
#3898=ORIENTED_EDGE('',*,*,#2572,.T.);
#3899=ORIENTED_EDGE('',*,*,#2575,.T.);
#3900=ORIENTED_EDGE('',*,*,#2472,.T.);
#3901=ORIENTED_EDGE('',*,*,#2280,.T.);
#3902=ORIENTED_EDGE('',*,*,#2284,.T.);
#3903=ORIENTED_EDGE('',*,*,#2268,.T.);
#3904=ORIENTED_EDGE('',*,*,#2262,.F.);
#3905=ORIENTED_EDGE('',*,*,#2273,.T.);
#3906=ORIENTED_EDGE('',*,*,#2274,.T.);
#3907=ORIENTED_EDGE('',*,*,#2277,.T.);
#3908=ORIENTED_EDGE('',*,*,#2471,.T.);
#3909=ORIENTED_EDGE('',*,*,#2306,.T.);
#3910=ORIENTED_EDGE('',*,*,#2310,.T.);
#3911=ORIENTED_EDGE('',*,*,#2294,.T.);
#3912=ORIENTED_EDGE('',*,*,#2288,.F.);
#3913=ORIENTED_EDGE('',*,*,#2299,.T.);
#3914=ORIENTED_EDGE('',*,*,#2300,.T.);
#3915=ORIENTED_EDGE('',*,*,#2303,.T.);
#3916=ORIENTED_EDGE('',*,*,#2470,.T.);
#3917=ORIENTED_EDGE('',*,*,#2097,.T.);
#3918=ORIENTED_EDGE('',*,*,#2101,.T.);
#3919=ORIENTED_EDGE('',*,*,#2085,.T.);
#3920=ORIENTED_EDGE('',*,*,#2079,.F.);
#3921=ORIENTED_EDGE('',*,*,#2090,.T.);
#3922=ORIENTED_EDGE('',*,*,#2091,.T.);
#3923=ORIENTED_EDGE('',*,*,#2094,.T.);
#3924=ORIENTED_EDGE('',*,*,#2469,.T.);
#3925=ORIENTED_EDGE('',*,*,#2202,.T.);
#3926=ORIENTED_EDGE('',*,*,#2206,.T.);
#3927=ORIENTED_EDGE('',*,*,#2190,.T.);
#3928=ORIENTED_EDGE('',*,*,#2184,.F.);
#3929=ORIENTED_EDGE('',*,*,#2195,.T.);
#3930=ORIENTED_EDGE('',*,*,#2196,.T.);
#3931=ORIENTED_EDGE('',*,*,#2199,.T.);
#3932=ORIENTED_EDGE('',*,*,#2468,.T.);
#3933=ORIENTED_EDGE('',*,*,#2623,.T.);
#3934=ORIENTED_EDGE('',*,*,#2626,.T.);
#3935=ORIENTED_EDGE('',*,*,#2612,.T.);
#3936=ORIENTED_EDGE('',*,*,#2606,.F.);
#3937=ORIENTED_EDGE('',*,*,#2617,.T.);
#3938=ORIENTED_EDGE('',*,*,#2618,.T.);
#3939=ORIENTED_EDGE('',*,*,#2621,.T.);
#3940=ORIENTED_EDGE('',*,*,#2464,.T.);
#3941=ORIENTED_EDGE('',*,*,#2149,.T.);
#3942=ORIENTED_EDGE('',*,*,#2153,.T.);
#3943=ORIENTED_EDGE('',*,*,#2137,.T.);
#3944=ORIENTED_EDGE('',*,*,#2131,.F.);
#3945=ORIENTED_EDGE('',*,*,#2142,.T.);
#3946=ORIENTED_EDGE('',*,*,#2143,.T.);
#3947=ORIENTED_EDGE('',*,*,#2146,.T.);
#3948=ORIENTED_EDGE('',*,*,#2463,.T.);
#3949=ORIENTED_EDGE('',*,*,#2646,.T.);
#3950=ORIENTED_EDGE('',*,*,#2649,.T.);
#3951=ORIENTED_EDGE('',*,*,#2635,.T.);
#3952=ORIENTED_EDGE('',*,*,#2489,.T.);
#3953=CONICAL_SURFACE('',#4397,2.4,0.785398163397459);
#3954=CONICAL_SURFACE('',#4421,2.4,0.78539816339746);
#3955=CONICAL_SURFACE('',#4445,2.4,0.78539816339746);
#3956=CONICAL_SURFACE('',#4469,2.4,0.785398163397464);
#3957=CONICAL_SURFACE('',#4493,2.4,0.785398163397456);
#3958=CONICAL_SURFACE('',#4517,2.4,0.785398163397458);
#3959=CONICAL_SURFACE('',#4541,2.4,0.785398163397459);
#3960=CONICAL_SURFACE('',#4566,2.4,0.785398163397459);
#3961=CONICAL_SURFACE('',#4590,2.4,0.785398163397459);
#3962=CONICAL_SURFACE('',#4614,2.4,0.785398163397459);
#3963=CONICAL_SURFACE('',#4638,2.4,0.785398163397461);
#3964=CONICAL_SURFACE('',#4662,2.4,0.785398163397459);
#3965=CONICAL_SURFACE('',#4753,2.4,0.785398163397459);
#3966=CONICAL_SURFACE('',#4807,2.4,0.785398163397458);
#3967=CONICAL_SURFACE('',#4830,2.4,0.785398163397459);
#3968=CONICAL_SURFACE('',#4853,2.4,0.785398163397457);
#3969=CONICAL_SURFACE('',#4876,2.4,0.785398163397458);
#3970=CONICAL_SURFACE('',#4899,2.4,0.78539816339746);
#3971=CONICAL_SURFACE('',#4922,2.4,0.785398163397454);
#3972=CONICAL_SURFACE('',#4945,2.4,0.785398163397459);
#3973=STYLED_ITEM('',(#8343),#4157);
#3974=STYLED_ITEM('',(#8343),#4158);
#3975=STYLED_ITEM('',(#8343),#4159);
#3976=STYLED_ITEM('',(#8343),#4160);
#3977=STYLED_ITEM('',(#8343),#4161);
#3978=STYLED_ITEM('',(#8343),#4162);
#3979=STYLED_ITEM('',(#8343),#4163);
#3980=STYLED_ITEM('',(#8343),#4164);
#3981=STYLED_ITEM('',(#8343),#4165);
#3982=STYLED_ITEM('',(#8343),#4166);
#3983=STYLED_ITEM('',(#8343),#4167);
#3984=STYLED_ITEM('',(#8343),#4168);
#3985=STYLED_ITEM('',(#8343),#4169);
#3986=STYLED_ITEM('',(#8343),#4170);
#3987=STYLED_ITEM('',(#8343),#4171);
#3988=STYLED_ITEM('',(#8343),#4172);
#3989=STYLED_ITEM('',(#8343),#4173);
#3990=STYLED_ITEM('',(#8343),#4174);
#3991=STYLED_ITEM('',(#8343),#4175);
#3992=STYLED_ITEM('',(#8343),#4176);
#3993=STYLED_ITEM('',(#8343),#4177);
#3994=STYLED_ITEM('',(#8343),#4178);
#3995=STYLED_ITEM('',(#8343),#4179);
#3996=STYLED_ITEM('',(#8343),#4180);
#3997=STYLED_ITEM('',(#8343),#4181);
#3998=STYLED_ITEM('',(#8343),#4182);
#3999=STYLED_ITEM('',(#8343),#4183);
#4000=STYLED_ITEM('',(#8343),#4184);
#4001=STYLED_ITEM('',(#8343),#4185);
#4002=STYLED_ITEM('',(#8343),#4186);
#4003=STYLED_ITEM('',(#8343),#4187);
#4004=STYLED_ITEM('',(#8343),#4188);
#4005=STYLED_ITEM('',(#8343),#4189);
#4006=STYLED_ITEM('',(#8343),#4190);
#4007=STYLED_ITEM('',(#8343),#4191);
#4008=STYLED_ITEM('',(#8343),#4192);
#4009=STYLED_ITEM('',(#8343),#4193);
#4010=STYLED_ITEM('',(#8343),#4194);
#4011=STYLED_ITEM('',(#8343),#4195);
#4012=STYLED_ITEM('',(#8343),#4196);
#4013=STYLED_ITEM('',(#8343),#4197);
#4014=STYLED_ITEM('',(#8343),#4198);
#4015=STYLED_ITEM('',(#8343),#4199);
#4016=STYLED_ITEM('',(#8343),#4200);
#4017=STYLED_ITEM('',(#8343),#4201);
#4018=STYLED_ITEM('',(#8343),#4202);
#4019=STYLED_ITEM('',(#8343),#4203);
#4020=STYLED_ITEM('',(#8343),#4204);
#4021=STYLED_ITEM('',(#8343),#4205);
#4022=STYLED_ITEM('',(#8343),#4206);
#4023=STYLED_ITEM('',(#8343),#4207);
#4024=STYLED_ITEM('',(#8343),#4208);
#4025=STYLED_ITEM('',(#8343),#4209);
#4026=STYLED_ITEM('',(#8343),#4210);
#4027=STYLED_ITEM('',(#8343),#4211);
#4028=STYLED_ITEM('',(#8343),#4212);
#4029=STYLED_ITEM('',(#8343),#4213);
#4030=STYLED_ITEM('',(#8343),#4214);
#4031=STYLED_ITEM('',(#8343),#4215);
#4032=STYLED_ITEM('',(#8343),#4216);
#4033=STYLED_ITEM('',(#8343),#4217);
#4034=STYLED_ITEM('',(#8343),#4218);
#4035=STYLED_ITEM('',(#8343),#4219);
#4036=STYLED_ITEM('',(#8343),#4220);
#4037=STYLED_ITEM('',(#8343),#4221);
#4038=STYLED_ITEM('',(#8343),#4222);
#4039=STYLED_ITEM('',(#8343),#4223);
#4040=STYLED_ITEM('',(#8343),#4224);
#4041=STYLED_ITEM('',(#8343),#4225);
#4042=STYLED_ITEM('',(#8343),#4226);
#4043=STYLED_ITEM('',(#8343),#4227);
#4044=STYLED_ITEM('',(#8343),#4228);
#4045=STYLED_ITEM('',(#8343),#4229);
#4046=STYLED_ITEM('',(#8343),#4230);
#4047=STYLED_ITEM('',(#8343),#4231);
#4048=STYLED_ITEM('',(#8343),#4232);
#4049=STYLED_ITEM('',(#8343),#4233);
#4050=STYLED_ITEM('',(#8343),#4234);
#4051=STYLED_ITEM('',(#8343),#4235);
#4052=STYLED_ITEM('',(#8343),#4236);
#4053=STYLED_ITEM('',(#8343),#4237);
#4054=STYLED_ITEM('',(#8343),#4238);
#4055=STYLED_ITEM('',(#8343),#4239);
#4056=STYLED_ITEM('',(#8343),#4240);
#4057=STYLED_ITEM('',(#8343),#4241);
#4058=STYLED_ITEM('',(#8343),#4242);
#4059=STYLED_ITEM('',(#8343),#4243);
#4060=STYLED_ITEM('',(#8343),#4244);
#4061=STYLED_ITEM('',(#8343),#4245);
#4062=STYLED_ITEM('',(#8343),#4246);
#4063=STYLED_ITEM('',(#8343),#4247);
#4064=STYLED_ITEM('',(#8343),#4248);
#4065=STYLED_ITEM('',(#8343),#4249);
#4066=STYLED_ITEM('',(#8343),#4250);
#4067=STYLED_ITEM('',(#8343),#4251);
#4068=STYLED_ITEM('',(#8343),#4252);
#4069=STYLED_ITEM('',(#8343),#4253);
#4070=STYLED_ITEM('',(#8343),#4254);
#4071=STYLED_ITEM('',(#8343),#4255);
#4072=STYLED_ITEM('',(#8343),#4256);
#4073=STYLED_ITEM('',(#8343),#4257);
#4074=STYLED_ITEM('',(#8343),#4258);
#4075=STYLED_ITEM('',(#8343),#4259);
#4076=STYLED_ITEM('',(#8343),#4260);
#4077=STYLED_ITEM('',(#8343),#4261);
#4078=STYLED_ITEM('',(#8343),#4262);
#4079=STYLED_ITEM('',(#8343),#4263);
#4080=STYLED_ITEM('',(#8343),#4264);
#4081=STYLED_ITEM('',(#8343),#4306);
#4082=STYLED_ITEM('',(#8343),#4307);
#4083=STYLED_ITEM('',(#8343),#4308);
#4084=STYLED_ITEM('',(#8343),#4309);
#4085=STYLED_ITEM('',(#8343),#4310);
#4086=STYLED_ITEM('',(#8343),#4311);
#4087=STYLED_ITEM('',(#8343),#4312);
#4088=STYLED_ITEM('',(#8343),#4313);
#4089=STYLED_ITEM('',(#8343),#4314);
#4090=STYLED_ITEM('',(#8343),#4315);
#4091=STYLED_ITEM('',(#8343),#4316);
#4092=STYLED_ITEM('',(#8343),#4317);
#4093=STYLED_ITEM('',(#8343),#4318);
#4094=STYLED_ITEM('',(#8343),#4319);
#4095=STYLED_ITEM('',(#8343),#4320);
#4096=STYLED_ITEM('',(#8343),#4321);
#4097=STYLED_ITEM('',(#8343),#4322);
#4098=STYLED_ITEM('',(#8343),#4323);
#4099=STYLED_ITEM('',(#8343),#4324);
#4100=STYLED_ITEM('',(#8343),#4325);
#4101=STYLED_ITEM('',(#8343),#4326);
#4102=STYLED_ITEM('',(#8343),#4327);
#4103=STYLED_ITEM('',(#8343),#4328);
#4104=STYLED_ITEM('',(#8343),#4329);
#4105=STYLED_ITEM('',(#8343),#4330);
#4106=STYLED_ITEM('',(#8343),#4331);
#4107=STYLED_ITEM('',(#8343),#4332);
#4108=STYLED_ITEM('',(#8343),#4333);
#4109=STYLED_ITEM('',(#8343),#4334);
#4110=STYLED_ITEM('',(#8343),#4335);
#4111=STYLED_ITEM('',(#8343),#4336);
#4112=STYLED_ITEM('',(#8343),#4337);
#4113=STYLED_ITEM('',(#8343),#4338);
#4114=STYLED_ITEM('',(#8343),#4339);
#4115=STYLED_ITEM('',(#8343),#4340);
#4116=STYLED_ITEM('',(#8343),#4341);
#4117=STYLED_ITEM('',(#8343),#4342);
#4118=STYLED_ITEM('',(#8343),#4343);
#4119=STYLED_ITEM('',(#8343),#4344);
#4120=STYLED_ITEM('',(#8343),#4345);
#4121=STYLED_ITEM('',(#8343),#4346);
#4122=STYLED_ITEM('',(#8343),#4347);
#4123=STYLED_ITEM('',(#8343),#4348);
#4124=STYLED_ITEM('',(#8343),#4349);
#4125=STYLED_ITEM('',(#8343),#4350);
#4126=STYLED_ITEM('',(#8343),#4351);
#4127=STYLED_ITEM('',(#8343),#4352);
#4128=STYLED_ITEM('',(#8343),#4353);
#4129=STYLED_ITEM('',(#8343),#4354);
#4130=STYLED_ITEM('',(#8343),#4355);
#4131=STYLED_ITEM('',(#8343),#4356);
#4132=STYLED_ITEM('',(#8343),#4357);
#4133=STYLED_ITEM('',(#8343),#4358);
#4134=STYLED_ITEM('',(#8343),#4359);
#4135=STYLED_ITEM('',(#8343),#4360);
#4136=STYLED_ITEM('',(#8343),#4361);
#4137=STYLED_ITEM('',(#8343),#4362);
#4138=STYLED_ITEM('',(#8343),#4363);
#4139=STYLED_ITEM('',(#8343),#4364);
#4140=STYLED_ITEM('',(#8343),#4365);
#4141=STYLED_ITEM('',(#8343),#4366);
#4142=STYLED_ITEM('',(#8343),#4367);
#4143=STYLED_ITEM('',(#8343),#4368);
#4144=STYLED_ITEM('',(#8343),#4369);
#4145=STYLED_ITEM('',(#8343),#4370);
#4146=STYLED_ITEM('',(#8343),#4371);
#4147=STYLED_ITEM('',(#8343),#4372);
#4148=STYLED_ITEM('',(#8343),#4373);
#4149=STYLED_ITEM('',(#8343),#4374);
#4150=STYLED_ITEM('',(#8343),#4375);
#4151=STYLED_ITEM('',(#8343),#4376);
#4152=STYLED_ITEM('',(#8343),#4377);
#4153=STYLED_ITEM('',(#8343),#4378);
#4154=STYLED_ITEM('',(#8343),#4379);
#4155=STYLED_ITEM('',(#8343),#4380);
#4156=STYLED_ITEM('',(#8342),#21);
#4157=ADVANCED_FACE('',(#703),#3953,.T.);
#4158=ADVANCED_FACE('',(#704),#590,.T.);
#4159=ADVANCED_FACE('',(#705),#74,.T.);
#4160=ADVANCED_FACE('',(#706),#75,.T.);
#4161=ADVANCED_FACE('',(#707),#591,.T.);
#4162=ADVANCED_FACE('',(#708),#592,.F.);
#4163=ADVANCED_FACE('',(#709),#593,.F.);
#4164=ADVANCED_FACE('',(#710),#594,.T.);
#4165=ADVANCED_FACE('',(#711),#28,.T.);
#4166=ADVANCED_FACE('',(#712),#3954,.T.);
#4167=ADVANCED_FACE('',(#713),#595,.T.);
#4168=ADVANCED_FACE('',(#714),#76,.T.);
#4169=ADVANCED_FACE('',(#715),#77,.T.);
#4170=ADVANCED_FACE('',(#716),#596,.T.);
#4171=ADVANCED_FACE('',(#717),#597,.F.);
#4172=ADVANCED_FACE('',(#718),#598,.F.);
#4173=ADVANCED_FACE('',(#719),#599,.T.);
#4174=ADVANCED_FACE('',(#720),#29,.T.);
#4175=ADVANCED_FACE('',(#721),#3955,.T.);
#4176=ADVANCED_FACE('',(#722),#600,.T.);
#4177=ADVANCED_FACE('',(#723),#78,.T.);
#4178=ADVANCED_FACE('',(#724),#79,.T.);
#4179=ADVANCED_FACE('',(#725),#601,.T.);
#4180=ADVANCED_FACE('',(#726),#602,.F.);
#4181=ADVANCED_FACE('',(#727),#603,.F.);
#4182=ADVANCED_FACE('',(#728),#604,.T.);
#4183=ADVANCED_FACE('',(#729),#30,.T.);
#4184=ADVANCED_FACE('',(#730),#3956,.T.);
#4185=ADVANCED_FACE('',(#731),#605,.T.);
#4186=ADVANCED_FACE('',(#732),#80,.T.);
#4187=ADVANCED_FACE('',(#733),#81,.T.);
#4188=ADVANCED_FACE('',(#734),#606,.T.);
#4189=ADVANCED_FACE('',(#735),#607,.F.);
#4190=ADVANCED_FACE('',(#736),#608,.F.);
#4191=ADVANCED_FACE('',(#737),#609,.T.);
#4192=ADVANCED_FACE('',(#738),#31,.T.);
#4193=ADVANCED_FACE('',(#739),#3957,.T.);
#4194=ADVANCED_FACE('',(#740),#610,.T.);
#4195=ADVANCED_FACE('',(#741),#82,.T.);
#4196=ADVANCED_FACE('',(#742),#83,.T.);
#4197=ADVANCED_FACE('',(#743),#611,.T.);
#4198=ADVANCED_FACE('',(#744),#612,.F.);
#4199=ADVANCED_FACE('',(#745),#613,.F.);
#4200=ADVANCED_FACE('',(#746),#614,.T.);
#4201=ADVANCED_FACE('',(#747),#32,.T.);
#4202=ADVANCED_FACE('',(#748),#3958,.T.);
#4203=ADVANCED_FACE('',(#749),#615,.T.);
#4204=ADVANCED_FACE('',(#750),#84,.T.);
#4205=ADVANCED_FACE('',(#751),#85,.T.);
#4206=ADVANCED_FACE('',(#752),#616,.T.);
#4207=ADVANCED_FACE('',(#753),#617,.F.);
#4208=ADVANCED_FACE('',(#754),#618,.F.);
#4209=ADVANCED_FACE('',(#755),#619,.T.);
#4210=ADVANCED_FACE('',(#756),#33,.T.);
#4211=ADVANCED_FACE('',(#757),#3959,.T.);
#4212=ADVANCED_FACE('',(#758),#620,.T.);
#4213=ADVANCED_FACE('',(#759),#86,.T.);
#4214=ADVANCED_FACE('',(#760),#87,.T.);
#4215=ADVANCED_FACE('',(#761),#621,.T.);
#4216=ADVANCED_FACE('',(#762),#622,.F.);
#4217=ADVANCED_FACE('',(#763),#623,.F.);
#4218=ADVANCED_FACE('',(#764),#624,.T.);
#4219=ADVANCED_FACE('',(#765),#34,.T.);
#4220=ADVANCED_FACE('',(#766),#3960,.T.);
#4221=ADVANCED_FACE('',(#767),#625,.T.);
#4222=ADVANCED_FACE('',(#768),#88,.T.);
#4223=ADVANCED_FACE('',(#769),#89,.T.);
#4224=ADVANCED_FACE('',(#770),#626,.T.);
#4225=ADVANCED_FACE('',(#771),#627,.F.);
#4226=ADVANCED_FACE('',(#772),#628,.F.);
#4227=ADVANCED_FACE('',(#773),#629,.T.);
#4228=ADVANCED_FACE('',(#774),#35,.T.);
#4229=ADVANCED_FACE('',(#775),#3961,.T.);
#4230=ADVANCED_FACE('',(#776),#630,.T.);
#4231=ADVANCED_FACE('',(#777),#90,.T.);
#4232=ADVANCED_FACE('',(#778),#91,.T.);
#4233=ADVANCED_FACE('',(#779),#631,.T.);
#4234=ADVANCED_FACE('',(#780),#632,.F.);
#4235=ADVANCED_FACE('',(#781),#633,.F.);
#4236=ADVANCED_FACE('',(#782),#634,.T.);
#4237=ADVANCED_FACE('',(#783),#36,.T.);
#4238=ADVANCED_FACE('',(#784),#3962,.T.);
#4239=ADVANCED_FACE('',(#785),#635,.T.);
#4240=ADVANCED_FACE('',(#786),#92,.T.);
#4241=ADVANCED_FACE('',(#787),#93,.T.);
#4242=ADVANCED_FACE('',(#788),#636,.T.);
#4243=ADVANCED_FACE('',(#789),#637,.F.);
#4244=ADVANCED_FACE('',(#790),#638,.F.);
#4245=ADVANCED_FACE('',(#791),#639,.T.);
#4246=ADVANCED_FACE('',(#792),#37,.T.);
#4247=ADVANCED_FACE('',(#793),#3963,.T.);
#4248=ADVANCED_FACE('',(#794),#640,.T.);
#4249=ADVANCED_FACE('',(#795),#94,.T.);
#4250=ADVANCED_FACE('',(#796),#95,.T.);
#4251=ADVANCED_FACE('',(#797),#641,.T.);
#4252=ADVANCED_FACE('',(#798),#642,.F.);
#4253=ADVANCED_FACE('',(#799),#643,.F.);
#4254=ADVANCED_FACE('',(#800),#644,.T.);
#4255=ADVANCED_FACE('',(#801),#38,.T.);
#4256=ADVANCED_FACE('',(#802),#3964,.T.);
#4257=ADVANCED_FACE('',(#803),#645,.T.);
#4258=ADVANCED_FACE('',(#804),#96,.T.);
#4259=ADVANCED_FACE('',(#805),#97,.T.);
#4260=ADVANCED_FACE('',(#806),#646,.T.);
#4261=ADVANCED_FACE('',(#807),#647,.F.);
#4262=ADVANCED_FACE('',(#808),#648,.F.);
#4263=ADVANCED_FACE('',(#809),#649,.T.);
#4264=ADVANCED_FACE('',(#810),#39,.T.);
#4265=ADVANCED_FACE('',(#811),#40,.T.);
#4266=ADVANCED_FACE('',(#812,#25),#41,.T.);
#4267=ADVANCED_FACE('',(#813),#650,.T.);
#4268=ADVANCED_FACE('',(#814),#42,.T.);
#4269=ADVANCED_FACE('',(#815),#43,.T.);
#4270=ADVANCED_FACE('',(#816),#651,.T.);
#4271=ADVANCED_FACE('',(#817),#44,.F.);
#4272=ADVANCED_FACE('',(#818),#652,.T.);
#4273=ADVANCED_FACE('',(#819),#45,.T.);
#4274=ADVANCED_FACE('',(#820),#653,.T.);
#4275=ADVANCED_FACE('',(#821),#654,.F.);
#4276=ADVANCED_FACE('',(#822),#22,.F.);
#4277=ADVANCED_FACE('',(#823),#655,.F.);
#4278=ADVANCED_FACE('',(#824),#23,.F.);
#4279=ADVANCED_FACE('',(#825),#24,.F.);
#4280=ADVANCED_FACE('',(#826),#98,.T.);
#4281=ADVANCED_FACE('',(#827),#99,.T.);
#4282=ADVANCED_FACE('',(#828),#656,.T.);
#4283=ADVANCED_FACE('',(#829),#46,.T.);
#4284=ADVANCED_FACE('',(#830),#47,.T.);
#4285=ADVANCED_FACE('',(#831),#48,.T.);
#4286=ADVANCED_FACE('',(#832),#657,.F.);
#4287=ADVANCED_FACE('',(#833),#49,.T.);
#4288=ADVANCED_FACE('',(#834),#50,.T.);
#4289=ADVANCED_FACE('',(#835),#51,.T.);
#4290=ADVANCED_FACE('',(#836),#52,.F.);
#4291=ADVANCED_FACE('',(#837),#53,.F.);
#4292=ADVANCED_FACE('',(#838),#54,.T.);
#4293=ADVANCED_FACE('',(#839),#55,.T.);
#4294=ADVANCED_FACE('',(#840),#658,.F.);
#4295=ADVANCED_FACE('',(#841),#659,.F.);
#4296=ADVANCED_FACE('',(#842),#56,.T.);
#4297=ADVANCED_FACE('',(#843),#660,.T.);
#4298=ADVANCED_FACE('',(#844,#26),#57,.F.);
#4299=ADVANCED_FACE('',(#845),#58,.T.);
#4300=ADVANCED_FACE('',(#846),#59,.T.);
#4301=ADVANCED_FACE('',(#847),#60,.T.);
#4302=ADVANCED_FACE('',(#848),#61,.T.);
#4303=ADVANCED_FACE('',(#849),#62,.T.);
#4304=ADVANCED_FACE('',(#850),#63,.T.);
#4305=ADVANCED_FACE('',(#851),#64,.T.);
#4306=ADVANCED_FACE('',(#852),#3965,.T.);
#4307=ADVANCED_FACE('',(#853),#661,.T.);
#4308=ADVANCED_FACE('',(#854),#100,.T.);
#4309=ADVANCED_FACE('',(#855),#101,.T.);
#4310=ADVANCED_FACE('',(#856),#662,.T.);
#4311=ADVANCED_FACE('',(#857),#663,.F.);
#4312=ADVANCED_FACE('',(#858),#664,.F.);
#4313=ADVANCED_FACE('',(#859),#665,.T.);
#4314=ADVANCED_FACE('',(#860),#65,.T.);
#4315=ADVANCED_FACE('',(#861),#666,.T.);
#4316=ADVANCED_FACE('',(#862),#667,.F.);
#4317=ADVANCED_FACE('',(#863),#3966,.T.);
#4318=ADVANCED_FACE('',(#864),#668,.T.);
#4319=ADVANCED_FACE('',(#865),#102,.T.);
#4320=ADVANCED_FACE('',(#866),#103,.T.);
#4321=ADVANCED_FACE('',(#867),#669,.T.);
#4322=ADVANCED_FACE('',(#868),#670,.F.);
#4323=ADVANCED_FACE('',(#869),#671,.F.);
#4324=ADVANCED_FACE('',(#870),#672,.T.);
#4325=ADVANCED_FACE('',(#871),#66,.T.);
#4326=ADVANCED_FACE('',(#872),#3967,.T.);
#4327=ADVANCED_FACE('',(#873),#673,.T.);
#4328=ADVANCED_FACE('',(#874),#104,.T.);
#4329=ADVANCED_FACE('',(#875),#105,.T.);
#4330=ADVANCED_FACE('',(#876),#674,.T.);
#4331=ADVANCED_FACE('',(#877),#675,.F.);
#4332=ADVANCED_FACE('',(#878),#676,.F.);
#4333=ADVANCED_FACE('',(#879),#677,.T.);
#4334=ADVANCED_FACE('',(#880),#67,.T.);
#4335=ADVANCED_FACE('',(#881),#3968,.T.);
#4336=ADVANCED_FACE('',(#882),#678,.T.);
#4337=ADVANCED_FACE('',(#883),#106,.T.);
#4338=ADVANCED_FACE('',(#884),#107,.T.);
#4339=ADVANCED_FACE('',(#885),#679,.T.);
#4340=ADVANCED_FACE('',(#886),#680,.F.);
#4341=ADVANCED_FACE('',(#887),#681,.F.);
#4342=ADVANCED_FACE('',(#888),#682,.T.);
#4343=ADVANCED_FACE('',(#889),#68,.T.);
#4344=ADVANCED_FACE('',(#890),#3969,.T.);
#4345=ADVANCED_FACE('',(#891),#683,.T.);
#4346=ADVANCED_FACE('',(#892),#108,.T.);
#4347=ADVANCED_FACE('',(#893),#109,.T.);
#4348=ADVANCED_FACE('',(#894),#684,.T.);
#4349=ADVANCED_FACE('',(#895),#685,.F.);
#4350=ADVANCED_FACE('',(#896),#686,.F.);
#4351=ADVANCED_FACE('',(#897),#687,.T.);
#4352=ADVANCED_FACE('',(#898),#69,.T.);
#4353=ADVANCED_FACE('',(#899),#3970,.T.);
#4354=ADVANCED_FACE('',(#900),#688,.T.);
#4355=ADVANCED_FACE('',(#901),#110,.T.);
#4356=ADVANCED_FACE('',(#902),#111,.T.);
#4357=ADVANCED_FACE('',(#903),#689,.T.);
#4358=ADVANCED_FACE('',(#904),#690,.F.);
#4359=ADVANCED_FACE('',(#905),#691,.F.);
#4360=ADVANCED_FACE('',(#906),#692,.T.);
#4361=ADVANCED_FACE('',(#907),#70,.T.);
#4362=ADVANCED_FACE('',(#908),#3971,.T.);
#4363=ADVANCED_FACE('',(#909),#693,.T.);
#4364=ADVANCED_FACE('',(#910),#112,.T.);
#4365=ADVANCED_FACE('',(#911),#113,.T.);
#4366=ADVANCED_FACE('',(#912),#694,.T.);
#4367=ADVANCED_FACE('',(#913),#695,.F.);
#4368=ADVANCED_FACE('',(#914),#696,.F.);
#4369=ADVANCED_FACE('',(#915),#697,.T.);
#4370=ADVANCED_FACE('',(#916),#71,.T.);
#4371=ADVANCED_FACE('',(#917),#3972,.T.);
#4372=ADVANCED_FACE('',(#918),#698,.T.);
#4373=ADVANCED_FACE('',(#919),#114,.T.);
#4374=ADVANCED_FACE('',(#920),#115,.T.);
#4375=ADVANCED_FACE('',(#921),#699,.T.);
#4376=ADVANCED_FACE('',(#922),#700,.F.);
#4377=ADVANCED_FACE('',(#923),#701,.F.);
#4378=ADVANCED_FACE('',(#924),#702,.T.);
#4379=ADVANCED_FACE('',(#925),#72,.T.);
#4380=ADVANCED_FACE('',(#926,#27),#73,.F.);
#4381=CLOSED_SHELL('',(#4157,#4158,#4159,#4160,#4161,#4162,#4163,#4164,
#4165,#4166,#4167,#4168,#4169,#4170,#4171,#4172,#4173,#4174,#4175,#4176,
#4177,#4178,#4179,#4180,#4181,#4182,#4183,#4184,#4185,#4186,#4187,#4188,
#4189,#4190,#4191,#4192,#4193,#4194,#4195,#4196,#4197,#4198,#4199,#4200,
#4201,#4202,#4203,#4204,#4205,#4206,#4207,#4208,#4209,#4210,#4211,#4212,
#4213,#4214,#4215,#4216,#4217,#4218,#4219,#4220,#4221,#4222,#4223,#4224,
#4225,#4226,#4227,#4228,#4229,#4230,#4231,#4232,#4233,#4234,#4235,#4236,
#4237,#4238,#4239,#4240,#4241,#4242,#4243,#4244,#4245,#4246,#4247,#4248,
#4249,#4250,#4251,#4252,#4253,#4254,#4255,#4256,#4257,#4258,#4259,#4260,
#4261,#4262,#4263,#4264,#4265,#4266,#4267,#4268,#4269,#4270,#4271,#4272,
#4273,#4274,#4275,#4276,#4277,#4278,#4279,#4280,#4281,#4282,#4283,#4284,
#4285,#4286,#4287,#4288,#4289,#4290,#4291,#4292,#4293,#4294,#4295,#4296,
#4297,#4298,#4299,#4300,#4301,#4302,#4303,#4304,#4305,#4306,#4307,#4308,
#4309,#4310,#4311,#4312,#4313,#4314,#4315,#4316,#4317,#4318,#4319,#4320,
#4321,#4322,#4323,#4324,#4325,#4326,#4327,#4328,#4329,#4330,#4331,#4332,
#4333,#4334,#4335,#4336,#4337,#4338,#4339,#4340,#4341,#4342,#4343,#4344,
#4345,#4346,#4347,#4348,#4349,#4350,#4351,#4352,#4353,#4354,#4355,#4356,
#4357,#4358,#4359,#4360,#4361,#4362,#4363,#4364,#4365,#4366,#4367,#4368,
#4369,#4370,#4371,#4372,#4373,#4374,#4375,#4376,#4377,#4378,#4379,#4380));
#4382=DERIVED_UNIT_ELEMENT(#4384,1.);
#4383=DERIVED_UNIT_ELEMENT(#8311,-3.);
#4384=(
MASS_UNIT()
NAMED_UNIT(*)
SI_UNIT(.KILO.,.GRAM.)
);
#4385=DERIVED_UNIT((#4382,#4383));
#4386=MEASURE_REPRESENTATION_ITEM('density measure',
POSITIVE_RATIO_MEASURE(7850.),#4385);
#4387=PROPERTY_DEFINITION_REPRESENTATION(#4392,#4389);
#4388=PROPERTY_DEFINITION_REPRESENTATION(#4393,#4390);
#4389=REPRESENTATION('material name',(#4391),#8308);
#4390=REPRESENTATION('density',(#4386),#8308);
#4391=DESCRIPTIVE_REPRESENTATION_ITEM('Steel','Steel');
#4392=PROPERTY_DEFINITION('material property','material name',#8328);
#4393=PROPERTY_DEFINITION('material property','density of part',#8328);
#4394=AXIS2_PLACEMENT_3D('',#6362,#4971,#4972);
#4395=AXIS2_PLACEMENT_3D('',#6363,#4973,#4974);
#4396=AXIS2_PLACEMENT_3D('',#6364,#4975,#4976);
#4397=AXIS2_PLACEMENT_3D('',#6365,#4977,#4978);
#4398=AXIS2_PLACEMENT_3D('',#6368,#4979,#4980);
#4399=AXIS2_PLACEMENT_3D('',#6370,#4981,#4982);
#4400=AXIS2_PLACEMENT_3D('',#6382,#4983,#4984);
#4401=AXIS2_PLACEMENT_3D('',#6383,#4985,#4986);
#4402=AXIS2_PLACEMENT_3D('',#6387,#4988,#4989);
#4403=AXIS2_PLACEMENT_3D('',#6400,#4991,#4992);
#4404=AXIS2_PLACEMENT_3D('',#6403,#4994,#4995);
#4405=AXIS2_PLACEMENT_3D('',#6415,#4996,#4997);
#4406=AXIS2_PLACEMENT_3D('',#6418,#4999,#5000);
#4407=AXIS2_PLACEMENT_3D('',#6419,#5001,#5002);
#4408=AXIS2_PLACEMENT_3D('',#6421,#5003,#5004);
#4409=AXIS2_PLACEMENT_3D('',#6423,#5005,#5006);
#4410=AXIS2_PLACEMENT_3D('',#6425,#5008,#5009);
#4411=AXIS2_PLACEMENT_3D('',#6427,#5010,#5011);
#4412=AXIS2_PLACEMENT_3D('',#6429,#5012,#5013);
#4413=AXIS2_PLACEMENT_3D('',#6431,#5015,#5016);
#4414=AXIS2_PLACEMENT_3D('',#6434,#5017,#5018);
#4415=AXIS2_PLACEMENT_3D('',#6438,#5020,#5021);
#4416=AXIS2_PLACEMENT_3D('',#6440,#5023,#5024);
#4417=AXIS2_PLACEMENT_3D('',#6441,#5025,#5026);
#4418=AXIS2_PLACEMENT_3D('',#6442,#5027,#5028);
#4419=AXIS2_PLACEMENT_3D('',#6443,#5029,#5030);
#4420=AXIS2_PLACEMENT_3D('',#6444,#5031,#5032);
#4421=AXIS2_PLACEMENT_3D('',#6445,#5033,#5034);
#4422=AXIS2_PLACEMENT_3D('',#6448,#5035,#5036);
#4423=AXIS2_PLACEMENT_3D('',#6450,#5037,#5038);
#4424=AXIS2_PLACEMENT_3D('',#6462,#5039,#5040);
#4425=AXIS2_PLACEMENT_3D('',#6463,#5041,#5042);
#4426=AXIS2_PLACEMENT_3D('',#6467,#5044,#5045);
#4427=AXIS2_PLACEMENT_3D('',#6480,#5047,#5048);
#4428=AXIS2_PLACEMENT_3D('',#6483,#5050,#5051);
#4429=AXIS2_PLACEMENT_3D('',#6495,#5052,#5053);
#4430=AXIS2_PLACEMENT_3D('',#6498,#5055,#5056);
#4431=AXIS2_PLACEMENT_3D('',#6499,#5057,#5058);
#4432=AXIS2_PLACEMENT_3D('',#6501,#5059,#5060);
#4433=AXIS2_PLACEMENT_3D('',#6503,#5061,#5062);
#4434=AXIS2_PLACEMENT_3D('',#6505,#5064,#5065);
#4435=AXIS2_PLACEMENT_3D('',#6507,#5066,#5067);
#4436=AXIS2_PLACEMENT_3D('',#6509,#5068,#5069);
#4437=AXIS2_PLACEMENT_3D('',#6511,#5071,#5072);
#4438=AXIS2_PLACEMENT_3D('',#6514,#5073,#5074);
#4439=AXIS2_PLACEMENT_3D('',#6518,#5076,#5077);
#4440=AXIS2_PLACEMENT_3D('',#6520,#5079,#5080);
#4441=AXIS2_PLACEMENT_3D('',#6521,#5081,#5082);
#4442=AXIS2_PLACEMENT_3D('',#6522,#5083,#5084);
#4443=AXIS2_PLACEMENT_3D('',#6523,#5085,#5086);
#4444=AXIS2_PLACEMENT_3D('',#6524,#5087,#5088);
#4445=AXIS2_PLACEMENT_3D('',#6525,#5089,#5090);
#4446=AXIS2_PLACEMENT_3D('',#6528,#5091,#5092);
#4447=AXIS2_PLACEMENT_3D('',#6530,#5093,#5094);
#4448=AXIS2_PLACEMENT_3D('',#6542,#5095,#5096);
#4449=AXIS2_PLACEMENT_3D('',#6543,#5097,#5098);
#4450=AXIS2_PLACEMENT_3D('',#6547,#5100,#5101);
#4451=AXIS2_PLACEMENT_3D('',#6560,#5103,#5104);
#4452=AXIS2_PLACEMENT_3D('',#6563,#5106,#5107);
#4453=AXIS2_PLACEMENT_3D('',#6575,#5108,#5109);
#4454=AXIS2_PLACEMENT_3D('',#6578,#5111,#5112);
#4455=AXIS2_PLACEMENT_3D('',#6579,#5113,#5114);
#4456=AXIS2_PLACEMENT_3D('',#6581,#5115,#5116);
#4457=AXIS2_PLACEMENT_3D('',#6583,#5117,#5118);
#4458=AXIS2_PLACEMENT_3D('',#6585,#5120,#5121);
#4459=AXIS2_PLACEMENT_3D('',#6587,#5122,#5123);
#4460=AXIS2_PLACEMENT_3D('',#6589,#5124,#5125);
#4461=AXIS2_PLACEMENT_3D('',#6591,#5127,#5128);
#4462=AXIS2_PLACEMENT_3D('',#6594,#5129,#5130);
#4463=AXIS2_PLACEMENT_3D('',#6598,#5132,#5133);
#4464=AXIS2_PLACEMENT_3D('',#6600,#5135,#5136);
#4465=AXIS2_PLACEMENT_3D('',#6601,#5137,#5138);
#4466=AXIS2_PLACEMENT_3D('',#6602,#5139,#5140);
#4467=AXIS2_PLACEMENT_3D('',#6603,#5141,#5142);
#4468=AXIS2_PLACEMENT_3D('',#6604,#5143,#5144);
#4469=AXIS2_PLACEMENT_3D('',#6605,#5145,#5146);
#4470=AXIS2_PLACEMENT_3D('',#6608,#5147,#5148);
#4471=AXIS2_PLACEMENT_3D('',#6610,#5149,#5150);
#4472=AXIS2_PLACEMENT_3D('',#6622,#5151,#5152);
#4473=AXIS2_PLACEMENT_3D('',#6623,#5153,#5154);
#4474=AXIS2_PLACEMENT_3D('',#6627,#5156,#5157);
#4475=AXIS2_PLACEMENT_3D('',#6640,#5159,#5160);
#4476=AXIS2_PLACEMENT_3D('',#6643,#5162,#5163);
#4477=AXIS2_PLACEMENT_3D('',#6655,#5164,#5165);
#4478=AXIS2_PLACEMENT_3D('',#6658,#5167,#5168);
#4479=AXIS2_PLACEMENT_3D('',#6659,#5169,#5170);
#4480=AXIS2_PLACEMENT_3D('',#6661,#5171,#5172);
#4481=AXIS2_PLACEMENT_3D('',#6663,#5173,#5174);
#4482=AXIS2_PLACEMENT_3D('',#6665,#5176,#5177);
#4483=AXIS2_PLACEMENT_3D('',#6667,#5178,#5179);
#4484=AXIS2_PLACEMENT_3D('',#6669,#5180,#5181);
#4485=AXIS2_PLACEMENT_3D('',#6671,#5183,#5184);
#4486=AXIS2_PLACEMENT_3D('',#6674,#5185,#5186);
#4487=AXIS2_PLACEMENT_3D('',#6678,#5188,#5189);
#4488=AXIS2_PLACEMENT_3D('',#6680,#5191,#5192);
#4489=AXIS2_PLACEMENT_3D('',#6681,#5193,#5194);
#4490=AXIS2_PLACEMENT_3D('',#6682,#5195,#5196);
#4491=AXIS2_PLACEMENT_3D('',#6683,#5197,#5198);
#4492=AXIS2_PLACEMENT_3D('',#6684,#5199,#5200);
#4493=AXIS2_PLACEMENT_3D('',#6685,#5201,#5202);
#4494=AXIS2_PLACEMENT_3D('',#6688,#5203,#5204);
#4495=AXIS2_PLACEMENT_3D('',#6690,#5205,#5206);
#4496=AXIS2_PLACEMENT_3D('',#6702,#5207,#5208);
#4497=AXIS2_PLACEMENT_3D('',#6703,#5209,#5210);
#4498=AXIS2_PLACEMENT_3D('',#6707,#5212,#5213);
#4499=AXIS2_PLACEMENT_3D('',#6720,#5215,#5216);
#4500=AXIS2_PLACEMENT_3D('',#6723,#5218,#5219);
#4501=AXIS2_PLACEMENT_3D('',#6735,#5220,#5221);
#4502=AXIS2_PLACEMENT_3D('',#6738,#5223,#5224);
#4503=AXIS2_PLACEMENT_3D('',#6739,#5225,#5226);
#4504=AXIS2_PLACEMENT_3D('',#6741,#5227,#5228);
#4505=AXIS2_PLACEMENT_3D('',#6743,#5229,#5230);
#4506=AXIS2_PLACEMENT_3D('',#6745,#5232,#5233);
#4507=AXIS2_PLACEMENT_3D('',#6747,#5234,#5235);
#4508=AXIS2_PLACEMENT_3D('',#6749,#5236,#5237);
#4509=AXIS2_PLACEMENT_3D('',#6751,#5239,#5240);
#4510=AXIS2_PLACEMENT_3D('',#6754,#5241,#5242);
#4511=AXIS2_PLACEMENT_3D('',#6758,#5244,#5245);
#4512=AXIS2_PLACEMENT_3D('',#6760,#5247,#5248);
#4513=AXIS2_PLACEMENT_3D('',#6761,#5249,#5250);
#4514=AXIS2_PLACEMENT_3D('',#6762,#5251,#5252);
#4515=AXIS2_PLACEMENT_3D('',#6763,#5253,#5254);
#4516=AXIS2_PLACEMENT_3D('',#6764,#5255,#5256);
#4517=AXIS2_PLACEMENT_3D('',#6765,#5257,#5258);
#4518=AXIS2_PLACEMENT_3D('',#6768,#5259,#5260);
#4519=AXIS2_PLACEMENT_3D('',#6770,#5261,#5262);
#4520=AXIS2_PLACEMENT_3D('',#6782,#5263,#5264);
#4521=AXIS2_PLACEMENT_3D('',#6783,#5265,#5266);
#4522=AXIS2_PLACEMENT_3D('',#6787,#5268,#5269);
#4523=AXIS2_PLACEMENT_3D('',#6800,#5271,#5272);
#4524=AXIS2_PLACEMENT_3D('',#6803,#5274,#5275);
#4525=AXIS2_PLACEMENT_3D('',#6815,#5276,#5277);
#4526=AXIS2_PLACEMENT_3D('',#6818,#5279,#5280);
#4527=AXIS2_PLACEMENT_3D('',#6819,#5281,#5282);
#4528=AXIS2_PLACEMENT_3D('',#6821,#5283,#5284);
#4529=AXIS2_PLACEMENT_3D('',#6823,#5285,#5286);
#4530=AXIS2_PLACEMENT_3D('',#6825,#5288,#5289);
#4531=AXIS2_PLACEMENT_3D('',#6827,#5290,#5291);
#4532=AXIS2_PLACEMENT_3D('',#6829,#5292,#5293);
#4533=AXIS2_PLACEMENT_3D('',#6831,#5295,#5296);
#4534=AXIS2_PLACEMENT_3D('',#6834,#5297,#5298);
#4535=AXIS2_PLACEMENT_3D('',#6838,#5300,#5301);
#4536=AXIS2_PLACEMENT_3D('',#6840,#5303,#5304);
#4537=AXIS2_PLACEMENT_3D('',#6841,#5305,#5306);
#4538=AXIS2_PLACEMENT_3D('',#6842,#5307,#5308);
#4539=AXIS2_PLACEMENT_3D('',#6843,#5309,#5310);
#4540=AXIS2_PLACEMENT_3D('',#6844,#5311,#5312);
#4541=AXIS2_PLACEMENT_3D('',#6845,#5313,#5314);
#4542=AXIS2_PLACEMENT_3D('',#6848,#5315,#5316);
#4543=AXIS2_PLACEMENT_3D('',#6850,#5317,#5318);
#4544=AXIS2_PLACEMENT_3D('',#6862,#5319,#5320);
#4545=AXIS2_PLACEMENT_3D('',#6863,#5321,#5322);
#4546=AXIS2_PLACEMENT_3D('',#6867,#5324,#5325);
#4547=AXIS2_PLACEMENT_3D('',#6880,#5327,#5328);
#4548=AXIS2_PLACEMENT_3D('',#6883,#5330,#5331);
#4549=AXIS2_PLACEMENT_3D('',#6895,#5332,#5333);
#4550=AXIS2_PLACEMENT_3D('',#6898,#5335,#5336);
#4551=AXIS2_PLACEMENT_3D('',#6899,#5337,#5338);
#4552=AXIS2_PLACEMENT_3D('',#6901,#5339,#5340);
#4553=AXIS2_PLACEMENT_3D('',#6903,#5341,#5342);
#4554=AXIS2_PLACEMENT_3D('',#6905,#5344,#5345);
#4555=AXIS2_PLACEMENT_3D('',#6907,#5346,#5347);
#4556=AXIS2_PLACEMENT_3D('',#6909,#5348,#5349);
#4557=AXIS2_PLACEMENT_3D('',#6911,#5351,#5352);
#4558=AXIS2_PLACEMENT_3D('',#6914,#5353,#5354);
#4559=AXIS2_PLACEMENT_3D('',#6918,#5356,#5357);
#4560=AXIS2_PLACEMENT_3D('',#6920,#5359,#5360);
#4561=AXIS2_PLACEMENT_3D('',#6921,#5361,#5362);
#4562=AXIS2_PLACEMENT_3D('',#6922,#5363,#5364);
#4563=AXIS2_PLACEMENT_3D('',#6923,#5365,#5366);
#4564=AXIS2_PLACEMENT_3D('',#6925,#5367,#5368);
#4565=AXIS2_PLACEMENT_3D('',#6926,#5369,#5370);
#4566=AXIS2_PLACEMENT_3D('',#6927,#5371,#5372);
#4567=AXIS2_PLACEMENT_3D('',#6930,#5373,#5374);
#4568=AXIS2_PLACEMENT_3D('',#6932,#5375,#5376);
#4569=AXIS2_PLACEMENT_3D('',#6944,#5377,#5378);
#4570=AXIS2_PLACEMENT_3D('',#6945,#5379,#5380);
#4571=AXIS2_PLACEMENT_3D('',#6949,#5382,#5383);
#4572=AXIS2_PLACEMENT_3D('',#6962,#5385,#5386);
#4573=AXIS2_PLACEMENT_3D('',#6965,#5388,#5389);
#4574=AXIS2_PLACEMENT_3D('',#6977,#5390,#5391);
#4575=AXIS2_PLACEMENT_3D('',#6980,#5393,#5394);
#4576=AXIS2_PLACEMENT_3D('',#6981,#5395,#5396);
#4577=AXIS2_PLACEMENT_3D('',#6983,#5397,#5398);
#4578=AXIS2_PLACEMENT_3D('',#6985,#5399,#5400);
#4579=AXIS2_PLACEMENT_3D('',#6987,#5402,#5403);
#4580=AXIS2_PLACEMENT_3D('',#6989,#5404,#5405);
#4581=AXIS2_PLACEMENT_3D('',#6991,#5406,#5407);
#4582=AXIS2_PLACEMENT_3D('',#6993,#5409,#5410);
#4583=AXIS2_PLACEMENT_3D('',#6996,#5411,#5412);
#4584=AXIS2_PLACEMENT_3D('',#7000,#5414,#5415);
#4585=AXIS2_PLACEMENT_3D('',#7002,#5417,#5418);
#4586=AXIS2_PLACEMENT_3D('',#7003,#5419,#5420);
#4587=AXIS2_PLACEMENT_3D('',#7004,#5421,#5422);
#4588=AXIS2_PLACEMENT_3D('',#7005,#5423,#5424);
#4589=AXIS2_PLACEMENT_3D('',#7006,#5425,#5426);
#4590=AXIS2_PLACEMENT_3D('',#7007,#5427,#5428);
#4591=AXIS2_PLACEMENT_3D('',#7010,#5429,#5430);
#4592=AXIS2_PLACEMENT_3D('',#7012,#5431,#5432);
#4593=AXIS2_PLACEMENT_3D('',#7024,#5433,#5434);
#4594=AXIS2_PLACEMENT_3D('',#7025,#5435,#5436);
#4595=AXIS2_PLACEMENT_3D('',#7029,#5438,#5439);
#4596=AXIS2_PLACEMENT_3D('',#7042,#5441,#5442);
#4597=AXIS2_PLACEMENT_3D('',#7045,#5444,#5445);
#4598=AXIS2_PLACEMENT_3D('',#7057,#5446,#5447);
#4599=AXIS2_PLACEMENT_3D('',#7060,#5449,#5450);
#4600=AXIS2_PLACEMENT_3D('',#7061,#5451,#5452);
#4601=AXIS2_PLACEMENT_3D('',#7063,#5453,#5454);
#4602=AXIS2_PLACEMENT_3D('',#7065,#5455,#5456);
#4603=AXIS2_PLACEMENT_3D('',#7067,#5458,#5459);
#4604=AXIS2_PLACEMENT_3D('',#7069,#5460,#5461);
#4605=AXIS2_PLACEMENT_3D('',#7071,#5462,#5463);
#4606=AXIS2_PLACEMENT_3D('',#7073,#5465,#5466);
#4607=AXIS2_PLACEMENT_3D('',#7076,#5467,#5468);
#4608=AXIS2_PLACEMENT_3D('',#7080,#5470,#5471);
#4609=AXIS2_PLACEMENT_3D('',#7082,#5473,#5474);
#4610=AXIS2_PLACEMENT_3D('',#7083,#5475,#5476);
#4611=AXIS2_PLACEMENT_3D('',#7084,#5477,#5478);
#4612=AXIS2_PLACEMENT_3D('',#7085,#5479,#5480);
#4613=AXIS2_PLACEMENT_3D('',#7086,#5481,#5482);
#4614=AXIS2_PLACEMENT_3D('',#7087,#5483,#5484);
#4615=AXIS2_PLACEMENT_3D('',#7090,#5485,#5486);
#4616=AXIS2_PLACEMENT_3D('',#7092,#5487,#5488);
#4617=AXIS2_PLACEMENT_3D('',#7104,#5489,#5490);
#4618=AXIS2_PLACEMENT_3D('',#7105,#5491,#5492);
#4619=AXIS2_PLACEMENT_3D('',#7109,#5494,#5495);
#4620=AXIS2_PLACEMENT_3D('',#7122,#5497,#5498);
#4621=AXIS2_PLACEMENT_3D('',#7125,#5500,#5501);
#4622=AXIS2_PLACEMENT_3D('',#7137,#5502,#5503);
#4623=AXIS2_PLACEMENT_3D('',#7140,#5505,#5506);
#4624=AXIS2_PLACEMENT_3D('',#7141,#5507,#5508);
#4625=AXIS2_PLACEMENT_3D('',#7143,#5509,#5510);
#4626=AXIS2_PLACEMENT_3D('',#7145,#5511,#5512);
#4627=AXIS2_PLACEMENT_3D('',#7147,#5514,#5515);
#4628=AXIS2_PLACEMENT_3D('',#7149,#5516,#5517);
#4629=AXIS2_PLACEMENT_3D('',#7151,#5518,#5519);
#4630=AXIS2_PLACEMENT_3D('',#7153,#5521,#5522);
#4631=AXIS2_PLACEMENT_3D('',#7156,#5523,#5524);
#4632=AXIS2_PLACEMENT_3D('',#7160,#5526,#5527);
#4633=AXIS2_PLACEMENT_3D('',#7162,#5529,#5530);
#4634=AXIS2_PLACEMENT_3D('',#7163,#5531,#5532);
#4635=AXIS2_PLACEMENT_3D('',#7164,#5533,#5534);
#4636=AXIS2_PLACEMENT_3D('',#7165,#5535,#5536);
#4637=AXIS2_PLACEMENT_3D('',#7166,#5537,#5538);
#4638=AXIS2_PLACEMENT_3D('',#7167,#5539,#5540);
#4639=AXIS2_PLACEMENT_3D('',#7170,#5541,#5542);
#4640=AXIS2_PLACEMENT_3D('',#7172,#5543,#5544);
#4641=AXIS2_PLACEMENT_3D('',#7184,#5545,#5546);
#4642=AXIS2_PLACEMENT_3D('',#7185,#5547,#5548);
#4643=AXIS2_PLACEMENT_3D('',#7189,#5550,#5551);
#4644=AXIS2_PLACEMENT_3D('',#7202,#5553,#5554);
#4645=AXIS2_PLACEMENT_3D('',#7205,#5556,#5557);
#4646=AXIS2_PLACEMENT_3D('',#7217,#5558,#5559);
#4647=AXIS2_PLACEMENT_3D('',#7220,#5561,#5562);
#4648=AXIS2_PLACEMENT_3D('',#7221,#5563,#5564);
#4649=AXIS2_PLACEMENT_3D('',#7223,#5565,#5566);
#4650=AXIS2_PLACEMENT_3D('',#7225,#5567,#5568);
#4651=AXIS2_PLACEMENT_3D('',#7227,#5570,#5571);
#4652=AXIS2_PLACEMENT_3D('',#7229,#5572,#5573);
#4653=AXIS2_PLACEMENT_3D('',#7231,#5574,#5575);
#4654=AXIS2_PLACEMENT_3D('',#7233,#5577,#5578);
#4655=AXIS2_PLACEMENT_3D('',#7236,#5579,#5580);
#4656=AXIS2_PLACEMENT_3D('',#7240,#5582,#5583);
#4657=AXIS2_PLACEMENT_3D('',#7242,#5585,#5586);
#4658=AXIS2_PLACEMENT_3D('',#7243,#5587,#5588);
#4659=AXIS2_PLACEMENT_3D('',#7244,#5589,#5590);
#4660=AXIS2_PLACEMENT_3D('',#7245,#5591,#5592);
#4661=AXIS2_PLACEMENT_3D('',#7246,#5593,#5594);
#4662=AXIS2_PLACEMENT_3D('',#7247,#5595,#5596);
#4663=AXIS2_PLACEMENT_3D('',#7250,#5597,#5598);
#4664=AXIS2_PLACEMENT_3D('',#7252,#5599,#5600);
#4665=AXIS2_PLACEMENT_3D('',#7264,#5601,#5602);
#4666=AXIS2_PLACEMENT_3D('',#7265,#5603,#5604);
#4667=AXIS2_PLACEMENT_3D('',#7269,#5606,#5607);
#4668=AXIS2_PLACEMENT_3D('',#7282,#5609,#5610);
#4669=AXIS2_PLACEMENT_3D('',#7285,#5612,#5613);
#4670=AXIS2_PLACEMENT_3D('',#7297,#5614,#5615);
#4671=AXIS2_PLACEMENT_3D('',#7300,#5617,#5618);
#4672=AXIS2_PLACEMENT_3D('',#7301,#5619,#5620);
#4673=AXIS2_PLACEMENT_3D('',#7303,#5621,#5622);
#4674=AXIS2_PLACEMENT_3D('',#7305,#5623,#5624);
#4675=AXIS2_PLACEMENT_3D('',#7307,#5626,#5627);
#4676=AXIS2_PLACEMENT_3D('',#7309,#5628,#5629);
#4677=AXIS2_PLACEMENT_3D('',#7311,#5630,#5631);
#4678=AXIS2_PLACEMENT_3D('',#7313,#5633,#5634);
#4679=AXIS2_PLACEMENT_3D('',#7316,#5635,#5636);
#4680=AXIS2_PLACEMENT_3D('',#7320,#5638,#5639);
#4681=AXIS2_PLACEMENT_3D('',#7322,#5641,#5642);
#4682=AXIS2_PLACEMENT_3D('',#7323,#5643,#5644);
#4683=AXIS2_PLACEMENT_3D('',#7324,#5645,#5646);
#4684=AXIS2_PLACEMENT_3D('',#7325,#5647,#5648);
#4685=AXIS2_PLACEMENT_3D('',#7326,#5649,#5650);
#4686=AXIS2_PLACEMENT_3D('',#7327,#5651,#5652);
#4687=AXIS2_PLACEMENT_3D('',#7329,#5653,#5654);
#4688=AXIS2_PLACEMENT_3D('',#7330,#5655,#5656);
#4689=AXIS2_PLACEMENT_3D('',#7332,#5657,#5658);
#4690=AXIS2_PLACEMENT_3D('',#7334,#5659,#5660);
#4691=AXIS2_PLACEMENT_3D('',#7335,#5661,#5662);
#4692=AXIS2_PLACEMENT_3D('',#7338,#5663,#5664);
#4693=AXIS2_PLACEMENT_3D('',#7342,#5666,#5667);
#4694=AXIS2_PLACEMENT_3D('',#7344,#5669,#5670);
#4695=AXIS2_PLACEMENT_3D('',#7366,#5682,#5683);
#4696=AXIS2_PLACEMENT_3D('',#7370,#5685,#5686);
#4697=AXIS2_PLACEMENT_3D('',#7374,#5688,#5689);
#4698=AXIS2_PLACEMENT_3D('',#7377,#5691,#5692);
#4699=AXIS2_PLACEMENT_3D('',#7378,#5693,#5694);
#4700=AXIS2_PLACEMENT_3D('',#7382,#5696,#5697);
#4701=AXIS2_PLACEMENT_3D('',#7384,#5699,#5700);
#4702=AXIS2_PLACEMENT_3D('',#7404,#5711,#5712);
#4703=AXIS2_PLACEMENT_3D('',#7406,#5713,#5714);
#4704=AXIS2_PLACEMENT_3D('',#7408,#5716,#5717);
#4705=AXIS2_PLACEMENT_3D('',#7412,#5720,#5721);
#4706=AXIS2_PLACEMENT_3D('',#7413,#5722,#5723);
#4707=AXIS2_PLACEMENT_3D('',#7414,#5724,#5725);
#4708=AXIS2_PLACEMENT_3D('',#7419,#5727,#5728);
#4709=AXIS2_PLACEMENT_3D('',#7436,#5730,#5731);
#4710=AXIS2_PLACEMENT_3D('',#7439,#5732,#5733);
#4711=AXIS2_PLACEMENT_3D('',#7440,#5734,#5735);
#4712=AXIS2_PLACEMENT_3D('',#7441,#5736,#5737);
#4713=AXIS2_PLACEMENT_3D('',#7442,#5738,#5739);
#4714=AXIS2_PLACEMENT_3D('',#7461,#5742,#5743);
#4715=AXIS2_PLACEMENT_3D('',#7463,#5744,#5745);
#4716=AXIS2_PLACEMENT_3D('',#7465,#5746,#5747);
#4717=AXIS2_PLACEMENT_3D('',#7466,#5748,#5749);
#4718=AXIS2_PLACEMENT_3D('',#7467,#5750,#5751);
#4719=AXIS2_PLACEMENT_3D('',#7469,#5752,#5753);
#4720=AXIS2_PLACEMENT_3D('',#7471,#5754,#5755);
#4721=AXIS2_PLACEMENT_3D('',#7472,#5756,#5757);
#4722=AXIS2_PLACEMENT_3D('',#7544,#5761,#5762);
#4723=AXIS2_PLACEMENT_3D('',#7548,#5764,#5765);
#4724=AXIS2_PLACEMENT_3D('',#7550,#5767,#5768);
#4725=AXIS2_PLACEMENT_3D('',#7554,#5771,#5772);
#4726=AXIS2_PLACEMENT_3D('',#7563,#5777,#5778);
#4727=AXIS2_PLACEMENT_3D('',#7572,#5783,#5784);
#4728=AXIS2_PLACEMENT_3D('',#7573,#5785,#5786);
#4729=AXIS2_PLACEMENT_3D('',#7574,#5787,#5788);
#4730=AXIS2_PLACEMENT_3D('',#7575,#5789,#5790);
#4731=AXIS2_PLACEMENT_3D('',#7579,#5794,#5795);
#4732=AXIS2_PLACEMENT_3D('',#7583,#5799,#5800);
#4733=AXIS2_PLACEMENT_3D('',#7584,#5801,#5802);
#4734=AXIS2_PLACEMENT_3D('',#7593,#5807,#5808);
#4735=AXIS2_PLACEMENT_3D('',#7602,#5813,#5814);
#4736=AXIS2_PLACEMENT_3D('',#7605,#5817,#5818);
#4737=AXIS2_PLACEMENT_3D('',#7608,#5821,#5822);
#4738=AXIS2_PLACEMENT_3D('',#7609,#5823,#5824);
#4739=AXIS2_PLACEMENT_3D('',#7610,#5825,#5826);
#4740=AXIS2_PLACEMENT_3D('',#7611,#5827,#5828);
#4741=AXIS2_PLACEMENT_3D('',#7614,#5830,#5831);
#4742=AXIS2_PLACEMENT_3D('',#7615,#5832,#5833);
#4743=AXIS2_PLACEMENT_3D('',#7619,#5836,#5837);
#4744=AXIS2_PLACEMENT_3D('',#7620,#5838,#5839);
#4745=AXIS2_PLACEMENT_3D('',#7621,#5840,#5841);
#4746=AXIS2_PLACEMENT_3D('',#7622,#5842,#5843);
#4747=AXIS2_PLACEMENT_3D('',#7626,#5847,#5848);
#4748=AXIS2_PLACEMENT_3D('',#7627,#5849,#5850);
#4749=AXIS2_PLACEMENT_3D('',#7628,#5851,#5852);
#4750=AXIS2_PLACEMENT_3D('',#7630,#5854,#5855);
#4751=AXIS2_PLACEMENT_3D('',#7631,#5856,#5857);
#4752=AXIS2_PLACEMENT_3D('',#7632,#5858,#5859);
#4753=AXIS2_PLACEMENT_3D('',#7633,#5860,#5861);
#4754=AXIS2_PLACEMENT_3D('',#7636,#5862,#5863);
#4755=AXIS2_PLACEMENT_3D('',#7638,#5864,#5865);
#4756=AXIS2_PLACEMENT_3D('',#7650,#5866,#5867);
#4757=AXIS2_PLACEMENT_3D('',#7651,#5868,#5869);
#4758=AXIS2_PLACEMENT_3D('',#7655,#5871,#5872);
#4759=AXIS2_PLACEMENT_3D('',#7668,#5874,#5875);
#4760=AXIS2_PLACEMENT_3D('',#7671,#5877,#5878);
#4761=AXIS2_PLACEMENT_3D('',#7683,#5879,#5880);
#4762=AXIS2_PLACEMENT_3D('',#7686,#5882,#5883);
#4763=AXIS2_PLACEMENT_3D('',#7687,#5884,#5885);
#4764=AXIS2_PLACEMENT_3D('',#7689,#5886,#5887);
#4765=AXIS2_PLACEMENT_3D('',#7691,#5888,#5889);
#4766=AXIS2_PLACEMENT_3D('',#7693,#5891,#5892);
#4767=AXIS2_PLACEMENT_3D('',#7695,#5893,#5894);
#4768=AXIS2_PLACEMENT_3D('',#7697,#5895,#5896);
#4769=AXIS2_PLACEMENT_3D('',#7699,#5898,#5899);
#4770=AXIS2_PLACEMENT_3D('',#7702,#5900,#5901);
#4771=AXIS2_PLACEMENT_3D('',#7706,#5903,#5904);
#4772=AXIS2_PLACEMENT_3D('',#7708,#5906,#5907);
#4773=AXIS2_PLACEMENT_3D('',#7709,#5908,#5909);
#4774=AXIS2_PLACEMENT_3D('',#7710,#5910,#5911);
#4775=AXIS2_PLACEMENT_3D('',#7711,#5912,#5913);
#4776=AXIS2_PLACEMENT_3D('',#7712,#5914,#5915);
#4777=AXIS2_PLACEMENT_3D('',#7713,#5916,#5917);
#4778=AXIS2_PLACEMENT_3D('',#7714,#5918,#5919);
#4779=AXIS2_PLACEMENT_3D('',#7716,#5921,#5922);
#4780=AXIS2_PLACEMENT_3D('',#7717,#5923,#5924);
#4781=AXIS2_PLACEMENT_3D('',#7719,#5925,#5926);
#4782=AXIS2_PLACEMENT_3D('',#7723,#5928,#5929);
#4783=AXIS2_PLACEMENT_3D('',#7727,#5931,#5932);
#4784=AXIS2_PLACEMENT_3D('',#7731,#5934,#5935);
#4785=AXIS2_PLACEMENT_3D('',#7734,#5937,#5938);
#4786=AXIS2_PLACEMENT_3D('',#7736,#5939,#5940);
#4787=AXIS2_PLACEMENT_3D('',#7740,#5942,#5943);
#4788=AXIS2_PLACEMENT_3D('',#7743,#5945,#5946);
#4789=AXIS2_PLACEMENT_3D('',#7745,#5947,#5948);
#4790=AXIS2_PLACEMENT_3D('',#7749,#5950,#5951);
#4791=AXIS2_PLACEMENT_3D('',#7752,#5953,#5954);
#4792=AXIS2_PLACEMENT_3D('',#7753,#5955,#5956);
#4793=AXIS2_PLACEMENT_3D('',#7754,#5957,#5958);
#4794=AXIS2_PLACEMENT_3D('',#7755,#5959,#5960);
#4795=AXIS2_PLACEMENT_3D('',#7757,#5961,#5962);
#4796=AXIS2_PLACEMENT_3D('',#7761,#5964,#5965);
#4797=AXIS2_PLACEMENT_3D('',#7765,#5967,#5968);
#4798=AXIS2_PLACEMENT_3D('',#7769,#5970,#5971);
#4799=AXIS2_PLACEMENT_3D('',#7773,#5973,#5974);
#4800=AXIS2_PLACEMENT_3D('',#7777,#5976,#5977);
#4801=AXIS2_PLACEMENT_3D('',#7780,#5979,#5980);
#4802=AXIS2_PLACEMENT_3D('',#7781,#5981,#5982);
#4803=AXIS2_PLACEMENT_3D('',#7782,#5983,#5984);
#4804=AXIS2_PLACEMENT_3D('',#7783,#5985,#5986);
#4805=AXIS2_PLACEMENT_3D('',#7784,#5987,#5988);
#4806=AXIS2_PLACEMENT_3D('',#7787,#5990,#5991);
#4807=AXIS2_PLACEMENT_3D('',#7788,#5992,#5993);
#4808=AXIS2_PLACEMENT_3D('',#7791,#5994,#5995);
#4809=AXIS2_PLACEMENT_3D('',#7793,#5996,#5997);
#4810=AXIS2_PLACEMENT_3D('',#7805,#5998,#5999);
#4811=AXIS2_PLACEMENT_3D('',#7806,#6000,#6001);
#4812=AXIS2_PLACEMENT_3D('',#7810,#6003,#6004);
#4813=AXIS2_PLACEMENT_3D('',#7823,#6006,#6007);
#4814=AXIS2_PLACEMENT_3D('',#7826,#6009,#6010);
#4815=AXIS2_PLACEMENT_3D('',#7838,#6011,#6012);
#4816=AXIS2_PLACEMENT_3D('',#7841,#6014,#6015);
#4817=AXIS2_PLACEMENT_3D('',#7842,#6016,#6017);
#4818=AXIS2_PLACEMENT_3D('',#7844,#6018,#6019);
#4819=AXIS2_PLACEMENT_3D('',#7846,#6020,#6021);
#4820=AXIS2_PLACEMENT_3D('',#7848,#6023,#6024);
#4821=AXIS2_PLACEMENT_3D('',#7849,#6025,#6026);
#4822=AXIS2_PLACEMENT_3D('',#7850,#6027,#6028);
#4823=AXIS2_PLACEMENT_3D('',#7851,#6029,#6030);
#4824=AXIS2_PLACEMENT_3D('',#7853,#6031,#6032);
#4825=AXIS2_PLACEMENT_3D('',#7855,#6033,#6034);
#4826=AXIS2_PLACEMENT_3D('',#7857,#6036,#6037);
#4827=AXIS2_PLACEMENT_3D('',#7858,#6038,#6039);
#4828=AXIS2_PLACEMENT_3D('',#7859,#6040,#6041);
#4829=AXIS2_PLACEMENT_3D('',#7860,#6042,#6043);
#4830=AXIS2_PLACEMENT_3D('',#7861,#6044,#6045);
#4831=AXIS2_PLACEMENT_3D('',#7864,#6046,#6047);
#4832=AXIS2_PLACEMENT_3D('',#7866,#6048,#6049);
#4833=AXIS2_PLACEMENT_3D('',#7878,#6050,#6051);
#4834=AXIS2_PLACEMENT_3D('',#7879,#6052,#6053);
#4835=AXIS2_PLACEMENT_3D('',#7883,#6055,#6056);
#4836=AXIS2_PLACEMENT_3D('',#7896,#6058,#6059);
#4837=AXIS2_PLACEMENT_3D('',#7899,#6061,#6062);
#4838=AXIS2_PLACEMENT_3D('',#7911,#6063,#6064);
#4839=AXIS2_PLACEMENT_3D('',#7914,#6066,#6067);
#4840=AXIS2_PLACEMENT_3D('',#7915,#6068,#6069);
#4841=AXIS2_PLACEMENT_3D('',#7917,#6070,#6071);
#4842=AXIS2_PLACEMENT_3D('',#7919,#6072,#6073);
#4843=AXIS2_PLACEMENT_3D('',#7921,#6075,#6076);
#4844=AXIS2_PLACEMENT_3D('',#7922,#6077,#6078);
#4845=AXIS2_PLACEMENT_3D('',#7923,#6079,#6080);
#4846=AXIS2_PLACEMENT_3D('',#7924,#6081,#6082);
#4847=AXIS2_PLACEMENT_3D('',#7926,#6083,#6084);
#4848=AXIS2_PLACEMENT_3D('',#7928,#6085,#6086);
#4849=AXIS2_PLACEMENT_3D('',#7930,#6088,#6089);
#4850=AXIS2_PLACEMENT_3D('',#7931,#6090,#6091);
#4851=AXIS2_PLACEMENT_3D('',#7932,#6092,#6093);
#4852=AXIS2_PLACEMENT_3D('',#7933,#6094,#6095);
#4853=AXIS2_PLACEMENT_3D('',#7934,#6096,#6097);
#4854=AXIS2_PLACEMENT_3D('',#7937,#6098,#6099);
#4855=AXIS2_PLACEMENT_3D('',#7939,#6100,#6101);
#4856=AXIS2_PLACEMENT_3D('',#7951,#6102,#6103);
#4857=AXIS2_PLACEMENT_3D('',#7952,#6104,#6105);
#4858=AXIS2_PLACEMENT_3D('',#7956,#6107,#6108);
#4859=AXIS2_PLACEMENT_3D('',#7969,#6110,#6111);
#4860=AXIS2_PLACEMENT_3D('',#7972,#6113,#6114);
#4861=AXIS2_PLACEMENT_3D('',#7984,#6115,#6116);
#4862=AXIS2_PLACEMENT_3D('',#7987,#6118,#6119);
#4863=AXIS2_PLACEMENT_3D('',#7988,#6120,#6121);
#4864=AXIS2_PLACEMENT_3D('',#7990,#6122,#6123);
#4865=AXIS2_PLACEMENT_3D('',#7992,#6124,#6125);
#4866=AXIS2_PLACEMENT_3D('',#7994,#6127,#6128);
#4867=AXIS2_PLACEMENT_3D('',#7995,#6129,#6130);
#4868=AXIS2_PLACEMENT_3D('',#7996,#6131,#6132);
#4869=AXIS2_PLACEMENT_3D('',#7997,#6133,#6134);
#4870=AXIS2_PLACEMENT_3D('',#7999,#6135,#6136);
#4871=AXIS2_PLACEMENT_3D('',#8001,#6137,#6138);
#4872=AXIS2_PLACEMENT_3D('',#8003,#6140,#6141);
#4873=AXIS2_PLACEMENT_3D('',#8004,#6142,#6143);
#4874=AXIS2_PLACEMENT_3D('',#8005,#6144,#6145);
#4875=AXIS2_PLACEMENT_3D('',#8006,#6146,#6147);
#4876=AXIS2_PLACEMENT_3D('',#8007,#6148,#6149);
#4877=AXIS2_PLACEMENT_3D('',#8010,#6150,#6151);
#4878=AXIS2_PLACEMENT_3D('',#8012,#6152,#6153);
#4879=AXIS2_PLACEMENT_3D('',#8024,#6154,#6155);
#4880=AXIS2_PLACEMENT_3D('',#8025,#6156,#6157);
#4881=AXIS2_PLACEMENT_3D('',#8029,#6159,#6160);
#4882=AXIS2_PLACEMENT_3D('',#8042,#6162,#6163);
#4883=AXIS2_PLACEMENT_3D('',#8045,#6165,#6166);
#4884=AXIS2_PLACEMENT_3D('',#8057,#6167,#6168);
#4885=AXIS2_PLACEMENT_3D('',#8060,#6170,#6171);
#4886=AXIS2_PLACEMENT_3D('',#8061,#6172,#6173);
#4887=AXIS2_PLACEMENT_3D('',#8063,#6174,#6175);
#4888=AXIS2_PLACEMENT_3D('',#8065,#6176,#6177);
#4889=AXIS2_PLACEMENT_3D('',#8067,#6179,#6180);
#4890=AXIS2_PLACEMENT_3D('',#8068,#6181,#6182);
#4891=AXIS2_PLACEMENT_3D('',#8069,#6183,#6184);
#4892=AXIS2_PLACEMENT_3D('',#8070,#6185,#6186);
#4893=AXIS2_PLACEMENT_3D('',#8072,#6187,#6188);
#4894=AXIS2_PLACEMENT_3D('',#8074,#6189,#6190);
#4895=AXIS2_PLACEMENT_3D('',#8076,#6192,#6193);
#4896=AXIS2_PLACEMENT_3D('',#8077,#6194,#6195);
#4897=AXIS2_PLACEMENT_3D('',#8078,#6196,#6197);
#4898=AXIS2_PLACEMENT_3D('',#8079,#6198,#6199);
#4899=AXIS2_PLACEMENT_3D('',#8080,#6200,#6201);
#4900=AXIS2_PLACEMENT_3D('',#8083,#6202,#6203);
#4901=AXIS2_PLACEMENT_3D('',#8085,#6204,#6205);
#4902=AXIS2_PLACEMENT_3D('',#8097,#6206,#6207);
#4903=AXIS2_PLACEMENT_3D('',#8098,#6208,#6209);
#4904=AXIS2_PLACEMENT_3D('',#8102,#6211,#6212);
#4905=AXIS2_PLACEMENT_3D('',#8115,#6214,#6215);
#4906=AXIS2_PLACEMENT_3D('',#8118,#6217,#6218);
#4907=AXIS2_PLACEMENT_3D('',#8130,#6219,#6220);
#4908=AXIS2_PLACEMENT_3D('',#8133,#6222,#6223);
#4909=AXIS2_PLACEMENT_3D('',#8134,#6224,#6225);
#4910=AXIS2_PLACEMENT_3D('',#8136,#6226,#6227);
#4911=AXIS2_PLACEMENT_3D('',#8138,#6228,#6229);
#4912=AXIS2_PLACEMENT_3D('',#8140,#6231,#6232);
#4913=AXIS2_PLACEMENT_3D('',#8141,#6233,#6234);
#4914=AXIS2_PLACEMENT_3D('',#8142,#6235,#6236);
#4915=AXIS2_PLACEMENT_3D('',#8143,#6237,#6238);
#4916=AXIS2_PLACEMENT_3D('',#8145,#6239,#6240);
#4917=AXIS2_PLACEMENT_3D('',#8147,#6241,#6242);
#4918=AXIS2_PLACEMENT_3D('',#8149,#6244,#6245);
#4919=AXIS2_PLACEMENT_3D('',#8150,#6246,#6247);
#4920=AXIS2_PLACEMENT_3D('',#8151,#6248,#6249);
#4921=AXIS2_PLACEMENT_3D('',#8152,#6250,#6251);
#4922=AXIS2_PLACEMENT_3D('',#8153,#6252,#6253);
#4923=AXIS2_PLACEMENT_3D('',#8156,#6254,#6255);
#4924=AXIS2_PLACEMENT_3D('',#8158,#6256,#6257);
#4925=AXIS2_PLACEMENT_3D('',#8170,#6258,#6259);
#4926=AXIS2_PLACEMENT_3D('',#8171,#6260,#6261);
#4927=AXIS2_PLACEMENT_3D('',#8175,#6263,#6264);
#4928=AXIS2_PLACEMENT_3D('',#8188,#6266,#6267);
#4929=AXIS2_PLACEMENT_3D('',#8191,#6269,#6270);
#4930=AXIS2_PLACEMENT_3D('',#8203,#6271,#6272);
#4931=AXIS2_PLACEMENT_3D('',#8206,#6274,#6275);
#4932=AXIS2_PLACEMENT_3D('',#8207,#6276,#6277);
#4933=AXIS2_PLACEMENT_3D('',#8209,#6278,#6279);
#4934=AXIS2_PLACEMENT_3D('',#8211,#6280,#6281);
#4935=AXIS2_PLACEMENT_3D('',#8213,#6283,#6284);
#4936=AXIS2_PLACEMENT_3D('',#8214,#6285,#6286);
#4937=AXIS2_PLACEMENT_3D('',#8215,#6287,#6288);
#4938=AXIS2_PLACEMENT_3D('',#8216,#6289,#6290);
#4939=AXIS2_PLACEMENT_3D('',#8218,#6291,#6292);
#4940=AXIS2_PLACEMENT_3D('',#8220,#6293,#6294);
#4941=AXIS2_PLACEMENT_3D('',#8222,#6296,#6297);
#4942=AXIS2_PLACEMENT_3D('',#8223,#6298,#6299);
#4943=AXIS2_PLACEMENT_3D('',#8224,#6300,#6301);
#4944=AXIS2_PLACEMENT_3D('',#8225,#6302,#6303);
#4945=AXIS2_PLACEMENT_3D('',#8226,#6304,#6305);
#4946=AXIS2_PLACEMENT_3D('',#8229,#6306,#6307);
#4947=AXIS2_PLACEMENT_3D('',#8231,#6308,#6309);
#4948=AXIS2_PLACEMENT_3D('',#8243,#6310,#6311);
#4949=AXIS2_PLACEMENT_3D('',#8244,#6312,#6313);
#4950=AXIS2_PLACEMENT_3D('',#8248,#6315,#6316);
#4951=AXIS2_PLACEMENT_3D('',#8261,#6318,#6319);
#4952=AXIS2_PLACEMENT_3D('',#8264,#6321,#6322);
#4953=AXIS2_PLACEMENT_3D('',#8276,#6323,#6324);
#4954=AXIS2_PLACEMENT_3D('',#8279,#6326,#6327);
#4955=AXIS2_PLACEMENT_3D('',#8280,#6328,#6329);
#4956=AXIS2_PLACEMENT_3D('',#8282,#6330,#6331);
#4957=AXIS2_PLACEMENT_3D('',#8284,#6332,#6333);
#4958=AXIS2_PLACEMENT_3D('',#8286,#6335,#6336);
#4959=AXIS2_PLACEMENT_3D('',#8287,#6337,#6338);
#4960=AXIS2_PLACEMENT_3D('',#8288,#6339,#6340);
#4961=AXIS2_PLACEMENT_3D('',#8289,#6341,#6342);
#4962=AXIS2_PLACEMENT_3D('',#8291,#6343,#6344);
#4963=AXIS2_PLACEMENT_3D('',#8293,#6345,#6346);
#4964=AXIS2_PLACEMENT_3D('',#8295,#6348,#6349);
#4965=AXIS2_PLACEMENT_3D('',#8296,#6350,#6351);
#4966=AXIS2_PLACEMENT_3D('',#8297,#6352,#6353);
#4967=AXIS2_PLACEMENT_3D('',#8298,#6354,#6355);
#4968=AXIS2_PLACEMENT_3D('',#8299,#6356,#6357);
#4969=AXIS2_PLACEMENT_3D('',#8300,#6358,#6359);
#4970=AXIS2_PLACEMENT_3D('',#8301,#6360,#6361);
#4971=DIRECTION('axis',(0.,0.,1.));
#4972=DIRECTION('refdir',(1.,0.,0.));
#4973=DIRECTION('axis',(0.,0.,1.));
#4974=DIRECTION('refdir',(1.,0.,0.));
#4975=DIRECTION('axis',(0.,0.,1.));
#4976=DIRECTION('refdir',(1.,0.,0.));
#4977=DIRECTION('center_axis',(0.,-1.,-1.280044E-16));
#4978=DIRECTION('ref_axis',(0.963014203577897,3.44908666265306E-17,-0.269450633154256));
#4979=DIRECTION('center_axis',(0.655251061441386,0.741275412641183,-0.145453803984567));
#4980=DIRECTION('ref_axis',(0.741247678354191,-0.66804509509069,-0.0653271020311776));
#4981=DIRECTION('center_axis',(-4.213516E-18,-1.,1.178939E-18));
#4982=DIRECTION('ref_axis',(0.963014203577897,-4.37534161500297E-18,-0.269450633154256));
#4983=DIRECTION('center_axis',(-2.660327E-31,1.,7.443574E-32));
#4984=DIRECTION('ref_axis',(0.963014203577897,2.76250025988483E-31,-0.269450633154256));
#4985=DIRECTION('center_axis',(3.600536E-31,-1.,2.615943E-31));
#4986=DIRECTION('ref_axis',(0.963014203577897,2.7624998108481E-31,-0.269450633154256));
#4987=DIRECTION('',(0.,-1.,0.));
#4988=DIRECTION('center_axis',(-1.004114E-18,-1.,2.809504E-19));
#4989=DIRECTION('ref_axis',(0.963014203577897,-1.04267830717636E-18,-0.269450633154256));
#4990=DIRECTION('',(0.,-1.,0.));
#4991=DIRECTION('center_axis',(-4.19679465865469E-12,1.,-4.13620073085658E-12));
#4992=DIRECTION('ref_axis',(0.736596263783803,2.93895386784327E-13,-0.676332717070335));
#4993=DIRECTION('',(0.,-1.,0.));
#4994=DIRECTION('center_axis',(0.,-1.,0.));
#4995=DIRECTION('ref_axis',(0.741830053367327,0.,-0.670587930044248));
#4996=DIRECTION('center_axis',(0.,-1.,0.));
#4997=DIRECTION('ref_axis',(0.999630427084933,0.,-0.0271847244973098));
#4998=DIRECTION('',(0.,-1.,0.));
#4999=DIRECTION('center_axis',(0.,1.,0.));
#5000=DIRECTION('ref_axis',(0.999721118323231,0.,0.0236153674235407));
#5001=DIRECTION('center_axis',(3.600536E-31,-1.,2.615943E-31));
#5002=DIRECTION('ref_axis',(0.088144196889803,-2.28839467735163E-31,-0.996107725376453));
#5003=DIRECTION('center_axis',(-5.507808E-18,1.,6.224313E-17));
#5004=DIRECTION('ref_axis',(0.088144196889803,6.24863439573941E-17,-0.996107725376453));
#5005=DIRECTION('center_axis',(5.507808E-18,-1.,-6.224313E-17));
#5006=DIRECTION('ref_axis',(0.088144196889803,6.24863439573941E-17,-0.996107725376453));
#5007=DIRECTION('',(0.,-1.,0.));
#5008=DIRECTION('center_axis',(3.600536E-31,-1.,2.615943E-31));
#5009=DIRECTION('ref_axis',(0.898126115058145,2.08340594775806E-31,-0.439737969079956));
#5010=DIRECTION('center_axis',(1.002966E-17,-1.,-4.910696E-18));
#5011=DIRECTION('ref_axis',(0.898126115058145,1.11673190569631E-17,-0.439737969079956));
#5012=DIRECTION('center_axis',(-1.002966E-17,1.,4.910696E-18));
#5013=DIRECTION('ref_axis',(0.898126115058145,1.11673190569631E-17,-0.439737969079956));
#5014=DIRECTION('',(3.600536E-31,-1.,2.615943E-31));
#5015=DIRECTION('center_axis',(3.600536E-31,-1.,2.615943E-31));
#5016=DIRECTION('ref_axis',(0.627871958586659,4.29670757583224E-31,0.778316647400371));
#5017=DIRECTION('center_axis',(-3.901434E-17,-1.,-4.836259E-17));
#5018=DIRECTION('ref_axis',(0.627871958586659,-6.21374189771645E-17,0.778316647400371));
#5019=DIRECTION('',(3.600536E-31,-1.,2.615943E-31));
#5020=DIRECTION('center_axis',(3.901434E-17,1.,4.836259E-17));
#5021=DIRECTION('ref_axis',(0.627871958586659,-6.21374189771645E-17,0.778316647400371));
#5022=DIRECTION('',(0.,-1.,0.));
#5023=DIRECTION('center_axis',(3.600536E-31,-1.,2.615943E-31));
#5024=DIRECTION('ref_axis',(0.627871958586655,4.29670757583224E-31,0.778316647400374));
#5025=DIRECTION('center_axis',(3.901434E-17,1.,4.836259E-17));
#5026=DIRECTION('ref_axis',(0.627871958586655,-6.21374189771645E-17,0.778316647400374));
#5027=DIRECTION('center_axis',(-3.901434E-17,-1.,-4.836259E-17));
#5028=DIRECTION('ref_axis',(0.627871958586655,-6.21374189771645E-17,0.778316647400374));
#5029=DIRECTION('center_axis',(0.,-1.,0.));
#5030=DIRECTION('ref_axis',(0.951056516295154,0.,-0.309016994374947));
#5031=DIRECTION('center_axis',(0.,-1.,0.));
#5032=DIRECTION('ref_axis',(-1.,0.,0.));
#5033=DIRECTION('center_axis',(0.,-1.,-7.983536E-17));
#5034=DIRECTION('ref_axis',(0.620715748130033,6.25937714025834E-17,-0.784035687978152));
#5035=DIRECTION('center_axis',(0.444613643416417,0.741275412641252,-0.502821509784059));
#5036=DIRECTION('ref_axis',(-0.561283661721738,0.668045095086798,0.488545189327158));
#5037=DIRECTION('center_axis',(-2.715843E-18,-1.,3.430424E-18));
#5038=DIRECTION('ref_axis',(0.620715748130033,-4.37534136044548E-18,-0.784035687978152));
#5039=DIRECTION('center_axis',(-5.054921E-32,1.,6.384949E-32));
#5040=DIRECTION('ref_axis',(0.620715748130033,8.14369695217363E-32,-0.784035687978152));
#5041=DIRECTION('center_axis',(2.225254E-31,-1.,7.230288E-32));
#5042=DIRECTION('ref_axis',(0.620715748130033,8.14369818753331E-32,-0.784035687978152));
#5043=DIRECTION('',(0.,-1.,0.));
#5044=DIRECTION('center_axis',(-6.47207E-19,-1.,8.174972E-19));
#5045=DIRECTION('ref_axis',(0.620715748130033,-1.04267855682221E-18,-0.784035687978152));
#5046=DIRECTION('',(0.,-1.,0.));
#5047=DIRECTION('center_axis',(0.,1.,0.));
#5048=DIRECTION('ref_axis',(-0.198380498704161,0.,0.980125082698065));
#5049=DIRECTION('',(0.,-1.,0.));
#5050=DIRECTION('center_axis',(0.,-1.,0.));
#5051=DIRECTION('ref_axis',(0.205991424468725,0.,-0.978553796704783));
#5052=DIRECTION('center_axis',(0.,-1.,0.));
#5053=DIRECTION('ref_axis',(0.792739223456648,0.,-0.609560926891932));
#5054=DIRECTION('',(0.,-1.,0.));
#5055=DIRECTION('center_axis',(0.,1.,0.));
#5056=DIRECTION('ref_axis',(0.822672139262955,0.,-0.568516095885168));
#5057=DIRECTION('center_axis',(2.225254E-31,-1.,7.230288E-32));
#5058=DIRECTION('ref_axis',(-0.514187277431499,-1.76432314547593E-31,-0.857677937064714));
#5059=DIRECTION('center_axis',(3.212968E-17,1.,5.359316E-17));
#5060=DIRECTION('ref_axis',(-0.514187277431499,6.24863435935244E-17,-0.857677937064714));
#5061=DIRECTION('center_axis',(-3.212968E-17,-1.,-5.359316E-17));
#5062=DIRECTION('ref_axis',(-0.514187277431499,6.24863435935244E-17,-0.857677937064714));
#5063=DIRECTION('',(0.,-1.,0.));
#5064=DIRECTION('center_axis',(2.225254E-31,-1.,7.230288E-32));
#5065=DIRECTION('ref_axis',(0.468127797075746,4.0279106306309E-32,-0.88366077518752));
#5066=DIRECTION('center_axis',(5.227735E-18,-1.,-9.868126E-18));
#5067=DIRECTION('ref_axis',(0.468127797075746,1.11673239400539E-17,-0.88366077518752));
#5068=DIRECTION('center_axis',(-5.227735E-18,1.,9.868126E-18));
#5069=DIRECTION('ref_axis',(0.468127797075746,1.11673239400539E-17,-0.88366077518752));
#5070=DIRECTION('',(2.225254E-31,-1.,7.230288E-32));
#5071=DIRECTION('center_axis',(2.225254E-31,-1.,7.230288E-32));
#5072=DIRECTION('ref_axis',(0.965442131743749,2.33678793612725E-31,0.260617517166605));
#5073=DIRECTION('center_axis',(-5.999008E-17,-1.,-1.61941E-17));
#5074=DIRECTION('ref_axis',(0.965442131743749,-6.21374168534258E-17,0.260617517166605));
#5075=DIRECTION('',(2.225254E-31,-1.,7.230288E-32));
#5076=DIRECTION('center_axis',(5.999008E-17,1.,1.61941E-17));
#5077=DIRECTION('ref_axis',(0.965442131743749,-6.21374168534258E-17,0.260617517166605));
#5078=DIRECTION('',(0.,-1.,0.));
#5079=DIRECTION('center_axis',(2.225254E-31,-1.,7.230288E-32));
#5080=DIRECTION('ref_axis',(0.965442131743747,2.33678793612725E-31,0.26061751716661));
#5081=DIRECTION('center_axis',(5.999008E-17,1.,1.61941E-17));
#5082=DIRECTION('ref_axis',(0.965442131743747,-6.21374168534257E-17,0.26061751716661));
#5083=DIRECTION('center_axis',(-5.999008E-17,-1.,-1.61941E-17));
#5084=DIRECTION('ref_axis',(0.965442131743747,-6.21374168534257E-17,0.26061751716661));
#5085=DIRECTION('center_axis',(0.,-1.,0.));
#5086=DIRECTION('ref_axis',(0.587785252292473,0.,-0.809016994374947));
#5087=DIRECTION('center_axis',(0.,-1.,0.));
#5088=DIRECTION('ref_axis',(-1.,0.,0.));
#5089=DIRECTION('center_axis',(0.,-1.,1.171926E-18));
#5090=DIRECTION('ref_axis',(-0.041324974248815,1.1709248920438E-18,0.999145758387301));
#5091=DIRECTION('center_axis',(-0.0641489254679125,0.741275412641134,0.668128489120939));
#5092=DIRECTION('ref_axis',(-0.166928363498851,-0.668045095095756,0.725155619421168));
#5093=DIRECTION('center_axis',(1.808109E-19,-1.,-4.371604E-18));
#5094=DIRECTION('ref_axis',(-0.041324974248815,-4.37534159973536E-18,0.999145758387301));
#5095=DIRECTION('center_axis',(3.126312E-32,1.,-7.558725E-31));
#5096=DIRECTION('ref_axis',(-0.041324974248815,7.56518749885543E-31,0.999145758387301));
#5097=DIRECTION('center_axis',(-8.758115E-47,-1.,7.571656E-31));
#5098=DIRECTION('ref_axis',(-0.041324974248815,7.56518797636776E-31,0.999145758387301));
#5099=DIRECTION('',(0.,-1.,0.));
#5100=DIRECTION('center_axis',(4.308867E-20,-1.,-1.041788E-18));
#5101=DIRECTION('ref_axis',(-0.041324974248815,-1.04267869951696E-18,0.999145758387301));
#5102=DIRECTION('',(0.,-1.,0.));
#5103=DIRECTION('center_axis',(0.,1.,0.));
#5104=DIRECTION('ref_axis',(0.415609874400926,0.,0.909542979908287));
#5105=DIRECTION('',(0.,-1.,0.));
#5106=DIRECTION('center_axis',(0.,-1.,0.));
#5107=DIRECTION('ref_axis',(-0.408528927193915,0.,-0.912745372842716));
#5108=DIRECTION('center_axis',(0.,-1.,0.));
#5109=DIRECTION('ref_axis',(0.283048580689921,0.,-0.959105573422145));
#5110=DIRECTION('',(0.,-1.,0.));
#5111=DIRECTION('center_axis',(0.,1.,0.));
#5112=DIRECTION('ref_axis',(-0.33139036499663,0.,0.943493733941779));
#5113=DIRECTION('center_axis',(-8.758115E-47,-1.,7.571656E-31));
#5114=DIRECTION('ref_axis',(0.920116688356739,2.96539612744475E-31,0.391644328195147));
#5115=DIRECTION('center_axis',(-5.749473E-17,1.,-2.447242E-17));
#5116=DIRECTION('ref_axis',(0.920116688356739,6.24863450557743E-17,0.391644328195147));
#5117=DIRECTION('center_axis',(5.749473E-17,-1.,2.447242E-17));
#5118=DIRECTION('ref_axis',(0.920116688356739,6.24863450557743E-17,0.391644328195147));
#5119=DIRECTION('',(0.,-1.,0.));
#5120=DIRECTION('center_axis',(-8.758115E-47,-1.,7.571656E-31));
#5121=DIRECTION('ref_axis',(0.140679428310973,7.49635739312858E-31,0.990055199698531));
#5122=DIRECTION('center_axis',(1.571013E-18,-1.,1.105627E-17));
#5123=DIRECTION('ref_axis',(0.140679428310973,1.116732681348E-17,0.990055199698531));
#5124=DIRECTION('center_axis',(-1.571013E-18,1.,-1.105627E-17));
#5125=DIRECTION('ref_axis',(0.140679428310973,1.116732681348E-17,0.990055199698531));
#5126=DIRECTION('',(-8.758115E-47,-1.,7.571656E-31));
#5127=DIRECTION('center_axis',(-8.758115E-47,-1.,7.571656E-31));
#5128=DIRECTION('ref_axis',(-0.934246224745881,2.70026943150695E-31,0.356628646561195));
#5129=DIRECTION('center_axis',(5.805165E-17,-1.,-2.215998E-17));
#5130=DIRECTION('ref_axis',(-0.934246224745881,-6.21374185279923E-17,0.356628646561195));
#5131=DIRECTION('',(-8.758115E-47,-1.,7.571656E-31));
#5132=DIRECTION('center_axis',(-5.805165E-17,1.,2.215998E-17));
#5133=DIRECTION('ref_axis',(-0.934246224745881,-6.21374185279923E-17,0.356628646561195));
#5134=DIRECTION('',(0.,-1.,0.));
#5135=DIRECTION('center_axis',(-8.758115E-47,-1.,7.571656E-31));
#5136=DIRECTION('ref_axis',(-0.934246224745882,2.70026943150692E-31,0.35662864656119));
#5137=DIRECTION('center_axis',(-5.805165E-17,1.,2.215998E-17));
#5138=DIRECTION('ref_axis',(-0.934246224745882,-6.21374185279923E-17,0.35662864656119));
#5139=DIRECTION('center_axis',(5.805165E-17,-1.,-2.215998E-17));
#5140=DIRECTION('ref_axis',(-0.934246224745882,-6.21374185279923E-17,0.35662864656119));
#5141=DIRECTION('center_axis',(0.,-1.,0.));
#5142=DIRECTION('ref_axis',(0.,0.,1.));
#5143=DIRECTION('center_axis',(0.,-1.,0.));
#5144=DIRECTION('ref_axis',(-1.,0.,0.));
#5145=DIRECTION('center_axis',(0.,-1.,1.34211E-16));
#5146=DIRECTION('ref_axis',(-0.999145758387301,-5.54626611890771E-18,-0.041324974248815));
#5147=DIRECTION('center_axis',(-0.668128489120791,0.741275412641238,-0.0641489254682597));
#5148=DIRECTION('ref_axis',(0.725155619378546,0.668045095079004,0.166928363751047));
#5149=DIRECTION('center_axis',(4.371604E-18,-1.,1.808109E-19));
#5150=DIRECTION('ref_axis',(-0.999145758387301,-4.37534159973536E-18,-0.041324974248815));
#5151=DIRECTION('center_axis',(3.623047E-31,1.,1.498503E-32));
#5152=DIRECTION('ref_axis',(-0.999145758387301,3.62614460227651E-31,-0.041324974248815));
#5153=DIRECTION('center_axis',(-3.785828E-31,-1.,3.785828E-31));
#5154=DIRECTION('ref_axis',(-0.999145758387301,3.62614474357344E-31,-0.041324974248815));
#5155=DIRECTION('',(0.,-1.,0.));
#5156=DIRECTION('center_axis',(1.041788E-18,-1.,4.308867E-20));
#5157=DIRECTION('ref_axis',(-0.999145758387301,-1.04267869951696E-18,-0.041324974248815));
#5158=DIRECTION('',(0.,-1.,0.));
#5159=DIRECTION('center_axis',(0.,1.,0.));
#5160=DIRECTION('ref_axis',(0.909542979969938,0.,-0.415609874266005));
#5161=DIRECTION('',(0.,-1.,0.));
#5162=DIRECTION('center_axis',(0.,-1.,0.));
#5163=DIRECTION('ref_axis',(0.91274537284339,0.,-0.408528927192409));
#5164=DIRECTION('center_axis',(0.,-1.,0.));
#5165=DIRECTION('ref_axis',(0.959105573425426,0.,0.283048580678803));
#5166=DIRECTION('',(0.,-1.,0.));
#5167=DIRECTION('center_axis',(0.,1.,0.));
#5168=DIRECTION('ref_axis',(0.943493734019405,0.,0.331390364775623));
#5169=DIRECTION('center_axis',(-3.785828E-31,-1.,3.785828E-31));
#5170=DIRECTION('ref_axis',(-0.391644328195147,4.96610158577059E-31,0.920116688356739));
#5171=DIRECTION('center_axis',(2.447242E-17,1.,-5.749473E-17));
#5172=DIRECTION('ref_axis',(-0.391644328195147,6.24863450557743E-17,0.920116688356739));
#5173=DIRECTION('center_axis',(-2.447242E-17,-1.,5.749473E-17));
#5174=DIRECTION('ref_axis',(-0.391644328195147,6.24863450557743E-17,0.920116688356739));
#5175=DIRECTION('',(0.,-1.,0.));
#5176=DIRECTION('center_axis',(-3.785828E-31,-1.,3.785828E-31));
#5177=DIRECTION('ref_axis',(-0.990055199698531,4.28076681528797E-31,0.140679428310974));
#5178=DIRECTION('center_axis',(-1.105627E-17,-1.,1.571013E-18));
#5179=DIRECTION('ref_axis',(-0.990055199698531,1.116732681348E-17,0.140679428310974));
#5180=DIRECTION('center_axis',(1.105627E-17,1.,-1.571013E-18));
#5181=DIRECTION('ref_axis',(-0.990055199698531,1.116732681348E-17,0.140679428310974));
#5182=DIRECTION('',(-3.785828E-31,-1.,3.785828E-31));
#5183=DIRECTION('center_axis',(-3.785828E-31,-1.,3.785828E-31));
#5184=DIRECTION('ref_axis',(-0.356628646561195,-2.18676080078377E-31,-0.934246224745881));
#5185=DIRECTION('center_axis',(2.215998E-17,-1.,5.805165E-17));
#5186=DIRECTION('ref_axis',(-0.356628646561195,-6.21374185279923E-17,-0.934246224745881));
#5187=DIRECTION('',(-3.785828E-31,-1.,3.785828E-31));
#5188=DIRECTION('center_axis',(-2.215998E-17,1.,-5.805165E-17));
#5189=DIRECTION('ref_axis',(-0.356628646561195,-6.21374185279923E-17,-0.934246224745881));
#5190=DIRECTION('',(0.,-1.,0.));
#5191=DIRECTION('center_axis',(-3.785828E-31,-1.,3.785828E-31));
#5192=DIRECTION('ref_axis',(-0.35662864656119,-2.1867608007838E-31,-0.934246224745882));
#5193=DIRECTION('center_axis',(-2.215998E-17,1.,-5.805165E-17));
#5194=DIRECTION('ref_axis',(-0.35662864656119,-6.21374185279923E-17,-0.934246224745882));
#5195=DIRECTION('center_axis',(2.215998E-17,-1.,5.805165E-17));
#5196=DIRECTION('ref_axis',(-0.35662864656119,-6.21374185279923E-17,-0.934246224745882));
#5197=DIRECTION('center_axis',(0.,-1.,0.));
#5198=DIRECTION('ref_axis',(-1.,0.,0.));
#5199=DIRECTION('center_axis',(0.,-1.,0.));
#5200=DIRECTION('ref_axis',(-1.,0.,0.));
#5201=DIRECTION('center_axis',(0.,-1.,-1.272801E-16));
#5202=DIRECTION('ref_axis',(0.937473964907915,-4.4300526785046E-17,0.348055405244386));
#5203=DIRECTION('center_axis',(0.615604845159847,0.741275412641364,0.267472311144718));
#5204=DIRECTION('ref_axis',(0.638080275879995,-0.668045095076677,0.38284371808468));
#5205=DIRECTION('center_axis',(-4.101769E-18,-1.,-1.522861E-18));
#5206=DIRECTION('ref_axis',(0.937473964907915,-4.37534165005224E-18,0.348055405244386));
#5207=DIRECTION('center_axis',(-4.781372E-31,1.,-1.775177E-31));
#5208=DIRECTION('ref_axis',(0.937473964907915,5.1002717166552E-31,0.348055405244386));
#5209=DIRECTION('center_axis',(3.600536E-31,-1.,4.955713E-31));
#5210=DIRECTION('ref_axis',(0.937473964907915,5.10027145620356E-31,0.348055405244386));
#5211=DIRECTION('',(0.,-1.,0.));
#5212=DIRECTION('center_axis',(-9.774841E-19,-1.,-3.629099E-19));
#5213=DIRECTION('ref_axis',(0.937473964907915,-1.04267864717314E-18,0.348055405244386));
#5214=DIRECTION('',(0.,-1.,0.));
#5215=DIRECTION('center_axis',(0.,1.,0.));
#5216=DIRECTION('ref_axis',(0.993457292123171,0.,-0.114204241284185));
#5217=DIRECTION('',(0.,-1.,0.));
#5218=DIRECTION('center_axis',(0.,-1.,0.));
#5219=DIRECTION('ref_axis',(0.994314815757343,0.,-0.106480266554138));
#5220=DIRECTION('center_axis',(0.,-1.,0.));
#5221=DIRECTION('ref_axis',(0.824696783750741,0.,0.565575118681138));
#5222=DIRECTION('',(0.,-1.,0.));
#5223=DIRECTION('center_axis',(0.,1.,0.));
#5224=DIRECTION('ref_axis',(0.794910609145694,0.,0.606726564003606));
#5225=DIRECTION('center_axis',(3.600536E-31,-1.,4.955713E-31));
#5226=DIRECTION('ref_axis',(0.656807583910262,-1.37203676796465E-31,-0.754058219050734));
#5227=DIRECTION('center_axis',(-4.10415E-17,1.,4.711834E-17));
#5228=DIRECTION('ref_axis',(0.656807583910262,6.248634000008E-17,-0.754058219050734));
#5229=DIRECTION('center_axis',(4.10415E-17,-1.,-4.711834E-17));
#5230=DIRECTION('ref_axis',(0.656807583910262,6.248634000008E-17,-0.754058219050734));
#5231=DIRECTION('',(0.,-1.,0.));
#5232=DIRECTION('center_axis',(3.600536E-31,-1.,4.955713E-31));
#5233=DIRECTION('ref_axis',(0.98507078327223,4.399907795107E-31,0.1721497950723));
#5234=DIRECTION('center_axis',(1.10006E-17,-1.,1.922452E-18));
#5235=DIRECTION('ref_axis',(0.98507078327223,1.11673193763008E-17,0.1721497950723));
#5236=DIRECTION('center_axis',(-1.10006E-17,1.,-1.922452E-18));
#5237=DIRECTION('ref_axis',(0.98507078327223,1.11673193763008E-17,0.1721497950723));
#5238=DIRECTION('',(3.600536E-31,-1.,4.955713E-31));
#5239=DIRECTION('center_axis',(3.600536E-31,-1.,4.955713E-31));
#5240=DIRECTION('ref_axis',(0.050476037832431,5.13113660690235E-31,0.998725272337062));
#5241=DIRECTION('center_axis',(-3.136451E-18,-1.,-6.205821E-17));
#5242=DIRECTION('ref_axis',(0.050476037832431,-6.21374183023362E-17,0.998725272337062));
#5243=DIRECTION('',(3.600536E-31,-1.,4.955713E-31));
#5244=DIRECTION('center_axis',(3.136451E-18,1.,6.205821E-17));
#5245=DIRECTION('ref_axis',(0.050476037832431,-6.21374183023362E-17,0.998725272337062));
#5246=DIRECTION('',(0.,-1.,0.));
#5247=DIRECTION('center_axis',(3.600536E-31,-1.,4.955713E-31));
#5248=DIRECTION('ref_axis',(0.050476037832427,5.13113660690234E-31,0.998725272337062));
#5249=DIRECTION('center_axis',(3.136451E-18,1.,6.205821E-17));
#5250=DIRECTION('ref_axis',(0.050476037832427,-6.21374183023362E-17,0.998725272337062));
#5251=DIRECTION('center_axis',(-3.136451E-18,-1.,-6.205821E-17));
#5252=DIRECTION('ref_axis',(0.050476037832427,-6.21374183023362E-17,0.998725272337062));
#5253=DIRECTION('center_axis',(0.,-1.,0.));
#5254=DIRECTION('ref_axis',(0.951056516295154,0.,0.309016994374948));
#5255=DIRECTION('center_axis',(0.,-1.,0.));
#5256=DIRECTION('ref_axis',(-1.,0.,0.));
#5257=DIRECTION('center_axis',(0.,-1.,7.983536E-17));
#5258=DIRECTION('ref_axis',(-0.620715748130033,6.25937714025834E-17,0.784035687978152));
#5259=DIRECTION('center_axis',(-0.444613643416458,0.741275412641268,0.502821509784001));
#5260=DIRECTION('ref_axis',(-0.561283661720634,-0.668045095086889,0.488545189328301));
#5261=DIRECTION('center_axis',(2.715843E-18,-1.,-3.430424E-18));
#5262=DIRECTION('ref_axis',(-0.620715748130033,-4.37534136044548E-18,0.784035687978152));
#5263=DIRECTION('center_axis',(4.190339E-31,1.,-5.292882E-31));
#5264=DIRECTION('ref_axis',(-0.620715748130033,6.75081778756063E-31,0.784035687978152));
#5265=DIRECTION('center_axis',(-2.225254E-31,-1.,6.848627E-31));
#5266=DIRECTION('ref_axis',(-0.620715748130033,6.75081818304009E-31,0.784035687978152));
#5267=DIRECTION('',(0.,-1.,0.));
#5268=DIRECTION('center_axis',(6.47207E-19,-1.,-8.174972E-19));
#5269=DIRECTION('ref_axis',(-0.620715748130033,-1.04267855682221E-18,0.784035687978152));
#5270=DIRECTION('',(0.,-1.,0.));
#5271=DIRECTION('center_axis',(0.,1.,0.));
#5272=DIRECTION('ref_axis',(-0.198380498659307,0.,0.980125082707143));
#5273=DIRECTION('',(0.,-1.,0.));
#5274=DIRECTION('center_axis',(0.,-1.,0.));
#5275=DIRECTION('ref_axis',(0.205991424468842,0.,-0.978553796704758));
#5276=DIRECTION('center_axis',(0.,-1.,0.));
#5277=DIRECTION('ref_axis',(0.792739223458925,0.,-0.60956092688897));
#5278=DIRECTION('',(0.,-1.,0.));
#5279=DIRECTION('center_axis',(0.,1.,0.));
#5280=DIRECTION('ref_axis',(0.822672139340102,0.,-0.568516095773531));
#5281=DIRECTION('center_axis',(-2.225254E-31,-1.,6.848627E-31));
#5282=DIRECTION('ref_axis',(0.514187277431499,4.72971898123215E-31,0.857677937064714));
#5283=DIRECTION('center_axis',(-3.212968E-17,1.,-5.359316E-17));
#5284=DIRECTION('ref_axis',(0.514187277431499,6.24863435935244E-17,0.857677937064714));
#5285=DIRECTION('center_axis',(3.212968E-17,-1.,5.359316E-17));
#5286=DIRECTION('ref_axis',(0.514187277431499,6.24863435935244E-17,0.857677937064714));
#5287=DIRECTION('',(0.,-1.,0.));
#5288=DIRECTION('center_axis',(-2.225254E-31,-1.,6.848627E-31));
#5289=DIRECTION('ref_axis',(-0.468127797075746,7.09356629674417E-31,0.88366077518752));
#5290=DIRECTION('center_axis',(-5.227735E-18,-1.,9.868126E-18));
#5291=DIRECTION('ref_axis',(-0.468127797075746,1.11673239400539E-17,0.88366077518752));
#5292=DIRECTION('center_axis',(5.227735E-18,1.,-9.868126E-18));
#5293=DIRECTION('ref_axis',(-0.468127797075746,1.11673239400539E-17,0.88366077518752));
#5294=DIRECTION('',(-2.225254E-31,-1.,6.848627E-31));
#5295=DIRECTION('center_axis',(-2.225254E-31,-1.,6.848627E-31));
#5296=DIRECTION('ref_axis',(-0.965442131743749,3.6348180069113E-32,-0.260617517166605));
#5297=DIRECTION('center_axis',(5.999008E-17,-1.,1.61941E-17));
#5298=DIRECTION('ref_axis',(-0.965442131743749,-6.21374168534258E-17,-0.260617517166605));
#5299=DIRECTION('',(-2.225254E-31,-1.,6.848627E-31));
#5300=DIRECTION('center_axis',(-5.999008E-17,1.,-1.61941E-17));
#5301=DIRECTION('ref_axis',(-0.965442131743749,-6.21374168534258E-17,-0.260617517166605));
#5302=DIRECTION('',(0.,-1.,0.));
#5303=DIRECTION('center_axis',(-2.225254E-31,-1.,6.848627E-31));
#5304=DIRECTION('ref_axis',(-0.965442131743747,3.63481800691093E-32,-0.26061751716661));
#5305=DIRECTION('center_axis',(-5.999008E-17,1.,-1.61941E-17));
#5306=DIRECTION('ref_axis',(-0.965442131743747,-6.21374168534257E-17,-0.26061751716661));
#5307=DIRECTION('center_axis',(5.999008E-17,-1.,1.61941E-17));
#5308=DIRECTION('ref_axis',(-0.965442131743747,-6.21374168534257E-17,-0.26061751716661));
#5309=DIRECTION('center_axis',(0.,-1.,0.));
#5310=DIRECTION('ref_axis',(-0.587785252292473,0.,0.809016994374947));
#5311=DIRECTION('center_axis',(0.,-1.,0.));
#5312=DIRECTION('ref_axis',(-1.,0.,0.));
#5313=DIRECTION('center_axis',(0.,-1.,-1.34211E-16));
#5314=DIRECTION('ref_axis',(0.999145758387301,-5.54626611890771E-18,0.041324974248815));
#5315=DIRECTION('center_axis',(0.668128489120863,0.741275412641181,0.0641489254681612));
#5316=DIRECTION('ref_axis',(0.725155619406387,-0.668045095089943,0.166928363586325));
#5317=DIRECTION('center_axis',(-4.371604E-18,-1.,-1.808109E-19));
#5318=DIRECTION('ref_axis',(0.999145758387301,-4.37534159973536E-18,0.041324974248815));
#5319=DIRECTION('center_axis',(-3.935678E-31,1.,-1.627809E-32));
#5320=DIRECTION('ref_axis',(0.999145758387301,3.93904289657891E-31,0.041324974248815));
#5321=DIRECTION('center_axis',(3.785828E-31,-1.,3.785828E-31));
#5322=DIRECTION('ref_axis',(0.999145758387301,3.93904323279432E-31,0.041324974248815));
#5323=DIRECTION('',(0.,-1.,0.));
#5324=DIRECTION('center_axis',(-1.041788E-18,-1.,-4.308867E-20));
#5325=DIRECTION('ref_axis',(0.999145758387301,-1.04267869951696E-18,0.041324974248815));
#5326=DIRECTION('',(0.,-1.,0.));
#5327=DIRECTION('center_axis',(0.,1.,0.));
#5328=DIRECTION('ref_axis',(0.909542979946437,0.,-0.415609874317437));
#5329=DIRECTION('',(0.,-1.,0.));
#5330=DIRECTION('center_axis',(0.,-1.,0.));
#5331=DIRECTION('ref_axis',(0.912745372843644,0.,-0.408528927191841));
#5332=DIRECTION('center_axis',(0.,-1.,0.));
#5333=DIRECTION('ref_axis',(0.95910557342303,0.,0.283048580686921));
#5334=DIRECTION('',(0.,-1.,0.));
#5335=DIRECTION('center_axis',(0.,1.,0.));
#5336=DIRECTION('ref_axis',(0.943493734057117,0.,0.331390364668255));
#5337=DIRECTION('center_axis',(3.785828E-31,-1.,3.785828E-31));
#5338=DIRECTION('ref_axis',(0.391644328195147,-2.00070545832584E-31,-0.920116688356739));
#5339=DIRECTION('center_axis',(-2.447242E-17,1.,5.749473E-17));
#5340=DIRECTION('ref_axis',(0.391644328195147,6.24863450557743E-17,-0.920116688356739));
#5341=DIRECTION('center_axis',(2.447242E-17,-1.,-5.749473E-17));
#5342=DIRECTION('ref_axis',(0.391644328195147,6.24863450557743E-17,-0.920116688356739));
#5343=DIRECTION('',(0.,-1.,0.));
#5344=DIRECTION('center_axis',(3.785828E-31,-1.,3.785828E-31));
#5345=DIRECTION('ref_axis',(0.990055199698531,3.21559057784062E-31,-0.140679428310973));
#5346=DIRECTION('center_axis',(1.105627E-17,-1.,-1.571013E-18));
#5347=DIRECTION('ref_axis',(0.990055199698531,1.116732681348E-17,-0.140679428310973));
#5348=DIRECTION('center_axis',(-1.105627E-17,1.,1.571013E-18));
#5349=DIRECTION('ref_axis',(0.990055199698531,1.116732681348E-17,-0.140679428310973));
#5350=DIRECTION('',(3.785828E-31,-1.,3.785828E-31));
#5351=DIRECTION('center_axis',(3.785828E-31,-1.,3.785828E-31));
#5352=DIRECTION('ref_axis',(0.356628646561194,4.88703023229072E-31,0.934246224745881));
#5353=DIRECTION('center_axis',(-2.215998E-17,-1.,-5.805165E-17));
#5354=DIRECTION('ref_axis',(0.356628646561194,-6.21374185279923E-17,0.934246224745881));
#5355=DIRECTION('',(3.785828E-31,-1.,3.785828E-31));
#5356=DIRECTION('center_axis',(2.215998E-17,1.,5.805165E-17));
#5357=DIRECTION('ref_axis',(0.356628646561194,-6.21374185279923E-17,0.934246224745881));
#5358=DIRECTION('',(0.,-1.,0.));
#5359=DIRECTION('center_axis',(3.785828E-31,-1.,3.785828E-31));
#5360=DIRECTION('ref_axis',(0.35662864656119,4.88703023229071E-31,0.934246224745882));
#5361=DIRECTION('center_axis',(2.215998E-17,1.,5.805165E-17));
#5362=DIRECTION('ref_axis',(0.35662864656119,-6.21374185279923E-17,0.934246224745882));
#5363=DIRECTION('center_axis',(-2.215998E-17,-1.,-5.805165E-17));
#5364=DIRECTION('ref_axis',(0.35662864656119,-6.21374185279923E-17,0.934246224745882));
#5365=DIRECTION('center_axis',(0.,-1.,0.));
#5366=DIRECTION('ref_axis',(1.,0.,0.));
#5367=DIRECTION('center_axis',(0.,-1.,0.));
#5368=DIRECTION('ref_axis',(-1.,0.,0.));
#5369=DIRECTION('center_axis',(0.,-1.,0.));
#5370=DIRECTION('ref_axis',(-1.,0.,0.));
#5371=DIRECTION('center_axis',(0.,-1.,1.280044E-16));
#5372=DIRECTION('ref_axis',(-0.963014203577897,3.44908666265306E-17,0.269450633154256));
#5373=DIRECTION('center_axis',(-0.655251061441371,0.741275412641177,0.145453803984661));
#5374=DIRECTION('ref_axis',(0.741247678365917,0.668045095085454,-0.0653271019516748));
#5375=DIRECTION('center_axis',(4.213516E-18,-1.,-1.178939E-18));
#5376=DIRECTION('ref_axis',(-0.963014203577897,-4.37534161500297E-18,0.269450633154256));
#5377=DIRECTION('center_axis',(4.625057E-31,1.,-1.294087E-31));
#5378=DIRECTION('ref_axis',(-0.963014203577897,4.80268814486407E-31,0.269450633154256));
#5379=DIRECTION('center_axis',(-3.600536E-31,-1.,4.955713E-31));
#5380=DIRECTION('ref_axis',(-0.963014203577897,4.80268731407432E-31,0.269450633154256));
#5381=DIRECTION('',(0.,-1.,0.));
#5382=DIRECTION('center_axis',(1.004114E-18,-1.,-2.809504E-19));
#5383=DIRECTION('ref_axis',(-0.963014203577897,-1.04267830717636E-18,0.269450633154256));
#5384=DIRECTION('',(0.,-1.,0.));
#5385=DIRECTION('center_axis',(0.,1.,0.));
#5386=DIRECTION('ref_axis',(0.736596263726282,0.,-0.676332717132981));
#5387=DIRECTION('',(0.,-1.,0.));
#5388=DIRECTION('center_axis',(0.,-1.,0.));
#5389=DIRECTION('ref_axis',(0.741830053366049,0.,-0.670587930045661));
#5390=DIRECTION('center_axis',(0.,-1.,0.));
#5391=DIRECTION('ref_axis',(0.999630427084968,0.,-0.0271847244960355));
#5392=DIRECTION('',(0.,-1.,0.));
#5393=DIRECTION('center_axis',(0.,1.,0.));
#5394=DIRECTION('ref_axis',(0.99972111831755,0.,0.0236153676640087));
#5395=DIRECTION('center_axis',(-3.600536E-31,-1.,4.955713E-31));
#5396=DIRECTION('ref_axis',(-0.088144196889802,5.25379035814134E-31,0.996107725376453));
#5397=DIRECTION('center_axis',(5.507808E-18,1.,-6.224313E-17));
#5398=DIRECTION('ref_axis',(-0.088144196889802,6.24863439573941E-17,0.996107725376453));
#5399=DIRECTION('center_axis',(-5.507808E-18,-1.,6.224313E-17));
#5400=DIRECTION('ref_axis',(-0.088144196889802,6.24863439573941E-17,0.996107725376453));
#5401=DIRECTION('',(0.,-1.,0.));
#5402=DIRECTION('center_axis',(-3.600536E-31,-1.,4.955713E-31));
#5403=DIRECTION('ref_axis',(-0.898126115058144,5.41295057977013E-31,0.439737969079957));
#5404=DIRECTION('center_axis',(-1.002966E-17,-1.,4.910696E-18));
#5405=DIRECTION('ref_axis',(-0.898126115058144,1.11673190569631E-17,0.439737969079957));
#5406=DIRECTION('center_axis',(1.002966E-17,1.,-4.910696E-18));
#5407=DIRECTION('ref_axis',(-0.898126115058144,1.11673190569631E-17,0.439737969079957));
#5408=DIRECTION('',(-3.600536E-31,-1.,4.955713E-31));
#5409=DIRECTION('center_axis',(-3.600536E-31,-1.,4.955713E-31));
#5410=DIRECTION('ref_axis',(-0.627871958586659,-1.59643833735666E-31,-0.778316647400371));
#5411=DIRECTION('center_axis',(3.901434E-17,-1.,4.836259E-17));
#5412=DIRECTION('ref_axis',(-0.627871958586659,-6.21374189771645E-17,-0.778316647400371));
#5413=DIRECTION('',(-3.600536E-31,-1.,4.955713E-31));
#5414=DIRECTION('center_axis',(-3.901434E-17,1.,-4.836259E-17));
#5415=DIRECTION('ref_axis',(-0.627871958586659,-6.21374189771645E-17,-0.778316647400371));
#5416=DIRECTION('',(0.,-1.,0.));
#5417=DIRECTION('center_axis',(-3.600536E-31,-1.,4.955713E-31));
#5418=DIRECTION('ref_axis',(-0.627871958586655,-1.59643833735669E-31,-0.778316647400374));
#5419=DIRECTION('center_axis',(-3.901434E-17,1.,-4.836259E-17));
#5420=DIRECTION('ref_axis',(-0.627871958586655,-6.21374189771645E-17,-0.778316647400374));
#5421=DIRECTION('center_axis',(3.901434E-17,-1.,4.836259E-17));
#5422=DIRECTION('ref_axis',(-0.627871958586655,-6.21374189771645E-17,-0.778316647400374));
#5423=DIRECTION('center_axis',(0.,-1.,0.));
#5424=DIRECTION('ref_axis',(-0.951056516295154,0.,0.309016994374947));
#5425=DIRECTION('center_axis',(0.,-1.,0.));
#5426=DIRECTION('ref_axis',(-1.,0.,0.));
#5427=DIRECTION('center_axis',(0.,-1.,-1.092678E-16));
#5428=DIRECTION('ref_axis',(0.832616108807791,6.05180295113542E-17,-0.553850535211235));
#5429=DIRECTION('center_axis',(0.57823309446558,0.741275412641368,-0.340818501666398));
#5430=DIRECTION('ref_axis',(0.684781250068958,-0.668045095075534,-0.291187895523692));
#5431=DIRECTION('center_axis',(-3.64298E-18,-1.,2.423285E-18));
#5432=DIRECTION('ref_axis',(0.832616108807791,-4.37534152628397E-18,-0.553850535211236));
#5433=DIRECTION('center_axis',(-1.403634E-31,1.,9.336874E-32));
#5434=DIRECTION('ref_axis',(0.832616108807792,1.6858115454803E-31,-0.553850535211235));
#5435=DIRECTION('center_axis',(3.062799E-31,-1.,1.560574E-31));
#5436=DIRECTION('ref_axis',(0.832616108807792,1.68581104030366E-31,-0.553850535211235));
#5437=DIRECTION('',(0.,-1.,0.));
#5438=DIRECTION('center_axis',(-8.68151E-19,-1.,5.774881E-19));
#5439=DIRECTION('ref_axis',(0.832616108807792,-1.04267860074071E-18,-0.553850535211235));
#5440=DIRECTION('',(0.,-1.,0.));
#5441=DIRECTION('center_axis',(0.,1.,0.));
#5442=DIRECTION('ref_axis',(-0.491546373078283,0.,0.87085140128129));
#5443=DIRECTION('',(0.,-1.,0.));
#5444=DIRECTION('center_axis',(0.,-1.,0.));
#5445=DIRECTION('ref_axis',(0.498299239631871,0.,-0.86700511404622));
#5446=DIRECTION('center_axis',(0.,-1.,0.));
#5447=DIRECTION('ref_axis',(0.942304489709175,0.,-0.33475699943979));
#5448=DIRECTION('',(0.,-1.,0.));
#5449=DIRECTION('center_axis',(0.,1.,0.));
#5450=DIRECTION('ref_axis',(0.958088834083175,0.,-0.286471265583728));
#5451=DIRECTION('center_axis',(3.062799E-31,-1.,1.560574E-31));
#5452=DIRECTION('ref_axis',(-0.223984102543847,-2.2069424663485E-31,-0.9745927979457));
#5453=DIRECTION('center_axis',(1.399595E-17,1.,6.089874E-17));
#5454=DIRECTION('ref_axis',(-0.223984102543847,6.24863437079662E-17,-0.9745927979457));
#5455=DIRECTION('center_axis',(-1.399595E-17,-1.,-6.089874E-17));
#5456=DIRECTION('ref_axis',(-0.223984102543847,6.24863437079662E-17,-0.9745927979457));
#5457=DIRECTION('',(0.,-1.,0.));
#5458=DIRECTION('center_axis',(3.062799E-31,-1.,1.560574E-31));
#5459=DIRECTION('ref_axis',(0.718282188663267,1.11418165355148E-31,-0.695751893600805));
#5460=DIRECTION('center_axis',(8.02129E-18,-1.,-7.769686E-18));
#5461=DIRECTION('ref_axis',(0.718282188663267,1.11673234842864E-17,-0.695751893600805));
#5462=DIRECTION('center_axis',(-8.02129E-18,1.,7.769686E-18));
#5463=DIRECTION('ref_axis',(0.718282188663267,1.11673234842864E-17,-0.695751893600805));
#5464=DIRECTION('',(3.062799E-31,-1.,1.560574E-31));
#5465=DIRECTION('center_axis',(3.062799E-31,-1.,1.560574E-31));
#5466=DIRECTION('ref_axis',(0.837654788664491,3.41795378933463E-31,0.546200013756359));
#5467=DIRECTION('center_axis',(-5.204971E-17,-1.,-3.393946E-17));
#5468=DIRECTION('ref_axis',(0.837654788664491,-6.21374223489814E-17,0.546200013756359));
#5469=DIRECTION('',(3.062799E-31,-1.,1.560574E-31));
#5470=DIRECTION('center_axis',(5.204971E-17,1.,3.393946E-17));
#5471=DIRECTION('ref_axis',(0.837654788664491,-6.21374223489814E-17,0.546200013756359));
#5472=DIRECTION('',(0.,-1.,0.));
#5473=DIRECTION('center_axis',(3.062799E-31,-1.,1.560574E-31));
#5474=DIRECTION('ref_axis',(0.837654788664488,3.41795378933463E-31,0.546200013756363));
#5475=DIRECTION('center_axis',(5.204971E-17,1.,3.393946E-17));
#5476=DIRECTION('ref_axis',(0.837654788664488,-6.21374223489814E-17,0.546200013756363));
#5477=DIRECTION('center_axis',(-5.204971E-17,-1.,-3.393946E-17));
#5478=DIRECTION('ref_axis',(0.837654788664488,-6.21374223489814E-17,0.546200013756363));
#5479=DIRECTION('center_axis',(0.,-1.,0.));
#5480=DIRECTION('ref_axis',(0.809016994374948,0.,-0.587785252292473));
#5481=DIRECTION('center_axis',(0.,-1.,0.));
#5482=DIRECTION('ref_axis',(-1.,0.,0.));
#5483=DIRECTION('center_axis',(0.,-1.,-4.258805E-17));
#5484=DIRECTION('ref_axis',(0.348055405244386,3.99251880911965E-17,-0.937473964907915));
#5485=DIRECTION('center_axis',(0.267472311144518,0.741275412641298,-0.615604845160013));
#5486=DIRECTION('ref_axis',(-0.382843717965168,0.668045095085517,0.638080275942447));
#5487=DIRECTION('center_axis',(-1.522861E-18,-1.,4.101769E-18));
#5488=DIRECTION('ref_axis',(0.348055405244386,-4.37534165005224E-18,-0.937473964907915));
#5489=DIRECTION('center_axis',(-8.126356E-33,1.,2.188803E-32));
#5490=DIRECTION('ref_axis',(0.348055405244386,2.33478803988635E-32,-0.937473964907915));
#5491=DIRECTION('center_axis',(1.169885E-31,-1.,1.852916E-32));
#5492=DIRECTION('ref_axis',(0.348055405244386,2.33478746848197E-32,-0.937473964907915));
#5493=DIRECTION('',(0.,-1.,0.));
#5494=DIRECTION('center_axis',(-3.629099E-19,-1.,9.774841E-19));
#5495=DIRECTION('ref_axis',(0.348055405244386,-1.04267864717314E-18,-0.937473964907915));
#5496=DIRECTION('',(0.,-1.,0.));
#5497=DIRECTION('center_axis',(0.,1.,0.));
#5498=DIRECTION('ref_axis',(0.114204241203275,0.,0.993457292132472));
#5499=DIRECTION('',(0.,-1.,0.));
#5500=DIRECTION('center_axis',(0.,-1.,0.));
#5501=DIRECTION('ref_axis',(-0.106480266554478,0.,-0.994314815757307));
#5502=DIRECTION('center_axis',(0.,-1.,0.));
#5503=DIRECTION('ref_axis',(0.565575118678111,0.,-0.824696783752817));
#5504=DIRECTION('',(0.,-1.,0.));
#5505=DIRECTION('center_axis',(0.,1.,0.));
#5506=DIRECTION('ref_axis',(-0.606726563200206,0.,0.7949106097589));
#5507=DIRECTION('center_axis',(1.169885E-31,-1.,1.852916E-32));
#5508=DIRECTION('ref_axis',(-0.754058219050734,-1.00386232770903E-31,-0.656807583910262));
#5509=DIRECTION('center_axis',(4.711834E-17,1.,4.10415E-17));
#5510=DIRECTION('ref_axis',(-0.754058219050734,6.248634000008E-17,-0.656807583910262));
#5511=DIRECTION('center_axis',(-4.711834E-17,-1.,-4.10415E-17));
#5512=DIRECTION('ref_axis',(-0.754058219050734,6.248634000008E-17,-0.656807583910262));
#5513=DIRECTION('',(0.,-1.,0.));
#5514=DIRECTION('center_axis',(1.169885E-31,-1.,1.852916E-32));
#5515=DIRECTION('ref_axis',(0.1721497950723,1.8870121462393E-33,-0.98507078327223));
#5516=DIRECTION('center_axis',(1.922452E-18,-1.,-1.10006E-17));
#5517=DIRECTION('ref_axis',(0.1721497950723,1.11673193763008E-17,-0.98507078327223));
#5518=DIRECTION('center_axis',(-1.922452E-18,1.,1.10006E-17));
#5519=DIRECTION('ref_axis',(0.1721497950723,1.11673193763008E-17,-0.98507078327223));
#5520=DIRECTION('',(1.169885E-31,-1.,1.852916E-32));
#5521=DIRECTION('center_axis',(1.169885E-31,-1.,1.852916E-32));
#5522=DIRECTION('ref_axis',(0.998725272337062,1.15904092941641E-31,-0.050476037832431));
#5523=DIRECTION('center_axis',(-6.205821E-17,-1.,3.136451E-18));
#5524=DIRECTION('ref_axis',(0.998725272337062,-6.21374183023362E-17,-0.050476037832431));
#5525=DIRECTION('',(1.169885E-31,-1.,1.852916E-32));
#5526=DIRECTION('center_axis',(6.205821E-17,1.,-3.136451E-18));
#5527=DIRECTION('ref_axis',(0.998725272337062,-6.21374183023362E-17,-0.050476037832431));
#5528=DIRECTION('',(0.,-1.,0.));
#5529=DIRECTION('center_axis',(1.169885E-31,-1.,1.852916E-32));
#5530=DIRECTION('ref_axis',(0.998725272337062,1.15904092941641E-31,-0.050476037832427));
#5531=DIRECTION('center_axis',(6.205821E-17,1.,-3.136451E-18));
#5532=DIRECTION('ref_axis',(0.998725272337062,-6.21374183023362E-17,-0.050476037832427));
#5533=DIRECTION('center_axis',(-6.205821E-17,-1.,3.136451E-18));
#5534=DIRECTION('ref_axis',(0.998725272337062,-6.21374183023362E-17,-0.050476037832427));
#5535=DIRECTION('center_axis',(0.,-1.,0.));
#5536=DIRECTION('ref_axis',(0.309016994374948,0.,-0.951056516295154));
#5537=DIRECTION('center_axis',(0.,-1.,0.));
#5538=DIRECTION('ref_axis',(-1.,0.,0.));
#5539=DIRECTION('center_axis',(0.,-1.,1.078901E-16));
#5540=DIRECTION('ref_axis',(-0.784035687978152,-6.6969084137324E-17,-0.620715748130033));
#5541=DIRECTION('center_axis',(-0.502821509783998,0.741275412641256,-0.444613643416481));
#5542=DIRECTION('ref_axis',(0.488545189459493,0.668045095098865,0.56128366159219));
#5543=DIRECTION('center_axis',(3.430424E-18,-1.,2.715843E-18));
#5544=DIRECTION('ref_axis',(-0.784035687978152,-4.37534136044548E-18,-0.620715748130032));
#5545=DIRECTION('center_axis',(1.123265E-31,1.,8.892814E-32));
#5546=DIRECTION('ref_axis',(-0.784035687978152,1.4326708165559E-31,-0.620715748130033));
#5547=DIRECTION('center_axis',(-3.062799E-31,-1.,1.560574E-31));
#5548=DIRECTION('ref_axis',(-0.784035687978152,1.43267086318152E-31,-0.620715748130033));
#5549=DIRECTION('',(0.,-1.,0.));
#5550=DIRECTION('center_axis',(8.174972E-19,-1.,6.47207E-19));
#5551=DIRECTION('ref_axis',(-0.784035687978152,-1.04267855682221E-18,-0.620715748130033));
#5552=DIRECTION('',(0.,-1.,0.));
#5553=DIRECTION('center_axis',(0.,1.,0.));
#5554=DIRECTION('ref_axis',(0.980125082727872,0.,0.198380498556896));
#5555=DIRECTION('',(0.,-1.,0.));
#5556=DIRECTION('center_axis',(0.,-1.,0.));
#5557=DIRECTION('ref_axis',(0.978553796705725,0.,0.20599142446425));
#5558=DIRECTION('center_axis',(0.,-1.,0.));
#5559=DIRECTION('ref_axis',(-0.609560926906591,0.,-0.792739223445376));
#5560=DIRECTION('',(0.,-1.,0.));
#5561=DIRECTION('center_axis',(0.,1.,0.));
#5562=DIRECTION('ref_axis',(0.568516096170048,0.,0.822672139066085));
#5563=DIRECTION('center_axis',(-3.062799E-31,-1.,1.560574E-31));
#5564=DIRECTION('ref_axis',(-0.857677937064714,3.42932242425425E-31,0.514187277431499));
#5565=DIRECTION('center_axis',(5.359316E-17,1.,-3.212968E-17));
#5566=DIRECTION('ref_axis',(-0.857677937064714,6.24863435935244E-17,0.514187277431499));
#5567=DIRECTION('center_axis',(-5.359316E-17,-1.,3.212968E-17));
#5568=DIRECTION('ref_axis',(-0.857677937064714,6.24863435935244E-17,0.514187277431499));
#5569=DIRECTION('',(0.,-1.,0.));
#5570=DIRECTION('center_axis',(-3.062799E-31,-1.,1.560574E-31));
#5571=DIRECTION('ref_axis',(-0.88366077518752,1.97592726978988E-31,-0.468127797075746));
#5572=DIRECTION('center_axis',(-9.868126E-18,-1.,-5.227735E-18));
#5573=DIRECTION('ref_axis',(-0.88366077518752,1.11673239400539E-17,-0.468127797075746));
#5574=DIRECTION('center_axis',(9.868126E-18,1.,5.227735E-18));
#5575=DIRECTION('ref_axis',(-0.88366077518752,1.11673239400539E-17,-0.468127797075746));
#5576=DIRECTION('',(-3.062799E-31,-1.,1.560574E-31));
#5577=DIRECTION('center_axis',(-3.062799E-31,-1.,1.560574E-31));
#5578=DIRECTION('ref_axis',(0.260617517166605,-2.30486296026423E-31,-0.965442131743749));
#5579=DIRECTION('center_axis',(-1.61941E-17,-1.,5.999008E-17));
#5580=DIRECTION('ref_axis',(0.260617517166605,-6.21374168534258E-17,-0.965442131743749));
#5581=DIRECTION('',(-3.062799E-31,-1.,1.560574E-31));
#5582=DIRECTION('center_axis',(1.61941E-17,1.,-5.999008E-17));
#5583=DIRECTION('ref_axis',(0.260617517166605,-6.21374168534258E-17,-0.965442131743749));
#5584=DIRECTION('',(0.,-1.,0.));
#5585=DIRECTION('center_axis',(-3.062799E-31,-1.,1.560574E-31));
#5586=DIRECTION('ref_axis',(0.260617517166609,-2.30486296026424E-31,-0.965442131743748));
#5587=DIRECTION('center_axis',(1.61941E-17,1.,-5.999008E-17));
#5588=DIRECTION('ref_axis',(0.260617517166609,-6.21374168534257E-17,-0.965442131743748));
#5589=DIRECTION('center_axis',(-1.61941E-17,-1.,5.999008E-17));
#5590=DIRECTION('ref_axis',(0.260617517166609,-6.21374168534257E-17,-0.965442131743748));
#5591=DIRECTION('center_axis',(0.,-1.,0.));
#5592=DIRECTION('ref_axis',(-0.809016994374947,0.,-0.587785252292473));
#5593=DIRECTION('center_axis',(0.,-1.,0.));
#5594=DIRECTION('ref_axis',(-1.,0.,0.));
#5595=DIRECTION('center_axis',(0.,-1.,1.272801E-16));
#5596=DIRECTION('ref_axis',(-0.937473964907915,-4.4300526785046E-17,-0.348055405244386));
#5597=DIRECTION('center_axis',(-0.615604845160008,0.741275412641303,-0.267472311144516));
#5598=DIRECTION('ref_axis',(0.638080275897345,0.668045095079171,0.382843718051414));
#5599=DIRECTION('center_axis',(4.101769E-18,-1.,1.522861E-18));
#5600=DIRECTION('ref_axis',(-0.937473964907915,-4.37534165005224E-18,-0.348055405244386));
#5601=DIRECTION('center_axis',(2.310795E-31,1.,8.579274E-32));
#5602=DIRECTION('ref_axis',(-0.937473964907915,2.46491641961665E-31,-0.348055405244386));
#5603=DIRECTION('center_axis',(-3.600536E-31,-1.,2.615943E-31));
#5604=DIRECTION('ref_axis',(-0.937473964907915,2.46491565875247E-31,-0.348055405244386));
#5605=DIRECTION('',(0.,-1.,0.));
#5606=DIRECTION('center_axis',(9.774841E-19,-1.,3.629099E-19));
#5607=DIRECTION('ref_axis',(-0.937473964907915,-1.04267864717314E-18,-0.348055405244386));
#5608=DIRECTION('',(0.,-1.,0.));
#5609=DIRECTION('center_axis',(0.,1.,0.));
#5610=DIRECTION('ref_axis',(0.993457292123557,0.,-0.114204241280832));
#5611=DIRECTION('',(0.,-1.,0.));
#5612=DIRECTION('center_axis',(0.,-1.,0.));
#5613=DIRECTION('ref_axis',(0.994314815757362,0.,-0.106480266553969));
#5614=DIRECTION('center_axis',(0.,-1.,0.));
#5615=DIRECTION('ref_axis',(0.824696783742658,0.,0.565575118692925));
#5616=DIRECTION('',(0.,-1.,0.));
#5617=DIRECTION('center_axis',(0.,1.,0.));
#5618=DIRECTION('ref_axis',(0.794910609789258,0.,0.606726563160432));
#5619=DIRECTION('center_axis',(-3.600536E-31,-1.,2.615943E-31));
#5620=DIRECTION('ref_axis',(-0.656807583910262,4.33743267066015E-31,0.754058219050734));
#5621=DIRECTION('center_axis',(4.10415E-17,1.,-4.711834E-17));
#5622=DIRECTION('ref_axis',(-0.656807583910262,6.248634000008E-17,0.754058219050734));
#5623=DIRECTION('center_axis',(-4.10415E-17,-1.,4.711834E-17));
#5624=DIRECTION('ref_axis',(-0.656807583910262,6.248634000008E-17,0.754058219050734));
#5625=DIRECTION('',(0.,-1.,0.));
#5626=DIRECTION('center_axis',(-3.600536E-31,-1.,2.615943E-31));
#5627=DIRECTION('ref_axis',(-0.98507078327223,3.09644876634905E-31,-0.1721497950723));
#5628=DIRECTION('center_axis',(-1.10006E-17,-1.,-1.922452E-18));
#5629=DIRECTION('ref_axis',(-0.98507078327223,1.11673193763008E-17,-0.1721497950723));
#5630=DIRECTION('center_axis',(1.10006E-17,1.,1.922452E-18));
#5631=DIRECTION('ref_axis',(-0.98507078327223,1.11673193763008E-17,-0.1721497950723));
#5632=DIRECTION('',(-3.600536E-31,-1.,2.615943E-31));
#5633=DIRECTION('center_axis',(-3.600536E-31,-1.,2.615943E-31));
#5634=DIRECTION('ref_axis',(-0.050476037832432,-2.4308675937402E-31,-0.998725272337062));
#5635=DIRECTION('center_axis',(3.136451E-18,-1.,6.205821E-17));
#5636=DIRECTION('ref_axis',(-0.050476037832432,-6.21374183023362E-17,-0.998725272337062));
#5637=DIRECTION('',(-3.600536E-31,-1.,2.615943E-31));
#5638=DIRECTION('center_axis',(-3.136451E-18,1.,-6.205821E-17));
#5639=DIRECTION('ref_axis',(-0.050476037832432,-6.21374183023362E-17,-0.998725272337062));
#5640=DIRECTION('',(0.,-1.,0.));
#5641=DIRECTION('center_axis',(-3.600536E-31,-1.,2.615943E-31));
#5642=DIRECTION('ref_axis',(-0.050476037832427,-2.43086759374022E-31,-0.998725272337062));
#5643=DIRECTION('center_axis',(-3.136451E-18,1.,-6.205821E-17));
#5644=DIRECTION('ref_axis',(-0.050476037832427,-6.21374183023362E-17,-0.998725272337062));
#5645=DIRECTION('center_axis',(3.136451E-18,-1.,6.205821E-17));
#5646=DIRECTION('ref_axis',(-0.050476037832427,-6.21374183023362E-17,-0.998725272337062));
#5647=DIRECTION('center_axis',(0.,-1.,0.));
#5648=DIRECTION('ref_axis',(-0.951056516295154,0.,-0.309016994374948));
#5649=DIRECTION('center_axis',(0.,-1.,0.));
#5650=DIRECTION('ref_axis',(-1.,0.,0.));
#5651=DIRECTION('center_axis',(0.,1.,0.));
#5652=DIRECTION('ref_axis',(-1.,0.,0.));
#5653=DIRECTION('center_axis',(0.,1.,0.));
#5654=DIRECTION('ref_axis',(1.,0.,0.));
#5655=DIRECTION('center_axis',(0.,1.,0.));
#5656=DIRECTION('ref_axis',(-1.,0.,0.));
#5657=DIRECTION('center_axis',(0.,1.,0.));
#5658=DIRECTION('ref_axis',(-1.,0.,0.));
#5659=DIRECTION('center_axis',(0.,1.,0.));
#5660=DIRECTION('ref_axis',(-1.,0.,0.));
#5661=DIRECTION('center_axis',(0.,-1.,0.));
#5662=DIRECTION('ref_axis',(-0.707106781186548,0.,0.707106781186548));
#5663=DIRECTION('center_axis',(0.,1.,0.));
#5664=DIRECTION('ref_axis',(-0.707106781186548,0.,0.707106781186548));
#5665=DIRECTION('',(0.,1.,0.));
#5666=DIRECTION('center_axis',(0.,1.,0.));
#5667=DIRECTION('ref_axis',(-0.707106781186548,0.,0.707106781186548));
#5668=DIRECTION('',(0.,-1.,0.));
#5669=DIRECTION('center_axis',(0.,0.,1.));
#5670=DIRECTION('ref_axis',(1.,0.,0.));
#5671=DIRECTION('',(1.,0.,0.));
#5672=DIRECTION('',(1.,0.,0.));
#5673=DIRECTION('',(0.,-1.,0.));
#5674=DIRECTION('',(-1.,0.,0.));
#5675=DIRECTION('',(0.,1.,0.));
#5676=DIRECTION('',(-1.,0.,0.));
#5677=DIRECTION('',(0.,1.,0.));
#5678=DIRECTION('',(-1.,0.,0.));
#5679=DIRECTION('',(0.,-1.,0.));
#5680=DIRECTION('',(-1.,0.,0.));
#5681=DIRECTION('',(0.,-1.,0.));
#5682=DIRECTION('center_axis',(0.,-1.,0.));
#5683=DIRECTION('ref_axis',(1.,0.,0.));
#5684=DIRECTION('',(0.,0.,1.));
#5685=DIRECTION('center_axis',(0.,1.,0.));
#5686=DIRECTION('ref_axis',(-0.707106781186548,0.,-0.707106781186548));
#5687=DIRECTION('',(-1.,0.,0.));
#5688=DIRECTION('center_axis',(0.,1.,0.));
#5689=DIRECTION('ref_axis',(0.707106781186548,0.,-0.707106781186548));
#5690=DIRECTION('',(0.,0.,1.));
#5691=DIRECTION('center_axis',(0.,1.,0.));
#5692=DIRECTION('ref_axis',(0.707106781186548,0.,0.707106781186548));
#5693=DIRECTION('center_axis',(0.,1.,0.));
#5694=DIRECTION('ref_axis',(-0.707106781186548,0.,-0.707106781186548));
#5695=DIRECTION('',(0.,1.,0.));
#5696=DIRECTION('center_axis',(0.,1.,0.));
#5697=DIRECTION('ref_axis',(-0.707106781186548,0.,-0.707106781186548));
#5698=DIRECTION('',(0.,-1.,0.));
#5699=DIRECTION('center_axis',(0.,0.,1.));
#5700=DIRECTION('ref_axis',(1.,0.,0.));
#5701=DIRECTION('',(1.,0.,0.));
#5702=DIRECTION('',(0.,1.,0.));
#5703=DIRECTION('',(1.,0.,0.));
#5704=DIRECTION('',(0.,1.,0.));
#5705=DIRECTION('',(1.,0.,0.));
#5706=DIRECTION('',(0.,-1.,0.));
#5707=DIRECTION('',(1.,0.,0.));
#5708=DIRECTION('',(0.,-1.,0.));
#5709=DIRECTION('',(-1.,0.,0.));
#5710=DIRECTION('',(0.,1.,0.));
#5711=DIRECTION('center_axis',(0.,-1.,0.));
#5712=DIRECTION('ref_axis',(0.707106781186548,0.,-0.707106781186548));
#5713=DIRECTION('center_axis',(0.,1.,0.));
#5714=DIRECTION('ref_axis',(0.707106781186548,0.,-0.707106781186548));
#5715=DIRECTION('',(0.,-1.,0.));
#5716=DIRECTION('center_axis',(1.,0.,0.));
#5717=DIRECTION('ref_axis',(0.,1.,0.));
#5718=DIRECTION('',(0.,0.,1.));
#5719=DIRECTION('',(0.,1.,0.));
#5720=DIRECTION('center_axis',(0.,1.,0.));
#5721=DIRECTION('ref_axis',(0.707106781186548,0.,0.707106781186548));
#5722=DIRECTION('center_axis',(0.,1.,0.));
#5723=DIRECTION('ref_axis',(0.707106781186548,0.,0.707106781186548));
#5724=DIRECTION('center_axis',(1.,0.,2.323021E-15));
#5725=DIRECTION('ref_axis',(-1.64262390193877E-15,-0.70710678118654,0.707106781186555));
#5726=DIRECTION('',(1.,0.,0.));
#5727=DIRECTION('center_axis',(1.,0.,0.));
#5728=DIRECTION('ref_axis',(0.,0.,1.));
#5729=DIRECTION('',(-1.,0.,0.));
#5730=DIRECTION('center_axis',(0.,-1.,0.));
#5731=DIRECTION('ref_axis',(0.,0.,-1.));
#5732=DIRECTION('center_axis',(-1.,0.,0.));
#5733=DIRECTION('ref_axis',(0.,0.,-1.));
#5734=DIRECTION('center_axis',(0.,1.,0.));
#5735=DIRECTION('ref_axis',(1.,0.,0.));
#5736=DIRECTION('center_axis',(0.,-1.,0.));
#5737=DIRECTION('ref_axis',(1.,0.,0.));
#5738=DIRECTION('center_axis',(-1.,0.,1.16151E-15));
#5739=DIRECTION('ref_axis',(-8.21311597415996E-16,-0.70710678118654,-0.707106781186555));
#5740=DIRECTION('',(1.,0.,0.));
#5741=DIRECTION('',(-1.,0.,0.));
#5742=DIRECTION('center_axis',(0.,-1.,0.));
#5743=DIRECTION('ref_axis',(0.,0.,-1.));
#5744=DIRECTION('center_axis',(0.,1.,0.));
#5745=DIRECTION('ref_axis',(-0.217037900627752,0.,-0.976163177799234));
#5746=DIRECTION('center_axis',(-0.253966121062782,0.,0.967213114754098));
#5747=DIRECTION('ref_axis',(0.,-1.,0.));
#5748=DIRECTION('center_axis',(0.,-1.,0.));
#5749=DIRECTION('ref_axis',(-0.217037900627752,0.,-0.976163177799234));
#5750=DIRECTION('center_axis',(0.,-1.,0.));
#5751=DIRECTION('ref_axis',(-0.0902666624896523,0.,0.995917631957071));
#5752=DIRECTION('center_axis',(0.,-1.,0.));
#5753=DIRECTION('ref_axis',(-0.217037900627752,0.,0.976163177799234));
#5754=DIRECTION('center_axis',(-0.253966121062782,-2.684556E-15,-0.967213114754098));
#5755=DIRECTION('ref_axis',(0.967213114754098,0.,-0.253966121062782));
#5756=DIRECTION('center_axis',(0.,1.,0.));
#5757=DIRECTION('ref_axis',(-0.217037900627752,0.,0.976163177799234));
#5758=DIRECTION('',(0.,0.,1.));
#5759=DIRECTION('',(0.,0.,1.));
#5760=DIRECTION('',(0.,0.,1.));
#5761=DIRECTION('center_axis',(0.,1.,0.));
#5762=DIRECTION('ref_axis',(0.,0.,1.));
#5763=DIRECTION('',(0.,1.,0.));
#5764=DIRECTION('center_axis',(0.,1.,0.));
#5765=DIRECTION('ref_axis',(0.,0.,1.));
#5766=DIRECTION('',(0.,1.,0.));
#5767=DIRECTION('center_axis',(0.,0.,-1.));
#5768=DIRECTION('ref_axis',(-1.,0.,0.));
#5769=DIRECTION('',(0.,1.,0.));
#5770=DIRECTION('',(-1.,0.,0.));
#5771=DIRECTION('center_axis',(0.,0.,1.));
#5772=DIRECTION('ref_axis',(-1.,0.,0.));
#5773=DIRECTION('',(-1.,0.,0.));
#5774=DIRECTION('',(0.,-1.,0.));
#5775=DIRECTION('',(1.,0.,0.));
#5776=DIRECTION('',(0.,1.,0.));
#5777=DIRECTION('center_axis',(0.,0.,-1.));
#5778=DIRECTION('ref_axis',(1.,0.,0.));
#5779=DIRECTION('',(1.,0.,0.));
#5780=DIRECTION('',(0.,-1.,0.));
#5781=DIRECTION('',(-1.,0.,0.));
#5782=DIRECTION('',(0.,1.,0.));
#5783=DIRECTION('center_axis',(0.,-1.,0.));
#5784=DIRECTION('ref_axis',(1.,0.,7.6571373978539E-16));
#5785=DIRECTION('center_axis',(0.,1.,0.));
#5786=DIRECTION('ref_axis',(-1.,0.,0.));
#5787=DIRECTION('center_axis',(0.,-1.,0.));
#5788=DIRECTION('ref_axis',(-1.,0.,0.));
#5789=DIRECTION('center_axis',(0.,1.,0.));
#5790=DIRECTION('ref_axis',(-1.,0.,0.));
#5791=DIRECTION('',(0.,0.,1.));
#5792=DIRECTION('',(0.,0.,1.));
#5793=DIRECTION('',(0.,0.,1.));
#5794=DIRECTION('center_axis',(0.,-1.,0.));
#5795=DIRECTION('ref_axis',(1.,0.,0.));
#5796=DIRECTION('',(0.,0.,-1.));
#5797=DIRECTION('',(0.,0.,1.));
#5798=DIRECTION('',(0.,0.,-1.));
#5799=DIRECTION('center_axis',(-1.,0.,0.));
#5800=DIRECTION('ref_axis',(0.,-1.,0.));
#5801=DIRECTION('center_axis',(0.,0.,-1.));
#5802=DIRECTION('ref_axis',(1.,0.,0.));
#5803=DIRECTION('',(-1.,0.,0.));
#5804=DIRECTION('',(0.,-1.,0.));
#5805=DIRECTION('',(1.,0.,0.));
#5806=DIRECTION('',(0.,1.,0.));
#5807=DIRECTION('center_axis',(0.,0.,1.));
#5808=DIRECTION('ref_axis',(-1.,0.,0.));
#5809=DIRECTION('',(1.,0.,0.));
#5810=DIRECTION('',(0.,-1.,0.));
#5811=DIRECTION('',(-1.,0.,0.));
#5812=DIRECTION('',(0.,1.,0.));
#5813=DIRECTION('center_axis',(1.,0.,0.));
#5814=DIRECTION('ref_axis',(0.,1.,0.));
#5815=DIRECTION('',(0.,0.,1.));
#5816=DIRECTION('',(0.,0.,1.));
#5817=DIRECTION('center_axis',(1.,0.,0.));
#5818=DIRECTION('ref_axis',(0.,1.,0.));
#5819=DIRECTION('',(0.,0.,1.));
#5820=DIRECTION('',(0.,0.,1.));
#5821=DIRECTION('center_axis',(0.,1.,0.));
#5822=DIRECTION('ref_axis',(-1.,0.,7.6571373978539E-16));
#5823=DIRECTION('center_axis',(0.,-1.,0.));
#5824=DIRECTION('ref_axis',(1.,0.,0.));
#5825=DIRECTION('center_axis',(0.,1.,0.));
#5826=DIRECTION('ref_axis',(1.,0.,0.));
#5827=DIRECTION('center_axis',(0.,1.,0.));
#5828=DIRECTION('ref_axis',(-1.,0.,0.));
#5829=DIRECTION('',(0.,1.,0.));
#5830=DIRECTION('center_axis',(0.,-1.,0.));
#5831=DIRECTION('ref_axis',(-1.,0.,0.));
#5832=DIRECTION('center_axis',(0.,0.,1.));
#5833=DIRECTION('ref_axis',(1.,0.,0.));
#5834=DIRECTION('',(1.,0.,0.));
#5835=DIRECTION('',(0.,1.,0.));
#5836=DIRECTION('center_axis',(0.,1.,0.));
#5837=DIRECTION('ref_axis',(-1.,0.,-4.70433485010659E-16));
#5838=DIRECTION('center_axis',(0.,1.,0.));
#5839=DIRECTION('ref_axis',(0.905789099382196,0.,-0.423728813559322));
#5840=DIRECTION('center_axis',(0.,-1.,0.));
#5841=DIRECTION('ref_axis',(0.,0.,-1.));
#5842=DIRECTION('center_axis',(0.,1.,0.));
#5843=DIRECTION('ref_axis',(-1.,0.,0.));
#5844=DIRECTION('',(0.,0.,1.));
#5845=DIRECTION('',(0.,0.,1.));
#5846=DIRECTION('',(0.,0.,1.));
#5847=DIRECTION('center_axis',(-1.,0.,0.));
#5848=DIRECTION('ref_axis',(0.,-1.,0.));
#5849=DIRECTION('center_axis',(-1.,0.,0.));
#5850=DIRECTION('ref_axis',(0.,-1.,0.));
#5851=DIRECTION('center_axis',(1.,0.,0.));
#5852=DIRECTION('ref_axis',(0.,1.,0.));
#5853=DIRECTION('',(0.,0.,1.));
#5854=DIRECTION('center_axis',(0.,1.,0.));
#5855=DIRECTION('ref_axis',(-1.,0.,0.));
#5856=DIRECTION('center_axis',(0.,-1.,0.));
#5857=DIRECTION('ref_axis',(1.,0.,0.));
#5858=DIRECTION('center_axis',(-1.,0.,0.));
#5859=DIRECTION('ref_axis',(0.,-1.,0.));
#5860=DIRECTION('center_axis',(0.,-1.,-1.078901E-16));
#5861=DIRECTION('ref_axis',(0.784035687978152,-6.6969084137324E-17,0.620715748130032));
#5862=DIRECTION('center_axis',(0.502821509783519,0.741275412641388,0.444613643416801));
#5863=DIRECTION('ref_axis',(0.488545189249948,-0.668045095079649,0.561283661797451));
#5864=DIRECTION('center_axis',(-3.430424E-18,-1.,-2.715843E-18));
#5865=DIRECTION('ref_axis',(0.784035687978152,-4.37534136044548E-18,0.620715748130033));
#5866=DIRECTION('center_axis',(-4.808112E-31,1.,-3.80655E-31));
#5867=DIRECTION('ref_axis',(0.784035687978152,6.13251693084038E-31,0.620715748130033));
#5868=DIRECTION('center_axis',(3.062799E-31,-1.,6.011082E-31));
#5869=DIRECTION('ref_axis',(0.784035687978152,6.13251698180477E-31,0.620715748130033));
#5870=DIRECTION('',(0.,-1.,0.));
#5871=DIRECTION('center_axis',(-8.174972E-19,-1.,-6.47207E-19));
#5872=DIRECTION('ref_axis',(0.784035687978152,-1.04267855682221E-18,0.620715748130033));
#5873=DIRECTION('',(0.,-1.,0.));
#5874=DIRECTION('center_axis',(0.,1.,0.));
#5875=DIRECTION('ref_axis',(0.980125082732532,0.,0.198380498533874));
#5876=DIRECTION('',(0.,-1.,0.));
#5877=DIRECTION('center_axis',(0.,-1.,0.));
#5878=DIRECTION('ref_axis',(0.978553796705384,0.,0.205991424465869));
#5879=DIRECTION('center_axis',(0.,-1.,0.));
#5880=DIRECTION('ref_axis',(-0.609560926881741,0.,-0.792739223464484));
#5881=DIRECTION('',(0.,-1.,0.));
#5882=DIRECTION('center_axis',(0.,1.,0.));
#5883=DIRECTION('ref_axis',(0.568516095361115,0.,0.822672139625107));
#5884=DIRECTION('center_axis',(3.062799E-31,-1.,6.011082E-31));
#5885=DIRECTION('ref_axis',(0.857677937064714,-4.6392676003362E-32,-0.514187277431499));
#5886=DIRECTION('center_axis',(-5.359316E-17,1.,3.212968E-17));
#5887=DIRECTION('ref_axis',(0.857677937064714,6.24863435935244E-17,-0.514187277431499));
#5888=DIRECTION('center_axis',(5.359316E-17,-1.,-3.212968E-17));
#5889=DIRECTION('ref_axis',(0.857677937064714,6.24863435935244E-17,-0.514187277431499));
#5890=DIRECTION('',(0.,-1.,0.));
#5891=DIRECTION('center_axis',(3.062799E-31,-1.,6.011082E-31));
#5892=DIRECTION('ref_axis',(0.88366077518752,5.52042991328523E-31,0.468127797075746));
#5893=DIRECTION('center_axis',(9.868126E-18,-1.,5.227735E-18));
#5894=DIRECTION('ref_axis',(0.88366077518752,1.11673239400539E-17,0.468127797075746));
#5895=DIRECTION('center_axis',(-9.868126E-18,1.,-5.227735E-18));
#5896=DIRECTION('ref_axis',(0.88366077518752,1.11673239400539E-17,0.468127797075746));
#5897=DIRECTION('',(3.062799E-31,-1.,6.011082E-31));
#5898=DIRECTION('center_axis',(3.062799E-31,-1.,6.011082E-31));
#5899=DIRECTION('ref_axis',(-0.260617517166605,5.00513274920612E-31,0.965442131743749));
#5900=DIRECTION('center_axis',(1.61941E-17,-1.,-5.999008E-17));
#5901=DIRECTION('ref_axis',(-0.260617517166605,-6.21374168534258E-17,0.965442131743749));
#5902=DIRECTION('',(3.062799E-31,-1.,6.011082E-31));
#5903=DIRECTION('center_axis',(-1.61941E-17,1.,5.999008E-17));
#5904=DIRECTION('ref_axis',(-0.260617517166605,-6.21374168534258E-17,0.965442131743749));
#5905=DIRECTION('',(0.,-1.,0.));
#5906=DIRECTION('center_axis',(3.062799E-31,-1.,6.011082E-31));
#5907=DIRECTION('ref_axis',(-0.26061751716661,5.00513274920609E-31,0.965442131743747));
#5908=DIRECTION('center_axis',(-1.61941E-17,1.,5.999008E-17));
#5909=DIRECTION('ref_axis',(-0.26061751716661,-6.21374168534257E-17,0.965442131743747));
#5910=DIRECTION('center_axis',(1.61941E-17,-1.,-5.999008E-17));
#5911=DIRECTION('ref_axis',(-0.26061751716661,-6.21374168534257E-17,0.965442131743747));
#5912=DIRECTION('center_axis',(0.,-1.,0.));
#5913=DIRECTION('ref_axis',(0.809016994374947,0.,0.587785252292473));
#5914=DIRECTION('center_axis',(0.,-1.,0.));
#5915=DIRECTION('ref_axis',(-1.,0.,0.));
#5916=DIRECTION('center_axis',(0.,1.,-3.785828E-31));
#5917=DIRECTION('ref_axis',(-1.,0.,0.));
#5918=DIRECTION('center_axis',(0.,1.,0.));
#5919=DIRECTION('ref_axis',(-1.,0.,0.));
#5920=DIRECTION('',(0.,-1.,3.785828E-31));
#5921=DIRECTION('center_axis',(0.,1.,0.));
#5922=DIRECTION('ref_axis',(-1.,0.,0.));
#5923=DIRECTION('center_axis',(0.,1.,0.));
#5924=DIRECTION('ref_axis',(-1.,0.,0.));
#5925=DIRECTION('center_axis',(0.,1.,0.));
#5926=DIRECTION('ref_axis',(-1.,0.,0.));
#5927=DIRECTION('',(0.,-1.,0.));
#5928=DIRECTION('center_axis',(3.619742E-18,1.,6.8328E-18));
#5929=DIRECTION('ref_axis',(-0.468127797075755,7.73237919314384E-18,-0.883660775187515));
#5930=DIRECTION('',(0.,-1.,0.));
#5931=DIRECTION('center_axis',(0.,1.,0.));
#5932=DIRECTION('ref_axis',(-1.,0.,0.));
#5933=DIRECTION('',(0.,-1.,0.));
#5934=DIRECTION('center_axis',(1.331128E-18,1.,7.616941E-18));
#5935=DIRECTION('ref_axis',(-0.17214979507231,7.73237944942337E-18,-0.985070783272228));
#5936=DIRECTION('',(0.,-1.,0.));
#5937=DIRECTION('center_axis',(0.,1.,0.));
#5938=DIRECTION('ref_axis',(-1.,0.,0.));
#5939=DIRECTION('center_axis',(0.,1.,0.));
#5940=DIRECTION('ref_axis',(-1.,0.,0.));
#5941=DIRECTION('',(0.,-1.,0.));
#5942=DIRECTION('center_axis',(-3.400221E-18,1.,6.944652E-18));
#5943=DIRECTION('ref_axis',(0.439737969079947,7.73237959815379E-18,-0.898126115058149));
#5944=DIRECTION('',(0.,-1.,0.));
#5945=DIRECTION('center_axis',(0.,1.,0.));
#5946=DIRECTION('ref_axis',(-1.,0.,0.));
#5947=DIRECTION('center_axis',(0.,1.,0.));
#5948=DIRECTION('ref_axis',(-1.,0.,0.));
#5949=DIRECTION('',(0.,-1.,0.));
#5950=DIRECTION('center_axis',(-6.8328E-18,1.,3.619742E-18));
#5951=DIRECTION('ref_axis',(0.883660775187515,7.73237919314384E-18,-0.468127797075755));
#5952=DIRECTION('',(0.,-1.,0.));
#5953=DIRECTION('center_axis',(0.,1.,0.));
#5954=DIRECTION('ref_axis',(-1.,0.,0.));
#5955=DIRECTION('center_axis',(0.,1.,0.));
#5956=DIRECTION('ref_axis',(-1.,0.,0.));
#5957=DIRECTION('center_axis',(0.,1.,0.));
#5958=DIRECTION('ref_axis',(-1.,0.,0.));
#5959=DIRECTION('center_axis',(0.,1.,0.));
#5960=DIRECTION('ref_axis',(-1.,0.,0.));
#5961=DIRECTION('center_axis',(0.,1.,0.));
#5962=DIRECTION('ref_axis',(-1.,0.,0.));
#5963=DIRECTION('',(0.,-1.,0.));
#5964=DIRECTION('center_axis',(-3.619742E-18,1.,-6.8328E-18));
#5965=DIRECTION('ref_axis',(0.468127797075755,7.73237919314384E-18,0.883660775187515));
#5966=DIRECTION('',(0.,-1.,0.));
#5967=DIRECTION('center_axis',(0.,1.,0.));
#5968=DIRECTION('ref_axis',(-1.,0.,0.));
#5969=DIRECTION('',(0.,-1.,0.));
#5970=DIRECTION('center_axis',(-1.331128E-18,1.,-7.616941E-18));
#5971=DIRECTION('ref_axis',(0.17214979507231,7.73237944942337E-18,0.985070783272228));
#5972=DIRECTION('',(0.,-1.,0.));
#5973=DIRECTION('center_axis',(0.,1.,0.));
#5974=DIRECTION('ref_axis',(-1.,0.,0.));
#5975=DIRECTION('',(0.,-1.,0.));
#5976=DIRECTION('center_axis',(1.087787E-18,1.,-7.655483E-18));
#5977=DIRECTION('ref_axis',(-0.140679428310963,7.73238000363782E-18,0.990055199698532));
#5978=DIRECTION('',(0.,-1.,0.));
#5979=DIRECTION('center_axis',(0.,1.,0.));
#5980=DIRECTION('ref_axis',(-1.,0.,0.));
#5981=DIRECTION('center_axis',(0.,1.,0.));
#5982=DIRECTION('ref_axis',(-1.,0.,0.));
#5983=DIRECTION('center_axis',(0.,1.,0.));
#5984=DIRECTION('ref_axis',(-1.,0.,0.));
#5985=DIRECTION('center_axis',(0.,1.,0.));
#5986=DIRECTION('ref_axis',(-1.,0.,0.));
#5987=DIRECTION('center_axis',(6.717294E-17,1.,1.734723E-18));
#5988=DIRECTION('ref_axis',(1.,-6.717294E-17,-1.1652644399562E-34));
#5989=DIRECTION('',(6.717294E-17,1.,1.734723E-18));
#5990=DIRECTION('center_axis',(0.,-1.,0.));
#5991=DIRECTION('ref_axis',(1.,0.,0.));
#5992=DIRECTION('center_axis',(0.,-1.,4.035892E-17));
#5993=DIRECTION('ref_axis',(-0.269450633154256,-3.8866213201064E-17,-0.963014203577897));
#5994=DIRECTION('center_axis',(-0.145453803984369,0.741275412641248,-0.655251061441356));
#5995=DIRECTION('ref_axis',(0.0653271019998542,0.668045095088568,0.741247678358864));
#5996=DIRECTION('center_axis',(1.178939E-18,-1.,4.213516E-18));
#5997=DIRECTION('ref_axis',(-0.269450633154256,-4.37534161500297E-18,-0.963014203577897));
#5998=DIRECTION('center_axis',(3.685757E-33,1.,1.317286E-32));
#5999=DIRECTION('ref_axis',(-0.269450633154256,1.36787808390459E-32,-0.963014203577897));
#6000=DIRECTION('center_axis',(-1.169885E-31,-1.,1.852916E-32));
#6001=DIRECTION('ref_axis',(-0.269450633154256,1.36787811363992E-32,-0.963014203577897));
#6002=DIRECTION('',(0.,-1.,0.));
#6003=DIRECTION('center_axis',(2.809504E-19,-1.,1.004114E-18));
#6004=DIRECTION('ref_axis',(-0.269450633154256,-1.04267830717636E-18,-0.963014203577897));
#6005=DIRECTION('',(0.,-1.,0.));
#6006=DIRECTION('center_axis',(0.,1.,0.));
#6007=DIRECTION('ref_axis',(0.676332717131625,0.,0.736596263727528));
#6008=DIRECTION('',(0.,-1.,0.));
#6009=DIRECTION('center_axis',(0.,-1.,0.));
#6010=DIRECTION('ref_axis',(-0.670587930045692,0.,-0.741830053366021));
#6011=DIRECTION('center_axis',(0.,-1.,0.));
#6012=DIRECTION('ref_axis',(-0.0271847244984499,0.,-0.999630427084902));
#6013=DIRECTION('',(0.,-1.,0.));
#6014=DIRECTION('center_axis',(0.,1.,0.));
#6015=DIRECTION('ref_axis',(-0.0236153667006527,0.,0.999721118340307));
#6016=DIRECTION('center_axis',(-1.169885E-31,-1.,1.852916E-32));
#6017=DIRECTION('ref_axis',(-0.996107725376453,1.14899910702961E-31,-0.088144196889802));
#6018=DIRECTION('center_axis',(6.224313E-17,1.,5.507808E-18));
#6019=DIRECTION('ref_axis',(-0.996107725376453,6.24863439573941E-17,-0.088144196889802));
#6020=DIRECTION('center_axis',(-6.224313E-17,-1.,-5.507808E-18));
#6021=DIRECTION('ref_axis',(-0.996107725376453,6.24863439573941E-17,-0.088144196889802));
#6022=DIRECTION('',(0.,-1.,0.));
#6023=DIRECTION('center_axis',(-1.169885E-31,-1.,1.852916E-32));
#6024=DIRECTION('ref_axis',(-0.439737969079957,3.48027629096198E-32,-0.898126115058144));
#6025=DIRECTION('center_axis',(-4.910696E-18,-1.,-1.002966E-17));
#6026=DIRECTION('ref_axis',(-0.439737969079957,1.11673190569631E-17,-0.898126115058144));
#6027=DIRECTION('center_axis',(4.910696E-18,1.,1.002966E-17));
#6028=DIRECTION('ref_axis',(-0.439737969079957,1.11673190569631E-17,-0.898126115058144));
#6029=DIRECTION('center_axis',(-1.169885E-31,-1.,1.852916E-32));
#6030=DIRECTION('ref_axis',(0.778316647400371,-1.02688037084564E-31,-0.627871958586659));
#6031=DIRECTION('center_axis',(-4.836259E-17,-1.,3.901434E-17));
#6032=DIRECTION('ref_axis',(0.778316647400371,-6.21374189771645E-17,-0.627871958586659));
#6033=DIRECTION('center_axis',(4.836259E-17,1.,-3.901434E-17));
#6034=DIRECTION('ref_axis',(0.778316647400371,-6.21374189771645E-17,-0.627871958586659));
#6035=DIRECTION('',(0.,-1.,0.));
#6036=DIRECTION('center_axis',(-1.169885E-31,-1.,1.852916E-32));
#6037=DIRECTION('ref_axis',(0.778316647400374,-1.02688037084564E-31,-0.627871958586655));
#6038=DIRECTION('center_axis',(4.836259E-17,1.,-3.901434E-17));
#6039=DIRECTION('ref_axis',(0.778316647400374,-6.21374189771645E-17,-0.627871958586655));
#6040=DIRECTION('center_axis',(-4.836259E-17,-1.,3.901434E-17));
#6041=DIRECTION('ref_axis',(0.778316647400374,-6.21374189771645E-17,-0.627871958586655));
#6042=DIRECTION('center_axis',(0.,-1.,0.));
#6043=DIRECTION('ref_axis',(-0.309016994374947,0.,-0.951056516295154));
#6044=DIRECTION('center_axis',(0.,-1.,-4.035892E-17));
#6045=DIRECTION('ref_axis',(0.269450633154256,-3.8866213201064E-17,0.963014203577897));
#6046=DIRECTION('center_axis',(0.145453803984465,0.741275412641225,0.655251061441361));
#6047=DIRECTION('ref_axis',(0.0653271020729542,-0.668045095093401,0.741247678348066));
#6048=DIRECTION('center_axis',(-1.178939E-18,-1.,-4.213516E-18));
#6049=DIRECTION('ref_axis',(0.269450633154256,-4.37534161500297E-18,0.963014203577897));
#6050=DIRECTION('center_axis',(-2.001587E-31,1.,-7.153655E-31));
#6051=DIRECTION('ref_axis',(0.269450633154256,7.42840025695936E-31,0.963014203577897));
#6052=DIRECTION('center_axis',(1.169885E-31,-1.,7.386364E-31));
#6053=DIRECTION('ref_axis',(0.269450633154256,7.42839969876411E-31,0.963014203577897));
#6054=DIRECTION('',(0.,-1.,0.));
#6055=DIRECTION('center_axis',(-2.809504E-19,-1.,-1.004114E-18));
#6056=DIRECTION('ref_axis',(0.269450633154256,-1.04267830717636E-18,0.963014203577897));
#6057=DIRECTION('',(0.,-1.,0.));
#6058=DIRECTION('center_axis',(0.,1.,0.));
#6059=DIRECTION('ref_axis',(0.676332717246255,0.,0.736596263622275));
#6060=DIRECTION('',(0.,-1.,0.));
#6061=DIRECTION('center_axis',(0.,-1.,0.));
#6062=DIRECTION('ref_axis',(-0.670587930045016,0.,-0.741830053366632));
#6063=DIRECTION('center_axis',(0.,-1.,0.));
#6064=DIRECTION('ref_axis',(-0.0271847244921764,0.,-0.999630427085072));
#6065=DIRECTION('',(0.,-1.,0.));
#6066=DIRECTION('center_axis',(0.,1.,0.));
#6067=DIRECTION('ref_axis',(-0.0236153679263453,0.,0.999721118311354));
#6068=DIRECTION('center_axis',(1.169885E-31,-1.,7.386364E-31));
#6069=DIRECTION('ref_axis',(0.996107725376453,1.81639660901778E-31,0.088144196889802));
#6070=DIRECTION('center_axis',(-6.224313E-17,1.,-5.507808E-18));
#6071=DIRECTION('ref_axis',(0.996107725376453,6.24863439573941E-17,0.088144196889802));
#6072=DIRECTION('center_axis',(6.224313E-17,-1.,5.507808E-18));
#6073=DIRECTION('ref_axis',(0.996107725376453,6.24863439573941E-17,0.088144196889802));
#6074=DIRECTION('',(0.,-1.,0.));
#6075=DIRECTION('center_axis',(1.169885E-31,-1.,7.386364E-31));
#6076=DIRECTION('ref_axis',(0.439737969079957,7.14832925768244E-31,0.898126115058144));
#6077=DIRECTION('center_axis',(4.910696E-18,-1.,1.002966E-17));
#6078=DIRECTION('ref_axis',(0.439737969079957,1.11673190569631E-17,0.898126115058144));
#6079=DIRECTION('center_axis',(-4.910696E-18,1.,-1.002966E-17));
#6080=DIRECTION('ref_axis',(0.439737969079957,1.11673190569631E-17,0.898126115058144));
#6081=DIRECTION('center_axis',(1.169885E-31,-1.,7.386364E-31));
#6082=DIRECTION('ref_axis',(-0.778316647400371,3.72714986047001E-31,0.627871958586659));
#6083=DIRECTION('center_axis',(4.836259E-17,-1.,-3.901434E-17));
#6084=DIRECTION('ref_axis',(-0.778316647400371,-6.21374189771645E-17,0.627871958586659));
#6085=DIRECTION('center_axis',(-4.836259E-17,1.,3.901434E-17));
#6086=DIRECTION('ref_axis',(-0.778316647400371,-6.21374189771645E-17,0.627871958586659));
#6087=DIRECTION('',(0.,-1.,0.));
#6088=DIRECTION('center_axis',(1.169885E-31,-1.,7.386364E-31));
#6089=DIRECTION('ref_axis',(-0.778316647400374,3.72714986046997E-31,0.627871958586655));
#6090=DIRECTION('center_axis',(-4.836259E-17,1.,3.901434E-17));
#6091=DIRECTION('ref_axis',(-0.778316647400374,-6.21374189771645E-17,0.627871958586655));
#6092=DIRECTION('center_axis',(4.836259E-17,-1.,-3.901434E-17));
#6093=DIRECTION('ref_axis',(-0.778316647400374,-6.21374189771645E-17,0.627871958586655));
#6094=DIRECTION('center_axis',(0.,-1.,0.));
#6095=DIRECTION('ref_axis',(0.309016994374947,0.,0.951056516295154));
#6096=DIRECTION('center_axis',(0.,-1.,-7.793914E-17));
#6097=DIRECTION('ref_axis',(0.553850535211236,-6.48933834706257E-17,0.832616108807791));
#6098=DIRECTION('center_axis',(0.340818501666528,0.741275412641333,0.578233094465549));
#6099=DIRECTION('ref_axis',(0.291187895802196,-0.668045095095819,0.684781249930741));
#6100=DIRECTION('center_axis',(-2.423285E-18,-1.,-3.64298E-18));
#6101=DIRECTION('ref_axis',(0.553850535211236,-4.37534152628397E-18,0.832616108807791));
#6102=DIRECTION('center_axis',(-3.840807E-31,1.,-5.773972E-31));
#6103=DIRECTION('ref_axis',(0.553850535211236,6.9347351115982E-31,0.832616108807791));
#6104=DIRECTION('center_axis',(2.225254E-31,-1.,6.848627E-31));
#6105=DIRECTION('ref_axis',(0.553850535211236,6.93473528229692E-31,0.832616108807791));
#6106=DIRECTION('',(0.,-1.,0.));
#6107=DIRECTION('center_axis',(-5.774881E-19,-1.,-8.68151E-19));
#6108=DIRECTION('ref_axis',(0.553850535211236,-1.04267860074071E-18,0.832616108807791));
#6109=DIRECTION('',(0.,-1.,0.));
#6110=DIRECTION('center_axis',(0.,1.,0.));
#6111=DIRECTION('ref_axis',(0.870851401316916,0.,0.491546373015164));
#6112=DIRECTION('',(0.,-1.,0.));
#6113=DIRECTION('center_axis',(0.,-1.,0.));
#6114=DIRECTION('ref_axis',(0.867005114047077,0.,0.49829923963038));
#6115=DIRECTION('center_axis',(0.,-1.,0.));
#6116=DIRECTION('ref_axis',(-0.334756999446636,0.,-0.942304489706743));
#6117=DIRECTION('',(0.,-1.,0.));
#6118=DIRECTION('center_axis',(0.,1.,0.));
#6119=DIRECTION('ref_axis',(0.28647126716692,0.,0.958088833609796));
#6120=DIRECTION('center_axis',(2.225254E-31,-1.,6.848627E-31));
#6121=DIRECTION('ref_axis',(0.974592797945699,6.34732949747293E-32,-0.223984102543848));
#6122=DIRECTION('center_axis',(-6.089874E-17,1.,1.399595E-17));
#6123=DIRECTION('ref_axis',(0.974592797945699,6.24863437079663E-17,-0.223984102543848));
#6124=DIRECTION('center_axis',(6.089874E-17,-1.,-1.399595E-17));
#6125=DIRECTION('ref_axis',(0.974592797945699,6.24863437079663E-17,-0.223984102543848));
#6126=DIRECTION('',(0.,-1.,0.));
#6127=DIRECTION('center_axis',(2.225254E-31,-1.,6.848627E-31));
#6128=DIRECTION('ref_axis',(0.695751893600805,6.46747147514111E-31,0.718282188663267));
#6129=DIRECTION('center_axis',(7.769686E-18,-1.,8.02129E-18));
#6130=DIRECTION('ref_axis',(0.695751893600805,1.11673234842864E-17,0.718282188663267));
#6131=DIRECTION('center_axis',(-7.769686E-18,1.,-8.02129E-18));
#6132=DIRECTION('ref_axis',(0.695751893600805,1.11673234842864E-17,0.718282188663267));
#6133=DIRECTION('center_axis',(2.225254E-31,-1.,6.848627E-31));
#6134=DIRECTION('ref_axis',(-0.546200013756359,4.52135143691553E-31,0.837654788664491));
#6135=DIRECTION('center_axis',(3.393946E-17,-1.,-5.204971E-17));
#6136=DIRECTION('ref_axis',(-0.546200013756359,-6.21374223489814E-17,0.837654788664491));
#6137=DIRECTION('center_axis',(-3.393946E-17,1.,5.204971E-17));
#6138=DIRECTION('ref_axis',(-0.546200013756359,-6.21374223489814E-17,0.837654788664491));
#6139=DIRECTION('',(0.,-1.,0.));
#6140=DIRECTION('center_axis',(2.225254E-31,-1.,6.848627E-31));
#6141=DIRECTION('ref_axis',(-0.546200013756363,4.52135143691551E-31,0.837654788664488));
#6142=DIRECTION('center_axis',(-3.393946E-17,1.,5.204971E-17));
#6143=DIRECTION('ref_axis',(-0.546200013756363,-6.21374223489814E-17,0.837654788664488));
#6144=DIRECTION('center_axis',(3.393946E-17,-1.,-5.204971E-17));
#6145=DIRECTION('ref_axis',(-0.546200013756363,-6.21374223489814E-17,0.837654788664488));
#6146=DIRECTION('center_axis',(0.,-1.,0.));
#6147=DIRECTION('ref_axis',(0.587785252292473,0.,0.809016994374948));
#6148=DIRECTION('center_axis',(0.,-1.,7.793914E-17));
#6149=DIRECTION('ref_axis',(-0.553850535211236,-6.48933834706257E-17,-0.832616108807791));
#6150=DIRECTION('center_axis',(-0.340818501666711,0.741275412641285,-0.578233094465502));
#6151=DIRECTION('ref_axis',(0.291187895617774,0.668045095082447,0.684781250022207));
#6152=DIRECTION('center_axis',(2.423285E-18,-1.,3.64298E-18));
#6153=DIRECTION('ref_axis',(-0.553850535211236,-4.37534152628397E-18,-0.832616108807791));
#6154=DIRECTION('center_axis',(3.491765E-32,1.,5.24925E-32));
#6155=DIRECTION('ref_axis',(-0.553850535211236,6.30452602324116E-32,-0.832616108807791));
#6156=DIRECTION('center_axis',(-2.225254E-31,-1.,7.230288E-32));
#6157=DIRECTION('ref_axis',(-0.553850535211236,6.30452692868977E-32,-0.832616108807791));
#6158=DIRECTION('',(0.,-1.,0.));
#6159=DIRECTION('center_axis',(5.774881E-19,-1.,8.68151E-19));
#6160=DIRECTION('ref_axis',(-0.553850535211236,-1.04267860074071E-18,-0.832616108807791));
#6161=DIRECTION('',(0.,-1.,0.));
#6162=DIRECTION('center_axis',(0.,1.,0.));
#6163=DIRECTION('ref_axis',(0.87085140130153,0.,0.491546373042423));
#6164=DIRECTION('',(0.,-1.,0.));
#6165=DIRECTION('center_axis',(0.,-1.,0.));
#6166=DIRECTION('ref_axis',(0.867005114047738,0.,0.49829923962923));
#6167=DIRECTION('center_axis',(0.,-1.,0.));
#6168=DIRECTION('ref_axis',(-0.334756999434941,0.,-0.942304489710897));
#6169=DIRECTION('',(0.,-1.,0.));
#6170=DIRECTION('center_axis',(0.,1.,0.));
#6171=DIRECTION('ref_axis',(0.286471267857831,0.,0.958088833403211));
#6172=DIRECTION('center_axis',(-2.225254E-31,-1.,7.230288E-32));
#6173=DIRECTION('ref_axis',(-0.9745927979457,2.33066347888122E-31,0.223984102543848));
#6174=DIRECTION('center_axis',(6.089874E-17,1.,-1.399595E-17));
#6175=DIRECTION('ref_axis',(-0.9745927979457,6.24863437079663E-17,0.223984102543848));
#6176=DIRECTION('center_axis',(-6.089874E-17,-1.,1.399595E-17));
#6177=DIRECTION('ref_axis',(-0.9745927979457,6.24863437079663E-17,0.223984102543848));
#6178=DIRECTION('',(0.,-1.,0.));
#6179=DIRECTION('center_axis',(-2.225254E-31,-1.,7.230288E-32));
#6180=DIRECTION('ref_axis',(-0.695751893600805,1.02888597531219E-31,-0.718282188663267));
#6181=DIRECTION('center_axis',(-7.769686E-18,-1.,-8.02129E-18));
#6182=DIRECTION('ref_axis',(-0.695751893600805,1.11673234842864E-17,-0.718282188663267));
#6183=DIRECTION('center_axis',(7.769686E-18,1.,8.02129E-18));
#6184=DIRECTION('ref_axis',(-0.695751893600805,1.11673234842864E-17,-0.718282188663267));
#6185=DIRECTION('center_axis',(-2.225254E-31,-1.,7.230288E-32));
#6186=DIRECTION('ref_axis',(0.546200013756359,-1.82108230207373E-31,-0.837654788664491));
#6187=DIRECTION('center_axis',(-3.393946E-17,-1.,5.204971E-17));
#6188=DIRECTION('ref_axis',(0.546200013756359,-6.21374223489814E-17,-0.837654788664491));
#6189=DIRECTION('center_axis',(3.393946E-17,1.,-5.204971E-17));
#6190=DIRECTION('ref_axis',(0.546200013756359,-6.21374223489814E-17,-0.837654788664491));
#6191=DIRECTION('',(0.,-1.,0.));
#6192=DIRECTION('center_axis',(-2.225254E-31,-1.,7.230288E-32));
#6193=DIRECTION('ref_axis',(0.546200013756363,-1.82108230207374E-31,-0.837654788664488));
#6194=DIRECTION('center_axis',(3.393946E-17,1.,-5.204971E-17));
#6195=DIRECTION('ref_axis',(0.546200013756363,-6.21374223489814E-17,-0.837654788664488));
#6196=DIRECTION('center_axis',(-3.393946E-17,-1.,5.204971E-17));
#6197=DIRECTION('ref_axis',(0.546200013756363,-6.21374223489814E-17,-0.837654788664488));
#6198=DIRECTION('center_axis',(0.,-1.,0.));
#6199=DIRECTION('ref_axis',(-0.587785252292473,0.,-0.809016994374948));
#6200=DIRECTION('center_axis',(0.,-1.,-1.171926E-18));
#6201=DIRECTION('ref_axis',(0.041324974248815,1.1709248920438E-18,-0.999145758387301));
#6202=DIRECTION('center_axis',(0.0641489254695058,0.741275412641587,-0.668128489120283));
#6203=DIRECTION('ref_axis',(-0.166928363810526,0.668045095074784,0.725155619368742));
#6204=DIRECTION('center_axis',(-1.808109E-19,-1.,4.371604E-18));
#6205=DIRECTION('ref_axis',(0.041324974248815,-4.37534159973536E-18,-0.999145758387301));
#6206=DIRECTION('center_axis',(0.,1.,0.));
#6207=DIRECTION('ref_axis',(0.041324974248815,0.,-0.999145758387301));
#6208=DIRECTION('center_axis',(0.,-1.,0.));
#6209=DIRECTION('ref_axis',(0.041324974248815,0.,-0.999145758387301));
#6210=DIRECTION('',(0.,-1.,0.));
#6211=DIRECTION('center_axis',(-4.308867E-20,-1.,1.041788E-18));
#6212=DIRECTION('ref_axis',(0.041324974248815,-1.04267869951696E-18,-0.999145758387301));
#6213=DIRECTION('',(0.,-1.,0.));
#6214=DIRECTION('center_axis',(0.,1.,0.));
#6215=DIRECTION('ref_axis',(0.415609874324203,0.,0.909542979943345));
#6216=DIRECTION('',(0.,-1.,0.));
#6217=DIRECTION('center_axis',(0.,-1.,0.));
#6218=DIRECTION('ref_axis',(-0.408528927192238,0.,-0.912745372843467));
#6219=DIRECTION('center_axis',(0.,-1.,0.));
#6220=DIRECTION('ref_axis',(0.28304858069142,0.,-0.959105573421702));
#6221=DIRECTION('',(0.,-1.,0.));
#6222=DIRECTION('center_axis',(0.,1.,0.));
#6223=DIRECTION('ref_axis',(-0.331390364975317,0.,0.943493733949265));
#6224=DIRECTION('center_axis',(0.,-1.,0.));
#6225=DIRECTION('ref_axis',(-0.920116688356739,0.,-0.391644328195147));
#6226=DIRECTION('center_axis',(5.749473E-17,1.,2.447242E-17));
#6227=DIRECTION('ref_axis',(-0.920116688356739,6.24863450557743E-17,-0.391644328195147));
#6228=DIRECTION('center_axis',(-5.749473E-17,-1.,-2.447242E-17));
#6229=DIRECTION('ref_axis',(-0.920116688356739,6.24863450557743E-17,-0.391644328195147));
#6230=DIRECTION('',(0.,-1.,0.));
#6231=DIRECTION('center_axis',(0.,-1.,0.));
#6232=DIRECTION('ref_axis',(-0.140679428310974,0.,-0.990055199698531));
#6233=DIRECTION('center_axis',(-1.571013E-18,-1.,-1.105627E-17));
#6234=DIRECTION('ref_axis',(-0.140679428310974,1.116732681348E-17,-0.990055199698531));
#6235=DIRECTION('center_axis',(1.571013E-18,1.,1.105627E-17));
#6236=DIRECTION('ref_axis',(-0.140679428310974,1.116732681348E-17,-0.990055199698531));
#6237=DIRECTION('center_axis',(0.,-1.,0.));
#6238=DIRECTION('ref_axis',(0.934246224745881,0.,-0.356628646561195));
#6239=DIRECTION('center_axis',(-5.805165E-17,-1.,2.215998E-17));
#6240=DIRECTION('ref_axis',(0.934246224745881,-6.21374185279923E-17,-0.356628646561195));
#6241=DIRECTION('center_axis',(5.805165E-17,1.,-2.215998E-17));
#6242=DIRECTION('ref_axis',(0.934246224745881,-6.21374185279923E-17,-0.356628646561195));
#6243=DIRECTION('',(0.,-1.,0.));
#6244=DIRECTION('center_axis',(0.,-1.,0.));
#6245=DIRECTION('ref_axis',(0.934246224745882,0.,-0.35662864656119));
#6246=DIRECTION('center_axis',(5.805165E-17,1.,-2.215998E-17));
#6247=DIRECTION('ref_axis',(0.934246224745882,-6.21374185279923E-17,-0.35662864656119));
#6248=DIRECTION('center_axis',(-5.805165E-17,-1.,2.215998E-17));
#6249=DIRECTION('ref_axis',(0.934246224745882,-6.21374185279923E-17,-0.35662864656119));
#6250=DIRECTION('center_axis',(0.,-1.,0.));
#6251=DIRECTION('ref_axis',(0.,0.,-1.));
#6252=DIRECTION('center_axis',(0.,-1.,1.092678E-16));
#6253=DIRECTION('ref_axis',(-0.832616108807791,6.05180295113543E-17,0.553850535211236));
#6254=DIRECTION('center_axis',(-0.578233094465461,0.741275412641216,0.340818501666932));
#6255=DIRECTION('ref_axis',(0.684781249943093,0.668045095094097,-0.291187895777096));
#6256=DIRECTION('center_axis',(3.64298E-18,-1.,-2.423285E-18));
#6257=DIRECTION('ref_axis',(-0.832616108807791,-4.37534152628397E-18,0.553850535211236));
#6258=DIRECTION('center_axis',(4.895264E-31,1.,-3.256296E-31));
#6259=DIRECTION('ref_axis',(-0.832616108807791,5.87937694567307E-31,0.553850535211236));
#6260=DIRECTION('center_axis',(-3.062799E-31,-1.,6.011082E-31));
#6261=DIRECTION('ref_axis',(-0.832616108807791,5.87937676833902E-31,0.553850535211236));
#6262=DIRECTION('',(0.,-1.,0.));
#6263=DIRECTION('center_axis',(8.68151E-19,-1.,-5.774881E-19));
#6264=DIRECTION('ref_axis',(-0.832616108807791,-1.04267860074071E-18,0.553850535211236));
#6265=DIRECTION('',(0.,-1.,0.));
#6266=DIRECTION('center_axis',(0.,1.,0.));
#6267=DIRECTION('ref_axis',(-0.491546373049591,0.,0.870851401297485));
#6268=DIRECTION('',(0.,-1.,0.));
#6269=DIRECTION('center_axis',(0.,-1.,0.));
#6270=DIRECTION('ref_axis',(0.498299239629106,0.,-0.867005114047809));
#6271=DIRECTION('center_axis',(0.,-1.,0.));
#6272=DIRECTION('ref_axis',(0.942304489710966,0.,-0.334756999434749));
#6273=DIRECTION('',(0.,-1.,0.));
#6274=DIRECTION('center_axis',(0.,1.,0.));
#6275=DIRECTION('ref_axis',(0.958088833953656,0.,-0.286471266016896));
#6276=DIRECTION('center_axis',(-3.062799E-31,-1.,6.011082E-31));
#6277=DIRECTION('ref_axis',(0.223984102543848,5.17233893977383E-31,0.974592797945699));
#6278=DIRECTION('center_axis',(-1.399595E-17,1.,-6.089874E-17));
#6279=DIRECTION('ref_axis',(0.223984102543848,6.24863437079663E-17,0.974592797945699));
#6280=DIRECTION('center_axis',(1.399595E-17,-1.,6.089874E-17));
#6281=DIRECTION('ref_axis',(0.223984102543848,6.24863437079663E-17,0.974592797945699));
#6282=DIRECTION('',(0.,-1.,0.));
#6283=DIRECTION('center_axis',(-3.062799E-31,-1.,6.011082E-31));
#6284=DIRECTION('ref_axis',(-0.718282188663267,6.38217565324538E-31,0.695751893600805));
#6285=DIRECTION('center_axis',(-8.02129E-18,-1.,7.769686E-18));
#6286=DIRECTION('ref_axis',(-0.718282188663267,1.11673234842864E-17,0.695751893600805));
#6287=DIRECTION('center_axis',(8.02129E-18,1.,-7.769686E-18));
#6288=DIRECTION('ref_axis',(-0.718282188663267,1.11673234842864E-17,0.695751893600805));
#6289=DIRECTION('center_axis',(-3.062799E-31,-1.,6.011082E-31));
#6290=DIRECTION('ref_axis',(-0.837654788664491,-7.17684822023787E-32,-0.546200013756359));
#6291=DIRECTION('center_axis',(5.204971E-17,-1.,3.393946E-17));
#6292=DIRECTION('ref_axis',(-0.837654788664491,-6.21374223489814E-17,-0.546200013756359));
#6293=DIRECTION('center_axis',(-5.204971E-17,1.,-3.393946E-17));
#6294=DIRECTION('ref_axis',(-0.837654788664491,-6.21374223489814E-17,-0.546200013756359));
#6295=DIRECTION('',(0.,-1.,0.));
#6296=DIRECTION('center_axis',(-3.062799E-31,-1.,6.011082E-31));
#6297=DIRECTION('ref_axis',(-0.837654788664488,-7.17684822023821E-32,-0.546200013756363));
#6298=DIRECTION('center_axis',(-5.204971E-17,1.,-3.393946E-17));
#6299=DIRECTION('ref_axis',(-0.837654788664488,-6.21374223489814E-17,-0.546200013756363));
#6300=DIRECTION('center_axis',(5.204971E-17,-1.,3.393946E-17));
#6301=DIRECTION('ref_axis',(-0.837654788664488,-6.21374223489814E-17,-0.546200013756363));
#6302=DIRECTION('center_axis',(0.,-1.,0.));
#6303=DIRECTION('ref_axis',(-0.809016994374948,0.,0.587785252292473));
#6304=DIRECTION('center_axis',(0.,-1.,4.258805E-17));
#6305=DIRECTION('ref_axis',(-0.348055405244386,3.99251880911965E-17,0.937473964907915));
#6306=DIRECTION('center_axis',(-0.26747231114431,0.741275412641235,0.615604845160179));
#6307=DIRECTION('ref_axis',(-0.382843717997968,-0.668045095083155,0.63808027592524));
#6308=DIRECTION('center_axis',(1.522861E-18,-1.,-4.101769E-18));
#6309=DIRECTION('ref_axis',(-0.348055405244386,-4.37534165005224E-18,0.937473964907915));
#6310=DIRECTION('center_axis',(2.551841E-31,1.,-6.873286E-31));
#6311=DIRECTION('ref_axis',(-0.348055405244386,7.3317087317403E-31,0.937473964907915));
#6312=DIRECTION('center_axis',(-1.169885E-31,-1.,7.386364E-31));
#6313=DIRECTION('ref_axis',(-0.348055405244386,7.33170874309741E-31,0.937473964907915));
#6314=DIRECTION('',(0.,-1.,0.));
#6315=DIRECTION('center_axis',(3.629099E-19,-1.,-9.774841E-19));
#6316=DIRECTION('ref_axis',(-0.348055405244386,-1.04267864717314E-18,0.937473964907915));
#6317=DIRECTION('',(0.,-1.,0.));
#6318=DIRECTION('center_axis',(0.,1.,0.));
#6319=DIRECTION('ref_axis',(0.114204241213323,0.,0.993457292131317));
#6320=DIRECTION('',(0.,-1.,0.));
#6321=DIRECTION('center_axis',(0.,-1.,0.));
#6322=DIRECTION('ref_axis',(-0.106480266561492,0.,-0.994314815756556));
#6323=DIRECTION('center_axis',(0.,-1.,0.));
#6324=DIRECTION('ref_axis',(0.565575118680243,0.,-0.824696783751355));
#6325=DIRECTION('',(0.,-1.,0.));
#6326=DIRECTION('center_axis',(0.,1.,0.));
#6327=DIRECTION('ref_axis',(-0.606726562771675,0.,0.794910610085983));
#6328=DIRECTION('center_axis',(-1.169885E-31,-1.,7.386364E-31));
#6329=DIRECTION('ref_axis',(0.754058219050734,3.96925849312757E-31,0.656807583910262));
#6330=DIRECTION('center_axis',(-4.711834E-17,1.,-4.10415E-17));
#6331=DIRECTION('ref_axis',(0.754058219050734,6.248634000008E-17,0.656807583910262));
#6332=DIRECTION('center_axis',(4.711834E-17,-1.,4.10415E-17));
#6333=DIRECTION('ref_axis',(0.754058219050734,6.248634000008E-17,0.656807583910262));
#6334=DIRECTION('',(0.,-1.,0.));
#6335=DIRECTION('center_axis',(-1.169885E-31,-1.,7.386364E-31));
#6336=DIRECTION('ref_axis',(-0.1721497950723,7.47748683402196E-31,0.98507078327223));
#6337=DIRECTION('center_axis',(-1.922452E-18,-1.,1.10006E-17));
#6338=DIRECTION('ref_axis',(-0.1721497950723,1.11673193763008E-17,0.98507078327223));
#6339=DIRECTION('center_axis',(1.922452E-18,1.,-1.10006E-17));
#6340=DIRECTION('ref_axis',(-0.1721497950723,1.11673193763008E-17,0.98507078327223));
#6341=DIRECTION('center_axis',(-1.169885E-31,-1.,7.386364E-31));
#6342=DIRECTION('ref_axis',(-0.998725272337062,1.54122810393616E-31,0.050476037832432));
#6343=DIRECTION('center_axis',(6.205821E-17,-1.,-3.136451E-18));
#6344=DIRECTION('ref_axis',(-0.998725272337062,-6.21374183023362E-17,0.050476037832432));
#6345=DIRECTION('center_axis',(-6.205821E-17,1.,3.136451E-18));
#6346=DIRECTION('ref_axis',(-0.998725272337062,-6.21374183023362E-17,0.050476037832432));
#6347=DIRECTION('',(0.,-1.,0.));
#6348=DIRECTION('center_axis',(-1.169885E-31,-1.,7.386364E-31));
#6349=DIRECTION('ref_axis',(-0.998725272337062,1.54122810393612E-31,0.050476037832427));
#6350=DIRECTION('center_axis',(-6.205821E-17,1.,3.136451E-18));
#6351=DIRECTION('ref_axis',(-0.998725272337062,-6.21374183023362E-17,0.050476037832427));
#6352=DIRECTION('center_axis',(6.205821E-17,-1.,-3.136451E-18));
#6353=DIRECTION('ref_axis',(-0.998725272337062,-6.21374183023362E-17,0.050476037832427));
#6354=DIRECTION('center_axis',(0.,-1.,0.));
#6355=DIRECTION('ref_axis',(-0.309016994374948,0.,0.951056516295154));
#6356=DIRECTION('center_axis',(0.,-1.,0.));
#6357=DIRECTION('ref_axis',(-0.309016994374948,0.,0.951056516295154));
#6358=DIRECTION('',(0.,0.,1.));
#6359=DIRECTION('',(1.,0.,0.));
#6360=DIRECTION('',(0.,0.,1.));
#6361=DIRECTION('',(1.,0.,0.));
#6362=CARTESIAN_POINT('',(0.,0.,0.));
#6363=CARTESIAN_POINT('',(0.,0.,0.));
#6364=CARTESIAN_POINT('',(0.,0.,0.));
#6365=CARTESIAN_POINT('Origin',(-5.5,32.125,9.60033E-18));
#6366=CARTESIAN_POINT('',(-3.17975193685291,32.05,-0.861437127979869));
#6367=CARTESIAN_POINT('',(-3.35994018667691,32.2,-0.908718325665077));
#6368=CARTESIAN_POINT('Origin',(-3.82597540495887,32.6860975331253,-0.53085211318148));
#6369=CARTESIAN_POINT('',(-3.23430712877367,32.2,-0.521786175817445));
#6370=CARTESIAN_POINT('Origin',(-5.5,32.2,1.920066E-17));
#6371=CARTESIAN_POINT('',(-3.1165398461447,32.05,-0.666890317056785));
#6372=CARTESIAN_POINT('Ctrl Pts',(-3.23430712877367,32.2,-0.521786175817441));
#6373=CARTESIAN_POINT('Ctrl Pts',(-3.2125310347863,32.1736464829403,-0.5446575871473));
#6374=CARTESIAN_POINT('Ctrl Pts',(-3.19131345825769,32.1473889973529,-0.568653515379581));
#6375=CARTESIAN_POINT('Ctrl Pts',(-3.17110090727474,32.1216525257642,-0.593555471558784));
#6376=CARTESIAN_POINT('Ctrl Pts',(-3.15313869963064,32.098781397469,-0.615684994349485));
#6377=CARTESIAN_POINT('Ctrl Pts',(-3.13572529640646,32.0760095567636,-0.638832158817241));
#6378=CARTESIAN_POINT('Ctrl Pts',(-3.11932586468566,32.0537839007186,-0.662796726755451));
#6379=CARTESIAN_POINT('Ctrl Pts',(-3.1183938794071,32.0525208091315,-0.664158641296498));
#6380=CARTESIAN_POINT('Ctrl Pts',(-3.11746517717929,32.0512594815502,-0.665523184916302));
#6381=CARTESIAN_POINT('Ctrl Pts',(-3.1165398461447,32.05,-0.666890317056785));
#6382=CARTESIAN_POINT('Origin',(-5.5,32.05,3.923914E-32));
#6383=CARTESIAN_POINT('Origin',(-5.5,32.2,0.));
#6384=CARTESIAN_POINT('',(-3.1165398461447,29.2,-0.666890317056785));
#6385=CARTESIAN_POINT('',(-3.1165398461447,32.05,-0.666890317056785));
#6386=CARTESIAN_POINT('',(-3.17975193685291,29.2,-0.861437127979869));
#6387=CARTESIAN_POINT('Origin',(-5.5,29.2,0.));
#6388=CARTESIAN_POINT('',(-3.17975193685291,32.05,-0.861437127979869));
#6389=CARTESIAN_POINT('Ctrl Pts',(-3.1165398461447,32.2,-0.666890317056785));
#6390=CARTESIAN_POINT('Ctrl Pts',(-3.1165398461447,28.6,-0.666890317056785));
#6391=CARTESIAN_POINT('Ctrl Pts',(-3.15419241857741,32.2,-0.611260450532438));
#6392=CARTESIAN_POINT('Ctrl Pts',(-3.15419241857741,28.6,-0.611260450532438));
#6393=CARTESIAN_POINT('Ctrl Pts',(-3.19798345825142,32.2,-0.557701619797323));
#6394=CARTESIAN_POINT('Ctrl Pts',(-3.19798345825142,28.6,-0.557701619797323));
#6395=CARTESIAN_POINT('Ctrl Pts',(-3.2460409732632,32.2,-0.50696701513751));
#6396=CARTESIAN_POINT('Ctrl Pts',(-3.2460409732632,28.6,-0.50696701513751));
#6397=CARTESIAN_POINT('Ctrl Pts',(-3.29738862167221,32.2,-0.459927889697326));
#6398=CARTESIAN_POINT('Ctrl Pts',(-3.29738862167221,28.6,-0.459927889697326));
#6399=CARTESIAN_POINT('',(-3.29738862167221,32.2,-0.459927889697326));
#6400=CARTESIAN_POINT('Origin',(-3.45647189733792,32.1999999999986,-0.635385304156723));
#6401=CARTESIAN_POINT('',(-3.29738862167221,29.2,-0.459927889697326));
#6402=CARTESIAN_POINT('',(-3.29738862167221,32.2,-0.459927889697326));
#6403=CARTESIAN_POINT('Origin',(-3.47662394080037,29.2,-0.645155885953151));
#6404=CARTESIAN_POINT('Ctrl Pts',(-3.4477111322471,32.2,-0.922573005760528));
#6405=CARTESIAN_POINT('Ctrl Pts',(-3.4477111322471,28.6,-0.922573005760528));
#6406=CARTESIAN_POINT('Ctrl Pts',(-3.37750951459073,32.2,-0.913469882577778));
#6407=CARTESIAN_POINT('Ctrl Pts',(-3.37750951459073,28.6,-0.913469882577778));
#6408=CARTESIAN_POINT('Ctrl Pts',(-3.30865727078056,32.2,-0.900500962050086));
#6409=CARTESIAN_POINT('Ctrl Pts',(-3.30865727078056,28.6,-0.900500962050086));
#6410=CARTESIAN_POINT('Ctrl Pts',(-3.2421503434244,32.2,-0.883421942000915));
#6411=CARTESIAN_POINT('Ctrl Pts',(-3.2421503434244,28.6,-0.883421942000915));
#6412=CARTESIAN_POINT('Ctrl Pts',(-3.17975193685291,32.2,-0.86143712797987));
#6413=CARTESIAN_POINT('Ctrl Pts',(-3.17975193685291,28.6,-0.86143712797987));
#6414=CARTESIAN_POINT('',(-3.4477111322471,29.2,-0.922573005760527));
#6415=CARTESIAN_POINT('Origin',(-3.72951193768471,29.2,-0.593488019622003));
#6416=CARTESIAN_POINT('',(-3.4477111322471,32.2,-0.922573005760527));
#6417=CARTESIAN_POINT('',(-3.4477111322471,32.2,-0.922573005760527));
#6418=CARTESIAN_POINT('Origin',(-3.64045499726926,32.2,-0.670722100667623));
#6419=CARTESIAN_POINT('Origin',(-3.53722238360255,32.2,0.088983649463744));
#6420=CARTESIAN_POINT('',(-3.48596349794393,32.2,-0.925231149032496));
#6421=CARTESIAN_POINT('Origin',(-3.53722238360255,32.2,0.088983649463744));
#6422=CARTESIAN_POINT('',(-3.48596349794393,29.2,-0.925231149032496));
#6423=CARTESIAN_POINT('Origin',(-3.53722238360255,29.2,0.088983649463744));
#6424=CARTESIAN_POINT('',(-3.48596349794393,32.2,-0.925231149032496));
#6425=CARTESIAN_POINT('Origin',(-3.4828087455794,32.2,-0.987651478553563));
#6426=CARTESIAN_POINT('',(-3.53894162777053,32.2,-0.960167855486065));
#6427=CARTESIAN_POINT('Origin',(-3.4828087455794,32.2,-0.987651478553563));
#6428=CARTESIAN_POINT('',(-3.53894162777053,29.2,-0.960167855486065));
#6429=CARTESIAN_POINT('Origin',(-3.4828087455794,29.2,-0.987651478553563));
#6430=CARTESIAN_POINT('',(-3.53894162777053,32.2,-0.960167855486066));
#6431=CARTESIAN_POINT('Origin',(-3.28753102077057,32.2,-0.386648439732409));
#6432=CARTESIAN_POINT('',(-3.34909794472509,32.2,-0.37588907754039));
#6433=CARTESIAN_POINT('',(-3.32677301818224,32.2,-0.435293230194932));
#6434=CARTESIAN_POINT('Origin',(-3.28753102077057,32.2,-0.386648439732409));
#6435=CARTESIAN_POINT('',(-3.34909794472509,29.2,-0.37588907754039));
#6436=CARTESIAN_POINT('',(-3.34909794472509,32.2,-0.37588907754039));
#6437=CARTESIAN_POINT('',(-3.32677301818224,29.2,-0.435293230194932));
#6438=CARTESIAN_POINT('Origin',(-3.28753102077057,29.2,-0.386648439732409));
#6439=CARTESIAN_POINT('',(-3.32677301818224,32.2,-0.435293230194932));
#6440=CARTESIAN_POINT('Origin',(-3.96438282900566,32.2,-1.22568102108587));
#6441=CARTESIAN_POINT('Origin',(-3.96438282900566,32.2,-1.22568102108587));
#6442=CARTESIAN_POINT('Origin',(-3.96438282900566,29.2,-1.22568102108587));
#6443=CARTESIAN_POINT('Origin',(-3.33148054595788,29.2,-0.704492126009149));
#6444=CARTESIAN_POINT('Origin',(-5.5,29.2,-1.89291400000001E-31));
#6445=CARTESIAN_POINT('Origin',(-5.5,32.125,-8.266796E-16));
#6446=CARTESIAN_POINT('',(-4.1292199253522,32.05,-2.06072486929929));
#6447=CARTESIAN_POINT('',(-4.30278647235658,32.2,-1.99306416585809));
#6448=CARTESIAN_POINT('Origin',(-4.45771269680464,32.6860975329369,-1.41343535020881));
#6449=CARTESIAN_POINT('',(-3.97371418213931,32.2,-1.75387473959725));
#6450=CARTESIAN_POINT('Origin',(-5.5,32.2,-8.20692E-16));
#6451=CARTESIAN_POINT('',(-3.96372852337817,32.05,-1.94048832774593));
#6452=CARTESIAN_POINT('Ctrl Pts',(-3.97371418213931,32.2,-1.75387473959725));
#6453=CARTESIAN_POINT('Ctrl Pts',(-3.96954043031122,32.1736464829403,-1.78517776694682));
#6454=CARTESIAN_POINT('Ctrl Pts',(-3.96647950305012,32.1473889973529,-1.81706225925545));
#6455=CARTESIAN_POINT('Ctrl Pts',(-3.96476420840063,32.1216525257642,-1.84908900437659));
#6456=CARTESIAN_POINT('Ctrl Pts',(-3.9632398842967,32.098781397469,-1.87755008514348));
#6457=CARTESIAN_POINT('Ctrl Pts',(-3.96275770706497,32.0760095567636,-1.90651187617688));
#6458=CARTESIAN_POINT('Ctrl Pts',(-3.9635763077164,32.0537839007186,-1.93553896301322));
#6459=CARTESIAN_POINT('Ctrl Pts',(-3.96362282906964,32.0525208091315,-1.93718858222388));
#6460=CARTESIAN_POINT('Ctrl Pts',(-3.96367355180046,32.0512594815502,-1.93883839867513));
#6461=CARTESIAN_POINT('Ctrl Pts',(-3.96372852337817,32.05,-1.94048832774593));
#6462=CARTESIAN_POINT('Origin',(-5.5,32.05,-8.326673E-16));
#6463=CARTESIAN_POINT('Origin',(-5.5,32.2,-8.326673E-16));
#6464=CARTESIAN_POINT('',(-3.96372852337817,29.2,-1.94048832774593));
#6465=CARTESIAN_POINT('',(-3.96372852337817,32.05,-1.94048832774593));
#6466=CARTESIAN_POINT('',(-4.1292199253522,29.2,-2.06072486929929));
#6467=CARTESIAN_POINT('Origin',(-5.5,29.2,-8.326673E-16));
#6468=CARTESIAN_POINT('',(-4.1292199253522,32.05,-2.06072486929929));
#6469=CARTESIAN_POINT('Ctrl Pts',(-3.96372852337817,32.2,-1.94048832774593));
#6470=CARTESIAN_POINT('Ctrl Pts',(-3.96372852337817,28.6,-1.94048832774593));
#6471=CARTESIAN_POINT('Ctrl Pts',(-3.96149167922815,32.2,-1.8733511935461));
#6472=CARTESIAN_POINT('Ctrl Pts',(-3.96149167922815,28.6,-1.8733511935461));
#6473=CARTESIAN_POINT('Ctrl Pts',(-3.96543828368964,32.2,-1.80428146197961));
#6474=CARTESIAN_POINT('Ctrl Pts',(-3.96543828368964,28.6,-1.80428146197961));
#6475=CARTESIAN_POINT('Ctrl Pts',(-3.97449657764167,32.2,-1.73498880602118));
#6476=CARTESIAN_POINT('Ctrl Pts',(-3.97449657764167,28.6,-1.73498880602118));
#6477=CARTESIAN_POINT('Ctrl Pts',(-3.98838879361128,32.2,-1.66675196366481));
#6478=CARTESIAN_POINT('Ctrl Pts',(-3.98838879361128,28.6,-1.66675196366481));
#6479=CARTESIAN_POINT('',(-3.98838879361128,32.2,-1.66675196366481));
#6480=CARTESIAN_POINT('Origin',(-4.2202211480954,32.2,-1.7151931904425));
#6481=CARTESIAN_POINT('',(-3.98838879361128,29.2,-1.66675196366481));
#6482=CARTESIAN_POINT('',(-3.98838879361128,32.2,-1.66675196366481));
#6483=CARTESIAN_POINT('Origin',(-4.24226749729293,29.2,-1.71125268319508));
#6484=CARTESIAN_POINT('Ctrl Pts',(-4.38193823557056,32.2,-1.95268237012102));
#6485=CARTESIAN_POINT('Ctrl Pts',(-4.38193823557056,28.6,-1.95268237012102));
#6486=CARTESIAN_POINT('Ctrl Pts',(-4.31979325229732,32.2,-1.98658126430977));
#6487=CARTESIAN_POINT('Ctrl Pts',(-4.31979325229732,28.6,-1.98658126430977));
#6488=CARTESIAN_POINT('Ctrl Pts',(-4.25646767672972,32.2,-2.01655952070303));
#6489=CARTESIAN_POINT('Ctrl Pts',(-4.25646767672972,28.6,-2.01655952070303));
#6490=CARTESIAN_POINT('Ctrl Pts',(-4.19262364614642,32.2,-2.04183409431122));
#6491=CARTESIAN_POINT('Ctrl Pts',(-4.19262364614642,28.6,-2.04183409431122));
#6492=CARTESIAN_POINT('Ctrl Pts',(-4.1292199253522,32.2,-2.06072486929929));
#6493=CARTESIAN_POINT('Ctrl Pts',(-4.1292199253522,28.6,-2.06072486929929));
#6494=CARTESIAN_POINT('',(-4.38193823557056,29.2,-1.95268237012102));
#6495=CARTESIAN_POINT('Origin',(-4.41648857459742,29.2,-1.52080866621294));
#6496=CARTESIAN_POINT('',(-4.38193823557056,32.2,-1.95268237012102));
#6497=CARTESIAN_POINT('',(-4.38193823557056,32.2,-1.95268237012102));
#6498=CARTESIAN_POINT('Origin',(-4.38983705002015,32.2,-1.6356387073936));
#6499=CARTESIAN_POINT('Origin',(-3.85977627530576,32.2,-1.08170245181052));
#6500=CARTESIAN_POINT('',(-4.41444746690808,32.2,-1.93234867677963));
#6501=CARTESIAN_POINT('Origin',(-3.85977627530576,32.2,-1.08170245181052));
#6502=CARTESIAN_POINT('',(-4.41444746690808,29.2,-1.93234867677963));
#6503=CARTESIAN_POINT('Origin',(-3.85977627530576,29.2,-1.08170245181052));
#6504=CARTESIAN_POINT('',(-4.41444746690808,32.2,-1.93234867677963));
#6505=CARTESIAN_POINT('Origin',(-4.44858496776785,32.2,-1.98470210107116));
#6506=CARTESIAN_POINT('',(-4.47784295508509,32.2,-1.92947330262194));
#6507=CARTESIAN_POINT('Origin',(-4.44858496776785,32.2,-1.98470210107116));
#6508=CARTESIAN_POINT('',(-4.47784295508509,29.2,-1.92947330262194));
#6509=CARTESIAN_POINT('Origin',(-4.44858496776785,29.2,-1.98470210107116));
#6510=CARTESIAN_POINT('',(-4.47784295508509,32.2,-1.92947330262194));
#6511=CARTESIAN_POINT('Origin',(-3.93734124697261,32.2,-1.61326179573772));
#6512=CARTESIAN_POINT('',(-3.98082574032266,32.2,-1.56836915894626));
#6513=CARTESIAN_POINT('',(-3.99768138020659,32.2,-1.62955039056063));
#6514=CARTESIAN_POINT('Origin',(-3.93734124697261,32.2,-1.61326179573772));
#6515=CARTESIAN_POINT('',(-3.98082574032266,29.2,-1.56836915894626));
#6516=CARTESIAN_POINT('',(-3.98082574032266,32.2,-1.56836915894626));
#6517=CARTESIAN_POINT('',(-3.99768138020659,29.2,-1.62955039056063));
#6518=CARTESIAN_POINT('Origin',(-3.93734124697261,29.2,-1.61326179573772));
#6519=CARTESIAN_POINT('',(-3.99768138020659,32.2,-1.62955039056063));
#6520=CARTESIAN_POINT('Origin',(-4.97809684002065,32.2,-1.89420990201887));
#6521=CARTESIAN_POINT('Origin',(-4.97809684002065,32.2,-1.89420990201887));
#6522=CARTESIAN_POINT('Origin',(-4.97809684002065,29.2,-1.89420990201887));
#6523=CARTESIAN_POINT('Origin',(-4.15972099107159,29.2,-1.84456985674002));
#6524=CARTESIAN_POINT('Origin',(-5.5,29.2,-1.89291400000001E-31));
#6525=CARTESIAN_POINT('Origin',(-5.5,32.125,1.110135E-15));
#6526=CARTESIAN_POINT('',(-5.39772068873417,32.05,2.47288575200857));
#6527=CARTESIAN_POINT('',(-5.29707236619512,32.2,2.31612723645277));
#6528=CARTESIAN_POINT('Origin',(-5.5124316875115,32.6860975333716,1.75613432374513));
#6529=CARTESIAN_POINT('',(-5.70388945861919,32.2,2.31604276486078));
#6530=CARTESIAN_POINT('Origin',(-5.5,32.2,1.110047E-15));
#6531=CARTESIAN_POINT('',(-5.60227931126582,32.05,2.47288575200857));
#6532=CARTESIAN_POINT('Ctrl Pts',(-5.7038894586192,32.2,2.31604276486078));
#6533=CARTESIAN_POINT('Ctrl Pts',(-5.68886663695025,32.1736464829403,2.34382071573323));
#6534=CARTESIAN_POINT('Ctrl Pts',(-5.67260174476717,32.1473889973529,2.37141497977035));
#6535=CARTESIAN_POINT('Ctrl Pts',(-5.65516459882783,32.1216525257641,2.3983333857462));
#6536=CARTESIAN_POINT('Ctrl Pts',(-5.63966879939333,32.0987813974684,2.42225485899355));
#6537=CARTESIAN_POINT('Ctrl Pts',(-5.62303557531814,32.0760095567622,2.44596885679364));
#6538=CARTESIAN_POINT('Ctrl Pts',(-5.60531161991954,32.0537839007166,2.46897110195164));
#6539=CARTESIAN_POINT('Ctrl Pts',(-5.60430436151075,32.0525208091302,2.47027832736128));
#6540=CARTESIAN_POINT('Ctrl Pts',(-5.60329358818101,32.0512594815495,2.47158324283413));
#6541=CARTESIAN_POINT('Ctrl Pts',(-5.60227931126582,32.05,2.47288575200857));
#6542=CARTESIAN_POINT('Origin',(-5.5,32.05,1.110223E-15));
#6543=CARTESIAN_POINT('Origin',(-5.5,32.2,1.110223E-15));
#6544=CARTESIAN_POINT('',(-5.60227931126582,29.2,2.47288575200857));
#6545=CARTESIAN_POINT('',(-5.60227931126582,32.05,2.47288575200857));
#6546=CARTESIAN_POINT('',(-5.39772068873417,29.2,2.47288575200857));
#6547=CARTESIAN_POINT('Origin',(-5.5,29.2,1.110223E-15));
#6548=CARTESIAN_POINT('',(-5.39772068873417,32.05,2.47288575200857));
#6549=CARTESIAN_POINT('Ctrl Pts',(-5.60227931126582,32.2,2.47288575200857));
#6550=CARTESIAN_POINT('Ctrl Pts',(-5.60227931126582,28.6,2.47288575200857));
#6551=CARTESIAN_POINT('Ctrl Pts',(-5.64355117356079,32.2,2.41988545349034));
#6552=CARTESIAN_POINT('Ctrl Pts',(-5.64355117356079,28.6,2.41988545349034));
#6553=CARTESIAN_POINT('Ctrl Pts',(-5.68095647307595,32.2,2.36168711095703));
#6554=CARTESIAN_POINT('Ctrl Pts',(-5.68095647307595,28.6,2.36168711095703));
#6555=CARTESIAN_POINT('Ctrl Pts',(-5.71435736059326,32.2,2.30030384310535));
#6556=CARTESIAN_POINT('Ctrl Pts',(-5.71435736059326,28.6,2.30030384310535));
#6557=CARTESIAN_POINT('Ctrl Pts',(-5.74322693138439,32.2,2.23693343832797));
#6558=CARTESIAN_POINT('Ctrl Pts',(-5.74322693138439,28.6,2.23693343832797));
#6559=CARTESIAN_POINT('',(-5.74322693138439,32.2,2.23693343832797));
#6560=CARTESIAN_POINT('Origin',(-5.52719757930758,32.2,2.13985557587055));
#6561=CARTESIAN_POINT('',(-5.74322693138439,29.2,2.23693343832797));
#6562=CARTESIAN_POINT('',(-5.74322693138439,32.2,2.23693343832797));
#6563=CARTESIAN_POINT('Origin',(-5.51167787894919,29.2,2.12370911880751));
#6564=CARTESIAN_POINT('Ctrl Pts',(-5.25677306861561,32.2,2.23693343832798));
#6565=CARTESIAN_POINT('Ctrl Pts',(-5.25677306861561,28.6,2.23693343832798));
#6566=CARTESIAN_POINT('Ctrl Pts',(-5.28712414612563,32.2,2.30088612448917));
#6567=CARTESIAN_POINT('Ctrl Pts',(-5.28712414612563,28.6,2.30088612448917));
#6568=CARTESIAN_POINT('Ctrl Pts',(-5.320734835941,32.2,2.36236088278462));
#6569=CARTESIAN_POINT('Ctrl Pts',(-5.320734835941,28.6,2.36236088278462));
#6570=CARTESIAN_POINT('Ctrl Pts',(-5.35752972004741,32.2,2.420335021983));
#6571=CARTESIAN_POINT('Ctrl Pts',(-5.35752972004741,28.6,2.420335021983));
#6572=CARTESIAN_POINT('Ctrl Pts',(-5.39772068873417,32.2,2.47288575200857));
#6573=CARTESIAN_POINT('Ctrl Pts',(-5.39772068873417,28.6,2.47288575200857));
#6574=CARTESIAN_POINT('',(-5.25677306861561,29.2,2.23693343832798));
#6575=CARTESIAN_POINT('Origin',(-5.48267025118648,29.2,1.86723209271621));
#6576=CARTESIAN_POINT('',(-5.25677306861561,32.2,2.23693343832798));
#6577=CARTESIAN_POINT('',(-5.25677306861561,32.2,2.23693343832798));
#6578=CARTESIAN_POINT('Origin',(-5.43673638233511,32.2,1.97579692145677));
#6579=CARTESIAN_POINT('Origin',(-6.19116011931178,32.2,1.83921498220727));
#6580=CARTESIAN_POINT('',(-5.24242439306019,32.2,2.20137468811283));
#6581=CARTESIAN_POINT('Origin',(-6.19116011931178,32.2,1.83921498220727));
#6582=CARTESIAN_POINT('',(-5.24242439306019,29.2,2.20137468811283));
#6583=CARTESIAN_POINT('Origin',(-6.19116011931178,29.2,1.83921498220727));
#6584=CARTESIAN_POINT('',(-5.24242439306019,32.2,2.20137468811283));
#6585=CARTESIAN_POINT('Origin',(-5.18403400401357,32.2,2.2236639785229));
#6586=CARTESIAN_POINT('',(-5.19282646828301,32.2,2.16178552854175));
#6587=CARTESIAN_POINT('Origin',(-5.18403400401357,32.2,2.2236639785229));
#6588=CARTESIAN_POINT('',(-5.19282646828301,29.2,2.16178552854175));
#6589=CARTESIAN_POINT('Origin',(-5.18403400401357,29.2,2.2236639785229));
#6590=CARTESIAN_POINT('',(-5.19282646828301,32.2,2.16178552854175));
#6591=CARTESIAN_POINT('Origin',(-5.81596599598642,32.2,2.22366397852291));
#6592=CARTESIAN_POINT('',(-5.80717353171699,32.2,2.16178552854175));
#6593=CARTESIAN_POINT('',(-5.75757560693981,32.2,2.20137468811283));
#6594=CARTESIAN_POINT('Origin',(-5.81596599598642,32.2,2.22366397852291));
#6595=CARTESIAN_POINT('',(-5.80717353171699,29.2,2.16178552854175));
#6596=CARTESIAN_POINT('',(-5.80717353171699,32.2,2.16178552854175));
#6597=CARTESIAN_POINT('',(-5.75757560693981,29.2,2.20137468811283));
#6598=CARTESIAN_POINT('Origin',(-5.81596599598642,29.2,2.22366397852291));
#6599=CARTESIAN_POINT('',(-5.75757560693981,32.2,2.20137468811283));
#6600=CARTESIAN_POINT('Origin',(-4.80883988068822,32.2,1.83921498220727));
#6601=CARTESIAN_POINT('Origin',(-4.80883988068822,32.2,1.83921498220727));
#6602=CARTESIAN_POINT('Origin',(-4.80883988068822,29.2,1.83921498220727));
#6603=CARTESIAN_POINT('Origin',(-5.50009753681207,29.2,2.28008459681973));
#6604=CARTESIAN_POINT('Origin',(-5.5,29.2,-1.89291400000001E-31));
#6605=CARTESIAN_POINT('Origin',(-5.5,32.125,5.450457E-16));
#6606=CARTESIAN_POINT('',(-7.97288575200857,32.05,0.102279311265832));
#6607=CARTESIAN_POINT('',(-7.81612723645277,32.2,0.202927633804882));
#6608=CARTESIAN_POINT('Origin',(-7.25613432467352,32.6860975325553,-0.0124316872711087));
#6609=CARTESIAN_POINT('',(-7.81604276486078,32.2,-0.203889458619196));
#6610=CARTESIAN_POINT('Origin',(-5.5,32.2,5.349799E-16));
#6611=CARTESIAN_POINT('',(-7.97288575200858,32.05,-0.102279311265816));
#6612=CARTESIAN_POINT('Ctrl Pts',(-7.81604276486078,32.2,-0.203889458619198));
#6613=CARTESIAN_POINT('Ctrl Pts',(-7.84382071573323,32.1736464829403,-0.188866636950253));
#6614=CARTESIAN_POINT('Ctrl Pts',(-7.87141497977034,32.1473889973529,-0.172601744767176));
#6615=CARTESIAN_POINT('Ctrl Pts',(-7.89833338574618,32.1216525257642,-0.15516459882784));
#6616=CARTESIAN_POINT('Ctrl Pts',(-7.92225485899249,32.0987813974694,-0.139668799394017));
#6617=CARTESIAN_POINT('Ctrl Pts',(-7.94596885679141,32.0760095567644,-0.123035575319702));
#6618=CARTESIAN_POINT('Ctrl Pts',(-7.96897110194838,32.0537839007198,-0.105311619922049));
#6619=CARTESIAN_POINT('Ctrl Pts',(-7.97027832735911,32.0525208091323,-0.104304361512432));
#6620=CARTESIAN_POINT('Ctrl Pts',(-7.97158324283305,32.0512594815505,-0.103293588181855));
#6621=CARTESIAN_POINT('Ctrl Pts',(-7.97288575200857,32.05,-0.102279311265817));
#6622=CARTESIAN_POINT('Origin',(-5.5,32.05,5.551115E-16));
#6623=CARTESIAN_POINT('Origin',(-5.5,32.2,5.551115E-16));
#6624=CARTESIAN_POINT('',(-7.97288575200858,29.2,-0.102279311265816));
#6625=CARTESIAN_POINT('',(-7.97288575200858,32.05,-0.102279311265816));
#6626=CARTESIAN_POINT('',(-7.97288575200857,29.2,0.102279311265832));
#6627=CARTESIAN_POINT('Origin',(-5.5,29.2,5.551115E-16));
#6628=CARTESIAN_POINT('',(-7.97288575200857,32.05,0.102279311265832));
#6629=CARTESIAN_POINT('Ctrl Pts',(-7.97288575200858,32.2,-0.102279311265816));
#6630=CARTESIAN_POINT('Ctrl Pts',(-7.97288575200858,28.6,-0.102279311265816));
#6631=CARTESIAN_POINT('Ctrl Pts',(-7.91988545349034,32.2,-0.143551173560786));
#6632=CARTESIAN_POINT('Ctrl Pts',(-7.91988545349034,28.6,-0.143551173560786));
#6633=CARTESIAN_POINT('Ctrl Pts',(-7.86168711095703,32.2,-0.180956473075952));
#6634=CARTESIAN_POINT('Ctrl Pts',(-7.86168711095703,28.6,-0.180956473075952));
#6635=CARTESIAN_POINT('Ctrl Pts',(-7.80030384310535,32.2,-0.214357360593255));
#6636=CARTESIAN_POINT('Ctrl Pts',(-7.80030384310535,28.6,-0.214357360593255));
#6637=CARTESIAN_POINT('Ctrl Pts',(-7.73693343832797,32.2,-0.243226931384393));
#6638=CARTESIAN_POINT('Ctrl Pts',(-7.73693343832797,28.6,-0.243226931384393));
#6639=CARTESIAN_POINT('',(-7.73693343832798,32.2,-0.243226931384392));
#6640=CARTESIAN_POINT('Origin',(-7.63985557527196,32.2,-0.0271975783793657));
#6641=CARTESIAN_POINT('',(-7.73693343832798,29.2,-0.243226931384392));
#6642=CARTESIAN_POINT('',(-7.73693343832798,32.2,-0.243226931384392));
#6643=CARTESIAN_POINT('Origin',(-7.6237091188043,29.2,-0.0116778789461878));
#6644=CARTESIAN_POINT('Ctrl Pts',(-7.73693343832798,32.2,0.243226931384391));
#6645=CARTESIAN_POINT('Ctrl Pts',(-7.73693343832798,28.6,0.243226931384391));
#6646=CARTESIAN_POINT('Ctrl Pts',(-7.80088612448917,32.2,0.212875853874368));
#6647=CARTESIAN_POINT('Ctrl Pts',(-7.80088612448917,28.6,0.212875853874368));
#6648=CARTESIAN_POINT('Ctrl Pts',(-7.86236088278462,32.2,0.179265164059003));
#6649=CARTESIAN_POINT('Ctrl Pts',(-7.86236088278462,28.6,0.179265164059003));
#6650=CARTESIAN_POINT('Ctrl Pts',(-7.920335021983,32.2,0.142470279952591));
#6651=CARTESIAN_POINT('Ctrl Pts',(-7.920335021983,28.6,0.142470279952591));
#6652=CARTESIAN_POINT('Ctrl Pts',(-7.97288575200857,32.2,0.102279311265832));
#6653=CARTESIAN_POINT('Ctrl Pts',(-7.97288575200857,28.6,0.102279311265832));
#6654=CARTESIAN_POINT('',(-7.73693343832798,29.2,0.24322693138439));
#6655=CARTESIAN_POINT('Origin',(-7.36723209269099,29.2,0.0173297488054146));
#6656=CARTESIAN_POINT('',(-7.73693343832798,32.2,0.24322693138439));
#6657=CARTESIAN_POINT('',(-7.73693343832798,32.2,0.24322693138439));
#6658=CARTESIAN_POINT('Origin',(-7.47579692095568,32.2,0.0632636174195966));
#6659=CARTESIAN_POINT('Origin',(-7.33921498220727,32.2,-0.69116011931178));
#6660=CARTESIAN_POINT('',(-7.70137468811283,32.2,0.257575606939807));
#6661=CARTESIAN_POINT('Origin',(-7.33921498220727,32.2,-0.69116011931178));
#6662=CARTESIAN_POINT('',(-7.70137468811283,29.2,0.257575606939807));
#6663=CARTESIAN_POINT('Origin',(-7.33921498220727,29.2,-0.69116011931178));
#6664=CARTESIAN_POINT('',(-7.70137468811283,32.2,0.257575606939807));
#6665=CARTESIAN_POINT('Origin',(-7.72366397852291,32.2,0.315965995986425));
#6666=CARTESIAN_POINT('',(-7.66178552854174,32.2,0.307173531716989));
#6667=CARTESIAN_POINT('Origin',(-7.72366397852291,32.2,0.315965995986425));
#6668=CARTESIAN_POINT('',(-7.66178552854174,29.2,0.307173531716989));
#6669=CARTESIAN_POINT('Origin',(-7.72366397852291,29.2,0.315965995986425));
#6670=CARTESIAN_POINT('',(-7.66178552854175,32.2,0.30717353171699));
#6671=CARTESIAN_POINT('Origin',(-7.72366397852291,32.2,-0.315965995986424));
#6672=CARTESIAN_POINT('',(-7.66178552854175,32.2,-0.307173531716987));
#6673=CARTESIAN_POINT('',(-7.70137468811283,32.2,-0.257575606939806));
#6674=CARTESIAN_POINT('Origin',(-7.72366397852291,32.2,-0.315965995986424));
#6675=CARTESIAN_POINT('',(-7.66178552854175,29.2,-0.307173531716987));
#6676=CARTESIAN_POINT('',(-7.66178552854175,32.2,-0.307173531716989));
#6677=CARTESIAN_POINT('',(-7.70137468811283,29.2,-0.257575606939806));
#6678=CARTESIAN_POINT('Origin',(-7.72366397852291,29.2,-0.315965995986424));
#6679=CARTESIAN_POINT('',(-7.70137468811283,32.2,-0.257575606939806));
#6680=CARTESIAN_POINT('Origin',(-7.33921498220727,32.2,0.691160119311781));
#6681=CARTESIAN_POINT('Origin',(-7.33921498220727,32.2,0.691160119311781));
#6682=CARTESIAN_POINT('Origin',(-7.33921498220727,29.2,0.691160119311781));
#6683=CARTESIAN_POINT('Origin',(-7.78008459681973,29.2,-9.753681207E-5));
#6684=CARTESIAN_POINT('Origin',(-5.5,29.2,-1.89291400000001E-31));
#6685=CARTESIAN_POINT('Origin',(-5.5,32.125,5.646575E-16));
#6686=CARTESIAN_POINT('',(-3.1165398461447,32.05,0.666890317056772));
#6687=CARTESIAN_POINT('',(-3.2345240117289,32.2,0.522727028732102));
#6688=CARTESIAN_POINT('Origin',(-3.83365860953932,32.686097532449,0.554498587920809));
#6689=CARTESIAN_POINT('',(-3.36031774414815,32.2,0.9096069722648));
#6690=CARTESIAN_POINT('Origin',(-5.5,32.2,5.742035E-16));
#6691=CARTESIAN_POINT('',(-3.17975193685291,32.05,0.861437127979857));
#6692=CARTESIAN_POINT('Ctrl Pts',(-3.36031774414815,32.2,0.909606972264801));
#6693=CARTESIAN_POINT('Ctrl Pts',(-3.32925703576244,32.1736464829403,0.903903278711914));
#6694=CARTESIAN_POINT('Ctrl Pts',(-3.2979872030413,32.1473889973529,0.896961543549096));
#6695=CARTESIAN_POINT('Ctrl Pts',(-3.26699790320104,32.1216525257641,0.888696077185913));
#6696=CARTESIAN_POINT('Ctrl Pts',(-3.23945876482396,32.0987813974691,0.881350837922683));
#6697=CARTESIAN_POINT('Ctrl Pts',(-3.21176546377933,32.0760095567638,0.872859730104127));
#6698=CARTESIAN_POINT('Ctrl Pts',(-3.18441202520763,32.053783900719,0.863111331490796));
#6699=CARTESIAN_POINT('Ctrl Pts',(-3.18285751999653,32.0525208091317,0.862557326684248));
#6700=CARTESIAN_POINT('Ctrl Pts',(-3.18130412549555,32.0512594815503,0.861999265179496));
#6701=CARTESIAN_POINT('Ctrl Pts',(-3.17975193685291,32.05,0.861437127979857));
#6702=CARTESIAN_POINT('Origin',(-5.5,32.05,5.551115E-16));
#6703=CARTESIAN_POINT('Origin',(-5.5,32.2,5.551115E-16));
#6704=CARTESIAN_POINT('',(-3.17975193685291,29.2,0.861437127979857));
#6705=CARTESIAN_POINT('',(-3.17975193685291,32.05,0.861437127979857));
#6706=CARTESIAN_POINT('',(-3.1165398461447,29.2,0.666890317056772));
#6707=CARTESIAN_POINT('Origin',(-5.5,29.2,5.551115E-16));
#6708=CARTESIAN_POINT('',(-3.1165398461447,32.05,0.666890317056772));
#6709=CARTESIAN_POINT('Ctrl Pts',(-3.17975193685291,32.2,0.861437127979857));
#6710=CARTESIAN_POINT('Ctrl Pts',(-3.17975193685291,28.6,0.861437127979857));
#6711=CARTESIAN_POINT('Ctrl Pts',(-3.24291192296291,32.2,0.884311008606044));
#6712=CARTESIAN_POINT('Ctrl Pts',(-3.24291192296291,28.6,0.884311008606044));
#6713=CARTESIAN_POINT('Ctrl Pts',(-3.30982070909666,32.2,0.901901285566668));
#6714=CARTESIAN_POINT('Ctrl Pts',(-3.30982070909666,28.6,0.901901285566668));
#6715=CARTESIAN_POINT('Ctrl Pts',(-3.37852110784854,32.2,0.914698944353603));
#6716=CARTESIAN_POINT('Ctrl Pts',(-3.37852110784854,28.6,0.914698944353603));
#6717=CARTESIAN_POINT('Ctrl Pts',(-3.44771113224711,32.2,0.922573005760528));
#6718=CARTESIAN_POINT('Ctrl Pts',(-3.44771113224711,28.6,0.922573005760528));
#6719=CARTESIAN_POINT('',(-3.44771113224711,32.2,0.922573005760528));
#6720=CARTESIAN_POINT('Origin',(-3.47328092503331,32.2,0.687118172780771));
#6721=CARTESIAN_POINT('',(-3.44771113224711,29.2,0.922573005760528));
#6722=CARTESIAN_POINT('',(-3.44771113224711,32.2,0.922573005760528));
#6723=CARTESIAN_POINT('Origin',(-3.48384126690031,29.2,0.667368531685507));
#6724=CARTESIAN_POINT('Ctrl Pts',(-3.29738862167221,32.2,0.459927889697332));
#6725=CARTESIAN_POINT('Ctrl Pts',(-3.29738862167221,28.6,0.459927889697332));
#6726=CARTESIAN_POINT('Ctrl Pts',(-3.24594500151221,32.2,0.508555946599554));
#6727=CARTESIAN_POINT('Ctrl Pts',(-3.24594500151221,28.6,0.508555946599554));
#6728=CARTESIAN_POINT('Ctrl Pts',(-3.19786530639327,32.2,0.559518357204018));
#6729=CARTESIAN_POINT('Ctrl Pts',(-3.19786530639327,28.6,0.559518357204018));
#6730=CARTESIAN_POINT('Ctrl Pts',(-3.15409886802699,32.2,0.612427365746302));
#6731=CARTESIAN_POINT('Ctrl Pts',(-3.15409886802699,28.6,0.612427365746302));
#6732=CARTESIAN_POINT('Ctrl Pts',(-3.1165398461447,32.2,0.666890317056772));
#6733=CARTESIAN_POINT('Ctrl Pts',(-3.1165398461447,28.6,0.666890317056772));
#6734=CARTESIAN_POINT('',(-3.29738862167221,29.2,0.459927889697332));
#6735=CARTESIAN_POINT('Origin',(-3.71880156389311,29.2,0.560524878556916));
#6736=CARTESIAN_POINT('',(-3.29738862167221,32.2,0.459927889697332));
#6737=CARTESIAN_POINT('',(-3.29738862167221,32.2,0.459927889697332));
#6738=CARTESIAN_POINT('Origin',(-3.60135592978947,32.2,0.550387550286375));
#6739=CARTESIAN_POINT('Origin',(-3.96438282900566,32.2,1.22568102108587));
#6740=CARTESIAN_POINT('',(-3.32677301818224,32.2,0.435293230194932));
#6741=CARTESIAN_POINT('Origin',(-3.96438282900566,32.2,1.22568102108587));
#6742=CARTESIAN_POINT('',(-3.32677301818224,29.2,0.435293230194932));
#6743=CARTESIAN_POINT('Origin',(-3.96438282900566,29.2,1.22568102108587));
#6744=CARTESIAN_POINT('',(-3.32677301818224,32.2,0.435293230194932));
#6745=CARTESIAN_POINT('Origin',(-3.28753102077058,32.2,0.386648439732409));
#6746=CARTESIAN_POINT('',(-3.34909794472509,32.2,0.37588907754039));
#6747=CARTESIAN_POINT('Origin',(-3.28753102077058,32.2,0.386648439732409));
#6748=CARTESIAN_POINT('',(-3.34909794472509,29.2,0.37588907754039));
#6749=CARTESIAN_POINT('Origin',(-3.28753102077058,29.2,0.386648439732409));
#6750=CARTESIAN_POINT('',(-3.34909794472509,32.2,0.37588907754039));
#6751=CARTESIAN_POINT('Origin',(-3.4828087455794,32.2,0.987651478553563));
#6752=CARTESIAN_POINT('',(-3.53894162777053,32.2,0.960167855486066));
#6753=CARTESIAN_POINT('',(-3.48596349794392,32.2,0.925231149032496));
#6754=CARTESIAN_POINT('Origin',(-3.4828087455794,32.2,0.987651478553563));
#6755=CARTESIAN_POINT('',(-3.53894162777053,29.2,0.960167855486066));
#6756=CARTESIAN_POINT('',(-3.53894162777053,32.2,0.960167855486066));
#6757=CARTESIAN_POINT('',(-3.48596349794392,29.2,0.925231149032496));
#6758=CARTESIAN_POINT('Origin',(-3.4828087455794,29.2,0.987651478553563));
#6759=CARTESIAN_POINT('',(-3.48596349794392,32.2,0.925231149032496));
#6760=CARTESIAN_POINT('Origin',(-3.53722238360255,32.2,-0.088983649463743));
#6761=CARTESIAN_POINT('Origin',(-3.53722238360255,32.2,-0.088983649463743));
#6762=CARTESIAN_POINT('Origin',(-3.53722238360255,29.2,-0.088983649463743));
#6763=CARTESIAN_POINT('Origin',(-3.3315408270229,29.2,0.704677652050546));
#6764=CARTESIAN_POINT('Origin',(-5.5,29.2,-1.89291400000001E-31));
#6765=CARTESIAN_POINT('Origin',(-5.5,32.125,2.715681E-16));
#6766=CARTESIAN_POINT('',(-6.8707800746478,32.05,2.06072486929929));
#6767=CARTESIAN_POINT('',(-6.69721352764342,32.2,1.99306416585809));
#6768=CARTESIAN_POINT('Origin',(-6.54228730319302,32.6860975329419,1.41343535020348));
#6769=CARTESIAN_POINT('',(-7.02628581786069,32.2,1.75387473959725));
#6770=CARTESIAN_POINT('Origin',(-5.5,32.2,2.655805E-16));
#6771=CARTESIAN_POINT('',(-7.03627147662183,32.05,1.94048832774593));
#6772=CARTESIAN_POINT('Ctrl Pts',(-7.02628581786069,32.2,1.75387473959725));
#6773=CARTESIAN_POINT('Ctrl Pts',(-7.03045956968878,32.1736464829403,1.78517776694681));
#6774=CARTESIAN_POINT('Ctrl Pts',(-7.03352049694987,32.1473889973529,1.81706225925542));
#6775=CARTESIAN_POINT('Ctrl Pts',(-7.03523579159937,32.1216525257642,1.84908900437654));
#6776=CARTESIAN_POINT('Ctrl Pts',(-7.03676011570332,32.0987813974688,1.87755008514375));
#6777=CARTESIAN_POINT('Ctrl Pts',(-7.03724229293504,32.0760095567631,1.90651187617752));
#6778=CARTESIAN_POINT('Ctrl Pts',(-7.03642369228358,32.0537839007178,1.93553896301421));
#6779=CARTESIAN_POINT('Ctrl Pts',(-7.03637717093034,32.052520809131,1.93718858222454));
#6780=CARTESIAN_POINT('Ctrl Pts',(-7.03632644819953,32.0512594815499,1.93883839867546));
#6781=CARTESIAN_POINT('Ctrl Pts',(-7.03627147662183,32.05,1.94048832774593));
#6782=CARTESIAN_POINT('Origin',(-5.5,32.05,2.775558E-16));
#6783=CARTESIAN_POINT('Origin',(-5.5,32.2,2.775558E-16));
#6784=CARTESIAN_POINT('',(-7.03627147662183,29.2,1.94048832774593));
#6785=CARTESIAN_POINT('',(-7.03627147662183,32.05,1.94048832774593));
#6786=CARTESIAN_POINT('',(-6.8707800746478,29.2,2.06072486929929));
#6787=CARTESIAN_POINT('Origin',(-5.5,29.2,2.775558E-16));
#6788=CARTESIAN_POINT('',(-6.8707800746478,32.05,2.06072486929929));
#6789=CARTESIAN_POINT('Ctrl Pts',(-7.03627147662183,32.2,1.94048832774593));
#6790=CARTESIAN_POINT('Ctrl Pts',(-7.03627147662183,28.6,1.94048832774593));
#6791=CARTESIAN_POINT('Ctrl Pts',(-7.03850832077185,32.2,1.8733511935461));
#6792=CARTESIAN_POINT('Ctrl Pts',(-7.03850832077185,28.6,1.8733511935461));
#6793=CARTESIAN_POINT('Ctrl Pts',(-7.03456171631036,32.2,1.80428146197961));
#6794=CARTESIAN_POINT('Ctrl Pts',(-7.03456171631036,28.6,1.80428146197961));
#6795=CARTESIAN_POINT('Ctrl Pts',(-7.02550342235833,32.2,1.73498880602118));
#6796=CARTESIAN_POINT('Ctrl Pts',(-7.02550342235833,28.6,1.73498880602118));
#6797=CARTESIAN_POINT('Ctrl Pts',(-7.01161120638872,32.2,1.66675196366481));
#6798=CARTESIAN_POINT('Ctrl Pts',(-7.01161120638872,28.6,1.66675196366481));
#6799=CARTESIAN_POINT('',(-7.01161120638872,32.2,1.66675196366481));
#6800=CARTESIAN_POINT('Origin',(-6.77977885218406,32.2,1.71519319043586));
#6801=CARTESIAN_POINT('',(-7.01161120638872,29.2,1.66675196366481));
#6802=CARTESIAN_POINT('',(-7.01161120638872,32.2,1.66675196366481));
#6803=CARTESIAN_POINT('Origin',(-6.75773250270687,29.2,1.71125268319498));
#6804=CARTESIAN_POINT('Ctrl Pts',(-6.61806176442944,32.2,1.95268237012102));
#6805=CARTESIAN_POINT('Ctrl Pts',(-6.61806176442944,28.6,1.95268237012102));
#6806=CARTESIAN_POINT('Ctrl Pts',(-6.68020674770268,32.2,1.98658126430977));
#6807=CARTESIAN_POINT('Ctrl Pts',(-6.68020674770268,28.6,1.98658126430977));
#6808=CARTESIAN_POINT('Ctrl Pts',(-6.74353232327029,32.2,2.01655952070304));
#6809=CARTESIAN_POINT('Ctrl Pts',(-6.74353232327029,28.6,2.01655952070304));
#6810=CARTESIAN_POINT('Ctrl Pts',(-6.80737635385358,32.2,2.04183409431122));
#6811=CARTESIAN_POINT('Ctrl Pts',(-6.80737635385358,28.6,2.04183409431122));
#6812=CARTESIAN_POINT('Ctrl Pts',(-6.8707800746478,32.2,2.06072486929929));
#6813=CARTESIAN_POINT('Ctrl Pts',(-6.8707800746478,28.6,2.06072486929929));
#6814=CARTESIAN_POINT('',(-6.61806176442944,29.2,1.95268237012102));
#6815=CARTESIAN_POINT('Origin',(-6.58351142540482,29.2,1.52080866622134));
#6816=CARTESIAN_POINT('',(-6.61806176442944,32.2,1.95268237012102));
#6817=CARTESIAN_POINT('',(-6.61806176442944,32.2,1.95268237012102));
#6818=CARTESIAN_POINT('Origin',(-6.61016295002957,32.2,1.63563870771872));
#6819=CARTESIAN_POINT('Origin',(-7.14022372469424,32.2,1.08170245181052));
#6820=CARTESIAN_POINT('',(-6.58555253309192,32.2,1.93234867677963));
#6821=CARTESIAN_POINT('Origin',(-7.14022372469424,32.2,1.08170245181052));
#6822=CARTESIAN_POINT('',(-6.58555253309192,29.2,1.93234867677963));
#6823=CARTESIAN_POINT('Origin',(-7.14022372469424,29.2,1.08170245181052));
#6824=CARTESIAN_POINT('',(-6.58555253309192,32.2,1.93234867677963));
#6825=CARTESIAN_POINT('Origin',(-6.55141503223215,32.2,1.98470210107116));
#6826=CARTESIAN_POINT('',(-6.52215704491491,32.2,1.92947330262194));
#6827=CARTESIAN_POINT('Origin',(-6.55141503223215,32.2,1.98470210107116));
#6828=CARTESIAN_POINT('',(-6.52215704491491,29.2,1.92947330262194));
#6829=CARTESIAN_POINT('Origin',(-6.55141503223215,29.2,1.98470210107116));
#6830=CARTESIAN_POINT('',(-6.52215704491491,32.2,1.92947330262194));
#6831=CARTESIAN_POINT('Origin',(-7.06265875302739,32.2,1.61326179573772));
#6832=CARTESIAN_POINT('',(-7.01917425967734,32.2,1.56836915894626));
#6833=CARTESIAN_POINT('',(-7.00231861979341,32.2,1.62955039056063));
#6834=CARTESIAN_POINT('Origin',(-7.06265875302739,32.2,1.61326179573772));
#6835=CARTESIAN_POINT('',(-7.01917425967734,29.2,1.56836915894626));
#6836=CARTESIAN_POINT('',(-7.01917425967734,32.2,1.56836915894626));
#6837=CARTESIAN_POINT('',(-7.00231861979341,29.2,1.62955039056063));
#6838=CARTESIAN_POINT('Origin',(-7.06265875302739,29.2,1.61326179573772));
#6839=CARTESIAN_POINT('',(-7.00231861979341,32.2,1.62955039056063));
#6840=CARTESIAN_POINT('Origin',(-6.02190315997935,32.2,1.89420990201887));
#6841=CARTESIAN_POINT('Origin',(-6.02190315997935,32.2,1.89420990201887));
#6842=CARTESIAN_POINT('Origin',(-6.02190315997935,29.2,1.89420990201887));
#6843=CARTESIAN_POINT('Origin',(-6.84027900892841,29.2,1.84456985674002));
#6844=CARTESIAN_POINT('Origin',(-5.5,29.2,-1.89291400000001E-31));
#6845=CARTESIAN_POINT('Origin',(-5.5,32.125,1.120289E-15));
#6846=CARTESIAN_POINT('',(-3.02711424799143,32.05,-0.10227931126583));
#6847=CARTESIAN_POINT('',(-3.18387276354723,32.2,-0.202927633804879));
#6848=CARTESIAN_POINT('Origin',(-3.7438656759337,32.6860975330892,0.0124316874270577));
#6849=CARTESIAN_POINT('',(-3.18395723513922,32.2,0.203889458619197));
#6850=CARTESIAN_POINT('Origin',(-5.5,32.2,1.130355E-15));
#6851=CARTESIAN_POINT('',(-3.02711424799143,32.05,0.102279311265819));
#6852=CARTESIAN_POINT('Ctrl Pts',(-3.18395723513922,32.2,0.203889458619198));
#6853=CARTESIAN_POINT('Ctrl Pts',(-3.15617928426678,32.1736464829403,0.188866636950261));
#6854=CARTESIAN_POINT('Ctrl Pts',(-3.12858502022963,32.1473889973529,0.172601744767165));
#6855=CARTESIAN_POINT('Ctrl Pts',(-3.10166661425376,32.1216525257641,0.155164598827806));
#6856=CARTESIAN_POINT('Ctrl Pts',(-3.07774514100702,32.0987813974689,0.139668799393699));
#6857=CARTESIAN_POINT('Ctrl Pts',(-3.05403114320762,32.0760095567635,0.123035575319027));
#6858=CARTESIAN_POINT('Ctrl Pts',(-3.03102889805023,32.0537839007184,0.105311619920978));
#6859=CARTESIAN_POINT('Ctrl Pts',(-3.02972167263996,32.0525208091314,0.104304361511716));
#6860=CARTESIAN_POINT('Ctrl Pts',(-3.02841675716649,32.0512594815501,0.103293588181497));
#6861=CARTESIAN_POINT('Ctrl Pts',(-3.02711424799143,32.05,0.102279311265819));
#6862=CARTESIAN_POINT('Origin',(-5.5,32.05,1.110223E-15));
#6863=CARTESIAN_POINT('Origin',(-5.5,32.2,1.110223E-15));
#6864=CARTESIAN_POINT('',(-3.02711424799143,29.2,0.102279311265819));
#6865=CARTESIAN_POINT('',(-3.02711424799143,32.05,0.102279311265819));
#6866=CARTESIAN_POINT('',(-3.02711424799143,29.2,-0.10227931126583));
#6867=CARTESIAN_POINT('Origin',(-5.5,29.2,1.110223E-15));
#6868=CARTESIAN_POINT('',(-3.02711424799143,32.05,-0.10227931126583));
#6869=CARTESIAN_POINT('Ctrl Pts',(-3.02711424799143,32.2,0.102279311265819));
#6870=CARTESIAN_POINT('Ctrl Pts',(-3.02711424799143,28.6,0.102279311265819));
#6871=CARTESIAN_POINT('Ctrl Pts',(-3.08011454650966,32.2,0.143551173560788));
#6872=CARTESIAN_POINT('Ctrl Pts',(-3.08011454650966,28.6,0.143551173560788));
#6873=CARTESIAN_POINT('Ctrl Pts',(-3.13831288904297,32.2,0.180956473075952));
#6874=CARTESIAN_POINT('Ctrl Pts',(-3.13831288904297,28.6,0.180956473075952));
#6875=CARTESIAN_POINT('Ctrl Pts',(-3.19969615689465,32.2,0.214357360593257));
#6876=CARTESIAN_POINT('Ctrl Pts',(-3.19969615689465,28.6,0.214357360593257));
#6877=CARTESIAN_POINT('Ctrl Pts',(-3.26306656167203,32.2,0.243226931384394));
#6878=CARTESIAN_POINT('Ctrl Pts',(-3.26306656167203,28.6,0.243226931384394));
#6879=CARTESIAN_POINT('',(-3.26306656167203,32.2,0.243226931384394));
#6880=CARTESIAN_POINT('Origin',(-3.36014442450485,32.2,0.0271975787220933));
#6881=CARTESIAN_POINT('',(-3.26306656167203,29.2,0.243226931384394));
#6882=CARTESIAN_POINT('',(-3.26306656167203,32.2,0.243226931384394));
#6883=CARTESIAN_POINT('Origin',(-3.37629088119649,29.2,0.0116778789461126));
#6884=CARTESIAN_POINT('Ctrl Pts',(-3.26306656167202,32.2,-0.243226931384389));
#6885=CARTESIAN_POINT('Ctrl Pts',(-3.26306656167202,28.6,-0.243226931384389));
#6886=CARTESIAN_POINT('Ctrl Pts',(-3.19911387551083,32.2,-0.212875853874367));
#6887=CARTESIAN_POINT('Ctrl Pts',(-3.19911387551083,28.6,-0.212875853874367));
#6888=CARTESIAN_POINT('Ctrl Pts',(-3.13763911721538,32.2,-0.179265164059001));
#6889=CARTESIAN_POINT('Ctrl Pts',(-3.13763911721538,28.6,-0.179265164059001));
#6890=CARTESIAN_POINT('Ctrl Pts',(-3.079664978017,32.2,-0.14247027995259));
#6891=CARTESIAN_POINT('Ctrl Pts',(-3.079664978017,28.6,-0.14247027995259));
#6892=CARTESIAN_POINT('Ctrl Pts',(-3.02711424799143,32.2,-0.10227931126583));
#6893=CARTESIAN_POINT('Ctrl Pts',(-3.02711424799143,28.6,-0.10227931126583));
#6894=CARTESIAN_POINT('',(-3.26306656167202,29.2,-0.243226931384388));
#6895=CARTESIAN_POINT('Origin',(-3.63276790729061,29.2,-0.0173297488114693));
#6896=CARTESIAN_POINT('',(-3.26306656167202,32.2,-0.243226931384388));
#6897=CARTESIAN_POINT('',(-3.26306656167202,32.2,-0.243226931384388));
#6898=CARTESIAN_POINT('Origin',(-3.52420307928925,32.2,-0.0632636172935818));
#6899=CARTESIAN_POINT('Origin',(-3.66078501779273,32.2,0.691160119311782));
#6900=CARTESIAN_POINT('',(-3.29862531188717,32.2,-0.257575606939806));
#6901=CARTESIAN_POINT('Origin',(-3.66078501779273,32.2,0.691160119311782));
#6902=CARTESIAN_POINT('',(-3.29862531188717,29.2,-0.257575606939806));
#6903=CARTESIAN_POINT('Origin',(-3.66078501779273,29.2,0.691160119311782));
#6904=CARTESIAN_POINT('',(-3.29862531188717,32.2,-0.257575606939806));
#6905=CARTESIAN_POINT('Origin',(-3.2763360214771,32.2,-0.315965995986423));
#6906=CARTESIAN_POINT('',(-3.33821447145826,32.2,-0.307173531716987));
#6907=CARTESIAN_POINT('Origin',(-3.2763360214771,32.2,-0.315965995986423));
#6908=CARTESIAN_POINT('',(-3.33821447145826,29.2,-0.307173531716987));
#6909=CARTESIAN_POINT('Origin',(-3.2763360214771,29.2,-0.315965995986423));
#6910=CARTESIAN_POINT('',(-3.33821447145825,32.2,-0.307173531716988));
#6911=CARTESIAN_POINT('Origin',(-3.2763360214771,32.2,0.315965995986425));
#6912=CARTESIAN_POINT('',(-3.33821447145826,32.2,0.30717353171699));
#6913=CARTESIAN_POINT('',(-3.29862531188717,32.2,0.257575606939807));
#6914=CARTESIAN_POINT('Origin',(-3.2763360214771,32.2,0.315965995986425));
#6915=CARTESIAN_POINT('',(-3.33821447145826,29.2,0.30717353171699));
#6916=CARTESIAN_POINT('',(-3.33821447145825,32.2,0.30717353171699));
#6917=CARTESIAN_POINT('',(-3.29862531188717,29.2,0.257575606939807));
#6918=CARTESIAN_POINT('Origin',(-3.2763360214771,29.2,0.315965995986425));
#6919=CARTESIAN_POINT('',(-3.29862531188717,32.2,0.257575606939807));
#6920=CARTESIAN_POINT('Origin',(-3.66078501779273,32.2,-0.691160119311781));
#6921=CARTESIAN_POINT('Origin',(-3.66078501779273,32.2,-0.691160119311781));
#6922=CARTESIAN_POINT('Origin',(-3.66078501779273,29.2,-0.691160119311781));
#6923=CARTESIAN_POINT('Origin',(-3.21991540318027,29.2,9.7536812072E-5));
#6924=CARTESIAN_POINT('',(-3.3165,29.2,-2.67401628593825E-16));
#6925=CARTESIAN_POINT('Origin',(-5.5,29.2,-1.89291400000001E-31));
#6926=CARTESIAN_POINT('Origin',(-5.5,29.2,-1.89291400000001E-31));
#6927=CARTESIAN_POINT('Origin',(-5.5,32.125,-9.60033E-18));
#6928=CARTESIAN_POINT('',(-7.82024806314709,32.05,0.861437127979869));
#6929=CARTESIAN_POINT('',(-7.64005981332309,32.2,0.908718325665077));
#6930=CARTESIAN_POINT('Origin',(-7.17402459529507,32.686097532869,0.530852113343797));
#6931=CARTESIAN_POINT('',(-7.76569287122633,32.2,0.521786175817444));
#6932=CARTESIAN_POINT('Origin',(-5.5,32.2,-1.920066E-17));
#6933=CARTESIAN_POINT('',(-7.8834601538553,32.05,0.666890317056784));
#6934=CARTESIAN_POINT('Ctrl Pts',(-7.76569287122633,32.2,0.52178617581744));
#6935=CARTESIAN_POINT('Ctrl Pts',(-7.78746896521371,32.1736464829403,0.544657587147304));
#6936=CARTESIAN_POINT('Ctrl Pts',(-7.80868654174236,32.1473889973529,0.568653515379628));
#6937=CARTESIAN_POINT('Ctrl Pts',(-7.82889909272533,32.1216525257641,0.593555471558875));
#6938=CARTESIAN_POINT('Ctrl Pts',(-7.84686130036918,32.0987813974693,0.615684994349271));
#6939=CARTESIAN_POINT('Ctrl Pts',(-7.8642747035931,32.0760095567642,0.638832158816661));
#6940=CARTESIAN_POINT('Ctrl Pts',(-7.88067413531368,32.0537839007195,0.662796726754485));
#6941=CARTESIAN_POINT('Ctrl Pts',(-7.88160612059246,32.0525208091321,0.664158641295853));
#6942=CARTESIAN_POINT('Ctrl Pts',(-7.8825348228205,32.0512594815505,0.665523184915978));
#6943=CARTESIAN_POINT('Ctrl Pts',(-7.8834601538553,32.05,0.666890317056784));
#6944=CARTESIAN_POINT('Origin',(-5.5,32.05,7.43357E-32));
#6945=CARTESIAN_POINT('Origin',(-5.5,32.2,0.));
#6946=CARTESIAN_POINT('',(-7.8834601538553,29.2,0.666890317056784));
#6947=CARTESIAN_POINT('',(-7.8834601538553,32.05,0.666890317056784));
#6948=CARTESIAN_POINT('',(-7.82024806314709,29.2,0.861437127979869));
#6949=CARTESIAN_POINT('Origin',(-5.5,29.2,0.));
#6950=CARTESIAN_POINT('',(-7.82024806314709,32.05,0.861437127979869));
#6951=CARTESIAN_POINT('Ctrl Pts',(-7.8834601538553,32.2,0.666890317056784));
#6952=CARTESIAN_POINT('Ctrl Pts',(-7.8834601538553,28.6,0.666890317056784));
#6953=CARTESIAN_POINT('Ctrl Pts',(-7.84580758142259,32.2,0.611260450532438));
#6954=CARTESIAN_POINT('Ctrl Pts',(-7.84580758142259,28.6,0.611260450532438));
#6955=CARTESIAN_POINT('Ctrl Pts',(-7.80201654174858,32.2,0.557701619797323));
#6956=CARTESIAN_POINT('Ctrl Pts',(-7.80201654174858,28.6,0.557701619797323));
#6957=CARTESIAN_POINT('Ctrl Pts',(-7.75395902673681,32.2,0.50696701513751));
#6958=CARTESIAN_POINT('Ctrl Pts',(-7.75395902673681,28.6,0.50696701513751));
#6959=CARTESIAN_POINT('Ctrl Pts',(-7.70261137832779,32.2,0.459927889697325));
#6960=CARTESIAN_POINT('Ctrl Pts',(-7.70261137832779,28.6,0.459927889697325));
#6961=CARTESIAN_POINT('',(-7.70261137832779,32.2,0.459927889697325));
#6962=CARTESIAN_POINT('Origin',(-7.54352810314221,32.2,0.63538530376839));
#6963=CARTESIAN_POINT('',(-7.70261137832779,29.2,0.459927889697325));
#6964=CARTESIAN_POINT('',(-7.70261137832779,32.2,0.459927889697325));
#6965=CARTESIAN_POINT('Origin',(-7.52337605920322,29.2,0.645155885952194));
#6966=CARTESIAN_POINT('Ctrl Pts',(-7.5522888677529,32.2,0.922573005760528));
#6967=CARTESIAN_POINT('Ctrl Pts',(-7.5522888677529,28.6,0.922573005760528));
#6968=CARTESIAN_POINT('Ctrl Pts',(-7.62249048540927,32.2,0.913469882577777));
#6969=CARTESIAN_POINT('Ctrl Pts',(-7.62249048540927,28.6,0.913469882577777));
#6970=CARTESIAN_POINT('Ctrl Pts',(-7.69134272921944,32.2,0.900500962050086));
#6971=CARTESIAN_POINT('Ctrl Pts',(-7.69134272921944,28.6,0.900500962050086));
#6972=CARTESIAN_POINT('Ctrl Pts',(-7.7578496565756,32.2,0.883421942000915));
#6973=CARTESIAN_POINT('Ctrl Pts',(-7.7578496565756,28.6,0.883421942000915));
#6974=CARTESIAN_POINT('Ctrl Pts',(-7.82024806314709,32.2,0.86143712797987));
#6975=CARTESIAN_POINT('Ctrl Pts',(-7.82024806314709,28.6,0.86143712797987));
#6976=CARTESIAN_POINT('',(-7.5522888677529,29.2,0.922573005760527));
#6977=CARTESIAN_POINT('Origin',(-7.2704880623176,29.2,0.593488019623833));
#6978=CARTESIAN_POINT('',(-7.5522888677529,32.2,0.922573005760527));
#6979=CARTESIAN_POINT('',(-7.5522888677529,32.2,0.922573005760527));
#6980=CARTESIAN_POINT('Origin',(-7.35954500314076,32.2,0.670722101079999));
#6981=CARTESIAN_POINT('Origin',(-7.46277761639745,32.2,-0.088983649463744));
#6982=CARTESIAN_POINT('',(-7.51403650205608,32.2,0.925231149032496));
#6983=CARTESIAN_POINT('Origin',(-7.46277761639745,32.2,-0.088983649463744));
#6984=CARTESIAN_POINT('',(-7.51403650205608,29.2,0.925231149032496));
#6985=CARTESIAN_POINT('Origin',(-7.46277761639745,29.2,-0.088983649463744));
#6986=CARTESIAN_POINT('',(-7.51403650205608,32.2,0.925231149032496));
#6987=CARTESIAN_POINT('Origin',(-7.5171912544206,32.2,0.987651478553563));
#6988=CARTESIAN_POINT('',(-7.46105837222947,32.2,0.960167855486065));
#6989=CARTESIAN_POINT('Origin',(-7.5171912544206,32.2,0.987651478553563));
#6990=CARTESIAN_POINT('',(-7.46105837222947,29.2,0.960167855486065));
#6991=CARTESIAN_POINT('Origin',(-7.5171912544206,29.2,0.987651478553563));
#6992=CARTESIAN_POINT('',(-7.46105837222947,32.2,0.960167855486066));
#6993=CARTESIAN_POINT('Origin',(-7.71246897922943,32.2,0.386648439732409));
#6994=CARTESIAN_POINT('',(-7.65090205527491,32.2,0.37588907754039));
#6995=CARTESIAN_POINT('',(-7.67322698181776,32.2,0.435293230194932));
#6996=CARTESIAN_POINT('Origin',(-7.71246897922943,32.2,0.386648439732409));
#6997=CARTESIAN_POINT('',(-7.65090205527491,29.2,0.37588907754039));
#6998=CARTESIAN_POINT('',(-7.65090205527491,32.2,0.37588907754039));
#6999=CARTESIAN_POINT('',(-7.67322698181776,29.2,0.435293230194932));
#7000=CARTESIAN_POINT('Origin',(-7.71246897922943,29.2,0.386648439732409));
#7001=CARTESIAN_POINT('',(-7.67322698181776,32.2,0.435293230194932));
#7002=CARTESIAN_POINT('Origin',(-7.03561717099434,32.2,1.22568102108587));
#7003=CARTESIAN_POINT('Origin',(-7.03561717099434,32.2,1.22568102108587));
#7004=CARTESIAN_POINT('Origin',(-7.03561717099434,29.2,1.22568102108587));
#7005=CARTESIAN_POINT('Origin',(-7.66851945404212,29.2,0.704492126009148));
#7006=CARTESIAN_POINT('Origin',(-5.5,29.2,-1.89291400000001E-31));
#7007=CARTESIAN_POINT('Origin',(-5.5,32.125,-2.693607E-16));
#7008=CARTESIAN_POINT('',(-3.55951167225408,32.05,-1.53627147662184));
#7009=CARTESIAN_POINT('',(-3.74549157500814,32.2,-1.52555733639631));
#7010=CARTESIAN_POINT('Origin',(-4.07195032437505,32.6860975323926,-1.02217241096643));
#7011=CARTESIAN_POINT('',(-3.50643882665423,32.2,-1.19638574386701));
#7012=CARTESIAN_POINT('Origin',(-5.5,32.2,-2.611656E-16));
#7013=CARTESIAN_POINT('',(-3.43927513070071,32.05,-1.37078007464781));
#7014=CARTESIAN_POINT('Ctrl Pts',(-3.50643882665423,32.2,-1.196385743867));
#7015=CARTESIAN_POINT('Ctrl Pts',(-3.49279618535434,32.1736464829403,-1.22486693176237));
#7016=CARTESIAN_POINT('Ctrl Pts',(-3.48003222055638,32.1473889973529,-1.25424500739903));
#7017=CARTESIAN_POINT('Ctrl Pts',(-3.46850406988566,32.1216525257642,-1.28417419684516));
#7018=CARTESIAN_POINT('Ctrl Pts',(-3.45825939387842,32.098781397469,-1.3107712511163));
#7019=CARTESIAN_POINT('Ctrl Pts',(-3.44885113046331,32.0760095567636,-1.33816655024331));
#7020=CARTESIAN_POINT('Ctrl Pts',(-3.44065980281746,32.0537839007186,-1.36602591184098));
#7021=CARTESIAN_POINT('Ctrl Pts',(-3.44019428688328,32.0525208091315,-1.36760916882943));
#7022=CARTESIAN_POINT('Ctrl Pts',(-3.43973270574591,32.0512594815501,-1.36919391170189));
#7023=CARTESIAN_POINT('Ctrl Pts',(-3.43927513070071,32.05,-1.37078007464781));
#7024=CARTESIAN_POINT('Origin',(-5.5,32.05,-2.775558E-16));
#7025=CARTESIAN_POINT('Origin',(-5.5,32.2,-2.775558E-16));
#7026=CARTESIAN_POINT('',(-3.43927513070071,29.2,-1.37078007464781));
#7027=CARTESIAN_POINT('',(-3.43927513070071,32.05,-1.37078007464781));
#7028=CARTESIAN_POINT('',(-3.55951167225408,29.2,-1.53627147662184));
#7029=CARTESIAN_POINT('Origin',(-5.5,29.2,-2.775558E-16));
#7030=CARTESIAN_POINT('',(-3.55951167225408,32.05,-1.53627147662184));
#7031=CARTESIAN_POINT('Ctrl Pts',(-3.43927513070071,32.2,-1.37078007464781));
#7032=CARTESIAN_POINT('Ctrl Pts',(-3.43927513070071,28.6,-1.37078007464781));
#7033=CARTESIAN_POINT('Ctrl Pts',(-3.45789428091728,32.2,-1.30623764282556));
#7034=CARTESIAN_POINT('Ctrl Pts',(-3.45789428091728,28.6,-1.30623764282556));
#7035=CARTESIAN_POINT('Ctrl Pts',(-3.48299144565858,32.2,-1.24176799238916));
#7036=CARTESIAN_POINT('Ctrl Pts',(-3.48299144565858,28.6,-1.24176799238916));
#7037=CARTESIAN_POINT('Ctrl Pts',(-3.51301900342471,32.2,-1.17866592717972));
#7038=CARTESIAN_POINT('Ctrl Pts',(-3.51301900342471,28.6,-1.17866592717972));
#7039=CARTESIAN_POINT('Ctrl Pts',(-3.54731762987899,32.2,-1.11806176442943));
#7040=CARTESIAN_POINT('Ctrl Pts',(-3.54731762987899,28.6,-1.11806176442943));
#7041=CARTESIAN_POINT('',(-3.54731762987899,32.2,-1.11806176442943));
#7042=CARTESIAN_POINT('Origin',(-3.75283413841551,32.2,-1.2357722459903));
#7043=CARTESIAN_POINT('',(-3.54731762987899,29.2,-1.11806176442943));
#7044=CARTESIAN_POINT('',(-3.54731762987899,32.2,-1.11806176442943));
#7045=CARTESIAN_POINT('Origin',(-3.77501914676239,29.2,-1.23883729766602));
#7046=CARTESIAN_POINT('Ctrl Pts',(-3.83324803633518,32.2,-1.51161120638872));
#7047=CARTESIAN_POINT('Ctrl Pts',(-3.83324803633518,28.6,-1.51161120638872));
#7048=CARTESIAN_POINT('Ctrl Pts',(-3.76366931064327,32.2,-1.52464711465556));
#7049=CARTESIAN_POINT('Ctrl Pts',(-3.76366931064327,28.6,-1.52464711465556));
#7050=CARTESIAN_POINT('Ctrl Pts',(-3.69417931866431,32.2,-1.53358945171657));
#7051=CARTESIAN_POINT('Ctrl Pts',(-3.69417931866431,28.6,-1.53358945171657));
#7052=CARTESIAN_POINT('Ctrl Pts',(-3.62564976458101,32.2,-1.53789810920359));
#7053=CARTESIAN_POINT('Ctrl Pts',(-3.62564976458101,28.6,-1.53789810920359));
#7054=CARTESIAN_POINT('Ctrl Pts',(-3.55951167225408,32.2,-1.53627147662184));
#7055=CARTESIAN_POINT('Ctrl Pts',(-3.55951167225408,28.6,-1.53627147662184));
#7056=CARTESIAN_POINT('',(-3.83324803633518,29.2,-1.51161120638872));
#7057=CARTESIAN_POINT('Origin',(-3.99956367533227,29.2,-1.11155154799883));
#7058=CARTESIAN_POINT('',(-3.83324803633518,32.2,-1.51161120638872));
#7059=CARTESIAN_POINT('',(-3.83324803633518,32.2,-1.51161120638872));
#7060=CARTESIAN_POINT('Origin',(-3.93873213481135,32.2,-1.21252563335252));
#7061=CARTESIAN_POINT('Origin',(-3.60579009798113,32.2,-0.521903159979348));
#7062=CARTESIAN_POINT('',(-3.87044960943937,32.2,-1.50231861979341));
#7063=CARTESIAN_POINT('Origin',(-3.60579009798113,32.2,-0.521903159979348));
#7064=CARTESIAN_POINT('',(-3.87044960943937,29.2,-1.50231861979341));
#7065=CARTESIAN_POINT('Origin',(-3.60579009798113,29.2,-0.521903159979348));
#7066=CARTESIAN_POINT('',(-3.87044960943937,32.2,-1.50231861979341));
#7067=CARTESIAN_POINT('Origin',(-3.88673820426229,32.2,-1.56265875302739));
#7068=CARTESIAN_POINT('',(-3.93163084105374,32.2,-1.51917425967734));
#7069=CARTESIAN_POINT('Origin',(-3.88673820426229,32.2,-1.56265875302739));
#7070=CARTESIAN_POINT('',(-3.93163084105374,29.2,-1.51917425967734));
#7071=CARTESIAN_POINT('Origin',(-3.88673820426229,29.2,-1.56265875302739));
#7072=CARTESIAN_POINT('',(-3.93163084105374,32.2,-1.51917425967734));
#7073=CARTESIAN_POINT('Origin',(-3.51529789892884,32.2,-1.05141503223215));
#7074=CARTESIAN_POINT('',(-3.57052669737806,32.2,-1.02215704491491));
#7075=CARTESIAN_POINT('',(-3.56765132322037,32.2,-1.08555253309192));
#7076=CARTESIAN_POINT('Origin',(-3.51529789892884,32.2,-1.05141503223215));
#7077=CARTESIAN_POINT('',(-3.57052669737806,29.2,-1.02215704491491));
#7078=CARTESIAN_POINT('',(-3.57052669737806,32.2,-1.02215704491491));
#7079=CARTESIAN_POINT('',(-3.56765132322037,29.2,-1.08555253309192));
#7080=CARTESIAN_POINT('Origin',(-3.51529789892884,29.2,-1.05141503223215));
#7081=CARTESIAN_POINT('',(-3.56765132322037,32.2,-1.08555253309192));
#7082=CARTESIAN_POINT('Origin',(-4.41829754818948,32.2,-1.64022372469424));
#7083=CARTESIAN_POINT('Origin',(-4.41829754818948,32.2,-1.64022372469424));
#7084=CARTESIAN_POINT('Origin',(-4.41829754818948,29.2,-1.64022372469424));
#7085=CARTESIAN_POINT('Origin',(-3.6553154818606,29.2,-1.34012119105133));
#7086=CARTESIAN_POINT('Origin',(-5.5,29.2,-1.89291400000001E-31));
#7087=CARTESIAN_POINT('Origin',(-5.5,32.125,-8.294732E-16));
#7088=CARTESIAN_POINT('',(-4.83310968294323,32.05,-2.3834601538553));
#7089=CARTESIAN_POINT('',(-4.9772729712679,32.2,-2.2654759882711));
#7090=CARTESIAN_POINT('Origin',(-4.94550141210183,32.6860975328735,-1.66634138995968));
#7091=CARTESIAN_POINT('',(-4.5903930277352,32.2,-2.13968225585185));
#7092=CARTESIAN_POINT('Origin',(-5.5,32.2,-8.262791E-16));
#7093=CARTESIAN_POINT('',(-4.63856287202014,32.05,-2.32024806314709));
#7094=CARTESIAN_POINT('Ctrl Pts',(-4.5903930277352,32.2,-2.13968225585185));
#7095=CARTESIAN_POINT('Ctrl Pts',(-4.59609672128809,32.1736464829403,-2.1707429642376));
#7096=CARTESIAN_POINT('Ctrl Pts',(-4.60303845645091,32.1473889973529,-2.20201279695873));
#7097=CARTESIAN_POINT('Ctrl Pts',(-4.61130392281409,32.1216525257641,-2.23300209679899));
#7098=CARTESIAN_POINT('Ctrl Pts',(-4.61864916207747,32.0987813974686,-2.2605412351766));
#7099=CARTESIAN_POINT('Ctrl Pts',(-4.62714026989624,32.0760095567628,-2.28823453622186));
#7100=CARTESIAN_POINT('Ctrl Pts',(-4.63688866850983,32.0537839007175,-2.31558797479413));
#7101=CARTESIAN_POINT('Ctrl Pts',(-4.63744267331618,32.0525208091308,-2.31714248000465));
#7102=CARTESIAN_POINT('Ctrl Pts',(-4.63800073482072,32.0512594815498,-2.31869587450504));
#7103=CARTESIAN_POINT('Ctrl Pts',(-4.63856287202014,32.05,-2.32024806314709));
#7104=CARTESIAN_POINT('Origin',(-5.5,32.05,-8.326673E-16));
#7105=CARTESIAN_POINT('Origin',(-5.5,32.2,-8.326673E-16));
#7106=CARTESIAN_POINT('',(-4.63856287202014,29.2,-2.32024806314709));
#7107=CARTESIAN_POINT('',(-4.63856287202014,32.05,-2.32024806314709));
#7108=CARTESIAN_POINT('',(-4.83310968294323,29.2,-2.3834601538553));
#7109=CARTESIAN_POINT('Origin',(-5.5,29.2,-8.326673E-16));
#7110=CARTESIAN_POINT('',(-4.83310968294323,32.05,-2.3834601538553));
#7111=CARTESIAN_POINT('Ctrl Pts',(-4.63856287202014,32.2,-2.32024806314709));
#7112=CARTESIAN_POINT('Ctrl Pts',(-4.63856287202014,28.6,-2.32024806314709));
#7113=CARTESIAN_POINT('Ctrl Pts',(-4.61568899139396,32.2,-2.25708807703709));
#7114=CARTESIAN_POINT('Ctrl Pts',(-4.61568899139396,28.6,-2.25708807703709));
#7115=CARTESIAN_POINT('Ctrl Pts',(-4.59809871443333,32.2,-2.19017929090334));
#7116=CARTESIAN_POINT('Ctrl Pts',(-4.59809871443333,28.6,-2.19017929090334));
#7117=CARTESIAN_POINT('Ctrl Pts',(-4.5853010556464,32.2,-2.12147889215146));
#7118=CARTESIAN_POINT('Ctrl Pts',(-4.5853010556464,28.6,-2.12147889215146));
#7119=CARTESIAN_POINT('Ctrl Pts',(-4.57742699423947,32.2,-2.05228886775289));
#7120=CARTESIAN_POINT('Ctrl Pts',(-4.57742699423947,28.6,-2.05228886775289));
#7121=CARTESIAN_POINT('',(-4.57742699423947,32.2,-2.05228886775289));
#7122=CARTESIAN_POINT('Origin',(-4.81288182774976,32.2,-2.02671907481793));
#7123=CARTESIAN_POINT('',(-4.57742699423947,29.2,-2.05228886775289));
#7124=CARTESIAN_POINT('',(-4.57742699423947,32.2,-2.05228886775289));
#7125=CARTESIAN_POINT('Origin',(-4.83263146831481,29.2,-2.01615873310005));
#7126=CARTESIAN_POINT('Ctrl Pts',(-5.04007211030267,32.2,-2.2026113783278));
#7127=CARTESIAN_POINT('Ctrl Pts',(-5.04007211030267,28.6,-2.2026113783278));
#7128=CARTESIAN_POINT('Ctrl Pts',(-4.99144405340045,32.2,-2.25405499848779));
#7129=CARTESIAN_POINT('Ctrl Pts',(-4.99144405340045,28.6,-2.25405499848779));
#7130=CARTESIAN_POINT('Ctrl Pts',(-4.94048164279598,32.2,-2.30213469360673));
#7131=CARTESIAN_POINT('Ctrl Pts',(-4.94048164279598,28.6,-2.30213469360673));
#7132=CARTESIAN_POINT('Ctrl Pts',(-4.8875726342537,32.2,-2.34590113197301));
#7133=CARTESIAN_POINT('Ctrl Pts',(-4.8875726342537,28.6,-2.34590113197301));
#7134=CARTESIAN_POINT('Ctrl Pts',(-4.83310968294323,32.2,-2.3834601538553));
#7135=CARTESIAN_POINT('Ctrl Pts',(-4.83310968294323,28.6,-2.3834601538553));
#7136=CARTESIAN_POINT('',(-5.04007211030267,29.2,-2.20261137832779));
#7137=CARTESIAN_POINT('Origin',(-4.93947512144355,29.2,-1.78119843609847));
#7138=CARTESIAN_POINT('',(-5.04007211030267,32.2,-2.20261137832779));
#7139=CARTESIAN_POINT('',(-5.04007211030267,32.2,-2.20261137832779));
#7140=CARTESIAN_POINT('Origin',(-4.94961244928679,32.2,-1.89864406777586));
#7141=CARTESIAN_POINT('Origin',(-4.27431897891413,32.2,-1.53561717099434));
#7142=CARTESIAN_POINT('',(-5.06470676980507,32.2,-2.17322698181776));
#7143=CARTESIAN_POINT('Origin',(-4.27431897891413,32.2,-1.53561717099434));
#7144=CARTESIAN_POINT('',(-5.06470676980507,29.2,-2.17322698181776));
#7145=CARTESIAN_POINT('Origin',(-4.27431897891413,29.2,-1.53561717099434));
#7146=CARTESIAN_POINT('',(-5.06470676980507,32.2,-2.17322698181776));
#7147=CARTESIAN_POINT('Origin',(-5.11335156026759,32.2,-2.21246897922942));
#7148=CARTESIAN_POINT('',(-5.12411092245961,32.2,-2.15090205527491));
#7149=CARTESIAN_POINT('Origin',(-5.11335156026759,32.2,-2.21246897922942));
#7150=CARTESIAN_POINT('',(-5.12411092245961,29.2,-2.15090205527491));
#7151=CARTESIAN_POINT('Origin',(-5.11335156026759,29.2,-2.21246897922942));
#7152=CARTESIAN_POINT('',(-5.12411092245961,32.2,-2.15090205527491));
#7153=CARTESIAN_POINT('Origin',(-4.51234852144644,32.2,-2.0171912544206));
#7154=CARTESIAN_POINT('',(-4.53983214451394,32.2,-1.96105837222947));
#7155=CARTESIAN_POINT('',(-4.5747688509675,32.2,-2.01403650205608));
#7156=CARTESIAN_POINT('Origin',(-4.51234852144644,32.2,-2.0171912544206));
#7157=CARTESIAN_POINT('',(-4.53983214451394,29.2,-1.96105837222947));
#7158=CARTESIAN_POINT('',(-4.53983214451393,32.2,-1.96105837222947));
#7159=CARTESIAN_POINT('',(-4.5747688509675,29.2,-2.01403650205608));
#7160=CARTESIAN_POINT('Origin',(-4.51234852144644,29.2,-2.0171912544206));
#7161=CARTESIAN_POINT('',(-4.5747688509675,32.2,-2.01403650205608));
#7162=CARTESIAN_POINT('Origin',(-5.58898364946374,32.2,-1.96277761639745));
#7163=CARTESIAN_POINT('Origin',(-5.58898364946374,32.2,-1.96277761639745));
#7164=CARTESIAN_POINT('Origin',(-5.58898364946374,29.2,-1.96277761639745));
#7165=CARTESIAN_POINT('Origin',(-4.79532234794945,29.2,-2.1684591729771));
#7166=CARTESIAN_POINT('Origin',(-5.5,29.2,-1.89291400000001E-31));
#7167=CARTESIAN_POINT('Origin',(-5.5,32.125,-8.40759E-16));
#7168=CARTESIAN_POINT('',(-7.56072486929929,32.05,-1.3707800746478));
#7169=CARTESIAN_POINT('',(-7.49306416585809,32.2,-1.19721352764342));
#7170=CARTESIAN_POINT('Origin',(-6.91343534956187,32.6860975335321,-1.04228730293456));
#7171=CARTESIAN_POINT('',(-7.25387473959725,32.2,-1.52628581786069));
#7172=CARTESIAN_POINT('Origin',(-5.5,32.2,-8.488508E-16));
#7173=CARTESIAN_POINT('',(-7.44048832774593,32.05,-1.53627147662183));
#7174=CARTESIAN_POINT('Ctrl Pts',(-7.25387473959725,32.2,-1.52628581786069));
#7175=CARTESIAN_POINT('Ctrl Pts',(-7.28517776694679,32.1736464829403,-1.53045956968878));
#7176=CARTESIAN_POINT('Ctrl Pts',(-7.31706225925543,32.1473889973529,-1.53352049694987));
#7177=CARTESIAN_POINT('Ctrl Pts',(-7.34908900437659,32.1216525257642,-1.53523579159937));
#7178=CARTESIAN_POINT('Ctrl Pts',(-7.37755008514353,32.098781397469,-1.5367601157033));
#7179=CARTESIAN_POINT('Ctrl Pts',(-7.40651187617698,32.0760095567635,-1.53724229293503));
#7180=CARTESIAN_POINT('Ctrl Pts',(-7.43553896301335,32.0537839007185,-1.5364236922836));
#7181=CARTESIAN_POINT('Ctrl Pts',(-7.43718858222397,32.0525208091314,-1.53637717093035));
#7182=CARTESIAN_POINT('Ctrl Pts',(-7.43883839867517,32.0512594815501,-1.53632644819954));
#7183=CARTESIAN_POINT('Ctrl Pts',(-7.44048832774593,32.05,-1.53627147662183));
#7184=CARTESIAN_POINT('Origin',(-5.5,32.05,-8.326673E-16));
#7185=CARTESIAN_POINT('Origin',(-5.5,32.2,-8.326673E-16));
#7186=CARTESIAN_POINT('',(-7.44048832774593,29.2,-1.53627147662183));
#7187=CARTESIAN_POINT('',(-7.44048832774593,32.05,-1.53627147662183));
#7188=CARTESIAN_POINT('',(-7.56072486929929,29.2,-1.3707800746478));
#7189=CARTESIAN_POINT('Origin',(-5.5,29.2,-8.326673E-16));
#7190=CARTESIAN_POINT('',(-7.56072486929929,32.05,-1.3707800746478));
#7191=CARTESIAN_POINT('Ctrl Pts',(-7.44048832774593,32.2,-1.53627147662183));
#7192=CARTESIAN_POINT('Ctrl Pts',(-7.44048832774593,28.6,-1.53627147662183));
#7193=CARTESIAN_POINT('Ctrl Pts',(-7.3733511935461,32.2,-1.53850832077185));
#7194=CARTESIAN_POINT('Ctrl Pts',(-7.3733511935461,28.6,-1.53850832077185));
#7195=CARTESIAN_POINT('Ctrl Pts',(-7.30428146197961,32.2,-1.53456171631036));
#7196=CARTESIAN_POINT('Ctrl Pts',(-7.30428146197961,28.6,-1.53456171631036));
#7197=CARTESIAN_POINT('Ctrl Pts',(-7.23498880602118,32.2,-1.52550342235833));
#7198=CARTESIAN_POINT('Ctrl Pts',(-7.23498880602118,28.6,-1.52550342235833));
#7199=CARTESIAN_POINT('Ctrl Pts',(-7.16675196366481,32.2,-1.51161120638872));
#7200=CARTESIAN_POINT('Ctrl Pts',(-7.16675196366481,28.6,-1.51161120638872));
#7201=CARTESIAN_POINT('',(-7.16675196366481,32.2,-1.51161120638872));
#7202=CARTESIAN_POINT('Origin',(-7.21519319040725,32.2,-1.27977885288997));
#7203=CARTESIAN_POINT('',(-7.16675196366481,29.2,-1.51161120638872));
#7204=CARTESIAN_POINT('',(-7.16675196366481,32.2,-1.51161120638872));
#7205=CARTESIAN_POINT('Origin',(-7.21125268319825,29.2,-1.25773250271591));
#7206=CARTESIAN_POINT('Ctrl Pts',(-7.45268237012102,32.2,-1.11806176442944));
#7207=CARTESIAN_POINT('Ctrl Pts',(-7.45268237012102,28.6,-1.11806176442944));
#7208=CARTESIAN_POINT('Ctrl Pts',(-7.48658126430977,32.2,-1.18020674770268));
#7209=CARTESIAN_POINT('Ctrl Pts',(-7.48658126430977,28.6,-1.18020674770268));
#7210=CARTESIAN_POINT('Ctrl Pts',(-7.51655952070304,32.2,-1.24353232327028));
#7211=CARTESIAN_POINT('Ctrl Pts',(-7.51655952070304,28.6,-1.24353232327028));
#7212=CARTESIAN_POINT('Ctrl Pts',(-7.54183409431122,32.2,-1.30737635385358));
#7213=CARTESIAN_POINT('Ctrl Pts',(-7.54183409431122,28.6,-1.30737635385358));
#7214=CARTESIAN_POINT('Ctrl Pts',(-7.56072486929929,32.2,-1.3707800746478));
#7215=CARTESIAN_POINT('Ctrl Pts',(-7.56072486929929,28.6,-1.3707800746478));
#7216=CARTESIAN_POINT('',(-7.45268237012102,29.2,-1.11806176442944));
#7217=CARTESIAN_POINT('Origin',(-7.0208086661727,29.2,-1.08351142538968));
#7218=CARTESIAN_POINT('',(-7.45268237012102,32.2,-1.11806176442944));
#7219=CARTESIAN_POINT('',(-7.45268237012102,32.2,-1.11806176442944));
#7220=CARTESIAN_POINT('Origin',(-7.13563870654739,32.2,-1.11016294986874));
#7221=CARTESIAN_POINT('Origin',(-6.58170245181052,32.2,-1.64022372469424));
#7222=CARTESIAN_POINT('',(-7.43234867677963,32.2,-1.08555253309192));
#7223=CARTESIAN_POINT('Origin',(-6.58170245181052,32.2,-1.64022372469424));
#7224=CARTESIAN_POINT('',(-7.43234867677963,29.2,-1.08555253309192));
#7225=CARTESIAN_POINT('Origin',(-6.58170245181052,29.2,-1.64022372469424));
#7226=CARTESIAN_POINT('',(-7.43234867677963,32.2,-1.08555253309192));
#7227=CARTESIAN_POINT('Origin',(-7.48470210107116,32.2,-1.05141503223214));
#7228=CARTESIAN_POINT('',(-7.42947330262194,32.2,-1.02215704491491));
#7229=CARTESIAN_POINT('Origin',(-7.48470210107116,32.2,-1.05141503223214));
#7230=CARTESIAN_POINT('',(-7.42947330262194,29.2,-1.02215704491491));
#7231=CARTESIAN_POINT('Origin',(-7.48470210107116,29.2,-1.05141503223214));
#7232=CARTESIAN_POINT('',(-7.42947330262194,32.2,-1.02215704491491));
#7233=CARTESIAN_POINT('Origin',(-7.11326179573772,32.2,-1.56265875302739));
#7234=CARTESIAN_POINT('',(-7.06836915894626,32.2,-1.51917425967734));
#7235=CARTESIAN_POINT('',(-7.12955039056063,32.2,-1.50231861979341));
#7236=CARTESIAN_POINT('Origin',(-7.11326179573772,32.2,-1.56265875302739));
#7237=CARTESIAN_POINT('',(-7.06836915894626,29.2,-1.51917425967734));
#7238=CARTESIAN_POINT('',(-7.06836915894626,32.2,-1.51917425967734));
#7239=CARTESIAN_POINT('',(-7.12955039056063,29.2,-1.50231861979341));
#7240=CARTESIAN_POINT('Origin',(-7.11326179573772,29.2,-1.56265875302739));
#7241=CARTESIAN_POINT('',(-7.12955039056063,32.2,-1.50231861979341));
#7242=CARTESIAN_POINT('Origin',(-7.39420990201887,32.2,-0.521903159979347));
#7243=CARTESIAN_POINT('Origin',(-7.39420990201887,32.2,-0.521903159979347));
#7244=CARTESIAN_POINT('Origin',(-7.39420990201887,29.2,-0.521903159979347));
#7245=CARTESIAN_POINT('Origin',(-7.34456985674002,29.2,-1.34027900892841));
#7246=CARTESIAN_POINT('Origin',(-5.5,29.2,-1.89291400000001E-31));
#7247=CARTESIAN_POINT('Origin',(-5.5,32.125,5.455655E-16));
#7248=CARTESIAN_POINT('',(-7.8834601538553,32.05,-0.666890317056771));
#7249=CARTESIAN_POINT('',(-7.7654759882711,32.2,-0.5227270287321));
#7250=CARTESIAN_POINT('Origin',(-7.16634139031957,32.6860975325696,-0.554498587911975));
#7251=CARTESIAN_POINT('',(-7.63968225585185,32.2,-0.909606972264799));
#7252=CARTESIAN_POINT('Origin',(-5.5,32.2,5.360195E-16));
#7253=CARTESIAN_POINT('',(-7.82024806314709,32.05,-0.861437127979856));
#7254=CARTESIAN_POINT('Ctrl Pts',(-7.63968225585185,32.2,-0.909606972264801));
#7255=CARTESIAN_POINT('Ctrl Pts',(-7.67074296423758,32.1736464829403,-0.903903278711911));
#7256=CARTESIAN_POINT('Ctrl Pts',(-7.70201279695871,32.1473889973529,-0.896961543549093));
#7257=CARTESIAN_POINT('Ctrl Pts',(-7.73300209679897,32.1216525257641,-0.88869607718591));
#7258=CARTESIAN_POINT('Ctrl Pts',(-7.76054123517619,32.098781397469,-0.881350837922641));
#7259=CARTESIAN_POINT('Ctrl Pts',(-7.78823453622101,32.0760095567635,-0.872859730104025));
#7260=CARTESIAN_POINT('Ctrl Pts',(-7.81558797479287,32.0537839007186,-0.863111331490617));
#7261=CARTESIAN_POINT('Ctrl Pts',(-7.81714248000381,32.0525208091315,-0.862557326684128));
#7262=CARTESIAN_POINT('Ctrl Pts',(-7.81869587450462,32.0512594815501,-0.861999265179434));
#7263=CARTESIAN_POINT('Ctrl Pts',(-7.82024806314709,32.05,-0.861437127979856));
#7264=CARTESIAN_POINT('Origin',(-5.5,32.05,5.551115E-16));
#7265=CARTESIAN_POINT('Origin',(-5.5,32.2,5.551115E-16));
#7266=CARTESIAN_POINT('',(-7.82024806314709,29.2,-0.861437127979856));
#7267=CARTESIAN_POINT('',(-7.82024806314709,32.05,-0.861437127979856));
#7268=CARTESIAN_POINT('',(-7.8834601538553,29.2,-0.666890317056771));
#7269=CARTESIAN_POINT('Origin',(-5.5,29.2,5.551115E-16));
#7270=CARTESIAN_POINT('',(-7.8834601538553,32.05,-0.666890317056771));
#7271=CARTESIAN_POINT('Ctrl Pts',(-7.82024806314709,32.2,-0.861437127979856));
#7272=CARTESIAN_POINT('Ctrl Pts',(-7.82024806314709,28.6,-0.861437127979856));
#7273=CARTESIAN_POINT('Ctrl Pts',(-7.75708807703709,32.2,-0.884311008606043));
#7274=CARTESIAN_POINT('Ctrl Pts',(-7.75708807703709,28.6,-0.884311008606043));
#7275=CARTESIAN_POINT('Ctrl Pts',(-7.69017929090334,32.2,-0.901901285566668));
#7276=CARTESIAN_POINT('Ctrl Pts',(-7.69017929090334,28.6,-0.901901285566668));
#7277=CARTESIAN_POINT('Ctrl Pts',(-7.62147889215146,32.2,-0.914698944353602));
#7278=CARTESIAN_POINT('Ctrl Pts',(-7.62147889215146,28.6,-0.914698944353602));
#7279=CARTESIAN_POINT('Ctrl Pts',(-7.5522888677529,32.2,-0.922573005760527));
#7280=CARTESIAN_POINT('Ctrl Pts',(-7.5522888677529,28.6,-0.922573005760527));
#7281=CARTESIAN_POINT('',(-7.5522888677529,32.2,-0.922573005760527));
#7282=CARTESIAN_POINT('Origin',(-7.52671907495807,32.2,-0.6871181727374));
#7283=CARTESIAN_POINT('',(-7.5522888677529,29.2,-0.922573005760527));
#7284=CARTESIAN_POINT('',(-7.5522888677529,32.2,-0.922573005760527));
#7285=CARTESIAN_POINT('Origin',(-7.51615873309949,29.2,-0.667368531685309));
#7286=CARTESIAN_POINT('Ctrl Pts',(-7.7026113783278,32.2,-0.45992788969733));
#7287=CARTESIAN_POINT('Ctrl Pts',(-7.7026113783278,28.6,-0.45992788969733));
#7288=CARTESIAN_POINT('Ctrl Pts',(-7.75405499848779,32.2,-0.508555946599552));
#7289=CARTESIAN_POINT('Ctrl Pts',(-7.75405499848779,28.6,-0.508555946599552));
#7290=CARTESIAN_POINT('Ctrl Pts',(-7.80213469360674,32.2,-0.559518357204017));
#7291=CARTESIAN_POINT('Ctrl Pts',(-7.80213469360674,28.6,-0.559518357204017));
#7292=CARTESIAN_POINT('Ctrl Pts',(-7.84590113197301,32.2,-0.612427365746301));
#7293=CARTESIAN_POINT('Ctrl Pts',(-7.84590113197301,28.6,-0.612427365746301));
#7294=CARTESIAN_POINT('Ctrl Pts',(-7.8834601538553,32.2,-0.666890317056771));
#7295=CARTESIAN_POINT('Ctrl Pts',(-7.8834601538553,28.6,-0.666890317056771));
#7296=CARTESIAN_POINT('',(-7.7026113783278,29.2,-0.459927889697331));
#7297=CARTESIAN_POINT('Origin',(-7.28119843613952,29.2,-0.560524878556943));
#7298=CARTESIAN_POINT('',(-7.7026113783278,32.2,-0.459927889697331));
#7299=CARTESIAN_POINT('',(-7.7026113783278,32.2,-0.459927889697331));
#7300=CARTESIAN_POINT('Origin',(-7.39864406765081,32.2,-0.550387550740926));
#7301=CARTESIAN_POINT('Origin',(-7.03561717099434,32.2,-1.22568102108587));
#7302=CARTESIAN_POINT('',(-7.67322698181776,32.2,-0.435293230194931));
#7303=CARTESIAN_POINT('Origin',(-7.03561717099434,32.2,-1.22568102108587));
#7304=CARTESIAN_POINT('',(-7.67322698181776,29.2,-0.435293230194931));
#7305=CARTESIAN_POINT('Origin',(-7.03561717099434,29.2,-1.22568102108587));
#7306=CARTESIAN_POINT('',(-7.67322698181776,32.2,-0.435293230194931));
#7307=CARTESIAN_POINT('Origin',(-7.71246897922943,32.2,-0.386648439732407));
#7308=CARTESIAN_POINT('',(-7.65090205527491,32.2,-0.375889077540389));
#7309=CARTESIAN_POINT('Origin',(-7.71246897922943,32.2,-0.386648439732407));
#7310=CARTESIAN_POINT('',(-7.65090205527491,29.2,-0.375889077540389));
#7311=CARTESIAN_POINT('Origin',(-7.71246897922943,29.2,-0.386648439732407));
#7312=CARTESIAN_POINT('',(-7.65090205527491,32.2,-0.375889077540388));
#7313=CARTESIAN_POINT('Origin',(-7.5171912544206,32.2,-0.987651478553562));
#7314=CARTESIAN_POINT('',(-7.46105837222947,32.2,-0.960167855486065));
#7315=CARTESIAN_POINT('',(-7.51403650205608,32.2,-0.925231149032496));
#7316=CARTESIAN_POINT('Origin',(-7.5171912544206,32.2,-0.987651478553562));
#7317=CARTESIAN_POINT('',(-7.46105837222947,29.2,-0.960167855486065));
#7318=CARTESIAN_POINT('',(-7.46105837222947,32.2,-0.960167855486065));
#7319=CARTESIAN_POINT('',(-7.51403650205608,29.2,-0.925231149032496));
#7320=CARTESIAN_POINT('Origin',(-7.5171912544206,29.2,-0.987651478553562));
#7321=CARTESIAN_POINT('',(-7.51403650205608,32.2,-0.925231149032496));
#7322=CARTESIAN_POINT('Origin',(-7.46277761639745,32.2,0.088983649463744));
#7323=CARTESIAN_POINT('Origin',(-7.46277761639745,32.2,0.088983649463744));
#7324=CARTESIAN_POINT('Origin',(-7.46277761639745,29.2,0.088983649463744));
#7325=CARTESIAN_POINT('Origin',(-7.66845917297711,29.2,-0.704677652050545));
#7326=CARTESIAN_POINT('Origin',(-5.5,29.2,-1.89291400000001E-31));
#7327=CARTESIAN_POINT('Origin',(11.4,24.2,0.));
#7328=CARTESIAN_POINT('',(-6.5065,24.2,1.15454446634181E-16));
#7329=CARTESIAN_POINT('Origin',(-5.5,24.2,-7.806256E-18));
#7330=CARTESIAN_POINT('Origin',(11.4,24.2,0.));
#7331=CARTESIAN_POINT('',(-2.95,24.2,-3.122849E-16));
#7332=CARTESIAN_POINT('Origin',(-5.5,24.2,0.));
#7333=CARTESIAN_POINT('',(-3.3165,24.2,-2.67401628593823E-16));
#7334=CARTESIAN_POINT('Origin',(-5.5,24.2,1.7036226E-30));
#7335=CARTESIAN_POINT('Origin',(-11.,15.35,5.8));
#7336=CARTESIAN_POINT('',(-11.4,0.,5.8));
#7337=CARTESIAN_POINT('',(-11.,-1.558208E-18,6.2));
#7338=CARTESIAN_POINT('Origin',(-11.,0.,5.8));
#7339=CARTESIAN_POINT('',(-11.,17.5,6.2));
#7340=CARTESIAN_POINT('',(-11.,0.,6.2));
#7341=CARTESIAN_POINT('',(-11.4,17.5,5.8));
#7342=CARTESIAN_POINT('Origin',(-11.,17.5,5.8));
#7343=CARTESIAN_POINT('',(-11.4,17.5,5.8));
#7344=CARTESIAN_POINT('Origin',(0.,13.2,6.2));
#7345=CARTESIAN_POINT('',(-16.1,17.5,6.2));
#7346=CARTESIAN_POINT('',(-16.1,17.5,6.2));
#7347=CARTESIAN_POINT('',(11.,-8.725963E-17,6.2));
#7348=CARTESIAN_POINT('',(-11.,-1.558208E-18,6.2));
#7349=CARTESIAN_POINT('',(11.,17.5,6.2));
#7350=CARTESIAN_POINT('',(11.,17.5,6.2));
#7351=CARTESIAN_POINT('',(16.1,17.5,6.2));
#7352=CARTESIAN_POINT('',(16.1,17.5,6.2));
#7353=CARTESIAN_POINT('',(16.1,19.9,6.2));
#7354=CARTESIAN_POINT('',(16.1,17.5,6.2));
#7355=CARTESIAN_POINT('',(11.4,19.9,6.2));
#7356=CARTESIAN_POINT('',(16.1,19.9,6.2));
#7357=CARTESIAN_POINT('',(11.4,24.2,6.2));
#7358=CARTESIAN_POINT('',(11.4,19.9,6.2));
#7359=CARTESIAN_POINT('',(-11.4,24.2,6.2));
#7360=CARTESIAN_POINT('',(11.4,24.2,6.2));
#7361=CARTESIAN_POINT('',(-11.4,19.9,6.2));
#7362=CARTESIAN_POINT('',(-11.4,24.2,6.2));
#7363=CARTESIAN_POINT('',(-16.1,19.9,6.2));
#7364=CARTESIAN_POINT('',(-11.4,19.9,6.2));
#7365=CARTESIAN_POINT('',(-16.1,19.9,6.2));
#7366=CARTESIAN_POINT('Origin',(-11.4,0.,0.));
#7367=CARTESIAN_POINT('',(-11.4,0.,-5.8));
#7368=CARTESIAN_POINT('',(-11.4,0.,-5.8));
#7369=CARTESIAN_POINT('',(-11.,-1.558208E-18,-6.2));
#7370=CARTESIAN_POINT('Origin',(-11.,0.,-5.8));
#7371=CARTESIAN_POINT('',(11.,-8.725963E-17,-6.2));
#7372=CARTESIAN_POINT('',(11.,-8.725963E-17,-6.2));
#7373=CARTESIAN_POINT('',(11.4,-8.881784E-17,-5.8));
#7374=CARTESIAN_POINT('Origin',(11.,0.,-5.8));
#7375=CARTESIAN_POINT('',(11.4,-8.881784E-17,5.8));
#7376=CARTESIAN_POINT('',(11.4,-8.881784E-17,-5.8));
#7377=CARTESIAN_POINT('Origin',(11.,0.,5.8));
#7378=CARTESIAN_POINT('Origin',(-11.,15.35,-5.8));
#7379=CARTESIAN_POINT('',(-11.4,17.5,-5.8));
#7380=CARTESIAN_POINT('',(-11.4,0.,-5.8));
#7381=CARTESIAN_POINT('',(-11.,17.5,-6.2));
#7382=CARTESIAN_POINT('Origin',(-11.,17.5,-5.8));
#7383=CARTESIAN_POINT('',(-11.,17.5,-6.2));
#7384=CARTESIAN_POINT('Origin',(0.,13.2,-6.2));
#7385=CARTESIAN_POINT('',(-16.1,17.5,-6.2));
#7386=CARTESIAN_POINT('',(-16.1,17.5,-6.2));
#7387=CARTESIAN_POINT('',(-16.1,19.9,-6.2));
#7388=CARTESIAN_POINT('',(-16.1,17.5,-6.2));
#7389=CARTESIAN_POINT('',(-11.4,19.9,-6.2));
#7390=CARTESIAN_POINT('',(-16.1,19.9,-6.2));
#7391=CARTESIAN_POINT('',(-11.4,24.2,-6.2));
#7392=CARTESIAN_POINT('',(-11.4,19.9,-6.2));
#7393=CARTESIAN_POINT('',(11.4,24.2,-6.2));
#7394=CARTESIAN_POINT('',(-11.4,24.2,-6.2));
#7395=CARTESIAN_POINT('',(11.4,19.9,-6.2));
#7396=CARTESIAN_POINT('',(11.4,24.2,-6.2));
#7397=CARTESIAN_POINT('',(16.1,19.9,-6.2));
#7398=CARTESIAN_POINT('',(11.4,19.9,-6.2));
#7399=CARTESIAN_POINT('',(16.1,17.5,-6.2));
#7400=CARTESIAN_POINT('',(16.1,19.9,-6.2));
#7401=CARTESIAN_POINT('',(11.,17.5,-6.2));
#7402=CARTESIAN_POINT('',(16.1,17.5,-6.2));
#7403=CARTESIAN_POINT('',(11.,0.,-6.2));
#7404=CARTESIAN_POINT('Origin',(11.,6.6,-5.8));
#7405=CARTESIAN_POINT('',(11.4,17.5,-5.8));
#7406=CARTESIAN_POINT('Origin',(11.,17.5,-5.8));
#7407=CARTESIAN_POINT('',(11.4,17.5,-5.8));
#7408=CARTESIAN_POINT('Origin',(11.4,-8.881784E-17,0.));
#7409=CARTESIAN_POINT('',(11.4,17.5,5.8));
#7410=CARTESIAN_POINT('',(11.4,17.5,-5.8));
#7411=CARTESIAN_POINT('',(11.4,0.,5.8));
#7412=CARTESIAN_POINT('Origin',(11.,6.6,5.8));
#7413=CARTESIAN_POINT('Origin',(11.,17.5,5.8));
#7414=CARTESIAN_POINT('Origin',(6.1,24.4,-2.69999999999999));
#7415=CARTESIAN_POINT('',(-0.155844313645042,24.4,-2.5));
#7416=CARTESIAN_POINT('',(0.800000000000001,24.4,-2.5));
#7417=CARTESIAN_POINT('',(-0.155844313645042,24.4,-2.5));
#7418=CARTESIAN_POINT('',(0.800000000000001,24.2,-2.7));
#7419=CARTESIAN_POINT('Origin',(0.800000000000001,24.4,-2.7));
#7420=CARTESIAN_POINT('',(-0.030082267529062,24.2,-2.7));
#7421=CARTESIAN_POINT('',(0.800000000000001,24.2,-2.7));
#7422=CARTESIAN_POINT('Ctrl Pts',(-0.030082267529062,24.2,-2.7));
#7423=CARTESIAN_POINT('Ctrl Pts',(-0.030496634446454,24.2,-2.69933336677965));
#7424=CARTESIAN_POINT('Ctrl Pts',(-0.030911035619692,24.2000033329989,-2.69866675419992));
#7425=CARTESIAN_POINT('Ctrl Pts',(-0.042175806292545,24.2001845114594,-2.68054811754769));
#7426=CARTESIAN_POINT('Ctrl Pts',(-0.05304444267371,24.2026434402005,-2.66311947793563));
#7427=CARTESIAN_POINT('Ctrl Pts',(-0.074066820688335,24.2120374081557,-2.62950621666913));
#7428=CARTESIAN_POINT('Ctrl Pts',(-0.084234804019689,24.2188982994783,-2.61329711673563));
#7429=CARTESIAN_POINT('Ctrl Pts',(-0.107163429314951,24.2405072311854,-2.57683952506645));
#7430=CARTESIAN_POINT('Ctrl Pts',(-0.119362695575718,24.257244092883,-2.55752299256848));
#7431=CARTESIAN_POINT('Ctrl Pts',(-0.138045331101864,24.2955186388198,-2.52801231448454));
#7432=CARTESIAN_POINT('Ctrl Pts',(-0.144971341132494,24.3157594266917,-2.51710451486359));
#7433=CARTESIAN_POINT('Ctrl Pts',(-0.153692384659882,24.3578491465536,-2.50338061808857));
#7434=CARTESIAN_POINT('Ctrl Pts',(-0.155844313645045,24.3787615768124,-2.5));
#7435=CARTESIAN_POINT('Ctrl Pts',(-0.155844313645044,24.4,-2.5));
#7436=CARTESIAN_POINT('Origin',(0.800000000000001,24.4,0.));
#7437=CARTESIAN_POINT('',(0.800000000000001,24.4,2.5));
#7438=CARTESIAN_POINT('',(0.800000000000001,24.2,2.7));
#7439=CARTESIAN_POINT('Origin',(0.800000000000001,24.4,2.7));
#7440=CARTESIAN_POINT('Origin',(0.800000000000001,24.2,0.));
#7441=CARTESIAN_POINT('Origin',(0.800000000000001,24.4,0.));
#7442=CARTESIAN_POINT('Origin',(5.62207784317748,24.4,2.7));
#7443=CARTESIAN_POINT('',(-0.030082267529061,24.2,2.7));
#7444=CARTESIAN_POINT('',(-0.030082267529061,24.2,2.7));
#7445=CARTESIAN_POINT('',(-0.155844313645046,24.4,2.5));
#7446=CARTESIAN_POINT('',(0.800000000000001,24.4,2.5));
#7447=CARTESIAN_POINT('Ctrl Pts',(-0.155844313645044,24.4,2.5));
#7448=CARTESIAN_POINT('Ctrl Pts',(-0.155844313645044,24.3778249883926,2.5));
#7449=CARTESIAN_POINT('Ctrl Pts',(-0.153498838593113,24.3560376027517,2.5036845306064));
#7450=CARTESIAN_POINT('Ctrl Pts',(-0.144228730104761,24.3132427480793,2.51827393015583));
#7451=CARTESIAN_POINT('Ctrl Pts',(-0.137100569090426,24.2930921787062,2.52950191000261));
#7452=CARTESIAN_POINT('Ctrl Pts',(-0.117999875107992,24.25510142312,2.55967927983016));
#7453=CARTESIAN_POINT('Ctrl Pts',(-0.105580478439103,24.2385804759984,2.57934989909068));
#7454=CARTESIAN_POINT('Ctrl Pts',(-0.082680562275836,24.2177875571702,2.6157737966986));
#7455=CARTESIAN_POINT('Ctrl Pts',(-0.072785771242226,24.2113304815221,2.63155173300751));
#7456=CARTESIAN_POINT('Ctrl Pts',(-0.052372039687013,24.2024935234347,2.66419772360197));
#7457=CARTESIAN_POINT('Ctrl Pts',(-0.04184022414859,24.2001791140786,2.6810878791736));
#7458=CARTESIAN_POINT('Ctrl Pts',(-0.030911035619691,24.2000033329989,2.69866675419992));
#7459=CARTESIAN_POINT('Ctrl Pts',(-0.030496634446453,24.2,2.69933336677965));
#7460=CARTESIAN_POINT('Ctrl Pts',(-0.030082267529061,24.2,2.7));
#7461=CARTESIAN_POINT('Origin',(-5.5,24.4,0.));
#7462=CARTESIAN_POINT('',(-11.4,24.2,-1.54919333848296));
#7463=CARTESIAN_POINT('Origin',(-5.5,24.2,0.));
#7464=CARTESIAN_POINT('',(-11.2065573770492,24.4,-1.49840011427041));
#7465=CARTESIAN_POINT('Origin',(-11.4,24.4,-1.54919333848296));
#7466=CARTESIAN_POINT('Origin',(-5.5,24.4,0.));
#7467=CARTESIAN_POINT('Origin',(-5.5,24.4,0.));
#7468=CARTESIAN_POINT('',(-11.2065573770492,24.4,1.49840011427041));
#7469=CARTESIAN_POINT('Origin',(-5.5,24.4,0.));
#7470=CARTESIAN_POINT('',(-11.4,24.2,1.54919333848296));
#7471=CARTESIAN_POINT('Origin',(-11.4,24.4,1.54919333848296));
#7472=CARTESIAN_POINT('Origin',(-5.5,24.2,0.));
#7473=CARTESIAN_POINT('Ctrl Pts',(-11.4,24.2,-1.4340755E-15));
#7474=CARTESIAN_POINT('Ctrl Pts',(-11.4,24.2,-0.0030076780088));
#7475=CARTESIAN_POINT('Ctrl Pts',(-11.4,24.2,-0.00601562241185));
#7476=CARTESIAN_POINT('Ctrl Pts',(-11.4000000000001,24.2000000000003,-0.524173887565162));
#7477=CARTESIAN_POINT('Ctrl Pts',(-11.4,24.2,-1.04276971725545));
#7478=CARTESIAN_POINT('Ctrl Pts',(-11.4,24.2,-1.54919333848296));
#7479=CARTESIAN_POINT('Ctrl Pts',(-11.4,24.2,-1.4340755E-15));
#7480=CARTESIAN_POINT('Ctrl Pts',(-11.4,24.2001379139835,-0.002938318729917));
#7481=CARTESIAN_POINT('Ctrl Pts',(-11.3998639292838,24.2004053213774,-0.005985100170809));
#7482=CARTESIAN_POINT('Ctrl Pts',(-11.4034581622855,24.2304210182671,-0.517495494806493));
#7483=CARTESIAN_POINT('Ctrl Pts',(-11.3442688065962,24.2656359655522,-1.03363587824119));
#7484=CARTESIAN_POINT('Ctrl Pts',(-11.2987136794744,24.2,-1.52259806847658));
#7485=CARTESIAN_POINT('Ctrl Pts',(-11.4,24.2,-1.4340755E-15));
#7486=CARTESIAN_POINT('Ctrl Pts',(-11.4,24.2003528672594,-0.002893758744156));
#7487=CARTESIAN_POINT('Ctrl Pts',(-11.3999742323103,24.2007422383665,-0.005930642213427));
#7488=CARTESIAN_POINT('Ctrl Pts',(-11.3999200785938,24.2614696771186,-0.511458527519359));
#7489=CARTESIAN_POINT('Ctrl Pts',(-11.3319495736379,24.3378665381616,-1.02296869435674));
#7490=CARTESIAN_POINT('Ctrl Pts',(-11.2065573770492,24.2952802448803,-1.49840011427041));
#7491=CARTESIAN_POINT('Ctrl Pts',(-11.4,24.2,-1.4340755E-15));
#7492=CARTESIAN_POINT('Ctrl Pts',(-11.4,24.2005446047448,-0.002909065615068));
#7493=CARTESIAN_POINT('Ctrl Pts',(-11.3999977828664,24.2010953915571,-0.00581838889024));
#7494=CARTESIAN_POINT('Ctrl Pts',(-11.399271714623,24.2934154657555,-0.506987858460057));
#7495=CARTESIAN_POINT('Ctrl Pts',(-11.3351718197469,24.4,-1.0085805461979));
#7496=CARTESIAN_POINT('Ctrl Pts',(-11.2065573770492,24.4,-1.49840011427041));
#7497=CARTESIAN_POINT('',(-11.4,24.2,-0.0488824065096));
#7498=CARTESIAN_POINT('',(-11.4,24.2,-1.54919333848296));
#7499=CARTESIAN_POINT('',(-11.4,24.2,0.));
#7500=CARTESIAN_POINT('',(-11.4,24.2,-1.54919333848296));
#7501=CARTESIAN_POINT('Ctrl Pts',(-11.4,24.2,-1.433329E-15));
#7502=CARTESIAN_POINT('Ctrl Pts',(-11.4,24.2005446047448,-0.002909065615068));
#7503=CARTESIAN_POINT('Ctrl Pts',(-11.3999977828664,24.2010953915571,-0.00581838889024));
#7504=CARTESIAN_POINT('Ctrl Pts',(-11.399271714623,24.2934154657555,-0.506987858460057));
#7505=CARTESIAN_POINT('Ctrl Pts',(-11.3351718197469,24.4,-1.0085805461979));
#7506=CARTESIAN_POINT('Ctrl Pts',(-11.2065573770492,24.4,-1.49840011427041));
#7507=CARTESIAN_POINT('Ctrl Pts',(-11.4,24.2,1.54919333848296));
#7508=CARTESIAN_POINT('Ctrl Pts',(-11.4,24.2,1.04276971725545));
#7509=CARTESIAN_POINT('Ctrl Pts',(-11.4,24.2000000000001,0.524176732833946));
#7510=CARTESIAN_POINT('Ctrl Pts',(-11.4,24.2,0.006015606523872));
#7511=CARTESIAN_POINT('Ctrl Pts',(-11.4,24.2,0.003007678008797));
#7512=CARTESIAN_POINT('Ctrl Pts',(-11.4,24.2,-1.434822E-15));
#7513=CARTESIAN_POINT('Ctrl Pts',(-11.3493568397372,24.2,1.53589570347977));
#7514=CARTESIAN_POINT('Ctrl Pts',(-11.3688530509318,24.2344260908414,1.03931845409267));
#7515=CARTESIAN_POINT('Ctrl Pts',(-11.4006614686022,24.2155748729486,0.521069489571967));
#7516=CARTESIAN_POINT('Ctrl Pts',(-11.3999954877057,24.2001825534039,0.005983735424075));
#7517=CARTESIAN_POINT('Ctrl Pts',(-11.4,24.2000907674575,0.002991242609842));
#7518=CARTESIAN_POINT('Ctrl Pts',(-11.4,24.2,-1.434822E-15));
#7519=CARTESIAN_POINT('Ctrl Pts',(-11.2485584002834,24.2434247867337,1.50942853891515));
#7520=CARTESIAN_POINT('Ctrl Pts',(-11.335038344637,24.3064307380377,1.0319954100805));
#7521=CARTESIAN_POINT('Ctrl Pts',(-11.4003362218031,24.2460832112798,0.514878916410265));
#7522=CARTESIAN_POINT('Ctrl Pts',(-11.3999941510483,24.2005502601275,0.005919891076513));
#7523=CARTESIAN_POINT('Ctrl Pts',(-11.4,24.2002723023724,0.002958371811931));
#7524=CARTESIAN_POINT('Ctrl Pts',(-11.4,24.2,-1.434822E-15));
#7525=CARTESIAN_POINT('Ctrl Pts',(-11.2065573770492,24.3476401224402,1.49840011427041));
#7526=CARTESIAN_POINT('Ctrl Pts',(-11.3335906575461,24.3692664046343,1.01735828902441));
#7527=CARTESIAN_POINT('Ctrl Pts',(-11.3994474336224,24.2777826723257,0.509539850653826));
#7528=CARTESIAN_POINT('Ctrl Pts',(-11.3999970161596,24.2009131016367,0.00585254655495));
#7529=CARTESIAN_POINT('Ctrl Pts',(-11.4,24.2004538372873,0.00292550101402));
#7530=CARTESIAN_POINT('Ctrl Pts',(-11.4,24.2,-1.434822E-15));
#7531=CARTESIAN_POINT('Ctrl Pts',(-11.2065573770492,24.4,1.49840011427041));
#7532=CARTESIAN_POINT('Ctrl Pts',(-11.3351718197469,24.4,1.0085805461979));
#7533=CARTESIAN_POINT('Ctrl Pts',(-11.3992731921716,24.2936632745963,0.506990610440768));
#7534=CARTESIAN_POINT('Ctrl Pts',(-11.3999977777938,24.2010943884804,0.005818373523176));
#7535=CARTESIAN_POINT('Ctrl Pts',(-11.4,24.2005446047448,0.002909065615065));
#7536=CARTESIAN_POINT('Ctrl Pts',(-11.4,24.2,-1.434822E-15));
#7537=CARTESIAN_POINT('Ctrl Pts',(-11.2065573770492,24.4,1.49840011427041));
#7538=CARTESIAN_POINT('Ctrl Pts',(-11.3351718197469,24.4,1.0085805461979));
#7539=CARTESIAN_POINT('Ctrl Pts',(-11.3992731921716,24.2936632745963,0.506990610440768));
#7540=CARTESIAN_POINT('Ctrl Pts',(-11.3999977777938,24.2010943884804,0.005818373523176));
#7541=CARTESIAN_POINT('Ctrl Pts',(-11.4,24.2005446047448,0.002909065615065));
#7542=CARTESIAN_POINT('Ctrl Pts',(-11.4,24.2,-1.434822E-15));
#7543=CARTESIAN_POINT('',(-11.4,24.2,0.));
#7544=CARTESIAN_POINT('Origin',(0.800000000000001,24.2,0.));
#7545=CARTESIAN_POINT('',(0.800000000000001,28.7,-2.5));
#7546=CARTESIAN_POINT('',(0.800000000000001,24.4,-2.5));
#7547=CARTESIAN_POINT('',(0.800000000000001,28.7,2.5));
#7548=CARTESIAN_POINT('Origin',(0.800000000000001,28.7,0.));
#7549=CARTESIAN_POINT('',(0.800000000000001,24.4,2.5));
#7550=CARTESIAN_POINT('Origin',(0.800000000000001,24.2,-2.5));
#7551=CARTESIAN_POINT('',(-0.155844313645042,28.7,-2.5));
#7552=CARTESIAN_POINT('',(-0.155844313645042,24.4,-2.5));
#7553=CARTESIAN_POINT('',(0.800000000000001,28.7,-2.5));
#7554=CARTESIAN_POINT('Origin',(-15.2371843031659,19.9,-0.600000000000001));
#7555=CARTESIAN_POINT('',(-15.2371843031659,17.5,-0.600000000000001));
#7556=CARTESIAN_POINT('',(-16.1,17.5,-0.599999999999999));
#7557=CARTESIAN_POINT('',(-15.2371843031659,17.5,-0.600000000000001));
#7558=CARTESIAN_POINT('',(-15.2371843031659,19.9,-0.600000000000001));
#7559=CARTESIAN_POINT('',(-15.2371843031659,19.9,-0.600000000000001));
#7560=CARTESIAN_POINT('',(-16.1,19.9,-0.599999999999999));
#7561=CARTESIAN_POINT('',(-16.1,19.9,-0.599999999999999));
#7562=CARTESIAN_POINT('',(-16.1,17.5,-0.599999999999999));
#7563=CARTESIAN_POINT('Origin',(-16.1,19.9,0.600000000000001));
#7564=CARTESIAN_POINT('',(-16.1,17.5,0.600000000000001));
#7565=CARTESIAN_POINT('',(-15.2371843031659,17.5,0.599999999999999));
#7566=CARTESIAN_POINT('',(-16.1,17.5,0.600000000000001));
#7567=CARTESIAN_POINT('',(-16.1,19.9,0.600000000000001));
#7568=CARTESIAN_POINT('',(-16.1,19.9,0.600000000000001));
#7569=CARTESIAN_POINT('',(-15.2371843031659,19.9,0.599999999999999));
#7570=CARTESIAN_POINT('',(-15.2371843031659,19.9,0.599999999999999));
#7571=CARTESIAN_POINT('',(-15.2371843031659,17.5,0.599999999999999));
#7572=CARTESIAN_POINT('Origin',(-14.,15.9,0.));
#7573=CARTESIAN_POINT('Origin',(-14.,17.5,0.));
#7574=CARTESIAN_POINT('Origin',(-14.,19.9,0.));
#7575=CARTESIAN_POINT('Origin',(-11.4,19.9,0.));
#7576=CARTESIAN_POINT('',(-16.1,19.9,0.600000000000001));
#7577=CARTESIAN_POINT('',(-11.4,19.9,-6.2));
#7578=CARTESIAN_POINT('',(-16.1,19.9,-6.2));
#7579=CARTESIAN_POINT('Origin',(-16.1,17.5,0.));
#7580=CARTESIAN_POINT('',(-16.1,17.5,-0.599999999999999));
#7581=CARTESIAN_POINT('',(-11.4,17.5,-5.8));
#7582=CARTESIAN_POINT('',(-16.1,17.5,6.2));
#7583=CARTESIAN_POINT('Origin',(-16.1,19.9,0.));
#7584=CARTESIAN_POINT('Origin',(15.2371843031659,19.9,-0.600000000000001));
#7585=CARTESIAN_POINT('',(16.1,17.5,-0.599999999999999));
#7586=CARTESIAN_POINT('',(15.2371843031659,17.5,-0.600000000000001));
#7587=CARTESIAN_POINT('',(16.1,17.5,-0.599999999999999));
#7588=CARTESIAN_POINT('',(16.1,19.9,-0.599999999999999));
#7589=CARTESIAN_POINT('',(16.1,19.9,-0.599999999999999));
#7590=CARTESIAN_POINT('',(15.2371843031659,19.9,-0.600000000000001));
#7591=CARTESIAN_POINT('',(15.2371843031659,19.9,-0.600000000000001));
#7592=CARTESIAN_POINT('',(15.2371843031659,17.5,-0.600000000000001));
#7593=CARTESIAN_POINT('Origin',(16.1,19.9,0.600000000000001));
#7594=CARTESIAN_POINT('',(15.2371843031659,17.5,0.599999999999999));
#7595=CARTESIAN_POINT('',(16.1,17.5,0.600000000000001));
#7596=CARTESIAN_POINT('',(15.2371843031659,17.5,0.599999999999999));
#7597=CARTESIAN_POINT('',(15.2371843031659,19.9,0.599999999999999));
#7598=CARTESIAN_POINT('',(15.2371843031659,19.9,0.599999999999999));
#7599=CARTESIAN_POINT('',(16.1,19.9,0.600000000000001));
#7600=CARTESIAN_POINT('',(16.1,19.9,0.600000000000001));
#7601=CARTESIAN_POINT('',(16.1,17.5,0.600000000000001));
#7602=CARTESIAN_POINT('Origin',(16.1,17.5,0.));
#7603=CARTESIAN_POINT('',(16.1,19.9,0.600000000000001));
#7604=CARTESIAN_POINT('',(16.1,17.5,0.600000000000001));
#7605=CARTESIAN_POINT('Origin',(16.1,17.5,0.));
#7606=CARTESIAN_POINT('',(16.1,17.5,-6.2));
#7607=CARTESIAN_POINT('',(16.1,19.9,-6.2));
#7608=CARTESIAN_POINT('Origin',(14.,15.9,0.));
#7609=CARTESIAN_POINT('Origin',(14.,19.9,0.));
#7610=CARTESIAN_POINT('Origin',(14.,17.5,0.));
#7611=CARTESIAN_POINT('Origin',(-5.5,24.2,0.));
#7612=CARTESIAN_POINT('',(-2.95,28.7,-3.122849E-16));
#7613=CARTESIAN_POINT('',(-2.95,24.2,-3.12284933782575E-16));
#7614=CARTESIAN_POINT('Origin',(-5.5,28.7,0.));
#7615=CARTESIAN_POINT('Origin',(-0.155844313645046,24.2,2.5));
#7616=CARTESIAN_POINT('',(-0.155844313645046,28.7,2.5));
#7617=CARTESIAN_POINT('',(-0.155844313645046,28.7,2.5));
#7618=CARTESIAN_POINT('',(-0.155844313645046,24.4,2.5));
#7619=CARTESIAN_POINT('Origin',(-5.5,24.2,0.));
#7620=CARTESIAN_POINT('Origin',(-5.5,28.7,0.));
#7621=CARTESIAN_POINT('Origin',(-4.38159747186902,28.7,-6.231974E-16));
#7622=CARTESIAN_POINT('Origin',(11.4,24.2,0.));
#7623=CARTESIAN_POINT('',(-11.4,24.2,1.54919333848296));
#7624=CARTESIAN_POINT('',(11.4,24.2,-6.2));
#7625=CARTESIAN_POINT('',(-11.4,24.2,-6.2));
#7626=CARTESIAN_POINT('Origin',(-16.1,19.9,0.));
#7627=CARTESIAN_POINT('Origin',(-11.4,24.2,0.));
#7628=CARTESIAN_POINT('Origin',(11.4,19.9,0.));
#7629=CARTESIAN_POINT('',(11.4,19.9,-6.2));
#7630=CARTESIAN_POINT('Origin',(16.1,19.9,0.));
#7631=CARTESIAN_POINT('Origin',(11.4,17.5,0.));
#7632=CARTESIAN_POINT('Origin',(-11.4,17.5,0.));
#7633=CARTESIAN_POINT('Origin',(-5.5,32.125,5.632033E-16));
#7634=CARTESIAN_POINT('',(-3.43927513070071,32.05,1.3707800746478));
#7635=CARTESIAN_POINT('',(-3.50693583414191,32.2,1.19721352764342));
#7636=CARTESIAN_POINT('Origin',(-4.08656464941493,32.6860975325961,1.04228730333735));
#7637=CARTESIAN_POINT('',(-3.74612526040275,32.2,1.52628581786069));
#7638=CARTESIAN_POINT('Origin',(-5.5,32.2,5.71295E-16));
#7639=CARTESIAN_POINT('',(-3.55951167225407,32.05,1.53627147662183));
#7640=CARTESIAN_POINT('Ctrl Pts',(-3.74612526040275,32.2,1.52628581786069));
#7641=CARTESIAN_POINT('Ctrl Pts',(-3.71482223305318,32.1736464829403,1.53045956968878));
#7642=CARTESIAN_POINT('Ctrl Pts',(-3.68293774074455,32.1473889973529,1.53352049694988));
#7643=CARTESIAN_POINT('Ctrl Pts',(-3.6509109956234,32.1216525257642,1.53523579159937));
#7644=CARTESIAN_POINT('Ctrl Pts',(-3.62244991485638,32.0987813974689,1.53676011570331));
#7645=CARTESIAN_POINT('Ctrl Pts',(-3.59348812382283,32.0760095567634,1.53724229293503));
#7646=CARTESIAN_POINT('Ctrl Pts',(-3.56446103698635,32.0537839007183,1.53642369228359));
#7647=CARTESIAN_POINT('Ctrl Pts',(-3.56281141777583,32.0525208091313,1.53637717093035));
#7648=CARTESIAN_POINT('Ctrl Pts',(-3.56116160132473,32.05125948155,1.53632644819954));
#7649=CARTESIAN_POINT('Ctrl Pts',(-3.55951167225407,32.05,1.53627147662183));
#7650=CARTESIAN_POINT('Origin',(-5.5,32.05,5.551115E-16));
#7651=CARTESIAN_POINT('Origin',(-5.5,32.2,5.551115E-16));
#7652=CARTESIAN_POINT('',(-3.55951167225407,29.2,1.53627147662183));
#7653=CARTESIAN_POINT('',(-3.55951167225407,32.05,1.53627147662183));
#7654=CARTESIAN_POINT('',(-3.43927513070071,29.2,1.3707800746478));
#7655=CARTESIAN_POINT('Origin',(-5.5,29.2,5.551115E-16));
#7656=CARTESIAN_POINT('',(-3.43927513070071,32.05,1.3707800746478));
#7657=CARTESIAN_POINT('Ctrl Pts',(-3.55951167225407,32.2,1.53627147662183));
#7658=CARTESIAN_POINT('Ctrl Pts',(-3.55951167225407,28.6,1.53627147662183));
#7659=CARTESIAN_POINT('Ctrl Pts',(-3.6266488064539,32.2,1.53850832077185));
#7660=CARTESIAN_POINT('Ctrl Pts',(-3.6266488064539,28.6,1.53850832077185));
#7661=CARTESIAN_POINT('Ctrl Pts',(-3.69571853802039,32.2,1.53456171631036));
#7662=CARTESIAN_POINT('Ctrl Pts',(-3.69571853802039,28.6,1.53456171631036));
#7663=CARTESIAN_POINT('Ctrl Pts',(-3.76501119397882,32.2,1.52550342235833));
#7664=CARTESIAN_POINT('Ctrl Pts',(-3.76501119397882,28.6,1.52550342235833));
#7665=CARTESIAN_POINT('Ctrl Pts',(-3.83324803633519,32.2,1.51161120638872));
#7666=CARTESIAN_POINT('Ctrl Pts',(-3.83324803633519,28.6,1.51161120638872));
#7667=CARTESIAN_POINT('',(-3.83324803633519,32.2,1.51161120638872));
#7668=CARTESIAN_POINT('Origin',(-3.78480680960439,32.2,1.27977885307408));
#7669=CARTESIAN_POINT('',(-3.83324803633519,29.2,1.51161120638872));
#7670=CARTESIAN_POINT('',(-3.83324803633519,32.2,1.51161120638872));
#7671=CARTESIAN_POINT('Origin',(-3.78874731680289,29.2,1.25773250271268));
#7672=CARTESIAN_POINT('Ctrl Pts',(-3.54731762987898,32.2,1.11806176442944));
#7673=CARTESIAN_POINT('Ctrl Pts',(-3.54731762987898,28.6,1.11806176442944));
#7674=CARTESIAN_POINT('Ctrl Pts',(-3.51341873569023,32.2,1.18020674770268));
#7675=CARTESIAN_POINT('Ctrl Pts',(-3.51341873569023,28.6,1.18020674770268));
#7676=CARTESIAN_POINT('Ctrl Pts',(-3.48344047929697,32.2,1.24353232327028));
#7677=CARTESIAN_POINT('Ctrl Pts',(-3.48344047929697,28.6,1.24353232327028));
#7678=CARTESIAN_POINT('Ctrl Pts',(-3.45816590568878,32.2,1.30737635385358));
#7679=CARTESIAN_POINT('Ctrl Pts',(-3.45816590568878,28.6,1.30737635385358));
#7680=CARTESIAN_POINT('Ctrl Pts',(-3.43927513070071,32.2,1.3707800746478));
#7681=CARTESIAN_POINT('Ctrl Pts',(-3.43927513070071,28.6,1.3707800746478));
#7682=CARTESIAN_POINT('',(-3.54731762987898,29.2,1.11806176442944));
#7683=CARTESIAN_POINT('Origin',(-3.97919133375897,29.2,1.08351142541158));
#7684=CARTESIAN_POINT('',(-3.54731762987898,32.2,1.11806176442944));
#7685=CARTESIAN_POINT('',(-3.54731762987898,32.2,1.11806176442944));
#7686=CARTESIAN_POINT('Origin',(-3.86436129108087,32.2,1.11016295021257));
#7687=CARTESIAN_POINT('Origin',(-4.41829754818948,32.2,1.64022372469424));
#7688=CARTESIAN_POINT('',(-3.56765132322037,32.2,1.08555253309192));
#7689=CARTESIAN_POINT('Origin',(-4.41829754818948,32.2,1.64022372469424));
#7690=CARTESIAN_POINT('',(-3.56765132322037,29.2,1.08555253309192));
#7691=CARTESIAN_POINT('Origin',(-4.41829754818948,29.2,1.64022372469424));
#7692=CARTESIAN_POINT('',(-3.56765132322037,32.2,1.08555253309192));
#7693=CARTESIAN_POINT('Origin',(-3.51529789892884,32.2,1.05141503223214));
#7694=CARTESIAN_POINT('',(-3.57052669737806,32.2,1.02215704491491));
#7695=CARTESIAN_POINT('Origin',(-3.51529789892884,32.2,1.05141503223214));
#7696=CARTESIAN_POINT('',(-3.57052669737806,29.2,1.02215704491491));
#7697=CARTESIAN_POINT('Origin',(-3.51529789892884,29.2,1.05141503223214));
#7698=CARTESIAN_POINT('',(-3.57052669737806,32.2,1.02215704491491));
#7699=CARTESIAN_POINT('Origin',(-3.88673820426229,32.2,1.56265875302739));
#7700=CARTESIAN_POINT('',(-3.93163084105374,32.2,1.51917425967734));
#7701=CARTESIAN_POINT('',(-3.87044960943937,32.2,1.50231861979341));
#7702=CARTESIAN_POINT('Origin',(-3.88673820426229,32.2,1.56265875302739));
#7703=CARTESIAN_POINT('',(-3.93163084105374,29.2,1.51917425967734));
#7704=CARTESIAN_POINT('',(-3.93163084105374,32.2,1.51917425967734));
#7705=CARTESIAN_POINT('',(-3.87044960943937,29.2,1.50231861979341));
#7706=CARTESIAN_POINT('Origin',(-3.88673820426229,29.2,1.56265875302739));
#7707=CARTESIAN_POINT('',(-3.87044960943937,32.2,1.50231861979341));
#7708=CARTESIAN_POINT('Origin',(-3.60579009798113,32.2,0.521903159979348));
#7709=CARTESIAN_POINT('Origin',(-3.60579009798113,32.2,0.521903159979348));
#7710=CARTESIAN_POINT('Origin',(-3.60579009798113,29.2,0.521903159979348));
#7711=CARTESIAN_POINT('Origin',(-3.65543014325998,29.2,1.34027900892841));
#7712=CARTESIAN_POINT('Origin',(-5.5,29.2,-1.89291400000001E-31));
#7713=CARTESIAN_POINT('Origin',(-5.5,28.7,0.));
#7714=CARTESIAN_POINT('Origin',(-5.5,32.2,-1.32504E-30));
#7715=CARTESIAN_POINT('',(-3.3165,28.7,-2.67401628593825E-16));
#7716=CARTESIAN_POINT('Origin',(-5.5,32.2,-1.32504E-30));
#7717=CARTESIAN_POINT('Origin',(-5.5,32.2,-1.32504E-30));
#7718=CARTESIAN_POINT('',(-3.98082574032266,32.2,1.56836915894626));
#7719=CARTESIAN_POINT('Origin',(-5.5,32.2,-1.32504E-30));
#7720=CARTESIAN_POINT('',(-3.98082574032266,29.2,1.56836915894626));
#7721=CARTESIAN_POINT('',(-3.98082574032266,32.2,1.56836915894626));
#7722=CARTESIAN_POINT('',(-4.47784295508509,29.2,1.92947330262194));
#7723=CARTESIAN_POINT('Origin',(-5.5,29.2,1.110223E-15));
#7724=CARTESIAN_POINT('',(-4.47784295508509,32.2,1.92947330262194));
#7725=CARTESIAN_POINT('',(-4.47784295508509,32.2,1.92947330262194));
#7726=CARTESIAN_POINT('',(-4.53983214451393,32.2,1.96105837222947));
#7727=CARTESIAN_POINT('Origin',(-5.5,32.2,-1.32504E-30));
#7728=CARTESIAN_POINT('',(-4.53983214451393,29.2,1.96105837222947));
#7729=CARTESIAN_POINT('',(-4.53983214451393,32.2,1.96105837222947));
#7730=CARTESIAN_POINT('',(-5.12411092245961,29.2,2.15090205527491));
#7731=CARTESIAN_POINT('Origin',(-5.5,29.2,1.110223E-15));
#7732=CARTESIAN_POINT('',(-5.12411092245961,32.2,2.15090205527491));
#7733=CARTESIAN_POINT('',(-5.12411092245961,32.2,2.15090205527491));
#7734=CARTESIAN_POINT('Origin',(-5.5,32.2,-1.32504E-30));
#7735=CARTESIAN_POINT('',(-5.87588907754039,32.2,2.15090205527491));
#7736=CARTESIAN_POINT('Origin',(-5.5,32.2,-1.32504E-30));
#7737=CARTESIAN_POINT('',(-5.87588907754039,29.2,2.15090205527491));
#7738=CARTESIAN_POINT('',(-5.87588907754039,32.2,2.15090205527491));
#7739=CARTESIAN_POINT('',(-6.46016785548606,29.2,1.96105837222947));
#7740=CARTESIAN_POINT('Origin',(-5.5,29.2,1.665335E-15));
#7741=CARTESIAN_POINT('',(-6.46016785548606,32.2,1.96105837222947));
#7742=CARTESIAN_POINT('',(-6.46016785548606,32.2,1.96105837222947));
#7743=CARTESIAN_POINT('Origin',(-5.5,32.2,-1.32504E-30));
#7744=CARTESIAN_POINT('',(-7.06836915894626,32.2,1.51917425967734));
#7745=CARTESIAN_POINT('Origin',(-5.5,32.2,-1.32504E-30));
#7746=CARTESIAN_POINT('',(-7.06836915894626,29.2,1.51917425967734));
#7747=CARTESIAN_POINT('',(-7.06836915894626,32.2,1.51917425967734));
#7748=CARTESIAN_POINT('',(-7.42947330262194,29.2,1.02215704491491));
#7749=CARTESIAN_POINT('Origin',(-5.5,29.2,2.775558E-16));
#7750=CARTESIAN_POINT('',(-7.42947330262194,32.2,1.02215704491491));
#7751=CARTESIAN_POINT('',(-7.42947330262194,32.2,1.02215704491491));
#7752=CARTESIAN_POINT('Origin',(-5.5,32.2,-1.32504E-30));
#7753=CARTESIAN_POINT('Origin',(-5.5,32.2,-1.32504E-30));
#7754=CARTESIAN_POINT('Origin',(-5.5,32.2,-1.32504E-30));
#7755=CARTESIAN_POINT('Origin',(-5.5,32.2,-1.32504E-30));
#7756=CARTESIAN_POINT('',(-7.01917425967734,32.2,-1.56836915894626));
#7757=CARTESIAN_POINT('Origin',(-5.5,32.2,-1.32504E-30));
#7758=CARTESIAN_POINT('',(-7.01917425967734,29.2,-1.56836915894626));
#7759=CARTESIAN_POINT('',(-7.01917425967734,32.2,-1.56836915894626));
#7760=CARTESIAN_POINT('',(-6.52215704491491,29.2,-1.92947330262194));
#7761=CARTESIAN_POINT('Origin',(-5.5,29.2,-1.110223E-15));
#7762=CARTESIAN_POINT('',(-6.52215704491491,32.2,-1.92947330262194));
#7763=CARTESIAN_POINT('',(-6.52215704491491,32.2,-1.92947330262194));
#7764=CARTESIAN_POINT('',(-6.46016785548607,32.2,-1.96105837222947));
#7765=CARTESIAN_POINT('Origin',(-5.5,32.2,-1.32504E-30));
#7766=CARTESIAN_POINT('',(-6.46016785548607,29.2,-1.96105837222947));
#7767=CARTESIAN_POINT('',(-6.46016785548607,32.2,-1.96105837222947));
#7768=CARTESIAN_POINT('',(-5.87588907754039,29.2,-2.15090205527491));
#7769=CARTESIAN_POINT('Origin',(-5.5,29.2,-1.110223E-15));
#7770=CARTESIAN_POINT('',(-5.87588907754039,32.2,-2.15090205527491));
#7771=CARTESIAN_POINT('',(-5.87588907754039,32.2,-2.15090205527491));
#7772=CARTESIAN_POINT('',(-5.80717353171699,32.2,-2.16178552854175));
#7773=CARTESIAN_POINT('Origin',(-5.5,32.2,-1.32504E-30));
#7774=CARTESIAN_POINT('',(-5.80717353171699,29.2,-2.16178552854175));
#7775=CARTESIAN_POINT('',(-5.80717353171699,32.2,-2.16178552854175));
#7776=CARTESIAN_POINT('',(-5.19282646828301,29.2,-2.16178552854175));
#7777=CARTESIAN_POINT('Origin',(-5.5,29.2,-1.110223E-15));
#7778=CARTESIAN_POINT('',(-5.19282646828301,32.2,-2.16178552854175));
#7779=CARTESIAN_POINT('',(-5.19282646828301,32.2,-2.16178552854175));
#7780=CARTESIAN_POINT('Origin',(-5.5,32.2,-1.32504E-30));
#7781=CARTESIAN_POINT('Origin',(-5.5,32.2,-1.32504E-30));
#7782=CARTESIAN_POINT('Origin',(-5.5,32.2,-1.32504E-30));
#7783=CARTESIAN_POINT('Origin',(-5.5,32.2,-1.32504E-30));
#7784=CARTESIAN_POINT('Origin',(-5.5,28.2,-8.673617E-19));
#7785=CARTESIAN_POINT('',(-6.5065,32.2,1.29332230634181E-16));
#7786=CARTESIAN_POINT('',(-6.5065,28.2,1.22393338634181E-16));
#7787=CARTESIAN_POINT('Origin',(-5.5,32.2,6.071532E-18));
#7788=CARTESIAN_POINT('Origin',(-5.5,32.125,-1.11325E-15));
#7789=CARTESIAN_POINT('',(-6.36143712797987,32.05,-2.32024806314709));
#7790=CARTESIAN_POINT('',(-6.40871832566508,32.2,-2.14005981332309));
#7791=CARTESIAN_POINT('Origin',(-6.03085211324838,32.6860975330281,-1.67402459513603));
#7792=CARTESIAN_POINT('',(-6.02178617581744,32.2,-2.26569287122633));
#7793=CARTESIAN_POINT('Origin',(-5.5,32.2,-1.116277E-15));
#7794=CARTESIAN_POINT('',(-6.16689031705679,32.05,-2.3834601538553));
#7795=CARTESIAN_POINT('Ctrl Pts',(-6.02178617581744,32.2,-2.26569287122633));
#7796=CARTESIAN_POINT('Ctrl Pts',(-6.04465758714734,32.1736464829403,-2.28746896521374));
#7797=CARTESIAN_POINT('Ctrl Pts',(-6.06865351537962,32.1473889973529,-2.30868654174234));
#7798=CARTESIAN_POINT('Ctrl Pts',(-6.09355547155881,32.1216525257642,-2.32889909272528));
#7799=CARTESIAN_POINT('Ctrl Pts',(-6.11568499434964,32.0987813974689,-2.34686130036949));
#7800=CARTESIAN_POINT('Ctrl Pts',(-6.13883215881758,32.0760095567633,-2.3642747035938));
#7801=CARTESIAN_POINT('Ctrl Pts',(-6.16279672675598,32.0537839007181,-2.3806741353147));
#7802=CARTESIAN_POINT('Ctrl Pts',(-6.16415864129685,32.0525208091312,-2.38160612059314));
#7803=CARTESIAN_POINT('Ctrl Pts',(-6.16552318491648,32.05125948155,-2.38253482282084));
#7804=CARTESIAN_POINT('Ctrl Pts',(-6.16689031705679,32.05,-2.3834601538553));
#7805=CARTESIAN_POINT('Origin',(-5.5,32.05,-1.110223E-15));
#7806=CARTESIAN_POINT('Origin',(-5.5,32.2,-1.110223E-15));
#7807=CARTESIAN_POINT('',(-6.16689031705679,29.2,-2.3834601538553));
#7808=CARTESIAN_POINT('',(-6.16689031705679,32.05,-2.3834601538553));
#7809=CARTESIAN_POINT('',(-6.36143712797987,29.2,-2.32024806314709));
#7810=CARTESIAN_POINT('Origin',(-5.5,29.2,-1.110223E-15));
#7811=CARTESIAN_POINT('',(-6.36143712797987,32.05,-2.32024806314709));
#7812=CARTESIAN_POINT('Ctrl Pts',(-6.16689031705679,32.2,-2.3834601538553));
#7813=CARTESIAN_POINT('Ctrl Pts',(-6.16689031705679,28.6,-2.3834601538553));
#7814=CARTESIAN_POINT('Ctrl Pts',(-6.11126045053244,32.2,-2.34580758142259));
#7815=CARTESIAN_POINT('Ctrl Pts',(-6.11126045053244,28.6,-2.34580758142259));
#7816=CARTESIAN_POINT('Ctrl Pts',(-6.05770161979732,32.2,-2.30201654174858));
#7817=CARTESIAN_POINT('Ctrl Pts',(-6.05770161979732,28.6,-2.30201654174858));
#7818=CARTESIAN_POINT('Ctrl Pts',(-6.00696701513751,32.2,-2.2539590267368));
#7819=CARTESIAN_POINT('Ctrl Pts',(-6.00696701513751,28.6,-2.2539590267368));
#7820=CARTESIAN_POINT('Ctrl Pts',(-5.95992788969733,32.2,-2.20261137832779));
#7821=CARTESIAN_POINT('Ctrl Pts',(-5.95992788969733,28.6,-2.20261137832779));
#7822=CARTESIAN_POINT('',(-5.95992788969733,32.2,-2.20261137832779));
#7823=CARTESIAN_POINT('Origin',(-6.13538530374879,32.2,-2.04352810315753));
#7824=CARTESIAN_POINT('',(-5.95992788969733,29.2,-2.20261137832779));
#7825=CARTESIAN_POINT('',(-5.95992788969733,32.2,-2.20261137832779));
#7826=CARTESIAN_POINT('Origin',(-6.1451558859514,29.2,-2.02337605920394));
#7827=CARTESIAN_POINT('Ctrl Pts',(-6.42257300576053,32.2,-2.0522888677529));
#7828=CARTESIAN_POINT('Ctrl Pts',(-6.42257300576053,28.6,-2.0522888677529));
#7829=CARTESIAN_POINT('Ctrl Pts',(-6.41346988257778,32.2,-2.12249048540927));
#7830=CARTESIAN_POINT('Ctrl Pts',(-6.41346988257778,28.6,-2.12249048540927));
#7831=CARTESIAN_POINT('Ctrl Pts',(-6.40050096205009,32.2,-2.19134272921944));
#7832=CARTESIAN_POINT('Ctrl Pts',(-6.40050096205009,28.6,-2.19134272921944));
#7833=CARTESIAN_POINT('Ctrl Pts',(-6.38342194200091,32.2,-2.2578496565756));
#7834=CARTESIAN_POINT('Ctrl Pts',(-6.38342194200091,28.6,-2.2578496565756));
#7835=CARTESIAN_POINT('Ctrl Pts',(-6.36143712797987,32.2,-2.32024806314709));
#7836=CARTESIAN_POINT('Ctrl Pts',(-6.36143712797987,28.6,-2.32024806314709));
#7837=CARTESIAN_POINT('',(-6.42257300576053,29.2,-2.0522888677529));
#7838=CARTESIAN_POINT('Origin',(-6.0934880196199,29.2,-1.77048806231349));
#7839=CARTESIAN_POINT('',(-6.42257300576053,32.2,-2.0522888677529));
#7840=CARTESIAN_POINT('',(-6.42257300576053,32.2,-2.0522888677529));
#7841=CARTESIAN_POINT('Origin',(-6.17072209939359,32.2,-1.85954500150158));
#7842=CARTESIAN_POINT('Origin',(-5.41101635053626,32.2,-1.96277761639745));
#7843=CARTESIAN_POINT('',(-6.4252311490325,32.2,-2.01403650205607));
#7844=CARTESIAN_POINT('Origin',(-5.41101635053626,32.2,-1.96277761639745));
#7845=CARTESIAN_POINT('',(-6.4252311490325,29.2,-2.01403650205607));
#7846=CARTESIAN_POINT('Origin',(-5.41101635053626,29.2,-1.96277761639745));
#7847=CARTESIAN_POINT('',(-6.4252311490325,32.2,-2.01403650205607));
#7848=CARTESIAN_POINT('Origin',(-6.48765147855356,32.2,-2.0171912544206));
#7849=CARTESIAN_POINT('Origin',(-6.48765147855356,32.2,-2.0171912544206));
#7850=CARTESIAN_POINT('Origin',(-6.48765147855356,29.2,-2.0171912544206));
#7851=CARTESIAN_POINT('Origin',(-5.88664843973241,32.2,-2.21246897922943));
#7852=CARTESIAN_POINT('',(-5.93529323019493,32.2,-2.17322698181776));
#7853=CARTESIAN_POINT('Origin',(-5.88664843973241,32.2,-2.21246897922943));
#7854=CARTESIAN_POINT('',(-5.93529323019493,29.2,-2.17322698181776));
#7855=CARTESIAN_POINT('Origin',(-5.88664843973241,29.2,-2.21246897922943));
#7856=CARTESIAN_POINT('',(-5.93529323019493,32.2,-2.17322698181776));
#7857=CARTESIAN_POINT('Origin',(-6.72568102108587,32.2,-1.53561717099434));
#7858=CARTESIAN_POINT('Origin',(-6.72568102108587,32.2,-1.53561717099434));
#7859=CARTESIAN_POINT('Origin',(-6.72568102108587,29.2,-1.53561717099434));
#7860=CARTESIAN_POINT('Origin',(-6.20449212600915,29.2,-2.16851945404212));
#7861=CARTESIAN_POINT('Origin',(-5.5,32.125,1.11325E-15));
#7862=CARTESIAN_POINT('',(-4.63856287202013,32.05,2.32024806314709));
#7863=CARTESIAN_POINT('',(-4.59128167433492,32.2,2.14005981332309));
#7864=CARTESIAN_POINT('Origin',(-4.96914788690555,32.6860975332573,1.67402459491099));
#7865=CARTESIAN_POINT('',(-4.97821382418255,32.2,2.26569287122633));
#7866=CARTESIAN_POINT('Origin',(-5.5,32.2,1.116277E-15));
#7867=CARTESIAN_POINT('',(-4.83310968294321,32.05,2.3834601538553));
#7868=CARTESIAN_POINT('Ctrl Pts',(-4.97821382418256,32.2,2.26569287122633));
#7869=CARTESIAN_POINT('Ctrl Pts',(-4.95534241285269,32.1736464829403,2.28746896521371));
#7870=CARTESIAN_POINT('Ctrl Pts',(-4.93134648462041,32.1473889973529,2.30868654174232));
#7871=CARTESIAN_POINT('Ctrl Pts',(-4.90644452844121,32.1216525257642,2.32889909272526));
#7872=CARTESIAN_POINT('Ctrl Pts',(-4.88431500565027,32.0987813974688,2.34686130036956));
#7873=CARTESIAN_POINT('Ctrl Pts',(-4.8611678411822,32.0760095567631,2.36427470359396));
#7874=CARTESIAN_POINT('Ctrl Pts',(-4.83720327324367,32.0537839007178,2.38067413531494));
#7875=CARTESIAN_POINT('Ctrl Pts',(-4.83584135870291,32.052520809131,2.3816061205933));
#7876=CARTESIAN_POINT('Ctrl Pts',(-4.8344768150834,32.0512594815499,2.38253482282091));
#7877=CARTESIAN_POINT('Ctrl Pts',(-4.83310968294322,32.05,2.38346015385529));
#7878=CARTESIAN_POINT('Origin',(-5.5,32.05,1.110223E-15));
#7879=CARTESIAN_POINT('Origin',(-5.5,32.2,1.110223E-15));
#7880=CARTESIAN_POINT('',(-4.83310968294321,29.2,2.3834601538553));
#7881=CARTESIAN_POINT('',(-4.83310968294321,32.05,2.3834601538553));
#7882=CARTESIAN_POINT('',(-4.63856287202013,29.2,2.32024806314709));
#7883=CARTESIAN_POINT('Origin',(-5.5,29.2,1.110223E-15));
#7884=CARTESIAN_POINT('',(-4.63856287202013,32.05,2.32024806314709));
#7885=CARTESIAN_POINT('Ctrl Pts',(-4.83310968294321,32.2,2.3834601538553));
#7886=CARTESIAN_POINT('Ctrl Pts',(-4.83310968294321,28.6,2.3834601538553));
#7887=CARTESIAN_POINT('Ctrl Pts',(-4.88873954946756,32.2,2.34580758142259));
#7888=CARTESIAN_POINT('Ctrl Pts',(-4.88873954946756,28.6,2.34580758142259));
#7889=CARTESIAN_POINT('Ctrl Pts',(-4.94229838020268,32.2,2.30201654174858));
#7890=CARTESIAN_POINT('Ctrl Pts',(-4.94229838020268,28.6,2.30201654174858));
#7891=CARTESIAN_POINT('Ctrl Pts',(-4.99303298486249,32.2,2.2539590267368));
#7892=CARTESIAN_POINT('Ctrl Pts',(-4.99303298486249,28.6,2.2539590267368));
#7893=CARTESIAN_POINT('Ctrl Pts',(-5.04007211030267,32.2,2.20261137832779));
#7894=CARTESIAN_POINT('Ctrl Pts',(-5.04007211030267,28.6,2.20261137832779));
#7895=CARTESIAN_POINT('',(-5.04007211030267,32.2,2.20261137832779));
#7896=CARTESIAN_POINT('Origin',(-4.86461469682704,32.2,2.0435281039126));
#7897=CARTESIAN_POINT('',(-5.04007211030267,29.2,2.20261137832779));
#7898=CARTESIAN_POINT('',(-5.04007211030267,32.2,2.20261137832779));
#7899=CARTESIAN_POINT('Origin',(-4.85484411404796,29.2,2.02337605920208));
#7900=CARTESIAN_POINT('Ctrl Pts',(-4.57742699423947,32.2,2.0522888677529));
#7901=CARTESIAN_POINT('Ctrl Pts',(-4.57742699423947,28.6,2.0522888677529));
#7902=CARTESIAN_POINT('Ctrl Pts',(-4.58653011742222,32.2,2.12249048540927));
#7903=CARTESIAN_POINT('Ctrl Pts',(-4.58653011742222,28.6,2.12249048540927));
#7904=CARTESIAN_POINT('Ctrl Pts',(-4.59949903794991,32.2,2.19134272921944));
#7905=CARTESIAN_POINT('Ctrl Pts',(-4.59949903794991,28.6,2.19134272921944));
#7906=CARTESIAN_POINT('Ctrl Pts',(-4.61657805799908,32.2,2.2578496565756));
#7907=CARTESIAN_POINT('Ctrl Pts',(-4.61657805799908,28.6,2.2578496565756));
#7908=CARTESIAN_POINT('Ctrl Pts',(-4.63856287202013,32.2,2.32024806314709));
#7909=CARTESIAN_POINT('Ctrl Pts',(-4.63856287202013,28.6,2.32024806314709));
#7910=CARTESIAN_POINT('',(-4.57742699423947,29.2,2.0522888677529));
#7911=CARTESIAN_POINT('Origin',(-4.90651198037117,29.2,1.7704880623248));
#7912=CARTESIAN_POINT('',(-4.57742699423947,32.2,2.0522888677529));
#7913=CARTESIAN_POINT('',(-4.57742699423947,32.2,2.0522888677529));
#7914=CARTESIAN_POINT('Origin',(-4.82927789846523,32.2,1.85954500358727));
#7915=CARTESIAN_POINT('Origin',(-5.58898364946374,32.2,1.96277761639745));
#7916=CARTESIAN_POINT('',(-4.5747688509675,32.2,2.01403650205607));
#7917=CARTESIAN_POINT('Origin',(-5.58898364946374,32.2,1.96277761639745));
#7918=CARTESIAN_POINT('',(-4.5747688509675,29.2,2.01403650205607));
#7919=CARTESIAN_POINT('Origin',(-5.58898364946374,29.2,1.96277761639745));
#7920=CARTESIAN_POINT('',(-4.5747688509675,32.2,2.01403650205607));
#7921=CARTESIAN_POINT('Origin',(-4.51234852144644,32.2,2.0171912544206));
#7922=CARTESIAN_POINT('Origin',(-4.51234852144644,32.2,2.0171912544206));
#7923=CARTESIAN_POINT('Origin',(-4.51234852144644,29.2,2.0171912544206));
#7924=CARTESIAN_POINT('Origin',(-5.11335156026759,32.2,2.21246897922943));
#7925=CARTESIAN_POINT('',(-5.06470676980507,32.2,2.17322698181776));
#7926=CARTESIAN_POINT('Origin',(-5.11335156026759,32.2,2.21246897922943));
#7927=CARTESIAN_POINT('',(-5.06470676980507,29.2,2.17322698181776));
#7928=CARTESIAN_POINT('Origin',(-5.11335156026759,29.2,2.21246897922943));
#7929=CARTESIAN_POINT('',(-5.06470676980507,32.2,2.17322698181776));
#7930=CARTESIAN_POINT('Origin',(-4.27431897891413,32.2,1.53561717099434));
#7931=CARTESIAN_POINT('Origin',(-4.27431897891413,32.2,1.53561717099434));
#7932=CARTESIAN_POINT('Origin',(-4.27431897891413,29.2,1.53561717099434));
#7933=CARTESIAN_POINT('Origin',(-4.79550787399085,29.2,2.16851945404212));
#7934=CARTESIAN_POINT('Origin',(-5.5,32.125,1.116068E-15));
#7935=CARTESIAN_POINT('',(-3.96372852337816,32.05,1.94048832774592));
#7936=CARTESIAN_POINT('',(-3.97444266360369,32.2,1.75450842499186));
#7937=CARTESIAN_POINT('Origin',(-4.47782758993428,32.686097533382,1.42804967488753));
#7938=CARTESIAN_POINT('',(-4.30361425613298,32.2,1.99356117334577));
#7939=CARTESIAN_POINT('Origin',(-5.5,32.2,1.121914E-15));
#7940=CARTESIAN_POINT('',(-4.12921992535219,32.05,2.06072486929929));
#7941=CARTESIAN_POINT('Ctrl Pts',(-4.30361425613299,32.2,1.99356117334577));
#7942=CARTESIAN_POINT('Ctrl Pts',(-4.27513306823761,32.1736464829403,2.00720381464567));
#7943=CARTESIAN_POINT('Ctrl Pts',(-4.24575499260093,32.1473889973529,2.01996777944363));
#7944=CARTESIAN_POINT('Ctrl Pts',(-4.21582580315478,32.1216525257641,2.03149593011436));
#7945=CARTESIAN_POINT('Ctrl Pts',(-4.18922874888351,32.0987813974688,2.04174060612166));
#7946=CARTESIAN_POINT('Ctrl Pts',(-4.16183344975632,32.0760095567633,2.05114886953682));
#7947=CARTESIAN_POINT('Ctrl Pts',(-4.13397408815848,32.0537839007181,2.0593401971827));
#7948=CARTESIAN_POINT('Ctrl Pts',(-4.13239083117021,32.0525208091312,2.05980571311683));
#7949=CARTESIAN_POINT('Ctrl Pts',(-4.13080608829793,32.05125948155,2.06026729425414));
#7950=CARTESIAN_POINT('Ctrl Pts',(-4.12921992535219,32.05,2.06072486929929));
#7951=CARTESIAN_POINT('Origin',(-5.5,32.05,1.110223E-15));
#7952=CARTESIAN_POINT('Origin',(-5.5,32.2,1.110223E-15));
#7953=CARTESIAN_POINT('',(-4.12921992535219,29.2,2.06072486929929));
#7954=CARTESIAN_POINT('',(-4.12921992535219,32.05,2.06072486929929));
#7955=CARTESIAN_POINT('',(-3.96372852337816,29.2,1.94048832774592));
#7956=CARTESIAN_POINT('Origin',(-5.5,29.2,1.110223E-15));
#7957=CARTESIAN_POINT('',(-3.96372852337816,32.05,1.94048832774592));
#7958=CARTESIAN_POINT('Ctrl Pts',(-4.12921992535219,32.2,2.06072486929929));
#7959=CARTESIAN_POINT('Ctrl Pts',(-4.12921992535219,28.6,2.06072486929929));
#7960=CARTESIAN_POINT('Ctrl Pts',(-4.19376235717444,32.2,2.04210571908272));
#7961=CARTESIAN_POINT('Ctrl Pts',(-4.19376235717444,28.6,2.04210571908272));
#7962=CARTESIAN_POINT('Ctrl Pts',(-4.25823200761083,32.2,2.01700855434142));
#7963=CARTESIAN_POINT('Ctrl Pts',(-4.25823200761083,28.6,2.01700855434142));
#7964=CARTESIAN_POINT('Ctrl Pts',(-4.32133407282028,32.2,1.98698099657529));
#7965=CARTESIAN_POINT('Ctrl Pts',(-4.32133407282028,28.6,1.98698099657529));
#7966=CARTESIAN_POINT('Ctrl Pts',(-4.38193823557056,32.2,1.95268237012101));
#7967=CARTESIAN_POINT('Ctrl Pts',(-4.38193823557056,28.6,1.95268237012101));
#7968=CARTESIAN_POINT('',(-4.38193823557056,32.2,1.95268237012101));
#7969=CARTESIAN_POINT('Origin',(-4.2642277541934,32.2,1.74716586206769));
#7970=CARTESIAN_POINT('',(-4.38193823557056,29.2,1.95268237012101));
#7971=CARTESIAN_POINT('',(-4.38193823557056,32.2,1.95268237012101));
#7972=CARTESIAN_POINT('Origin',(-4.26116270233386,29.2,1.72498085324112));
#7973=CARTESIAN_POINT('Ctrl Pts',(-3.98838879361128,32.2,1.66675196366482));
#7974=CARTESIAN_POINT('Ctrl Pts',(-3.98838879361128,28.6,1.66675196366482));
#7975=CARTESIAN_POINT('Ctrl Pts',(-3.97535288534444,32.2,1.73633068935673));
#7976=CARTESIAN_POINT('Ctrl Pts',(-3.97535288534444,28.6,1.73633068935673));
#7977=CARTESIAN_POINT('Ctrl Pts',(-3.96641054828342,32.2,1.80582068133569));
#7978=CARTESIAN_POINT('Ctrl Pts',(-3.96641054828342,28.6,1.80582068133569));
#7979=CARTESIAN_POINT('Ctrl Pts',(-3.96210189079641,32.2,1.87435023541899));
#7980=CARTESIAN_POINT('Ctrl Pts',(-3.96210189079641,28.6,1.87435023541899));
#7981=CARTESIAN_POINT('Ctrl Pts',(-3.96372852337816,32.2,1.94048832774592));
#7982=CARTESIAN_POINT('Ctrl Pts',(-3.96372852337816,28.6,1.94048832774592));
#7983=CARTESIAN_POINT('',(-3.98838879361128,29.2,1.66675196366482));
#7984=CARTESIAN_POINT('Origin',(-4.38844845201394,29.2,1.50043632465729));
#7985=CARTESIAN_POINT('',(-3.98838879361128,32.2,1.66675196366482));
#7986=CARTESIAN_POINT('',(-3.98838879361128,32.2,1.66675196366482));
#7987=CARTESIAN_POINT('Origin',(-4.28747437026763,32.2,1.5612678634079));
#7988=CARTESIAN_POINT('Origin',(-4.97809684002065,32.2,1.89420990201887));
#7989=CARTESIAN_POINT('',(-3.99768138020659,32.2,1.62955039056063));
#7990=CARTESIAN_POINT('Origin',(-4.97809684002065,32.2,1.89420990201887));
#7991=CARTESIAN_POINT('',(-3.99768138020659,29.2,1.62955039056063));
#7992=CARTESIAN_POINT('Origin',(-4.97809684002065,29.2,1.89420990201887));
#7993=CARTESIAN_POINT('',(-3.99768138020659,32.2,1.62955039056063));
#7994=CARTESIAN_POINT('Origin',(-3.9373412469726,32.2,1.61326179573771));
#7995=CARTESIAN_POINT('Origin',(-3.9373412469726,32.2,1.61326179573771));
#7996=CARTESIAN_POINT('Origin',(-3.9373412469726,29.2,1.61326179573771));
#7997=CARTESIAN_POINT('Origin',(-4.44858496776785,32.2,1.98470210107116));
#7998=CARTESIAN_POINT('',(-4.41444746690808,32.2,1.93234867677963));
#7999=CARTESIAN_POINT('Origin',(-4.44858496776785,32.2,1.98470210107116));
#8000=CARTESIAN_POINT('',(-4.41444746690808,29.2,1.93234867677963));
#8001=CARTESIAN_POINT('Origin',(-4.44858496776785,29.2,1.98470210107116));
#8002=CARTESIAN_POINT('',(-4.41444746690808,32.2,1.93234867677963));
#8003=CARTESIAN_POINT('Origin',(-3.85977627530576,32.2,1.08170245181052));
#8004=CARTESIAN_POINT('Origin',(-3.85977627530576,32.2,1.08170245181052));
#8005=CARTESIAN_POINT('Origin',(-3.85977627530576,29.2,1.08170245181052));
#8006=CARTESIAN_POINT('Origin',(-4.15987880894867,29.2,1.8446845181394));
#8007=CARTESIAN_POINT('Origin',(-5.5,32.125,-1.116068E-15));
#8008=CARTESIAN_POINT('',(-7.03627147662185,32.05,-1.94048832774592));
#8009=CARTESIAN_POINT('',(-7.02555733639631,32.2,-1.75450842499186));
#8010=CARTESIAN_POINT('Origin',(-6.52217241066213,32.6860975327271,-1.42804967537573));
#8011=CARTESIAN_POINT('',(-6.69638574386702,32.2,-1.99356117334577));
#8012=CARTESIAN_POINT('Origin',(-5.5,32.2,-1.121914E-15));
#8013=CARTESIAN_POINT('',(-6.87078007464781,32.05,-2.06072486929929));
#8014=CARTESIAN_POINT('Ctrl Pts',(-6.69638574386701,32.2,-1.99356117334577));
#8015=CARTESIAN_POINT('Ctrl Pts',(-6.72486693176237,32.1736464829403,-2.00720381464567));
#8016=CARTESIAN_POINT('Ctrl Pts',(-6.75424500739905,32.1473889973529,-2.01996777944363));
#8017=CARTESIAN_POINT('Ctrl Pts',(-6.78417419684521,32.1216525257641,-2.03149593011436));
#8018=CARTESIAN_POINT('Ctrl Pts',(-6.81077125111617,32.0987813974691,-2.04174060612153));
#8019=CARTESIAN_POINT('Ctrl Pts',(-6.83816655024298,32.0760095567638,-2.05114886953658));
#8020=CARTESIAN_POINT('Ctrl Pts',(-6.86602591184045,32.053783900719,-2.05934019718238));
#8021=CARTESIAN_POINT('Ctrl Pts',(-6.86760916882908,32.0525208091317,-2.05980571311662));
#8022=CARTESIAN_POINT('Ctrl Pts',(-6.86919391170172,32.0512594815503,-2.06026729425404));
#8023=CARTESIAN_POINT('Ctrl Pts',(-6.87078007464781,32.05,-2.06072486929929));
#8024=CARTESIAN_POINT('Origin',(-5.5,32.05,-1.110223E-15));
#8025=CARTESIAN_POINT('Origin',(-5.5,32.2,-1.110223E-15));
#8026=CARTESIAN_POINT('',(-6.87078007464781,29.2,-2.06072486929929));
#8027=CARTESIAN_POINT('',(-6.87078007464781,32.05,-2.06072486929929));
#8028=CARTESIAN_POINT('',(-7.03627147662185,29.2,-1.94048832774592));
#8029=CARTESIAN_POINT('Origin',(-5.5,29.2,-1.110223E-15));
#8030=CARTESIAN_POINT('',(-7.03627147662185,32.05,-1.94048832774592));
#8031=CARTESIAN_POINT('Ctrl Pts',(-6.87078007464781,32.2,-2.06072486929929));
#8032=CARTESIAN_POINT('Ctrl Pts',(-6.87078007464781,28.6,-2.06072486929929));
#8033=CARTESIAN_POINT('Ctrl Pts',(-6.80623764282556,32.2,-2.04210571908272));
#8034=CARTESIAN_POINT('Ctrl Pts',(-6.80623764282556,28.6,-2.04210571908272));
#8035=CARTESIAN_POINT('Ctrl Pts',(-6.74176799238916,32.2,-2.01700855434142));
#8036=CARTESIAN_POINT('Ctrl Pts',(-6.74176799238916,28.6,-2.01700855434142));
#8037=CARTESIAN_POINT('Ctrl Pts',(-6.67866592717973,32.2,-1.98698099657529));
#8038=CARTESIAN_POINT('Ctrl Pts',(-6.67866592717973,28.6,-1.98698099657529));
#8039=CARTESIAN_POINT('Ctrl Pts',(-6.61806176442943,32.2,-1.95268237012101));
#8040=CARTESIAN_POINT('Ctrl Pts',(-6.61806176442943,28.6,-1.95268237012101));
#8041=CARTESIAN_POINT('',(-6.61806176442943,32.2,-1.95268237012101));
#8042=CARTESIAN_POINT('Origin',(-6.73577224585638,32.2,-1.74716586191117));
#8043=CARTESIAN_POINT('',(-6.61806176442943,29.2,-1.95268237012101));
#8044=CARTESIAN_POINT('',(-6.61806176442943,32.2,-1.95268237012101));
#8045=CARTESIAN_POINT('Origin',(-6.73883729766606,29.2,-1.72498085324407));
#8046=CARTESIAN_POINT('Ctrl Pts',(-7.01161120638872,32.2,-1.66675196366482));
#8047=CARTESIAN_POINT('Ctrl Pts',(-7.01161120638872,28.6,-1.66675196366482));
#8048=CARTESIAN_POINT('Ctrl Pts',(-7.02464711465556,32.2,-1.73633068935673));
#8049=CARTESIAN_POINT('Ctrl Pts',(-7.02464711465556,28.6,-1.73633068935673));
#8050=CARTESIAN_POINT('Ctrl Pts',(-7.03358945171658,32.2,-1.80582068133569));
#8051=CARTESIAN_POINT('Ctrl Pts',(-7.03358945171658,28.6,-1.80582068133569));
#8052=CARTESIAN_POINT('Ctrl Pts',(-7.03789810920359,32.2,-1.87435023541899));
#8053=CARTESIAN_POINT('Ctrl Pts',(-7.03789810920359,28.6,-1.87435023541899));
#8054=CARTESIAN_POINT('Ctrl Pts',(-7.03627147662185,32.2,-1.94048832774592));
#8055=CARTESIAN_POINT('Ctrl Pts',(-7.03627147662185,28.6,-1.94048832774592));
#8056=CARTESIAN_POINT('',(-7.01161120638872,29.2,-1.66675196366482));
#8057=CARTESIAN_POINT('Origin',(-6.6115515480085,29.2,-1.50043632467455));
#8058=CARTESIAN_POINT('',(-7.01161120638872,32.2,-1.66675196366482));
#8059=CARTESIAN_POINT('',(-7.01161120638872,32.2,-1.66675196366482));
#8060=CARTESIAN_POINT('Origin',(-6.71252562811118,32.2,-1.56126786264837));
#8061=CARTESIAN_POINT('Origin',(-6.02190315997935,32.2,-1.89420990201887));
#8062=CARTESIAN_POINT('',(-7.00231861979341,32.2,-1.62955039056063));
#8063=CARTESIAN_POINT('Origin',(-6.02190315997935,32.2,-1.89420990201887));
#8064=CARTESIAN_POINT('',(-7.00231861979341,29.2,-1.62955039056063));
#8065=CARTESIAN_POINT('Origin',(-6.02190315997935,29.2,-1.89420990201887));
#8066=CARTESIAN_POINT('',(-7.00231861979341,32.2,-1.62955039056063));
#8067=CARTESIAN_POINT('Origin',(-7.06265875302739,32.2,-1.61326179573771));
#8068=CARTESIAN_POINT('Origin',(-7.06265875302739,32.2,-1.61326179573771));
#8069=CARTESIAN_POINT('Origin',(-7.06265875302739,29.2,-1.61326179573771));
#8070=CARTESIAN_POINT('Origin',(-6.55141503223215,32.2,-1.98470210107116));
#8071=CARTESIAN_POINT('',(-6.58555253309192,32.2,-1.93234867677963));
#8072=CARTESIAN_POINT('Origin',(-6.55141503223215,32.2,-1.98470210107116));
#8073=CARTESIAN_POINT('',(-6.58555253309192,29.2,-1.93234867677963));
#8074=CARTESIAN_POINT('Origin',(-6.55141503223215,29.2,-1.98470210107116));
#8075=CARTESIAN_POINT('',(-6.58555253309192,32.2,-1.93234867677963));
#8076=CARTESIAN_POINT('Origin',(-7.14022372469424,32.2,-1.08170245181052));
#8077=CARTESIAN_POINT('Origin',(-7.14022372469424,32.2,-1.08170245181052));
#8078=CARTESIAN_POINT('Origin',(-7.14022372469424,29.2,-1.08170245181052));
#8079=CARTESIAN_POINT('Origin',(-6.84012119105133,29.2,-1.8446845181394));
#8080=CARTESIAN_POINT('Origin',(-5.5,32.125,-1.110135E-15));
#8081=CARTESIAN_POINT('',(-5.60227931126583,32.05,-2.47288575200857));
#8082=CARTESIAN_POINT('',(-5.70292763380488,32.2,-2.31612723645277));
#8083=CARTESIAN_POINT('Origin',(-5.48756831278617,32.6860975323631,-1.75613432489122));
#8084=CARTESIAN_POINT('',(-5.2961105413808,32.2,-2.31604276486078));
#8085=CARTESIAN_POINT('Origin',(-5.5,32.2,-1.110047E-15));
#8086=CARTESIAN_POINT('',(-5.39772068873418,32.05,-2.47288575200857));
#8087=CARTESIAN_POINT('Ctrl Pts',(-5.2961105413808,32.2,-2.31604276486078));
#8088=CARTESIAN_POINT('Ctrl Pts',(-5.31113336304974,32.1736464829403,-2.34382071573322));
#8089=CARTESIAN_POINT('Ctrl Pts',(-5.32739825523282,32.1473889973529,-2.37141497977034));
#8090=CARTESIAN_POINT('Ctrl Pts',(-5.34483540117216,32.1216525257642,-2.39833338574619));
#8091=CARTESIAN_POINT('Ctrl Pts',(-5.36033120060622,32.098781397469,-2.42225485899285));
#8092=CARTESIAN_POINT('Ctrl Pts',(-5.37696442468082,32.0760095567637,-2.44596885679217));
#8093=CARTESIAN_POINT('Ctrl Pts',(-5.3946883800788,32.0537839007187,-2.46897110194948));
#8094=CARTESIAN_POINT('Ctrl Pts',(-5.39569563848814,32.0525208091316,-2.47027832735984));
#8095=CARTESIAN_POINT('Ctrl Pts',(-5.39670641181843,32.0512594815502,-2.47158324283341));
#8096=CARTESIAN_POINT('Ctrl Pts',(-5.39772068873418,32.05,-2.47288575200857));
#8097=CARTESIAN_POINT('Origin',(-5.5,32.05,-1.110223E-15));
#8098=CARTESIAN_POINT('Origin',(-5.5,32.2,-1.110223E-15));
#8099=CARTESIAN_POINT('',(-5.39772068873418,29.2,-2.47288575200857));
#8100=CARTESIAN_POINT('',(-5.39772068873418,32.05,-2.47288575200857));
#8101=CARTESIAN_POINT('',(-5.60227931126583,29.2,-2.47288575200857));
#8102=CARTESIAN_POINT('Origin',(-5.5,29.2,-1.110223E-15));
#8103=CARTESIAN_POINT('',(-5.60227931126583,32.05,-2.47288575200857));
#8104=CARTESIAN_POINT('Ctrl Pts',(-5.39772068873418,32.2,-2.47288575200857));
#8105=CARTESIAN_POINT('Ctrl Pts',(-5.39772068873418,28.6,-2.47288575200857));
#8106=CARTESIAN_POINT('Ctrl Pts',(-5.35644882643921,32.2,-2.41988545349034));
#8107=CARTESIAN_POINT('Ctrl Pts',(-5.35644882643921,28.6,-2.41988545349034));
#8108=CARTESIAN_POINT('Ctrl Pts',(-5.31904352692405,32.2,-2.36168711095703));
#8109=CARTESIAN_POINT('Ctrl Pts',(-5.31904352692405,28.6,-2.36168711095703));
#8110=CARTESIAN_POINT('Ctrl Pts',(-5.28564263940674,32.2,-2.30030384310535));
#8111=CARTESIAN_POINT('Ctrl Pts',(-5.28564263940674,28.6,-2.30030384310535));
#8112=CARTESIAN_POINT('Ctrl Pts',(-5.25677306861561,32.2,-2.23693343832797));
#8113=CARTESIAN_POINT('Ctrl Pts',(-5.25677306861561,28.6,-2.23693343832797));
#8114=CARTESIAN_POINT('',(-5.25677306861561,32.2,-2.23693343832797));
#8115=CARTESIAN_POINT('Origin',(-5.47280242119921,32.2,-2.13985557553976));
#8116=CARTESIAN_POINT('',(-5.25677306861561,29.2,-2.23693343832797));
#8117=CARTESIAN_POINT('',(-5.25677306861561,32.2,-2.23693343832797));
#8118=CARTESIAN_POINT('Origin',(-5.488322121054,29.2,-2.12370911880398));
#8119=CARTESIAN_POINT('Ctrl Pts',(-5.74322693138439,32.2,-2.23693343832798));
#8120=CARTESIAN_POINT('Ctrl Pts',(-5.74322693138439,28.6,-2.23693343832798));
#8121=CARTESIAN_POINT('Ctrl Pts',(-5.71287585387437,32.2,-2.30088612448917));
#8122=CARTESIAN_POINT('Ctrl Pts',(-5.71287585387437,28.6,-2.30088612448917));
#8123=CARTESIAN_POINT('Ctrl Pts',(-5.679265164059,32.2,-2.36236088278462));
#8124=CARTESIAN_POINT('Ctrl Pts',(-5.679265164059,28.6,-2.36236088278462));
#8125=CARTESIAN_POINT('Ctrl Pts',(-5.64247027995259,32.2,-2.420335021983));
#8126=CARTESIAN_POINT('Ctrl Pts',(-5.64247027995259,28.6,-2.420335021983));
#8127=CARTESIAN_POINT('Ctrl Pts',(-5.60227931126583,32.2,-2.47288575200857));
#8128=CARTESIAN_POINT('Ctrl Pts',(-5.60227931126583,28.6,-2.47288575200857));
#8129=CARTESIAN_POINT('',(-5.74322693138439,29.2,-2.23693343832798));
#8130=CARTESIAN_POINT('Origin',(-5.51732974881482,29.2,-1.8672320927196));
#8131=CARTESIAN_POINT('',(-5.74322693138439,32.2,-2.23693343832798));
#8132=CARTESIAN_POINT('',(-5.74322693138439,32.2,-2.23693343832798));
#8133=CARTESIAN_POINT('Origin',(-5.56326361765164,32.2,-1.97579692141093));
#8134=CARTESIAN_POINT('Origin',(-4.80883988068822,32.2,-1.83921498220727));
#8135=CARTESIAN_POINT('',(-5.75757560693981,32.2,-2.20137468811283));
#8136=CARTESIAN_POINT('Origin',(-4.80883988068822,32.2,-1.83921498220727));
#8137=CARTESIAN_POINT('',(-5.75757560693981,29.2,-2.20137468811283));
#8138=CARTESIAN_POINT('Origin',(-4.80883988068822,29.2,-1.83921498220727));
#8139=CARTESIAN_POINT('',(-5.75757560693981,32.2,-2.20137468811283));
#8140=CARTESIAN_POINT('Origin',(-5.81596599598642,32.2,-2.2236639785229));
#8141=CARTESIAN_POINT('Origin',(-5.81596599598642,32.2,-2.2236639785229));
#8142=CARTESIAN_POINT('Origin',(-5.81596599598642,29.2,-2.2236639785229));
#8143=CARTESIAN_POINT('Origin',(-5.18403400401358,32.2,-2.22366397852291));
#8144=CARTESIAN_POINT('',(-5.24242439306019,32.2,-2.20137468811283));
#8145=CARTESIAN_POINT('Origin',(-5.18403400401358,32.2,-2.22366397852291));
#8146=CARTESIAN_POINT('',(-5.24242439306019,29.2,-2.20137468811283));
#8147=CARTESIAN_POINT('Origin',(-5.18403400401358,29.2,-2.22366397852291));
#8148=CARTESIAN_POINT('',(-5.24242439306019,32.2,-2.20137468811283));
#8149=CARTESIAN_POINT('Origin',(-6.19116011931178,32.2,-1.83921498220727));
#8150=CARTESIAN_POINT('Origin',(-6.19116011931178,32.2,-1.83921498220727));
#8151=CARTESIAN_POINT('Origin',(-6.19116011931178,29.2,-1.83921498220727));
#8152=CARTESIAN_POINT('Origin',(-5.49990246318793,29.2,-2.28008459681973));
#8153=CARTESIAN_POINT('Origin',(-5.5,32.125,2.693607E-16));
#8154=CARTESIAN_POINT('',(-7.44048832774592,32.05,1.53627147662184));
#8155=CARTESIAN_POINT('',(-7.25450842499186,32.2,1.52555733639631));
#8156=CARTESIAN_POINT('Origin',(-6.92804967495209,32.6860975332944,1.02217241014741));
#8157=CARTESIAN_POINT('',(-7.49356117334577,32.2,1.19638574386702));
#8158=CARTESIAN_POINT('Origin',(-5.5,32.2,2.611656E-16));
#8159=CARTESIAN_POINT('',(-7.56072486929928,32.05,1.37078007464781));
#8160=CARTESIAN_POINT('Ctrl Pts',(-7.49356117334577,32.2,1.19638574386701));
#8161=CARTESIAN_POINT('Ctrl Pts',(-7.50720381464565,32.1736464829403,1.22486693176235));
#8162=CARTESIAN_POINT('Ctrl Pts',(-7.51996777944361,32.1473889973529,1.25424500739901));
#8163=CARTESIAN_POINT('Ctrl Pts',(-7.53149593011434,32.1216525257642,1.28417419684516));
#8164=CARTESIAN_POINT('Ctrl Pts',(-7.54174060612155,32.0987813974691,1.31077125111621));
#8165=CARTESIAN_POINT('Ctrl Pts',(-7.55114886953662,32.0760095567637,1.33816655024311));
#8166=CARTESIAN_POINT('Ctrl Pts',(-7.55934019718245,32.0537839007188,1.36602591184067));
#8167=CARTESIAN_POINT('Ctrl Pts',(-7.55980571311666,32.0525208091316,1.36760916882922));
#8168=CARTESIAN_POINT('Ctrl Pts',(-7.56026729425406,32.0512594815502,1.36919391170179));
#8169=CARTESIAN_POINT('Ctrl Pts',(-7.56072486929928,32.05,1.37078007464781));
#8170=CARTESIAN_POINT('Origin',(-5.5,32.05,2.775558E-16));
#8171=CARTESIAN_POINT('Origin',(-5.5,32.2,2.775558E-16));
#8172=CARTESIAN_POINT('',(-7.56072486929928,29.2,1.37078007464781));
#8173=CARTESIAN_POINT('',(-7.56072486929928,32.05,1.37078007464781));
#8174=CARTESIAN_POINT('',(-7.44048832774592,29.2,1.53627147662184));
#8175=CARTESIAN_POINT('Origin',(-5.5,29.2,2.775558E-16));
#8176=CARTESIAN_POINT('',(-7.44048832774592,32.05,1.53627147662184));
#8177=CARTESIAN_POINT('Ctrl Pts',(-7.56072486929928,32.2,1.37078007464781));
#8178=CARTESIAN_POINT('Ctrl Pts',(-7.56072486929928,28.6,1.37078007464781));
#8179=CARTESIAN_POINT('Ctrl Pts',(-7.54210571908272,32.2,1.30623764282556));
#8180=CARTESIAN_POINT('Ctrl Pts',(-7.54210571908272,28.6,1.30623764282556));
#8181=CARTESIAN_POINT('Ctrl Pts',(-7.51700855434142,32.2,1.24176799238916));
#8182=CARTESIAN_POINT('Ctrl Pts',(-7.51700855434142,28.6,1.24176799238916));
#8183=CARTESIAN_POINT('Ctrl Pts',(-7.48698099657529,32.2,1.17866592717972));
#8184=CARTESIAN_POINT('Ctrl Pts',(-7.48698099657529,28.6,1.17866592717972));
#8185=CARTESIAN_POINT('Ctrl Pts',(-7.45268237012101,32.2,1.11806176442943));
#8186=CARTESIAN_POINT('Ctrl Pts',(-7.45268237012101,28.6,1.11806176442943));
#8187=CARTESIAN_POINT('',(-7.45268237012101,32.2,1.11806176442943));
#8188=CARTESIAN_POINT('Origin',(-7.24716586181481,32.2,1.23577224590074));
#8189=CARTESIAN_POINT('',(-7.45268237012101,29.2,1.11806176442943));
#8190=CARTESIAN_POINT('',(-7.45268237012101,32.2,1.11806176442943));
#8191=CARTESIAN_POINT('Origin',(-7.22498085324469,29.2,1.23883729766588));
#8192=CARTESIAN_POINT('Ctrl Pts',(-7.16675196366482,32.2,1.51161120638872));
#8193=CARTESIAN_POINT('Ctrl Pts',(-7.16675196366482,28.6,1.51161120638872));
#8194=CARTESIAN_POINT('Ctrl Pts',(-7.23633068935673,32.2,1.52464711465556));
#8195=CARTESIAN_POINT('Ctrl Pts',(-7.23633068935673,28.6,1.52464711465556));
#8196=CARTESIAN_POINT('Ctrl Pts',(-7.30582068133569,32.2,1.53358945171657));
#8197=CARTESIAN_POINT('Ctrl Pts',(-7.30582068133569,28.6,1.53358945171657));
#8198=CARTESIAN_POINT('Ctrl Pts',(-7.374350235419,32.2,1.53789810920359));
#8199=CARTESIAN_POINT('Ctrl Pts',(-7.374350235419,28.6,1.53789810920359));
#8200=CARTESIAN_POINT('Ctrl Pts',(-7.44048832774592,32.2,1.53627147662184));
#8201=CARTESIAN_POINT('Ctrl Pts',(-7.44048832774592,28.6,1.53627147662184));
#8202=CARTESIAN_POINT('',(-7.16675196366482,29.2,1.51161120638872));
#8203=CARTESIAN_POINT('Origin',(-7.00043632467475,29.2,1.111551548009));
#8204=CARTESIAN_POINT('',(-7.16675196366482,32.2,1.51161120638872));
#8205=CARTESIAN_POINT('',(-7.16675196366482,32.2,1.51161120638872));
#8206=CARTESIAN_POINT('Origin',(-7.06126786470234,32.2,1.21252563236049));
#8207=CARTESIAN_POINT('Origin',(-7.39420990201887,32.2,0.521903159979348));
#8208=CARTESIAN_POINT('',(-7.12955039056063,32.2,1.50231861979341));
#8209=CARTESIAN_POINT('Origin',(-7.39420990201887,32.2,0.521903159979348));
#8210=CARTESIAN_POINT('',(-7.12955039056063,29.2,1.50231861979341));
#8211=CARTESIAN_POINT('Origin',(-7.39420990201887,29.2,0.521903159979348));
#8212=CARTESIAN_POINT('',(-7.12955039056063,32.2,1.50231861979341));
#8213=CARTESIAN_POINT('Origin',(-7.11326179573772,32.2,1.56265875302739));
#8214=CARTESIAN_POINT('Origin',(-7.11326179573772,32.2,1.56265875302739));
#8215=CARTESIAN_POINT('Origin',(-7.11326179573772,29.2,1.56265875302739));
#8216=CARTESIAN_POINT('Origin',(-7.48470210107116,32.2,1.05141503223215));
#8217=CARTESIAN_POINT('',(-7.43234867677963,32.2,1.08555253309192));
#8218=CARTESIAN_POINT('Origin',(-7.48470210107116,32.2,1.05141503223215));
#8219=CARTESIAN_POINT('',(-7.43234867677963,29.2,1.08555253309192));
#8220=CARTESIAN_POINT('Origin',(-7.48470210107116,29.2,1.05141503223215));
#8221=CARTESIAN_POINT('',(-7.43234867677963,32.2,1.08555253309192));
#8222=CARTESIAN_POINT('Origin',(-6.58170245181052,32.2,1.64022372469424));
#8223=CARTESIAN_POINT('Origin',(-6.58170245181052,32.2,1.64022372469424));
#8224=CARTESIAN_POINT('Origin',(-6.58170245181052,29.2,1.64022372469424));
#8225=CARTESIAN_POINT('Origin',(-7.3446845181394,29.2,1.34012119105133));
#8226=CARTESIAN_POINT('Origin',(-5.5,32.125,1.66214E-15));
#8227=CARTESIAN_POINT('',(-6.16689031705677,32.05,2.3834601538553));
#8228=CARTESIAN_POINT('',(-6.0227270287321,32.2,2.2654759882711));
#8229=CARTESIAN_POINT('Origin',(-6.0544985879018,32.6860975327592,1.66634139009595));
#8230=CARTESIAN_POINT('',(-6.4096069722648,32.2,2.13968225585185));
#8231=CARTESIAN_POINT('Origin',(-5.5,32.2,1.658946E-15));
#8232=CARTESIAN_POINT('',(-6.36143712797986,32.05,2.32024806314709));
#8233=CARTESIAN_POINT('Ctrl Pts',(-6.4096069722648,32.2,2.13968225585185));
#8234=CARTESIAN_POINT('Ctrl Pts',(-6.40390327871192,32.1736464829403,2.17074296423754));
#8235=CARTESIAN_POINT('Ctrl Pts',(-6.3969615435491,32.1473889973529,2.20201279695867));
#8236=CARTESIAN_POINT('Ctrl Pts',(-6.38869607718592,32.1216525257642,2.23300209679894));
#8237=CARTESIAN_POINT('Ctrl Pts',(-6.38135083792264,32.098781397469,2.26054123517621));
#8238=CARTESIAN_POINT('Ctrl Pts',(-6.37285973010401,32.0760095567635,2.28823453622107));
#8239=CARTESIAN_POINT('Ctrl Pts',(-6.36311133149058,32.0537839007185,2.31558797479298));
#8240=CARTESIAN_POINT('Ctrl Pts',(-6.3625573266841,32.0525208091314,2.31714248000388));
#8241=CARTESIAN_POINT('Ctrl Pts',(-6.36199926517942,32.0512594815501,2.31869587450465));
#8242=CARTESIAN_POINT('Ctrl Pts',(-6.36143712797986,32.05,2.32024806314709));
#8243=CARTESIAN_POINT('Origin',(-5.5,32.05,1.665335E-15));
#8244=CARTESIAN_POINT('Origin',(-5.5,32.2,1.665335E-15));
#8245=CARTESIAN_POINT('',(-6.36143712797986,29.2,2.32024806314709));
#8246=CARTESIAN_POINT('',(-6.36143712797986,32.05,2.32024806314709));
#8247=CARTESIAN_POINT('',(-6.16689031705677,29.2,2.3834601538553));
#8248=CARTESIAN_POINT('Origin',(-5.5,29.2,1.665335E-15));
#8249=CARTESIAN_POINT('',(-6.16689031705677,32.05,2.3834601538553));
#8250=CARTESIAN_POINT('Ctrl Pts',(-6.36143712797986,32.2,2.32024806314709));
#8251=CARTESIAN_POINT('Ctrl Pts',(-6.36143712797986,28.6,2.32024806314709));
#8252=CARTESIAN_POINT('Ctrl Pts',(-6.38431100860604,32.2,2.25708807703709));
#8253=CARTESIAN_POINT('Ctrl Pts',(-6.38431100860604,28.6,2.25708807703709));
#8254=CARTESIAN_POINT('Ctrl Pts',(-6.40190128556667,32.2,2.19017929090334));
#8255=CARTESIAN_POINT('Ctrl Pts',(-6.40190128556667,28.6,2.19017929090334));
#8256=CARTESIAN_POINT('Ctrl Pts',(-6.4146989443536,32.2,2.12147889215146));
#8257=CARTESIAN_POINT('Ctrl Pts',(-6.4146989443536,28.6,2.12147889215146));
#8258=CARTESIAN_POINT('Ctrl Pts',(-6.42257300576053,32.2,2.0522888677529));
#8259=CARTESIAN_POINT('Ctrl Pts',(-6.42257300576053,28.6,2.0522888677529));
#8260=CARTESIAN_POINT('',(-6.42257300576053,32.2,2.0522888677529));
#8261=CARTESIAN_POINT('Origin',(-6.1871181724313,32.2,2.02671907484953));
#8262=CARTESIAN_POINT('',(-6.42257300576053,29.2,2.0522888677529));
#8263=CARTESIAN_POINT('',(-6.42257300576053,32.2,2.0522888677529));
#8264=CARTESIAN_POINT('Origin',(-6.16736853169719,29.2,2.01615873310894));
#8265=CARTESIAN_POINT('Ctrl Pts',(-5.95992788969733,32.2,2.2026113783278));
#8266=CARTESIAN_POINT('Ctrl Pts',(-5.95992788969733,28.6,2.2026113783278));
#8267=CARTESIAN_POINT('Ctrl Pts',(-6.00855594659955,32.2,2.25405499848779));
#8268=CARTESIAN_POINT('Ctrl Pts',(-6.00855594659955,28.6,2.25405499848779));
#8269=CARTESIAN_POINT('Ctrl Pts',(-6.05951835720402,32.2,2.30213469360673));
#8270=CARTESIAN_POINT('Ctrl Pts',(-6.05951835720402,28.6,2.30213469360673));
#8271=CARTESIAN_POINT('Ctrl Pts',(-6.1124273657463,32.2,2.34590113197301));
#8272=CARTESIAN_POINT('Ctrl Pts',(-6.1124273657463,28.6,2.34590113197301));
#8273=CARTESIAN_POINT('Ctrl Pts',(-6.16689031705677,32.2,2.3834601538553));
#8274=CARTESIAN_POINT('Ctrl Pts',(-6.16689031705677,28.6,2.3834601538553));
#8275=CARTESIAN_POINT('',(-5.95992788969733,29.2,2.20261137832779));
#8276=CARTESIAN_POINT('Origin',(-6.06052487855712,29.2,1.78119843610435));
#8277=CARTESIAN_POINT('',(-5.95992788969733,32.2,2.20261137832779));
#8278=CARTESIAN_POINT('',(-5.95992788969733,32.2,2.20261137832779));
#8279=CARTESIAN_POINT('Origin',(-6.0503875509433,32.2,1.89864406647515));
#8280=CARTESIAN_POINT('Origin',(-6.72568102108587,32.2,1.53561717099434));
#8281=CARTESIAN_POINT('',(-5.93529323019493,32.2,2.17322698181776));
#8282=CARTESIAN_POINT('Origin',(-6.72568102108587,32.2,1.53561717099434));
#8283=CARTESIAN_POINT('',(-5.93529323019493,29.2,2.17322698181776));
#8284=CARTESIAN_POINT('Origin',(-6.72568102108587,29.2,1.53561717099434));
#8285=CARTESIAN_POINT('',(-5.93529323019493,32.2,2.17322698181776));
#8286=CARTESIAN_POINT('Origin',(-5.88664843973241,32.2,2.21246897922943));
#8287=CARTESIAN_POINT('Origin',(-5.88664843973241,32.2,2.21246897922943));
#8288=CARTESIAN_POINT('Origin',(-5.88664843973241,29.2,2.21246897922943));
#8289=CARTESIAN_POINT('Origin',(-6.48765147855356,32.2,2.0171912544206));
#8290=CARTESIAN_POINT('',(-6.42523114903249,32.2,2.01403650205608));
#8291=CARTESIAN_POINT('Origin',(-6.48765147855356,32.2,2.0171912544206));
#8292=CARTESIAN_POINT('',(-6.42523114903249,29.2,2.01403650205608));
#8293=CARTESIAN_POINT('Origin',(-6.48765147855356,29.2,2.0171912544206));
#8294=CARTESIAN_POINT('',(-6.42523114903249,32.2,2.01403650205608));
#8295=CARTESIAN_POINT('Origin',(-5.41101635053626,32.2,1.96277761639745));
#8296=CARTESIAN_POINT('Origin',(-5.41101635053626,32.2,1.96277761639745));
#8297=CARTESIAN_POINT('Origin',(-5.41101635053626,29.2,1.96277761639745));
#8298=CARTESIAN_POINT('Origin',(-6.20467765205054,29.2,2.16845917297711));
#8299=CARTESIAN_POINT('Origin',(-6.20467765205054,32.2,2.16845917297711));
#8300=CARTESIAN_POINT('',(0.,0.,0.));
#8301=CARTESIAN_POINT('',(0.,0.,0.));
#8302=UNCERTAINTY_MEASURE_WITH_UNIT(LENGTH_MEASURE(0.01),#8310,
'DISTANCE_ACCURACY_VALUE',
'Maximum model space distance between geometric entities at asserted c
onnectivities');
#8303=UNCERTAINTY_MEASURE_WITH_UNIT(LENGTH_MEASURE(0.01),#8310,
'DISTANCE_ACCURACY_VALUE',
'Maximum model space distance between geometric entities at asserted c
onnectivities');
#8304=UNCERTAINTY_MEASURE_WITH_UNIT(LENGTH_MEASURE(0.01),#8310,
'DISTANCE_ACCURACY_VALUE',
'Maximum model space distance between geometric entities at asserted c
onnectivities');
#8305=UNCERTAINTY_MEASURE_WITH_UNIT(LENGTH_MEASURE(0.01),#8310,
'DISTANCE_ACCURACY_VALUE',
'Maximum model space distance between geometric entities at asserted c
onnectivities');
#8306=(
GEOMETRIC_REPRESENTATION_CONTEXT(3)
GLOBAL_UNCERTAINTY_ASSIGNED_CONTEXT((#8302))
GLOBAL_UNIT_ASSIGNED_CONTEXT((#8310,#8312,#8313))
REPRESENTATION_CONTEXT('','3D')
);
#8307=(
GEOMETRIC_REPRESENTATION_CONTEXT(3)
GLOBAL_UNCERTAINTY_ASSIGNED_CONTEXT((#8303))
GLOBAL_UNIT_ASSIGNED_CONTEXT((#8310,#8312,#8313))
REPRESENTATION_CONTEXT('','3D')
);
#8308=(
GEOMETRIC_REPRESENTATION_CONTEXT(3)
GLOBAL_UNCERTAINTY_ASSIGNED_CONTEXT((#8304))
GLOBAL_UNIT_ASSIGNED_CONTEXT((#8310,#8312,#8313))
REPRESENTATION_CONTEXT('','3D')
);
#8309=(
GEOMETRIC_REPRESENTATION_CONTEXT(3)
GLOBAL_UNCERTAINTY_ASSIGNED_CONTEXT((#8305))
GLOBAL_UNIT_ASSIGNED_CONTEXT((#8310,#8312,#8313))
REPRESENTATION_CONTEXT('','3D')
);
#8310=(
LENGTH_UNIT()
NAMED_UNIT(*)
SI_UNIT(.MILLI.,.METRE.)
);
#8311=(
LENGTH_UNIT()
NAMED_UNIT(*)
SI_UNIT($,.METRE.)
);
#8312=(
NAMED_UNIT(*)
PLANE_ANGLE_UNIT()
SI_UNIT($,.RADIAN.)
);
#8313=(
NAMED_UNIT(*)
SI_UNIT($,.STERADIAN.)
SOLID_ANGLE_UNIT()
);
#8314=SHAPE_DEFINITION_REPRESENTATION(#8317,#8322);
#8315=SHAPE_DEFINITION_REPRESENTATION(#8318,#8323);
#8316=SHAPE_DEFINITION_REPRESENTATION(#8319,#8324);
#8317=PRODUCT_DEFINITION_SHAPE('',$,#8326);
#8318=PRODUCT_DEFINITION_SHAPE('',$,#8327);
#8319=PRODUCT_DEFINITION_SHAPE('',$,#8328);
#8320=PRODUCT_DEFINITION_SHAPE($,$,#17);
#8321=PRODUCT_DEFINITION_SHAPE($,$,#18);
#8322=SHAPE_REPRESENTATION('',(#4394,#4970),#8306);
#8323=SHAPE_REPRESENTATION('',(#4395,#4969),#8307);
#8324=SHAPE_REPRESENTATION('',(#4396),#8308);
#8325=PRODUCT_DEFINITION_CONTEXT('part definition',#8336,'design');
#8326=PRODUCT_DEFINITION('(Unsaved)','(Unsaved)',#8329,#8325);
#8327=PRODUCT_DEFINITION('SERVOFULLCOMBINE','SERVOFULLCOMBINE v1',#8330,
#8325);
#8328=PRODUCT_DEFINITION('MG90S Servo Motor','MG90S Servo Motor v1',#8331,
#8325);
#8329=PRODUCT_DEFINITION_FORMATION('',$,#8338);
#8330=PRODUCT_DEFINITION_FORMATION('',$,#8339);
#8331=PRODUCT_DEFINITION_FORMATION('',$,#8340);
#8332=PRODUCT_RELATED_PRODUCT_CATEGORY('(Unsaved)','(Unsaved)',(#8338));
#8333=PRODUCT_RELATED_PRODUCT_CATEGORY('SERVOFULLCOMBINE v1',
'SERVOFULLCOMBINE v1',(#8339));
#8334=PRODUCT_RELATED_PRODUCT_CATEGORY('MG90S Servo Motor v1',
'MG90S Servo Motor v1',(#8340));
#8335=APPLICATION_PROTOCOL_DEFINITION('international standard',
'automotive_design',2009,#8336);
#8336=APPLICATION_CONTEXT(
'Core Data for Automotive Mechanical Design Process');
#8337=PRODUCT_CONTEXT('part definition',#8336,'mechanical');
#8338=PRODUCT('(Unsaved)','(Unsaved)',$,(#8337));
#8339=PRODUCT('SERVOFULLCOMBINE','SERVOFULLCOMBINE v1',$,(#8337));
#8340=PRODUCT('MG90S Servo Motor','MG90S Servo Motor v1',$,(#8337));
#8341=PRESENTATION_STYLE_ASSIGNMENT((#8344));
#8342=PRESENTATION_STYLE_ASSIGNMENT((#8345));
#8343=PRESENTATION_STYLE_ASSIGNMENT((#8346));
#8344=SURFACE_STYLE_USAGE(.BOTH.,#8347);
#8345=SURFACE_STYLE_USAGE(.BOTH.,#8348);
#8346=SURFACE_STYLE_USAGE(.BOTH.,#8349);
#8347=SURFACE_SIDE_STYLE('',(#8350));
#8348=SURFACE_SIDE_STYLE('',(#8351));
#8349=SURFACE_SIDE_STYLE('',(#8352));
#8350=SURFACE_STYLE_FILL_AREA(#8353);
#8351=SURFACE_STYLE_FILL_AREA(#8354);
#8352=SURFACE_STYLE_FILL_AREA(#8355);
#8353=FILL_AREA_STYLE('Steel - Satin',(#8356));
#8354=FILL_AREA_STYLE('Opaque(54,54,54)',(#8357));
#8355=FILL_AREA_STYLE('Opaque(244,244,244)',(#8358));
#8356=FILL_AREA_STYLE_COLOUR('Steel - Satin',#8359);
#8357=FILL_AREA_STYLE_COLOUR('Opaque(54,54,54)',#8360);
#8358=FILL_AREA_STYLE_COLOUR('Opaque(244,244,244)',#8361);
#8359=COLOUR_RGB('Steel - Satin',0.627450980392157,0.627450980392157,0.627450980392157);
#8360=COLOUR_RGB('Opaque(54,54,54)',0.211764705882353,0.211764705882353,
0.211764705882353);
#8361=COLOUR_RGB('Opaque(244,244,244)',0.956862745098039,0.956862745098039,
0.956862745098039);
ENDSEC;
END-ISO-10303-21;
