ISO-10303-21;
HEADER;
/* Generated by software containing ST-Developer
 * from STEP Tools, Inc. (www.steptools.com) 
 */

FILE_DESCRIPTION(
/* description */ (''),
/* implementation_level */ '2;1');

FILE_NAME(
/* name */ 'Project Robotic arm withour gripper.step',
/* time_stamp */ '2026-09-27T22:25:41+05:30',
/* author */ (''),
/* organization */ (''),
/* preprocessor_version */ 'ST-DEVELOPER v20.2',
/* originating_system */ 'Autodesk Translation Framework v15.15.0.0',
/* authorisation */ '');

FILE_SCHEMA (('AUTOMOTIVE_DESIGN { 1 0 10303 214 3 1 1 }'));
ENDSEC;

DATA;
#10=MECHANICAL_DESIGN_GEOMETRIC_PRESENTATION_REPRESENTATION('',(#302,#303,
#304,#305,#306,#307,#308,#309,#310,#311,#312,#313,#314,#315,#316,#317,#318,
#319,#320,#321,#322,#323,#324,#325,#326,#327,#328,#329,#330,#331,#332,#333,
#334,#335,#336,#337,#338,#339,#340,#341,#342,#343,#344,#345,#346,#347,#348,
#349,#350,#351,#352,#353,#354,#355,#356,#357,#358,#359,#360,#361,#362,#363,
#364,#365,#366,#367,#368,#369,#370,#371,#372,#373,#374,#375,#376,#377,#378,
#379,#380,#381,#382,#383,#384,#385,#386,#387,#388,#389,#390,#391,#392,#393,
#394,#395,#396,#397,#398,#399,#400,#401,#402,#403,#404,#405,#406,#407,#408,
#409,#410,#411,#412,#413,#414,#415,#416,#417,#418,#419,#420,#421,#422,#423,
#424,#425,#426,#427,#428,#429,#430,#431,#432,#433,#434,#435,#436,#437,#438,
#439,#440,#441,#442,#443,#444,#445,#446,#447,#448,#449,#450,#451,#452,#453,
#454,#455,#456,#457,#458,#459,#460,#461,#462,#463,#464,#465,#466,#467,#468,
#469,#470,#471,#472,#473,#474,#475,#476,#477,#478,#479,#480,#481,#482,#483,
#484,#485,#486,#487,#488,#489),#13455);
#11=TOROIDAL_SURFACE('',#7921,2.7,0.2);
#12=TOROIDAL_SURFACE('',#7926,6.1,0.2);
#13=TOROIDAL_SURFACE('',#7930,6.1,0.2);
#14=B_SPLINE_SURFACE_WITH_KNOTS('',4,1,((#11020,#11021),(#11022,#11023),
(#11024,#11025),(#11026,#11027),(#11028,#11029)),.UNSPECIFIED.,.F.,.F.,
 .F.,(5,5),(2,2),(-1.,0.),(0.,0.432),.UNSPECIFIED.);
#15=B_SPLINE_SURFACE_WITH_KNOTS('',4,1,((#11035,#11036),(#11037,#11038),
(#11039,#11040),(#11041,#11042),(#11043,#11044)),.UNSPECIFIED.,.F.,.F.,
 .F.,(5,5),(2,2),(-1.,0.),(0.,0.432),.UNSPECIFIED.);
#16=B_SPLINE_SURFACE_WITH_KNOTS('',4,1,((#11100,#11101),(#11102,#11103),
(#11104,#11105),(#11106,#11107),(#11108,#11109)),.UNSPECIFIED.,.F.,.F.,
 .F.,(5,5),(2,2),(-1.,0.),(0.,0.432),.UNSPECIFIED.);
#17=B_SPLINE_SURFACE_WITH_KNOTS('',4,1,((#11115,#11116),(#11117,#11118),
(#11119,#11120),(#11121,#11122),(#11123,#11124)),.UNSPECIFIED.,.F.,.F.,
 .F.,(5,5),(2,2),(-1.,0.),(0.,0.432),.UNSPECIFIED.);
#18=B_SPLINE_SURFACE_WITH_KNOTS('',4,1,((#11180,#11181),(#11182,#11183),
(#11184,#11185),(#11186,#11187),(#11188,#11189)),.UNSPECIFIED.,.F.,.F.,
 .F.,(5,5),(2,2),(-1.,0.),(0.,0.432),.UNSPECIFIED.);
#19=B_SPLINE_SURFACE_WITH_KNOTS('',4,1,((#11195,#11196),(#11197,#11198),
(#11199,#11200),(#11201,#11202),(#11203,#11204)),.UNSPECIFIED.,.F.,.F.,
 .F.,(5,5),(2,2),(-1.,0.),(0.,0.432),.UNSPECIFIED.);
#20=B_SPLINE_SURFACE_WITH_KNOTS('',4,1,((#11260,#11261),(#11262,#11263),
(#11264,#11265),(#11266,#11267),(#11268,#11269)),.UNSPECIFIED.,.F.,.F.,
 .F.,(5,5),(2,2),(-1.,0.),(0.,0.432),.UNSPECIFIED.);
#21=B_SPLINE_SURFACE_WITH_KNOTS('',4,1,((#11275,#11276),(#11277,#11278),
(#11279,#11280),(#11281,#11282),(#11283,#11284)),.UNSPECIFIED.,.F.,.F.,
 .F.,(5,5),(2,2),(-1.,0.),(0.,0.432),.UNSPECIFIED.);
#22=B_SPLINE_SURFACE_WITH_KNOTS('',4,1,((#11340,#11341),(#11342,#11343),
(#11344,#11345),(#11346,#11347),(#11348,#11349)),.UNSPECIFIED.,.F.,.F.,
 .F.,(5,5),(2,2),(-1.,0.),(0.,0.432),.UNSPECIFIED.);
#23=B_SPLINE_SURFACE_WITH_KNOTS('',4,1,((#11355,#11356),(#11357,#11358),
(#11359,#11360),(#11361,#11362),(#11363,#11364)),.UNSPECIFIED.,.F.,.F.,
 .F.,(5,5),(2,2),(-1.,0.),(0.,0.432),.UNSPECIFIED.);
#24=B_SPLINE_SURFACE_WITH_KNOTS('',4,1,((#11420,#11421),(#11422,#11423),
(#11424,#11425),(#11426,#11427),(#11428,#11429)),.UNSPECIFIED.,.F.,.F.,
 .F.,(5,5),(2,2),(-1.,0.),(0.,0.432),.UNSPECIFIED.);
#25=B_SPLINE_SURFACE_WITH_KNOTS('',4,1,((#11435,#11436),(#11437,#11438),
(#11439,#11440),(#11441,#11442),(#11443,#11444)),.UNSPECIFIED.,.F.,.F.,
 .F.,(5,5),(2,2),(-1.,0.),(0.,0.432),.UNSPECIFIED.);
#26=B_SPLINE_SURFACE_WITH_KNOTS('',4,1,((#11500,#11501),(#11502,#11503),
(#11504,#11505),(#11506,#11507),(#11508,#11509)),.UNSPECIFIED.,.F.,.F.,
 .F.,(5,5),(2,2),(-1.,0.),(0.,0.432),.UNSPECIFIED.);
#27=B_SPLINE_SURFACE_WITH_KNOTS('',4,1,((#11515,#11516),(#11517,#11518),
(#11519,#11520),(#11521,#11522),(#11523,#11524)),.UNSPECIFIED.,.F.,.F.,
 .F.,(5,5),(2,2),(-1.,0.),(0.,0.432),.UNSPECIFIED.);
#28=B_SPLINE_SURFACE_WITH_KNOTS('',4,1,((#11582,#11583),(#11584,#11585),
(#11586,#11587),(#11588,#11589),(#11590,#11591)),.UNSPECIFIED.,.F.,.F.,
 .F.,(5,5),(2,2),(-1.,0.),(0.,0.432),.UNSPECIFIED.);
#29=B_SPLINE_SURFACE_WITH_KNOTS('',4,1,((#11597,#11598),(#11599,#11600),
(#11601,#11602),(#11603,#11604),(#11605,#11606)),.UNSPECIFIED.,.F.,.F.,
 .F.,(5,5),(2,2),(-1.,0.),(0.,0.432),.UNSPECIFIED.);
#30=B_SPLINE_SURFACE_WITH_KNOTS('',4,1,((#11662,#11663),(#11664,#11665),
(#11666,#11667),(#11668,#11669),(#11670,#11671)),.UNSPECIFIED.,.F.,.F.,
 .F.,(5,5),(2,2),(-1.,0.),(0.,0.432),.UNSPECIFIED.);
#31=B_SPLINE_SURFACE_WITH_KNOTS('',4,1,((#11677,#11678),(#11679,#11680),
(#11681,#11682),(#11683,#11684),(#11685,#11686)),.UNSPECIFIED.,.F.,.F.,
 .F.,(5,5),(2,2),(-1.,0.),(0.,0.432),.UNSPECIFIED.);
#32=B_SPLINE_SURFACE_WITH_KNOTS('',4,1,((#11742,#11743),(#11744,#11745),
(#11746,#11747),(#11748,#11749),(#11750,#11751)),.UNSPECIFIED.,.F.,.F.,
 .F.,(5,5),(2,2),(-1.,0.),(0.,0.432),.UNSPECIFIED.);
#33=B_SPLINE_SURFACE_WITH_KNOTS('',4,1,((#11757,#11758),(#11759,#11760),
(#11761,#11762),(#11763,#11764),(#11765,#11766)),.UNSPECIFIED.,.F.,.F.,
 .F.,(5,5),(2,2),(-1.,0.),(0.,0.432),.UNSPECIFIED.);
#34=B_SPLINE_SURFACE_WITH_KNOTS('',4,1,((#11822,#11823),(#11824,#11825),
(#11826,#11827),(#11828,#11829),(#11830,#11831)),.UNSPECIFIED.,.F.,.F.,
 .F.,(5,5),(2,2),(-1.,0.),(0.,0.432),.UNSPECIFIED.);
#35=B_SPLINE_SURFACE_WITH_KNOTS('',4,1,((#11837,#11838),(#11839,#11840),
(#11841,#11842),(#11843,#11844),(#11845,#11846)),.UNSPECIFIED.,.F.,.F.,
 .F.,(5,5),(2,2),(-1.,0.),(0.,0.432),.UNSPECIFIED.);
#36=B_SPLINE_SURFACE_WITH_KNOTS('',4,1,((#11902,#11903),(#11904,#11905),
(#11906,#11907),(#11908,#11909),(#11910,#11911)),.UNSPECIFIED.,.F.,.F.,
 .F.,(5,5),(2,2),(-1.,0.),(0.,0.432),.UNSPECIFIED.);
#37=B_SPLINE_SURFACE_WITH_KNOTS('',4,1,((#11917,#11918),(#11919,#11920),
(#11921,#11922),(#11923,#11924),(#11925,#11926)),.UNSPECIFIED.,.F.,.F.,
 .F.,(5,5),(2,2),(-1.,0.),(0.,0.432),.UNSPECIFIED.);
#38=B_SPLINE_SURFACE_WITH_KNOTS('',3,3,((#12104,#12105,#12106,#12107,#12108,
#12109),(#12110,#12111,#12112,#12113,#12114,#12115),(#12116,#12117,#12118,
#12119,#12120,#12121),(#12122,#12123,#12124,#12125,#12126,#12127)),
 .UNSPECIFIED.,.F.,.F.,.F.,(4,4),(4,2,4),(0.,1.),(-0.000916975964786,0.,
0.1570771570926),.UNSPECIFIED.);
#39=B_SPLINE_SURFACE_WITH_KNOTS('',3,3,((#12138,#12139,#12140,#12141,#12142,
#12143),(#12144,#12145,#12146,#12147,#12148,#12149),(#12150,#12151,#12152,
#12153,#12154,#12155),(#12156,#12157,#12158,#12159,#12160,#12161),(#12162,
#12163,#12164,#12165,#12166,#12167)),.UNSPECIFIED.,.F.,.F.,.F.,(4,1,4),
(4,2,4),(0.,0.5,1.),(0.301640410627729,0.458717567720329,0.459634543685115),
 .UNSPECIFIED.);
#40=B_SPLINE_SURFACE_WITH_KNOTS('',4,1,((#12288,#12289),(#12290,#12291),
(#12292,#12293),(#12294,#12295),(#12296,#12297)),.UNSPECIFIED.,.F.,.F.,
 .F.,(5,5),(2,2),(-1.,0.),(0.,0.432),.UNSPECIFIED.);
#41=B_SPLINE_SURFACE_WITH_KNOTS('',4,1,((#12303,#12304),(#12305,#12306),
(#12307,#12308),(#12309,#12310),(#12311,#12312)),.UNSPECIFIED.,.F.,.F.,
 .F.,(5,5),(2,2),(-1.,0.),(0.,0.432),.UNSPECIFIED.);
#42=B_SPLINE_SURFACE_WITH_KNOTS('',4,1,((#12443,#12444),(#12445,#12446),
(#12447,#12448),(#12449,#12450),(#12451,#12452)),.UNSPECIFIED.,.F.,.F.,
 .F.,(5,5),(2,2),(-1.,0.),(0.,0.432),.UNSPECIFIED.);
#43=B_SPLINE_SURFACE_WITH_KNOTS('',4,1,((#12458,#12459),(#12460,#12461),
(#12462,#12463),(#12464,#12465),(#12466,#12467)),.UNSPECIFIED.,.F.,.F.,
 .F.,(5,5),(2,2),(-1.,0.),(0.,0.432),.UNSPECIFIED.);
#44=B_SPLINE_SURFACE_WITH_KNOTS('',4,1,((#12516,#12517),(#12518,#12519),
(#12520,#12521),(#12522,#12523),(#12524,#12525)),.UNSPECIFIED.,.F.,.F.,
 .F.,(5,5),(2,2),(-1.,0.),(0.,0.432),.UNSPECIFIED.);
#45=B_SPLINE_SURFACE_WITH_KNOTS('',4,1,((#12531,#12532),(#12533,#12534),
(#12535,#12536),(#12537,#12538),(#12539,#12540)),.UNSPECIFIED.,.F.,.F.,
 .F.,(5,5),(2,2),(-1.,0.),(0.,0.432),.UNSPECIFIED.);
#46=B_SPLINE_SURFACE_WITH_KNOTS('',4,1,((#12589,#12590),(#12591,#12592),
(#12593,#12594),(#12595,#12596),(#12597,#12598)),.UNSPECIFIED.,.F.,.F.,
 .F.,(5,5),(2,2),(-1.,0.),(0.,0.432),.UNSPECIFIED.);
#47=B_SPLINE_SURFACE_WITH_KNOTS('',4,1,((#12604,#12605),(#12606,#12607),
(#12608,#12609),(#12610,#12611),(#12612,#12613)),.UNSPECIFIED.,.F.,.F.,
 .F.,(5,5),(2,2),(-1.,0.),(0.,0.432),.UNSPECIFIED.);
#48=B_SPLINE_SURFACE_WITH_KNOTS('',4,1,((#12662,#12663),(#12664,#12665),
(#12666,#12667),(#12668,#12669),(#12670,#12671)),.UNSPECIFIED.,.F.,.F.,
 .F.,(5,5),(2,2),(-1.,0.),(0.,0.432),.UNSPECIFIED.);
#49=B_SPLINE_SURFACE_WITH_KNOTS('',4,1,((#12677,#12678),(#12679,#12680),
(#12681,#12682),(#12683,#12684),(#12685,#12686)),.UNSPECIFIED.,.F.,.F.,
 .F.,(5,5),(2,2),(-1.,0.),(0.,0.432),.UNSPECIFIED.);
#50=B_SPLINE_SURFACE_WITH_KNOTS('',4,1,((#12735,#12736),(#12737,#12738),
(#12739,#12740),(#12741,#12742),(#12743,#12744)),.UNSPECIFIED.,.F.,.F.,
 .F.,(5,5),(2,2),(-1.,0.),(0.,0.432),.UNSPECIFIED.);
#51=B_SPLINE_SURFACE_WITH_KNOTS('',4,1,((#12750,#12751),(#12752,#12753),
(#12754,#12755),(#12756,#12757),(#12758,#12759)),.UNSPECIFIED.,.F.,.F.,
 .F.,(5,5),(2,2),(-1.,0.),(0.,0.432),.UNSPECIFIED.);
#52=B_SPLINE_SURFACE_WITH_KNOTS('',4,1,((#12808,#12809),(#12810,#12811),
(#12812,#12813),(#12814,#12815),(#12816,#12817)),.UNSPECIFIED.,.F.,.F.,
 .F.,(5,5),(2,2),(-1.,0.),(0.,0.432),.UNSPECIFIED.);
#53=B_SPLINE_SURFACE_WITH_KNOTS('',4,1,((#12823,#12824),(#12825,#12826),
(#12827,#12828),(#12829,#12830),(#12831,#12832)),.UNSPECIFIED.,.F.,.F.,
 .F.,(5,5),(2,2),(-1.,0.),(0.,0.432),.UNSPECIFIED.);
#54=B_SPLINE_SURFACE_WITH_KNOTS('',4,1,((#12881,#12882),(#12883,#12884),
(#12885,#12886),(#12887,#12888),(#12889,#12890)),.UNSPECIFIED.,.F.,.F.,
 .F.,(5,5),(2,2),(-1.,0.),(0.,0.432),.UNSPECIFIED.);
#55=B_SPLINE_SURFACE_WITH_KNOTS('',4,1,((#12896,#12897),(#12898,#12899),
(#12900,#12901),(#12902,#12903),(#12904,#12905)),.UNSPECIFIED.,.F.,.F.,
 .F.,(5,5),(2,2),(-1.,0.),(0.,0.432),.UNSPECIFIED.);
#56=B_SPLINE_CURVE_WITH_KNOTS('',3,(#11003,#11004,#11005,#11006,#11007,
#11008,#11009,#11010,#11011,#11012),.UNSPECIFIED.,.F.,.F.,(4,3,3,4),(-0.0239186360526913,
-0.0115853287109333,-0.00062406566627431,0.),.UNSPECIFIED.);
#57=B_SPLINE_CURVE_WITH_KNOTS('',3,(#11083,#11084,#11085,#11086,#11087,
#11088,#11089,#11090,#11091,#11092),.UNSPECIFIED.,.F.,.F.,(4,3,3,4),(-0.0239186360527065,
-0.0115853287109318,-0.000624065666250772,0.),.UNSPECIFIED.);
#58=B_SPLINE_CURVE_WITH_KNOTS('',3,(#11163,#11164,#11165,#11166,#11167,
#11168,#11169,#11170,#11171,#11172),.UNSPECIFIED.,.F.,.F.,(4,3,3,4),(-0.0239186360527265,
-0.0115853287109396,-0.000624065666131721,0.),.UNSPECIFIED.);
#59=B_SPLINE_CURVE_WITH_KNOTS('',3,(#11243,#11244,#11245,#11246,#11247,
#11248,#11249,#11250,#11251,#11252),.UNSPECIFIED.,.F.,.F.,(4,3,3,4),(-0.0239186360527073,
-0.0115853287109456,-0.000624065666255585,0.),.UNSPECIFIED.);
#60=B_SPLINE_CURVE_WITH_KNOTS('',3,(#11323,#11324,#11325,#11326,#11327,
#11328,#11329,#11330,#11331,#11332),.UNSPECIFIED.,.F.,.F.,(4,3,3,4),(-0.0239186360526985,
-0.0115853287109272,-0.000624065666373009,0.),.UNSPECIFIED.);
#61=B_SPLINE_CURVE_WITH_KNOTS('',3,(#11403,#11404,#11405,#11406,#11407,
#11408,#11409,#11410,#11411,#11412),.UNSPECIFIED.,.F.,.F.,(4,3,3,4),(-0.0239186360527219,
-0.0115853287109421,-0.000624065666095745,0.),.UNSPECIFIED.);
#62=B_SPLINE_CURVE_WITH_KNOTS('',3,(#11483,#11484,#11485,#11486,#11487,
#11488,#11489,#11490,#11491,#11492),.UNSPECIFIED.,.F.,.F.,(4,3,3,4),(-0.0239186360527075,
-0.0115853287109433,-0.000624065666270586,0.),.UNSPECIFIED.);
#63=B_SPLINE_CURVE_WITH_KNOTS('',3,(#11565,#11566,#11567,#11568,#11569,
#11570,#11571,#11572,#11573,#11574),.UNSPECIFIED.,.F.,.F.,(4,3,3,4),(-0.0239186360526455,
-0.0115853287109374,-0.000624065666642221,0.),.UNSPECIFIED.);
#64=B_SPLINE_CURVE_WITH_KNOTS('',3,(#11645,#11646,#11647,#11648,#11649,
#11650,#11651,#11652,#11653,#11654),.UNSPECIFIED.,.F.,.F.,(4,3,3,4),(-0.0239186360526964,
-0.011585328710957,-0.000624065666330123,0.),.UNSPECIFIED.);
#65=B_SPLINE_CURVE_WITH_KNOTS('',3,(#11725,#11726,#11727,#11728,#11729,
#11730,#11731,#11732,#11733,#11734),.UNSPECIFIED.,.F.,.F.,(4,3,3,4),(-0.0239186360527299,
-0.0115853287109254,-0.000624065666199622,0.),.UNSPECIFIED.);
#66=B_SPLINE_CURVE_WITH_KNOTS('',3,(#11805,#11806,#11807,#11808,#11809,
#11810,#11811,#11812,#11813,#11814),.UNSPECIFIED.,.F.,.F.,(4,3,3,4),(-0.0239186360526952,
-0.0115853287109381,-0.000624065666233152,0.),.UNSPECIFIED.);
#67=B_SPLINE_CURVE_WITH_KNOTS('',3,(#11885,#11886,#11887,#11888,#11889,
#11890,#11891,#11892,#11893,#11894),.UNSPECIFIED.,.F.,.F.,(4,3,3,4),(-0.0239186360526812,
-0.011585328710927,-0.000624065666444757,0.),.UNSPECIFIED.);
#68=B_SPLINE_CURVE_WITH_KNOTS('',3,(#12053,#12054,#12055,#12056,#12057,
#12058,#12059,#12060,#12061,#12062,#12063,#12064,#12065,#12066),
 .UNSPECIFIED.,.F.,.F.,(4,2,2,2,2,2,4),(-0.000235476073823,0.,0.006165239435196,
0.012225345516078,0.020631012852171,0.027816351141151,0.034229075648774),
 .UNSPECIFIED.);
#69=B_SPLINE_CURVE_WITH_KNOTS('',3,(#12078,#12079,#12080,#12081,#12082,
#12083,#12084,#12085,#12086,#12087,#12088,#12089,#12090,#12091),
 .UNSPECIFIED.,.F.,.F.,(4,2,2,2,2,2,4),(0.,0.006652503482212,0.013837941655559,
0.022260793891682,0.028109467866636,0.034053597757018,0.034287874505084),
 .UNSPECIFIED.);
#70=B_SPLINE_CURVE_WITH_KNOTS('',3,(#12132,#12133,#12134,#12135,#12136,
#12137),.UNSPECIFIED.,.F.,.F.,(4,2,4),(-0.000916975964786,0.,0.1570771570926),
 .UNSPECIFIED.);
#71=B_SPLINE_CURVE_WITH_KNOTS('',3,(#12168,#12169,#12170,#12171,#12172,
#12173),.UNSPECIFIED.,.F.,.F.,(4,2,4),(0.301640410627729,0.458717567720329,
0.459634543685115),.UNSPECIFIED.);
#72=B_SPLINE_CURVE_WITH_KNOTS('',3,(#12271,#12272,#12273,#12274,#12275,
#12276,#12277,#12278,#12279,#12280),.UNSPECIFIED.,.F.,.F.,(4,3,3,4),(-0.0239186360526895,
-0.0115853287109354,-0.000624065666289553,0.),.UNSPECIFIED.);
#73=B_SPLINE_CURVE_WITH_KNOTS('',3,(#12426,#12427,#12428,#12429,#12430,
#12431,#12432,#12433,#12434,#12435),.UNSPECIFIED.,.F.,.F.,(4,3,3,4),(-0.023918636052692,
-0.0115853287109257,-0.000624065666331008,0.),.UNSPECIFIED.);
#74=B_SPLINE_CURVE_WITH_KNOTS('',3,(#12499,#12500,#12501,#12502,#12503,
#12504,#12505,#12506,#12507,#12508),.UNSPECIFIED.,.F.,.F.,(4,3,3,4),(-0.0239186360527566,
-0.0115853287109595,-0.000624065665973488,0.),.UNSPECIFIED.);
#75=B_SPLINE_CURVE_WITH_KNOTS('',3,(#12572,#12573,#12574,#12575,#12576,
#12577,#12578,#12579,#12580,#12581),.UNSPECIFIED.,.F.,.F.,(4,3,3,4),(-0.0239186360526954,
-0.0115853287109302,-0.000624065666160478,0.),.UNSPECIFIED.);
#76=B_SPLINE_CURVE_WITH_KNOTS('',3,(#12645,#12646,#12647,#12648,#12649,
#12650,#12651,#12652,#12653,#12654),.UNSPECIFIED.,.F.,.F.,(4,3,3,4),(-0.0239186360526994,
-0.0115853287109361,-0.000624065666372825,0.),.UNSPECIFIED.);
#77=B_SPLINE_CURVE_WITH_KNOTS('',3,(#12718,#12719,#12720,#12721,#12722,
#12723,#12724,#12725,#12726,#12727),.UNSPECIFIED.,.F.,.F.,(4,3,3,4),(-0.0239186360526982,
-0.0115853287109358,-0.000624065666299222,0.),.UNSPECIFIED.);
#78=B_SPLINE_CURVE_WITH_KNOTS('',3,(#12791,#12792,#12793,#12794,#12795,
#12796,#12797,#12798,#12799,#12800),.UNSPECIFIED.,.F.,.F.,(4,3,3,4),(-0.0239186360527404,
-0.0115853287109445,-0.000624065666012152,0.),.UNSPECIFIED.);
#79=B_SPLINE_CURVE_WITH_KNOTS('',3,(#12864,#12865,#12866,#12867,#12868,
#12869,#12870,#12871,#12872,#12873),.UNSPECIFIED.,.F.,.F.,(4,3,3,4),(-0.0239186360527309,
-0.0115853287109603,-0.000624065666190327,0.),.UNSPECIFIED.);
#80=B_SPLINE_CURVE_WITH_KNOTS('',3,(#12985,#12986,#12987,#12988),
 .UNSPECIFIED.,.F.,.F.,(4,4),(-0.282537766986238,0.),.UNSPECIFIED.);
#81=B_SPLINE_CURVE_WITH_KNOTS('',3,(#12991,#12992,#12993,#12994),
 .UNSPECIFIED.,.F.,.F.,(4,4),(-0.282537767012238,0.),.UNSPECIFIED.);
#82=B_SPLINE_CURVE_WITH_KNOTS('',3,(#12999,#13000,#13001,#13002),
 .UNSPECIFIED.,.F.,.F.,(4,4),(-0.312525952125586,0.),.UNSPECIFIED.);
#83=B_SPLINE_CURVE_WITH_KNOTS('',3,(#13008,#13009,#13010,#13011),
 .UNSPECIFIED.,.F.,.F.,(4,4),(-0.3125259521261,0.),.UNSPECIFIED.);
#84=B_SPLINE_CURVE_WITH_KNOTS('',3,(#13017,#13018,#13019,#13020),
 .UNSPECIFIED.,.F.,.F.,(4,4),(-0.282537766989249,0.),.UNSPECIFIED.);
#85=B_SPLINE_CURVE_WITH_KNOTS('',3,(#13026,#13027,#13028,#13029),
 .UNSPECIFIED.,.F.,.F.,(4,4),(-0.282537766998385,0.),.UNSPECIFIED.);
#86=B_SPLINE_CURVE_WITH_KNOTS('',3,(#13035,#13036,#13037,#13038),
 .UNSPECIFIED.,.F.,.F.,(4,4),(-0.312525952125473,0.),.UNSPECIFIED.);
#87=B_SPLINE_CURVE_WITH_KNOTS('',3,(#13044,#13045,#13046,#13047),
 .UNSPECIFIED.,.F.,.F.,(4,4),(-0.312525952126952,0.),.UNSPECIFIED.);
#88=B_SPLINE_CURVE_WITH_KNOTS('',3,(#13053,#13054,#13055,#13056),
 .UNSPECIFIED.,.F.,.F.,(4,4),(-0.282537766999041,0.),.UNSPECIFIED.);
#89=B_SPLINE_CURVE_WITH_KNOTS('',3,(#13062,#13063,#13064,#13065),
 .UNSPECIFIED.,.F.,.F.,(4,4),(-0.282537767022884,0.),.UNSPECIFIED.);
#90=B_SPLINE_CURVE_WITH_KNOTS('',3,(#13072,#13073,#13074,#13075),
 .UNSPECIFIED.,.F.,.F.,(4,4),(-0.312525952126415,0.),.UNSPECIFIED.);
#91=B_SPLINE_CURVE_WITH_KNOTS('',3,(#13081,#13082,#13083,#13084),
 .UNSPECIFIED.,.F.,.F.,(4,4),(-0.312525952126337,0.),.UNSPECIFIED.);
#92=B_SPLINE_CURVE_WITH_KNOTS('',3,(#13090,#13091,#13092,#13093),
 .UNSPECIFIED.,.F.,.F.,(4,4),(-0.282537767000263,0.),.UNSPECIFIED.);
#93=B_SPLINE_CURVE_WITH_KNOTS('',3,(#13099,#13100,#13101,#13102),
 .UNSPECIFIED.,.F.,.F.,(4,4),(-0.28253776699935,0.),.UNSPECIFIED.);
#94=B_SPLINE_CURVE_WITH_KNOTS('',3,(#13108,#13109,#13110,#13111),
 .UNSPECIFIED.,.F.,.F.,(4,4),(-0.312525952126298,0.),.UNSPECIFIED.);
#95=B_SPLINE_CURVE_WITH_KNOTS('',3,(#13117,#13118,#13119,#13120),
 .UNSPECIFIED.,.F.,.F.,(4,4),(-0.312525952127042,0.),.UNSPECIFIED.);
#96=ELLIPSE('',#7610,1.25800075081582,0.404005107453851);
#97=ELLIPSE('',#7615,0.556335392966602,0.236835346511173);
#98=ELLIPSE('',#7616,0.581183811443289,0.257629939058938);
#99=ELLIPSE('',#7617,0.823087695986928,0.343425917081521);
#100=ELLIPSE('',#7618,0.698305720270547,0.266021027866833);
#101=ELLIPSE('',#7634,1.25800075051926,0.404005107348678);
#102=ELLIPSE('',#7639,0.556335393345913,0.236835346832545);
#103=ELLIPSE('',#7640,0.58118381144766,0.257629939062498);
#104=ELLIPSE('',#7641,0.823087695995366,0.343425917086463);
#105=ELLIPSE('',#7642,0.698305719273359,0.266021027219871);
#106=ELLIPSE('',#7658,1.25800075120436,0.40400510759265);
#107=ELLIPSE('',#7663,0.556335391602651,0.236835345354662);
#108=ELLIPSE('',#7664,0.581183811430856,0.257629939048646);
#109=ELLIPSE('',#7665,0.823087695979266,0.343425917077186);
#110=ELLIPSE('',#7666,0.698305718169292,0.266021026512955);
#111=ELLIPSE('',#7682,1.25800074991572,0.404005107132241);
#112=ELLIPSE('',#7687,0.556335392890908,0.236835346447698);
#113=ELLIPSE('',#7688,0.581183811435515,0.257629939052691);
#114=ELLIPSE('',#7689,0.823087696005761,0.343425917092261);
#115=ELLIPSE('',#7690,0.698305718794614,0.266021026911267);
#116=ELLIPSE('',#7706,1.25800074974579,0.404005107068688);
#117=ELLIPSE('',#7711,0.556335392445561,0.236835346070209);
#118=ELLIPSE('',#7712,0.581183811438694,0.257629939055231);
#119=ELLIPSE('',#7713,0.823087695977166,0.343425917076121);
#120=ELLIPSE('',#7714,0.69830571793004,0.266021026350056);
#121=ELLIPSE('',#7730,1.25800075052686,0.404005107351249);
#122=ELLIPSE('',#7735,0.556335393020845,0.23683534655732);
#123=ELLIPSE('',#7736,0.581183811447886,0.257629939062671);
#124=ELLIPSE('',#7737,0.823087695986529,0.343425917081122);
#125=ELLIPSE('',#7738,0.698305718901898,0.266021026980242);
#126=ELLIPSE('',#7754,1.25800075075785,0.404005107432198);
#127=ELLIPSE('',#7759,0.556335392413693,0.236835346043215);
#128=ELLIPSE('',#7760,0.58118381143618,0.257629939053087);
#129=ELLIPSE('',#7761,0.823087695986351,0.343425917081131);
#130=ELLIPSE('',#7762,0.698305719105504,0.266021027111687);
#131=ELLIPSE('',#7779,1.25800075041074,0.404005107308856);
#132=ELLIPSE('',#7784,0.556335392246402,0.236835345900406);
#133=ELLIPSE('',#7785,0.581183811439469,0.257629939055823);
#134=ELLIPSE('',#7786,0.82308769598396,0.34342591707974);
#135=ELLIPSE('',#7787,0.698305719614501,0.266021027444135);
#136=ELLIPSE('',#7803,1.2580007496575,0.40400510703793);
#137=ELLIPSE('',#7808,0.556335392628407,0.236835346225869);
#138=ELLIPSE('',#7809,0.581183811442543,0.257629939058302);
#139=ELLIPSE('',#7810,0.823087695985725,0.343425917081103);
#140=ELLIPSE('',#7811,0.69830571870466,0.266021026850356);
#141=ELLIPSE('',#7827,1.25800075042083,0.404005107315711);
#142=ELLIPSE('',#7832,0.556335393087786,0.236835346614254);
#143=ELLIPSE('',#7833,0.58118381143881,0.257629939055507);
#144=ELLIPSE('',#7834,0.823087695985553,0.343425917080581);
#145=ELLIPSE('',#7835,0.698305720731929,0.266021028169462);
#146=ELLIPSE('',#7851,1.2580007514555,0.404005107678911);
#147=ELLIPSE('',#7856,0.556335392196786,0.236835345859767);
#148=ELLIPSE('',#7857,0.581183811437785,0.257629939054496);
#149=ELLIPSE('',#7858,0.823087696037679,0.343425917110739);
#150=ELLIPSE('',#7859,0.6983057202434,0.266021027853759);
#151=ELLIPSE('',#7875,1.25800074993617,0.40400510713646);
#152=ELLIPSE('',#7880,0.556335392497252,0.23683534611428);
#153=ELLIPSE('',#7881,0.581183811438967,0.257629939055449);
#154=ELLIPSE('',#7882,0.823087695944536,0.343425917057498);
#155=ELLIPSE('',#7883,0.69830572087987,0.266021028267505);
#156=ELLIPSE('',#7966,1.25800074997801,0.40400510715108);
#157=ELLIPSE('',#7971,0.55633539198158,0.236835345677011);
#158=ELLIPSE('',#7972,0.581183811441385,0.257629939057418);
#159=ELLIPSE('',#7973,0.823087695965754,0.343425917069493);
#160=ELLIPSE('',#7974,0.698305717531149,0.266021026095218);
#161=ELLIPSE('',#8020,1.25800075065898,0.404005107393822);
#162=ELLIPSE('',#8025,0.556335392217663,0.236835345875607);
#163=ELLIPSE('',#8026,0.581183811438391,0.257629939054749);
#164=ELLIPSE('',#8027,0.823087695989761,0.343425917083565);
#165=ELLIPSE('',#8028,0.698305722278024,0.266021029171598);
#166=ELLIPSE('',#8043,1.25800075102654,0.404005107531729);
#167=ELLIPSE('',#8048,0.55633539111196,0.236835344940771);
#168=ELLIPSE('',#8049,0.581183811440451,0.257629939056473);
#169=ELLIPSE('',#8050,0.823087695975245,0.343425917074886);
#170=ELLIPSE('',#8051,0.698305718894309,0.266021026978171);
#171=ELLIPSE('',#8066,1.25800075122213,0.404005107599637);
#172=ELLIPSE('',#8071,0.556335392025795,0.236835345714775);
#173=ELLIPSE('',#8072,0.581183811438856,0.257629939055318);
#174=ELLIPSE('',#8073,0.823087696002012,0.343425917089779);
#175=ELLIPSE('',#8074,0.698305723275373,0.266021029813569);
#176=ELLIPSE('',#8089,1.25800075018632,0.404005107227694);
#177=ELLIPSE('',#8094,0.556335392216575,0.236835345875558);
#178=ELLIPSE('',#8095,0.581183811435757,0.257629939052723);
#179=ELLIPSE('',#8096,0.823087695973828,0.343425917074201);
#180=ELLIPSE('',#8097,0.698305725316799,0.266021031151146);
#181=ELLIPSE('',#8112,1.25800074961262,0.404005107023403);
#182=ELLIPSE('',#8117,0.556335392308441,0.236835345953097);
#183=ELLIPSE('',#8118,0.581183811435923,0.257629939052999);
#184=ELLIPSE('',#8119,0.823087695975576,0.343425917074963);
#185=ELLIPSE('',#8120,0.698305718218293,0.266021026540781);
#186=ELLIPSE('',#8135,1.25800075108204,0.404005107547962);
#187=ELLIPSE('',#8140,0.556335392340241,0.236835345981277);
#188=ELLIPSE('',#8141,0.581183811435026,0.257629939052091);
#189=ELLIPSE('',#8142,0.823087695973248,0.343425917073796);
#190=ELLIPSE('',#8143,0.698305719956684,0.266021027662823);
#191=ELLIPSE('',#8158,1.25800075023734,0.404005107246634);
#192=ELLIPSE('',#8163,0.556335392873437,0.236835346430775);
#193=ELLIPSE('',#8164,0.581183811423085,0.257629939042625);
#194=ELLIPSE('',#8165,0.823087695979763,0.34342591707774);
#195=ELLIPSE('',#8166,0.698305722230692,0.266021029143124);
#196=CONICAL_SURFACE('',#7609,2.4,0.785398163397459);
#197=CONICAL_SURFACE('',#7633,2.4,0.78539816339746);
#198=CONICAL_SURFACE('',#7657,2.4,0.78539816339746);
#199=CONICAL_SURFACE('',#7681,2.4,0.785398163397464);
#200=CONICAL_SURFACE('',#7705,2.4,0.785398163397456);
#201=CONICAL_SURFACE('',#7729,2.4,0.785398163397458);
#202=CONICAL_SURFACE('',#7753,2.4,0.785398163397459);
#203=CONICAL_SURFACE('',#7778,2.4,0.785398163397459);
#204=CONICAL_SURFACE('',#7802,2.4,0.785398163397459);
#205=CONICAL_SURFACE('',#7826,2.4,0.785398163397459);
#206=CONICAL_SURFACE('',#7850,2.4,0.785398163397461);
#207=CONICAL_SURFACE('',#7874,2.4,0.785398163397459);
#208=CONICAL_SURFACE('',#7965,2.4,0.785398163397459);
#209=CONICAL_SURFACE('',#8019,2.4,0.785398163397458);
#210=CONICAL_SURFACE('',#8042,2.4,0.785398163397459);
#211=CONICAL_SURFACE('',#8065,2.4,0.785398163397457);
#212=CONICAL_SURFACE('',#8088,2.4,0.785398163397458);
#213=CONICAL_SURFACE('',#8111,2.4,0.78539816339746);
#214=CONICAL_SURFACE('',#8134,2.4,0.785398163397454);
#215=CONICAL_SURFACE('',#8157,2.4,0.785398163397459);
#216=CONICAL_SURFACE('',#8190,2.325,0.785398163397448);
#217=CONICAL_SURFACE('',#8195,2.325,0.785398163397448);
#218=CONICAL_SURFACE('',#8200,2.325,0.785398163397448);
#219=CONICAL_SURFACE('',#8205,2.325,0.785398163397448);
#220=CONICAL_SURFACE('',#8210,9.,0.785398163397447);
#221=CONICAL_SURFACE('',#8214,74.,0.785398163397447);
#222=CONICAL_SURFACE('',#8218,9.,0.785398163397447);
#223=CONICAL_SURFACE('',#8222,74.,0.785398163397447);
#224=CONICAL_SURFACE('',#8226,9.,0.785398163397447);
#225=CONICAL_SURFACE('',#8230,74.,0.785398163397444);
#226=CONICAL_SURFACE('',#8234,9.,0.785398163397446);
#227=CONICAL_SURFACE('',#8238,74.,0.785398163397444);
#228=ITEM_DEFINED_TRANSFORMATION($,$,#7504,#7562);
#229=ITEM_DEFINED_TRANSFORMATION($,$,#7608,#8181);
#230=ITEM_DEFINED_TRANSFORMATION($,$,#7500,#8182);
#231=ITEM_DEFINED_TRANSFORMATION($,$,#7608,#8183);
#232=ITEM_DEFINED_TRANSFORMATION($,$,#7502,#8184);
#233=ITEM_DEFINED_TRANSFORMATION($,$,#7608,#8185);
#234=ITEM_DEFINED_TRANSFORMATION($,$,#7564,#8186);
#235=ITEM_DEFINED_TRANSFORMATION($,$,#7608,#8187);
#236=ITEM_DEFINED_TRANSFORMATION($,$,#7607,#8188);
#237=ITEM_DEFINED_TRANSFORMATION($,$,#7499,#8323);
#238=ITEM_DEFINED_TRANSFORMATION($,$,#7501,#8324);
#239=ITEM_DEFINED_TRANSFORMATION($,$,#7503,#8325);
#240=ITEM_DEFINED_TRANSFORMATION($,$,#7563,#8326);
#241=ITEM_DEFINED_TRANSFORMATION($,$,#7565,#8327);
#242=ITEM_DEFINED_TRANSFORMATION($,$,#7606,#8328);
#243=ITEM_DEFINED_TRANSFORMATION($,$,#8189,#8329);
#244=(
REPRESENTATION_RELATIONSHIP($,$,#13510,#13509)
REPRESENTATION_RELATIONSHIP_WITH_TRANSFORMATION(#228)
SHAPE_REPRESENTATION_RELATIONSHIP()
);
#245=(
REPRESENTATION_RELATIONSHIP($,$,#13516,#13506)
REPRESENTATION_RELATIONSHIP_WITH_TRANSFORMATION(#229)
SHAPE_REPRESENTATION_RELATIONSHIP()
);
#246=(
REPRESENTATION_RELATIONSHIP($,$,#13506,#13505)
REPRESENTATION_RELATIONSHIP_WITH_TRANSFORMATION(#230)
SHAPE_REPRESENTATION_RELATIONSHIP()
);
#247=(
REPRESENTATION_RELATIONSHIP($,$,#13516,#13508)
REPRESENTATION_RELATIONSHIP_WITH_TRANSFORMATION(#231)
SHAPE_REPRESENTATION_RELATIONSHIP()
);
#248=(
REPRESENTATION_RELATIONSHIP($,$,#13508,#13507)
REPRESENTATION_RELATIONSHIP_WITH_TRANSFORMATION(#232)
SHAPE_REPRESENTATION_RELATIONSHIP()
);
#249=(
REPRESENTATION_RELATIONSHIP($,$,#13516,#13512)
REPRESENTATION_RELATIONSHIP_WITH_TRANSFORMATION(#233)
SHAPE_REPRESENTATION_RELATIONSHIP()
);
#250=(
REPRESENTATION_RELATIONSHIP($,$,#13512,#13511)
REPRESENTATION_RELATIONSHIP_WITH_TRANSFORMATION(#234)
SHAPE_REPRESENTATION_RELATIONSHIP()
);
#251=(
REPRESENTATION_RELATIONSHIP($,$,#13516,#13515)
REPRESENTATION_RELATIONSHIP_WITH_TRANSFORMATION(#235)
SHAPE_REPRESENTATION_RELATIONSHIP()
);
#252=(
REPRESENTATION_RELATIONSHIP($,$,#13515,#13514)
REPRESENTATION_RELATIONSHIP_WITH_TRANSFORMATION(#236)
SHAPE_REPRESENTATION_RELATIONSHIP()
);
#253=(
REPRESENTATION_RELATIONSHIP($,$,#13505,#13504)
REPRESENTATION_RELATIONSHIP_WITH_TRANSFORMATION(#237)
SHAPE_REPRESENTATION_RELATIONSHIP()
);
#254=(
REPRESENTATION_RELATIONSHIP($,$,#13507,#13504)
REPRESENTATION_RELATIONSHIP_WITH_TRANSFORMATION(#238)
SHAPE_REPRESENTATION_RELATIONSHIP()
);
#255=(
REPRESENTATION_RELATIONSHIP($,$,#13509,#13504)
REPRESENTATION_RELATIONSHIP_WITH_TRANSFORMATION(#239)
SHAPE_REPRESENTATION_RELATIONSHIP()
);
#256=(
REPRESENTATION_RELATIONSHIP($,$,#13511,#13504)
REPRESENTATION_RELATIONSHIP_WITH_TRANSFORMATION(#240)
SHAPE_REPRESENTATION_RELATIONSHIP()
);
#257=(
REPRESENTATION_RELATIONSHIP($,$,#13513,#13504)
REPRESENTATION_RELATIONSHIP_WITH_TRANSFORMATION(#241)
SHAPE_REPRESENTATION_RELATIONSHIP()
);
#258=(
REPRESENTATION_RELATIONSHIP($,$,#13514,#13504)
REPRESENTATION_RELATIONSHIP_WITH_TRANSFORMATION(#242)
SHAPE_REPRESENTATION_RELATIONSHIP()
);
#259=(
REPRESENTATION_RELATIONSHIP($,$,#13517,#13504)
REPRESENTATION_RELATIONSHIP_WITH_TRANSFORMATION(#243)
SHAPE_REPRESENTATION_RELATIONSHIP()
);
#260=CONTEXT_DEPENDENT_SHAPE_REPRESENTATION(#244,#13481);
#261=CONTEXT_DEPENDENT_SHAPE_REPRESENTATION(#245,#13488);
#262=CONTEXT_DEPENDENT_SHAPE_REPRESENTATION(#246,#13489);
#263=CONTEXT_DEPENDENT_SHAPE_REPRESENTATION(#247,#13490);
#264=CONTEXT_DEPENDENT_SHAPE_REPRESENTATION(#248,#13491);
#265=CONTEXT_DEPENDENT_SHAPE_REPRESENTATION(#249,#13492);
#266=CONTEXT_DEPENDENT_SHAPE_REPRESENTATION(#250,#13493);
#267=CONTEXT_DEPENDENT_SHAPE_REPRESENTATION(#251,#13494);
#268=CONTEXT_DEPENDENT_SHAPE_REPRESENTATION(#252,#13495);
#269=CONTEXT_DEPENDENT_SHAPE_REPRESENTATION(#253,#13497);
#270=CONTEXT_DEPENDENT_SHAPE_REPRESENTATION(#254,#13498);
#271=CONTEXT_DEPENDENT_SHAPE_REPRESENTATION(#255,#13499);
#272=CONTEXT_DEPENDENT_SHAPE_REPRESENTATION(#256,#13500);
#273=CONTEXT_DEPENDENT_SHAPE_REPRESENTATION(#257,#13501);
#274=CONTEXT_DEPENDENT_SHAPE_REPRESENTATION(#258,#13502);
#275=CONTEXT_DEPENDENT_SHAPE_REPRESENTATION(#259,#13503);
#276=NEXT_ASSEMBLY_USAGE_OCCURRENCE('Component4:1','Component4:1',
'Component4:1',#13524,#13525,'Component4:1');
#277=NEXT_ASSEMBLY_USAGE_OCCURRENCE('MG90S Servo Motor v1:1',
'MG90S Servo Motor v1:1','MG90S Servo Motor v1:1',#13521,#13531,
'MG90S Servo Motor v1:1');
#278=NEXT_ASSEMBLY_USAGE_OCCURRENCE('SERVOFULLCOMBINE v1:1',
'SERVOFULLCOMBINE v1:1','SERVOFULLCOMBINE v1:1',#13520,#13521,
'SERVOFULLCOMBINE v1:1');
#279=NEXT_ASSEMBLY_USAGE_OCCURRENCE('MG90S Servo Motor v1:1',
'MG90S Servo Motor v1:1','MG90S Servo Motor v1:1',#13523,#13531,
'MG90S Servo Motor v1:1');
#280=NEXT_ASSEMBLY_USAGE_OCCURRENCE('SERVOFULLCOMBINE v1:1',
'SERVOFULLCOMBINE v1:1','SERVOFULLCOMBINE v1:1',#13522,#13523,
'SERVOFULLCOMBINE v1:1');
#281=NEXT_ASSEMBLY_USAGE_OCCURRENCE('MG90S Servo Motor v1:1',
'MG90S Servo Motor v1:1','MG90S Servo Motor v1:1',#13527,#13531,
'MG90S Servo Motor v1:1');
#282=NEXT_ASSEMBLY_USAGE_OCCURRENCE('SERVOFULLCOMBINE v1:1',
'SERVOFULLCOMBINE v1:1','SERVOFULLCOMBINE v1:1',#13526,#13527,
'SERVOFULLCOMBINE v1:1');
#283=NEXT_ASSEMBLY_USAGE_OCCURRENCE('MG90S Servo Motor v1:1',
'MG90S Servo Motor v1:1','MG90S Servo Motor v1:1',#13530,#13531,
'MG90S Servo Motor v1:1');
#284=NEXT_ASSEMBLY_USAGE_OCCURRENCE('SERVOFULLCOMBINE v1:1',
'SERVOFULLCOMBINE v1:1','SERVOFULLCOMBINE v1:1',#13529,#13530,
'SERVOFULLCOMBINE v1:1');
#285=NEXT_ASSEMBLY_USAGE_OCCURRENCE('mg90s servo:3','mg90s servo:3',
'mg90s servo:3',#13519,#13520,'mg90s servo:3');
#286=NEXT_ASSEMBLY_USAGE_OCCURRENCE('mg90s servo:4','mg90s servo:4',
'mg90s servo:4',#13519,#13522,'mg90s servo:4');
#287=NEXT_ASSEMBLY_USAGE_OCCURRENCE('Component3:1','Component3:1',
'Component3:1',#13519,#13524,'Component3:1');
#288=NEXT_ASSEMBLY_USAGE_OCCURRENCE('mg90s servo:5','mg90s servo:5',
'mg90s servo:5',#13519,#13526,'mg90s servo:5');
#289=NEXT_ASSEMBLY_USAGE_OCCURRENCE('Component5:1','Component5:1',
'Component5:1',#13519,#13528,'Component5:1');
#290=NEXT_ASSEMBLY_USAGE_OCCURRENCE('mg90s servo:6','mg90s servo:6',
'mg90s servo:6',#13519,#13529,'mg90s servo:6');
#291=NEXT_ASSEMBLY_USAGE_OCCURRENCE('base part ms project final:1',
'base part ms project final:1','base part ms project final:1',#13519,#13532,
'base part ms project final:1');
#292=SHAPE_REPRESENTATION_RELATIONSHIP('SRR','None',#13510,#297);
#293=SHAPE_REPRESENTATION_RELATIONSHIP('SRR','None',#13513,#298);
#294=SHAPE_REPRESENTATION_RELATIONSHIP('SRR','None',#13516,#299);
#295=SHAPE_REPRESENTATION_RELATIONSHIP('SRR','None',#13517,#300);
#296=SHAPE_REPRESENTATION_RELATIONSHIP('SRR','None',#13504,#301);
#297=ADVANCED_BREP_SHAPE_REPRESENTATION('',(#490),#13447);
#298=ADVANCED_BREP_SHAPE_REPRESENTATION('',(#491),#13450);
#299=ADVANCED_BREP_SHAPE_REPRESENTATION('',(#492),#13453);
#300=ADVANCED_BREP_SHAPE_REPRESENTATION('',(#493),#13454);
#301=ADVANCED_BREP_SHAPE_REPRESENTATION('',(#494),#13441);
#302=STYLED_ITEM('',(#13578),#490);
#303=STYLED_ITEM('',(#13578),#491);
#304=STYLED_ITEM('',(#13580),#7143);
#305=STYLED_ITEM('',(#13580),#7144);
#306=STYLED_ITEM('',(#13580),#7145);
#307=STYLED_ITEM('',(#13580),#7146);
#308=STYLED_ITEM('',(#13580),#7147);
#309=STYLED_ITEM('',(#13580),#7148);
#310=STYLED_ITEM('',(#13580),#7149);
#311=STYLED_ITEM('',(#13580),#7150);
#312=STYLED_ITEM('',(#13580),#7151);
#313=STYLED_ITEM('',(#13580),#7152);
#314=STYLED_ITEM('',(#13580),#7153);
#315=STYLED_ITEM('',(#13580),#7154);
#316=STYLED_ITEM('',(#13580),#7155);
#317=STYLED_ITEM('',(#13580),#7156);
#318=STYLED_ITEM('',(#13580),#7157);
#319=STYLED_ITEM('',(#13580),#7158);
#320=STYLED_ITEM('',(#13580),#7159);
#321=STYLED_ITEM('',(#13580),#7160);
#322=STYLED_ITEM('',(#13580),#7161);
#323=STYLED_ITEM('',(#13580),#7162);
#324=STYLED_ITEM('',(#13580),#7163);
#325=STYLED_ITEM('',(#13580),#7164);
#326=STYLED_ITEM('',(#13580),#7165);
#327=STYLED_ITEM('',(#13580),#7166);
#328=STYLED_ITEM('',(#13580),#7167);
#329=STYLED_ITEM('',(#13580),#7168);
#330=STYLED_ITEM('',(#13580),#7169);
#331=STYLED_ITEM('',(#13580),#7170);
#332=STYLED_ITEM('',(#13580),#7171);
#333=STYLED_ITEM('',(#13580),#7172);
#334=STYLED_ITEM('',(#13580),#7173);
#335=STYLED_ITEM('',(#13580),#7174);
#336=STYLED_ITEM('',(#13580),#7175);
#337=STYLED_ITEM('',(#13580),#7176);
#338=STYLED_ITEM('',(#13580),#7177);
#339=STYLED_ITEM('',(#13580),#7178);
#340=STYLED_ITEM('',(#13580),#7179);
#341=STYLED_ITEM('',(#13580),#7180);
#342=STYLED_ITEM('',(#13580),#7181);
#343=STYLED_ITEM('',(#13580),#7182);
#344=STYLED_ITEM('',(#13580),#7183);
#345=STYLED_ITEM('',(#13580),#7184);
#346=STYLED_ITEM('',(#13580),#7185);
#347=STYLED_ITEM('',(#13580),#7186);
#348=STYLED_ITEM('',(#13580),#7187);
#349=STYLED_ITEM('',(#13580),#7188);
#350=STYLED_ITEM('',(#13580),#7189);
#351=STYLED_ITEM('',(#13580),#7190);
#352=STYLED_ITEM('',(#13580),#7191);
#353=STYLED_ITEM('',(#13580),#7192);
#354=STYLED_ITEM('',(#13580),#7193);
#355=STYLED_ITEM('',(#13580),#7194);
#356=STYLED_ITEM('',(#13580),#7195);
#357=STYLED_ITEM('',(#13580),#7196);
#358=STYLED_ITEM('',(#13580),#7197);
#359=STYLED_ITEM('',(#13580),#7198);
#360=STYLED_ITEM('',(#13580),#7199);
#361=STYLED_ITEM('',(#13580),#7200);
#362=STYLED_ITEM('',(#13580),#7201);
#363=STYLED_ITEM('',(#13580),#7202);
#364=STYLED_ITEM('',(#13580),#7203);
#365=STYLED_ITEM('',(#13580),#7204);
#366=STYLED_ITEM('',(#13580),#7205);
#367=STYLED_ITEM('',(#13580),#7206);
#368=STYLED_ITEM('',(#13580),#7207);
#369=STYLED_ITEM('',(#13580),#7208);
#370=STYLED_ITEM('',(#13580),#7209);
#371=STYLED_ITEM('',(#13580),#7210);
#372=STYLED_ITEM('',(#13580),#7211);
#373=STYLED_ITEM('',(#13580),#7212);
#374=STYLED_ITEM('',(#13580),#7213);
#375=STYLED_ITEM('',(#13580),#7214);
#376=STYLED_ITEM('',(#13580),#7215);
#377=STYLED_ITEM('',(#13580),#7216);
#378=STYLED_ITEM('',(#13580),#7217);
#379=STYLED_ITEM('',(#13580),#7218);
#380=STYLED_ITEM('',(#13580),#7219);
#381=STYLED_ITEM('',(#13580),#7220);
#382=STYLED_ITEM('',(#13580),#7221);
#383=STYLED_ITEM('',(#13580),#7222);
#384=STYLED_ITEM('',(#13580),#7223);
#385=STYLED_ITEM('',(#13580),#7224);
#386=STYLED_ITEM('',(#13580),#7225);
#387=STYLED_ITEM('',(#13580),#7226);
#388=STYLED_ITEM('',(#13580),#7227);
#389=STYLED_ITEM('',(#13580),#7228);
#390=STYLED_ITEM('',(#13580),#7229);
#391=STYLED_ITEM('',(#13580),#7230);
#392=STYLED_ITEM('',(#13580),#7231);
#393=STYLED_ITEM('',(#13580),#7232);
#394=STYLED_ITEM('',(#13580),#7233);
#395=STYLED_ITEM('',(#13580),#7234);
#396=STYLED_ITEM('',(#13580),#7235);
#397=STYLED_ITEM('',(#13580),#7236);
#398=STYLED_ITEM('',(#13580),#7237);
#399=STYLED_ITEM('',(#13580),#7238);
#400=STYLED_ITEM('',(#13580),#7239);
#401=STYLED_ITEM('',(#13580),#7240);
#402=STYLED_ITEM('',(#13580),#7241);
#403=STYLED_ITEM('',(#13580),#7242);
#404=STYLED_ITEM('',(#13580),#7243);
#405=STYLED_ITEM('',(#13580),#7244);
#406=STYLED_ITEM('',(#13580),#7245);
#407=STYLED_ITEM('',(#13580),#7246);
#408=STYLED_ITEM('',(#13580),#7247);
#409=STYLED_ITEM('',(#13580),#7248);
#410=STYLED_ITEM('',(#13580),#7249);
#411=STYLED_ITEM('',(#13580),#7250);
#412=STYLED_ITEM('',(#13580),#7292);
#413=STYLED_ITEM('',(#13580),#7293);
#414=STYLED_ITEM('',(#13580),#7294);
#415=STYLED_ITEM('',(#13580),#7295);
#416=STYLED_ITEM('',(#13580),#7296);
#417=STYLED_ITEM('',(#13580),#7297);
#418=STYLED_ITEM('',(#13580),#7298);
#419=STYLED_ITEM('',(#13580),#7299);
#420=STYLED_ITEM('',(#13580),#7300);
#421=STYLED_ITEM('',(#13580),#7301);
#422=STYLED_ITEM('',(#13580),#7302);
#423=STYLED_ITEM('',(#13580),#7303);
#424=STYLED_ITEM('',(#13580),#7304);
#425=STYLED_ITEM('',(#13580),#7305);
#426=STYLED_ITEM('',(#13580),#7306);
#427=STYLED_ITEM('',(#13580),#7307);
#428=STYLED_ITEM('',(#13580),#7308);
#429=STYLED_ITEM('',(#13580),#7309);
#430=STYLED_ITEM('',(#13580),#7310);
#431=STYLED_ITEM('',(#13580),#7311);
#432=STYLED_ITEM('',(#13580),#7312);
#433=STYLED_ITEM('',(#13580),#7313);
#434=STYLED_ITEM('',(#13580),#7314);
#435=STYLED_ITEM('',(#13580),#7315);
#436=STYLED_ITEM('',(#13580),#7316);
#437=STYLED_ITEM('',(#13580),#7317);
#438=STYLED_ITEM('',(#13580),#7318);
#439=STYLED_ITEM('',(#13580),#7319);
#440=STYLED_ITEM('',(#13580),#7320);
#441=STYLED_ITEM('',(#13580),#7321);
#442=STYLED_ITEM('',(#13580),#7322);
#443=STYLED_ITEM('',(#13580),#7323);
#444=STYLED_ITEM('',(#13580),#7324);
#445=STYLED_ITEM('',(#13580),#7325);
#446=STYLED_ITEM('',(#13580),#7326);
#447=STYLED_ITEM('',(#13580),#7327);
#448=STYLED_ITEM('',(#13580),#7328);
#449=STYLED_ITEM('',(#13580),#7329);
#450=STYLED_ITEM('',(#13580),#7330);
#451=STYLED_ITEM('',(#13580),#7331);
#452=STYLED_ITEM('',(#13580),#7332);
#453=STYLED_ITEM('',(#13580),#7333);
#454=STYLED_ITEM('',(#13580),#7334);
#455=STYLED_ITEM('',(#13580),#7335);
#456=STYLED_ITEM('',(#13580),#7336);
#457=STYLED_ITEM('',(#13580),#7337);
#458=STYLED_ITEM('',(#13580),#7338);
#459=STYLED_ITEM('',(#13580),#7339);
#460=STYLED_ITEM('',(#13580),#7340);
#461=STYLED_ITEM('',(#13580),#7341);
#462=STYLED_ITEM('',(#13580),#7342);
#463=STYLED_ITEM('',(#13580),#7343);
#464=STYLED_ITEM('',(#13580),#7344);
#465=STYLED_ITEM('',(#13580),#7345);
#466=STYLED_ITEM('',(#13580),#7346);
#467=STYLED_ITEM('',(#13580),#7347);
#468=STYLED_ITEM('',(#13580),#7348);
#469=STYLED_ITEM('',(#13580),#7349);
#470=STYLED_ITEM('',(#13580),#7350);
#471=STYLED_ITEM('',(#13580),#7351);
#472=STYLED_ITEM('',(#13580),#7352);
#473=STYLED_ITEM('',(#13580),#7353);
#474=STYLED_ITEM('',(#13580),#7354);
#475=STYLED_ITEM('',(#13580),#7355);
#476=STYLED_ITEM('',(#13580),#7356);
#477=STYLED_ITEM('',(#13580),#7357);
#478=STYLED_ITEM('',(#13580),#7358);
#479=STYLED_ITEM('',(#13580),#7359);
#480=STYLED_ITEM('',(#13580),#7360);
#481=STYLED_ITEM('',(#13580),#7361);
#482=STYLED_ITEM('',(#13580),#7362);
#483=STYLED_ITEM('',(#13580),#7363);
#484=STYLED_ITEM('',(#13580),#7364);
#485=STYLED_ITEM('',(#13580),#7365);
#486=STYLED_ITEM('',(#13580),#7366);
#487=STYLED_ITEM('',(#13579),#492);
#488=STYLED_ITEM('',(#13578),#493);
#489=STYLED_ITEM('',(#13578),#494);
#490=MANIFOLD_SOLID_BREP('Body1',#7448);
#491=MANIFOLD_SOLID_BREP('Body1',#7449);
#492=MANIFOLD_SOLID_BREP('Body1',#7450);
#493=MANIFOLD_SOLID_BREP('Body1',#7451);
#494=MANIFOLD_SOLID_BREP('Body1',#7452);
#495=FACE_BOUND('',#1084,.T.);
#496=FACE_BOUND('',#1087,.T.);
#497=FACE_BOUND('',#1088,.T.);
#498=FACE_BOUND('',#1089,.T.);
#499=FACE_BOUND('',#1091,.T.);
#500=FACE_BOUND('',#1101,.T.);
#501=FACE_BOUND('',#1104,.T.);
#502=FACE_BOUND('',#1107,.T.);
#503=FACE_BOUND('',#1110,.T.);
#504=FACE_BOUND('',#1113,.T.);
#505=FACE_BOUND('',#1116,.T.);
#506=FACE_BOUND('',#1121,.T.);
#507=FACE_BOUND('',#1127,.T.);
#508=FACE_BOUND('',#1130,.T.);
#509=FACE_BOUND('',#1131,.T.);
#510=FACE_BOUND('',#1132,.T.);
#511=FACE_BOUND('',#1136,.T.);
#512=FACE_BOUND('',#1137,.T.);
#513=FACE_BOUND('',#1138,.T.);
#514=FACE_BOUND('',#1145,.T.);
#515=FACE_BOUND('',#1160,.T.);
#516=FACE_BOUND('',#1161,.T.);
#517=FACE_BOUND('',#1162,.T.);
#518=FACE_BOUND('',#1168,.T.);
#519=FACE_BOUND('',#1287,.T.);
#520=FACE_BOUND('',#1320,.T.);
#521=FACE_BOUND('',#1403,.T.);
#522=FACE_BOUND('',#1437,.T.);
#523=FACE_BOUND('',#1438,.T.);
#524=FACE_BOUND('',#1439,.T.);
#525=FACE_BOUND('',#1440,.T.);
#526=FACE_BOUND('',#1441,.T.);
#527=FACE_BOUND('',#1442,.T.);
#528=FACE_BOUND('',#1443,.T.);
#529=FACE_BOUND('',#1444,.T.);
#530=FACE_BOUND('',#1470,.T.);
#531=FACE_BOUND('',#1471,.T.);
#532=FACE_BOUND('',#1472,.T.);
#533=FACE_BOUND('',#1473,.T.);
#534=FACE_BOUND('',#1474,.T.);
#535=FACE_BOUND('',#1475,.T.);
#536=FACE_BOUND('',#1476,.T.);
#537=FACE_BOUND('',#1477,.T.);
#538=FACE_BOUND('',#1482,.T.);
#539=PLANE('',#7520);
#540=PLANE('',#7524);
#541=PLANE('',#7525);
#542=PLANE('',#7526);
#543=PLANE('',#7530);
#544=PLANE('',#7534);
#545=PLANE('',#7535);
#546=PLANE('',#7539);
#547=PLANE('',#7540);
#548=PLANE('',#7541);
#549=PLANE('',#7542);
#550=PLANE('',#7543);
#551=PLANE('',#7544);
#552=PLANE('',#7545);
#553=PLANE('',#7546);
#554=PLANE('',#7547);
#555=PLANE('',#7548);
#556=PLANE('',#7549);
#557=PLANE('',#7550);
#558=PLANE('',#7551);
#559=PLANE('',#7552);
#560=PLANE('',#7553);
#561=PLANE('',#7554);
#562=PLANE('',#7555);
#563=PLANE('',#7556);
#564=PLANE('',#7557);
#565=PLANE('',#7558);
#566=PLANE('',#7559);
#567=PLANE('',#7560);
#568=PLANE('',#7561);
#569=PLANE('',#7566);
#570=PLANE('',#7567);
#571=PLANE('',#7568);
#572=PLANE('',#7569);
#573=PLANE('',#7570);
#574=PLANE('',#7571);
#575=PLANE('',#7572);
#576=PLANE('',#7573);
#577=PLANE('',#7574);
#578=PLANE('',#7576);
#579=PLANE('',#7577);
#580=PLANE('',#7578);
#581=PLANE('',#7579);
#582=PLANE('',#7580);
#583=PLANE('',#7581);
#584=PLANE('',#7582);
#585=PLANE('',#7583);
#586=PLANE('',#7584);
#587=PLANE('',#7585);
#588=PLANE('',#7586);
#589=PLANE('',#7587);
#590=PLANE('',#7588);
#591=PLANE('',#7589);
#592=PLANE('',#7590);
#593=PLANE('',#7591);
#594=PLANE('',#7592);
#595=PLANE('',#7596);
#596=PLANE('',#7599);
#597=PLANE('',#7600);
#598=PLANE('',#7601);
#599=PLANE('',#7602);
#600=PLANE('',#7603);
#601=PLANE('',#7604);
#602=PLANE('',#7605);
#603=PLANE('',#7631);
#604=PLANE('',#7655);
#605=PLANE('',#7679);
#606=PLANE('',#7703);
#607=PLANE('',#7727);
#608=PLANE('',#7751);
#609=PLANE('',#7775);
#610=PLANE('',#7800);
#611=PLANE('',#7824);
#612=PLANE('',#7848);
#613=PLANE('',#7872);
#614=PLANE('',#7896);
#615=PLANE('',#7898);
#616=PLANE('',#7900);
#617=PLANE('',#7906);
#618=PLANE('',#7907);
#619=PLANE('',#7913);
#620=PLANE('',#7916);
#621=PLANE('',#7936);
#622=PLANE('',#7937);
#623=PLANE('',#7938);
#624=PLANE('',#7942);
#625=PLANE('',#7943);
#626=PLANE('',#7944);
#627=PLANE('',#7945);
#628=PLANE('',#7946);
#629=PLANE('',#7947);
#630=PLANE('',#7948);
#631=PLANE('',#7954);
#632=PLANE('',#7957);
#633=PLANE('',#7958);
#634=PLANE('',#7959);
#635=PLANE('',#7960);
#636=PLANE('',#7961);
#637=PLANE('',#7962);
#638=PLANE('',#7963);
#639=PLANE('',#7964);
#640=PLANE('',#7987);
#641=PLANE('',#8041);
#642=PLANE('',#8064);
#643=PLANE('',#8087);
#644=PLANE('',#8110);
#645=PLANE('',#8133);
#646=PLANE('',#8156);
#647=PLANE('',#8179);
#648=PLANE('',#8180);
#649=PLANE('',#8213);
#650=PLANE('',#8217);
#651=PLANE('',#8221);
#652=PLANE('',#8225);
#653=PLANE('',#8229);
#654=PLANE('',#8233);
#655=PLANE('',#8237);
#656=PLANE('',#8241);
#657=PLANE('',#8242);
#658=PLANE('',#8245);
#659=PLANE('',#8248);
#660=PLANE('',#8251);
#661=PLANE('',#8254);
#662=PLANE('',#8265);
#663=PLANE('',#8268);
#664=PLANE('',#8271);
#665=PLANE('',#8274);
#666=PLANE('',#8275);
#667=PLANE('',#8278);
#668=PLANE('',#8281);
#669=PLANE('',#8284);
#670=PLANE('',#8287);
#671=PLANE('',#8290);
#672=PLANE('',#8293);
#673=PLANE('',#8296);
#674=PLANE('',#8299);
#675=PLANE('',#8300);
#676=PLANE('',#8301);
#677=PLANE('',#8302);
#678=PLANE('',#8303);
#679=PLANE('',#8304);
#680=PLANE('',#8305);
#681=PLANE('',#8306);
#682=PLANE('',#8307);
#683=PLANE('',#8308);
#684=PLANE('',#8309);
#685=PLANE('',#8310);
#686=PLANE('',#8311);
#687=PLANE('',#8312);
#688=PLANE('',#8313);
#689=PLANE('',#8314);
#690=PLANE('',#8315);
#691=PLANE('',#8316);
#692=PLANE('',#8317);
#693=PLANE('',#8318);
#694=PLANE('',#8319);
#695=PLANE('',#8320);
#696=PLANE('',#8321);
#697=PLANE('',#8322);
#698=FACE_OUTER_BOUND('',#1078,.T.);
#699=FACE_OUTER_BOUND('',#1079,.T.);
#700=FACE_OUTER_BOUND('',#1080,.T.);
#701=FACE_OUTER_BOUND('',#1081,.T.);
#702=FACE_OUTER_BOUND('',#1082,.T.);
#703=FACE_OUTER_BOUND('',#1083,.T.);
#704=FACE_OUTER_BOUND('',#1085,.T.);
#705=FACE_OUTER_BOUND('',#1086,.T.);
#706=FACE_OUTER_BOUND('',#1090,.T.);
#707=FACE_OUTER_BOUND('',#1092,.T.);
#708=FACE_OUTER_BOUND('',#1093,.T.);
#709=FACE_OUTER_BOUND('',#1094,.T.);
#710=FACE_OUTER_BOUND('',#1095,.T.);
#711=FACE_OUTER_BOUND('',#1096,.T.);
#712=FACE_OUTER_BOUND('',#1097,.T.);
#713=FACE_OUTER_BOUND('',#1098,.T.);
#714=FACE_OUTER_BOUND('',#1099,.T.);
#715=FACE_OUTER_BOUND('',#1100,.T.);
#716=FACE_OUTER_BOUND('',#1102,.T.);
#717=FACE_OUTER_BOUND('',#1103,.T.);
#718=FACE_OUTER_BOUND('',#1105,.T.);
#719=FACE_OUTER_BOUND('',#1106,.T.);
#720=FACE_OUTER_BOUND('',#1108,.T.);
#721=FACE_OUTER_BOUND('',#1109,.T.);
#722=FACE_OUTER_BOUND('',#1111,.T.);
#723=FACE_OUTER_BOUND('',#1112,.T.);
#724=FACE_OUTER_BOUND('',#1114,.T.);
#725=FACE_OUTER_BOUND('',#1115,.T.);
#726=FACE_OUTER_BOUND('',#1117,.T.);
#727=FACE_OUTER_BOUND('',#1118,.T.);
#728=FACE_OUTER_BOUND('',#1119,.T.);
#729=FACE_OUTER_BOUND('',#1120,.T.);
#730=FACE_OUTER_BOUND('',#1122,.T.);
#731=FACE_OUTER_BOUND('',#1123,.T.);
#732=FACE_OUTER_BOUND('',#1124,.T.);
#733=FACE_OUTER_BOUND('',#1125,.T.);
#734=FACE_OUTER_BOUND('',#1126,.T.);
#735=FACE_OUTER_BOUND('',#1128,.T.);
#736=FACE_OUTER_BOUND('',#1129,.T.);
#737=FACE_OUTER_BOUND('',#1133,.T.);
#738=FACE_OUTER_BOUND('',#1134,.T.);
#739=FACE_OUTER_BOUND('',#1135,.T.);
#740=FACE_OUTER_BOUND('',#1139,.T.);
#741=FACE_OUTER_BOUND('',#1140,.T.);
#742=FACE_OUTER_BOUND('',#1141,.T.);
#743=FACE_OUTER_BOUND('',#1142,.T.);
#744=FACE_OUTER_BOUND('',#1143,.T.);
#745=FACE_OUTER_BOUND('',#1144,.T.);
#746=FACE_OUTER_BOUND('',#1146,.T.);
#747=FACE_OUTER_BOUND('',#1147,.T.);
#748=FACE_OUTER_BOUND('',#1148,.T.);
#749=FACE_OUTER_BOUND('',#1149,.T.);
#750=FACE_OUTER_BOUND('',#1150,.T.);
#751=FACE_OUTER_BOUND('',#1151,.T.);
#752=FACE_OUTER_BOUND('',#1152,.T.);
#753=FACE_OUTER_BOUND('',#1153,.T.);
#754=FACE_OUTER_BOUND('',#1154,.T.);
#755=FACE_OUTER_BOUND('',#1155,.T.);
#756=FACE_OUTER_BOUND('',#1156,.T.);
#757=FACE_OUTER_BOUND('',#1157,.T.);
#758=FACE_OUTER_BOUND('',#1158,.T.);
#759=FACE_OUTER_BOUND('',#1159,.T.);
#760=FACE_OUTER_BOUND('',#1163,.T.);
#761=FACE_OUTER_BOUND('',#1164,.T.);
#762=FACE_OUTER_BOUND('',#1165,.T.);
#763=FACE_OUTER_BOUND('',#1166,.T.);
#764=FACE_OUTER_BOUND('',#1167,.T.);
#765=FACE_OUTER_BOUND('',#1169,.T.);
#766=FACE_OUTER_BOUND('',#1170,.T.);
#767=FACE_OUTER_BOUND('',#1171,.T.);
#768=FACE_OUTER_BOUND('',#1172,.T.);
#769=FACE_OUTER_BOUND('',#1173,.T.);
#770=FACE_OUTER_BOUND('',#1174,.T.);
#771=FACE_OUTER_BOUND('',#1175,.T.);
#772=FACE_OUTER_BOUND('',#1176,.T.);
#773=FACE_OUTER_BOUND('',#1177,.T.);
#774=FACE_OUTER_BOUND('',#1178,.T.);
#775=FACE_OUTER_BOUND('',#1179,.T.);
#776=FACE_OUTER_BOUND('',#1180,.T.);
#777=FACE_OUTER_BOUND('',#1181,.T.);
#778=FACE_OUTER_BOUND('',#1182,.T.);
#779=FACE_OUTER_BOUND('',#1183,.T.);
#780=FACE_OUTER_BOUND('',#1184,.T.);
#781=FACE_OUTER_BOUND('',#1185,.T.);
#782=FACE_OUTER_BOUND('',#1186,.T.);
#783=FACE_OUTER_BOUND('',#1187,.T.);
#784=FACE_OUTER_BOUND('',#1188,.T.);
#785=FACE_OUTER_BOUND('',#1189,.T.);
#786=FACE_OUTER_BOUND('',#1190,.T.);
#787=FACE_OUTER_BOUND('',#1191,.T.);
#788=FACE_OUTER_BOUND('',#1192,.T.);
#789=FACE_OUTER_BOUND('',#1193,.T.);
#790=FACE_OUTER_BOUND('',#1194,.T.);
#791=FACE_OUTER_BOUND('',#1195,.T.);
#792=FACE_OUTER_BOUND('',#1196,.T.);
#793=FACE_OUTER_BOUND('',#1197,.T.);
#794=FACE_OUTER_BOUND('',#1198,.T.);
#795=FACE_OUTER_BOUND('',#1199,.T.);
#796=FACE_OUTER_BOUND('',#1200,.T.);
#797=FACE_OUTER_BOUND('',#1201,.T.);
#798=FACE_OUTER_BOUND('',#1202,.T.);
#799=FACE_OUTER_BOUND('',#1203,.T.);
#800=FACE_OUTER_BOUND('',#1204,.T.);
#801=FACE_OUTER_BOUND('',#1205,.T.);
#802=FACE_OUTER_BOUND('',#1206,.T.);
#803=FACE_OUTER_BOUND('',#1207,.T.);
#804=FACE_OUTER_BOUND('',#1208,.T.);
#805=FACE_OUTER_BOUND('',#1209,.T.);
#806=FACE_OUTER_BOUND('',#1210,.T.);
#807=FACE_OUTER_BOUND('',#1211,.T.);
#808=FACE_OUTER_BOUND('',#1212,.T.);
#809=FACE_OUTER_BOUND('',#1213,.T.);
#810=FACE_OUTER_BOUND('',#1214,.T.);
#811=FACE_OUTER_BOUND('',#1215,.T.);
#812=FACE_OUTER_BOUND('',#1216,.T.);
#813=FACE_OUTER_BOUND('',#1217,.T.);
#814=FACE_OUTER_BOUND('',#1218,.T.);
#815=FACE_OUTER_BOUND('',#1219,.T.);
#816=FACE_OUTER_BOUND('',#1220,.T.);
#817=FACE_OUTER_BOUND('',#1221,.T.);
#818=FACE_OUTER_BOUND('',#1222,.T.);
#819=FACE_OUTER_BOUND('',#1223,.T.);
#820=FACE_OUTER_BOUND('',#1224,.T.);
#821=FACE_OUTER_BOUND('',#1225,.T.);
#822=FACE_OUTER_BOUND('',#1226,.T.);
#823=FACE_OUTER_BOUND('',#1227,.T.);
#824=FACE_OUTER_BOUND('',#1228,.T.);
#825=FACE_OUTER_BOUND('',#1229,.T.);
#826=FACE_OUTER_BOUND('',#1230,.T.);
#827=FACE_OUTER_BOUND('',#1231,.T.);
#828=FACE_OUTER_BOUND('',#1232,.T.);
#829=FACE_OUTER_BOUND('',#1233,.T.);
#830=FACE_OUTER_BOUND('',#1234,.T.);
#831=FACE_OUTER_BOUND('',#1235,.T.);
#832=FACE_OUTER_BOUND('',#1236,.T.);
#833=FACE_OUTER_BOUND('',#1237,.T.);
#834=FACE_OUTER_BOUND('',#1238,.T.);
#835=FACE_OUTER_BOUND('',#1239,.T.);
#836=FACE_OUTER_BOUND('',#1240,.T.);
#837=FACE_OUTER_BOUND('',#1241,.T.);
#838=FACE_OUTER_BOUND('',#1242,.T.);
#839=FACE_OUTER_BOUND('',#1243,.T.);
#840=FACE_OUTER_BOUND('',#1244,.T.);
#841=FACE_OUTER_BOUND('',#1245,.T.);
#842=FACE_OUTER_BOUND('',#1246,.T.);
#843=FACE_OUTER_BOUND('',#1247,.T.);
#844=FACE_OUTER_BOUND('',#1248,.T.);
#845=FACE_OUTER_BOUND('',#1249,.T.);
#846=FACE_OUTER_BOUND('',#1250,.T.);
#847=FACE_OUTER_BOUND('',#1251,.T.);
#848=FACE_OUTER_BOUND('',#1252,.T.);
#849=FACE_OUTER_BOUND('',#1253,.T.);
#850=FACE_OUTER_BOUND('',#1254,.T.);
#851=FACE_OUTER_BOUND('',#1255,.T.);
#852=FACE_OUTER_BOUND('',#1256,.T.);
#853=FACE_OUTER_BOUND('',#1257,.T.);
#854=FACE_OUTER_BOUND('',#1258,.T.);
#855=FACE_OUTER_BOUND('',#1259,.T.);
#856=FACE_OUTER_BOUND('',#1260,.T.);
#857=FACE_OUTER_BOUND('',#1261,.T.);
#858=FACE_OUTER_BOUND('',#1262,.T.);
#859=FACE_OUTER_BOUND('',#1263,.T.);
#860=FACE_OUTER_BOUND('',#1264,.T.);
#861=FACE_OUTER_BOUND('',#1265,.T.);
#862=FACE_OUTER_BOUND('',#1266,.T.);
#863=FACE_OUTER_BOUND('',#1267,.T.);
#864=FACE_OUTER_BOUND('',#1268,.T.);
#865=FACE_OUTER_BOUND('',#1269,.T.);
#866=FACE_OUTER_BOUND('',#1270,.T.);
#867=FACE_OUTER_BOUND('',#1271,.T.);
#868=FACE_OUTER_BOUND('',#1272,.T.);
#869=FACE_OUTER_BOUND('',#1273,.T.);
#870=FACE_OUTER_BOUND('',#1274,.T.);
#871=FACE_OUTER_BOUND('',#1275,.T.);
#872=FACE_OUTER_BOUND('',#1276,.T.);
#873=FACE_OUTER_BOUND('',#1277,.T.);
#874=FACE_OUTER_BOUND('',#1278,.T.);
#875=FACE_OUTER_BOUND('',#1279,.T.);
#876=FACE_OUTER_BOUND('',#1280,.T.);
#877=FACE_OUTER_BOUND('',#1281,.T.);
#878=FACE_OUTER_BOUND('',#1282,.T.);
#879=FACE_OUTER_BOUND('',#1283,.T.);
#880=FACE_OUTER_BOUND('',#1284,.T.);
#881=FACE_OUTER_BOUND('',#1285,.T.);
#882=FACE_OUTER_BOUND('',#1286,.T.);
#883=FACE_OUTER_BOUND('',#1288,.T.);
#884=FACE_OUTER_BOUND('',#1289,.T.);
#885=FACE_OUTER_BOUND('',#1290,.T.);
#886=FACE_OUTER_BOUND('',#1291,.T.);
#887=FACE_OUTER_BOUND('',#1292,.T.);
#888=FACE_OUTER_BOUND('',#1293,.T.);
#889=FACE_OUTER_BOUND('',#1294,.T.);
#890=FACE_OUTER_BOUND('',#1295,.T.);
#891=FACE_OUTER_BOUND('',#1296,.T.);
#892=FACE_OUTER_BOUND('',#1297,.T.);
#893=FACE_OUTER_BOUND('',#1298,.T.);
#894=FACE_OUTER_BOUND('',#1299,.T.);
#895=FACE_OUTER_BOUND('',#1300,.T.);
#896=FACE_OUTER_BOUND('',#1301,.T.);
#897=FACE_OUTER_BOUND('',#1302,.T.);
#898=FACE_OUTER_BOUND('',#1303,.T.);
#899=FACE_OUTER_BOUND('',#1304,.T.);
#900=FACE_OUTER_BOUND('',#1305,.T.);
#901=FACE_OUTER_BOUND('',#1306,.T.);
#902=FACE_OUTER_BOUND('',#1307,.T.);
#903=FACE_OUTER_BOUND('',#1308,.T.);
#904=FACE_OUTER_BOUND('',#1309,.T.);
#905=FACE_OUTER_BOUND('',#1310,.T.);
#906=FACE_OUTER_BOUND('',#1311,.T.);
#907=FACE_OUTER_BOUND('',#1312,.T.);
#908=FACE_OUTER_BOUND('',#1313,.T.);
#909=FACE_OUTER_BOUND('',#1314,.T.);
#910=FACE_OUTER_BOUND('',#1315,.T.);
#911=FACE_OUTER_BOUND('',#1316,.T.);
#912=FACE_OUTER_BOUND('',#1317,.T.);
#913=FACE_OUTER_BOUND('',#1318,.T.);
#914=FACE_OUTER_BOUND('',#1319,.T.);
#915=FACE_OUTER_BOUND('',#1321,.T.);
#916=FACE_OUTER_BOUND('',#1322,.T.);
#917=FACE_OUTER_BOUND('',#1323,.T.);
#918=FACE_OUTER_BOUND('',#1324,.T.);
#919=FACE_OUTER_BOUND('',#1325,.T.);
#920=FACE_OUTER_BOUND('',#1326,.T.);
#921=FACE_OUTER_BOUND('',#1327,.T.);
#922=FACE_OUTER_BOUND('',#1328,.T.);
#923=FACE_OUTER_BOUND('',#1329,.T.);
#924=FACE_OUTER_BOUND('',#1330,.T.);
#925=FACE_OUTER_BOUND('',#1331,.T.);
#926=FACE_OUTER_BOUND('',#1332,.T.);
#927=FACE_OUTER_BOUND('',#1333,.T.);
#928=FACE_OUTER_BOUND('',#1334,.T.);
#929=FACE_OUTER_BOUND('',#1335,.T.);
#930=FACE_OUTER_BOUND('',#1336,.T.);
#931=FACE_OUTER_BOUND('',#1337,.T.);
#932=FACE_OUTER_BOUND('',#1338,.T.);
#933=FACE_OUTER_BOUND('',#1339,.T.);
#934=FACE_OUTER_BOUND('',#1340,.T.);
#935=FACE_OUTER_BOUND('',#1341,.T.);
#936=FACE_OUTER_BOUND('',#1342,.T.);
#937=FACE_OUTER_BOUND('',#1343,.T.);
#938=FACE_OUTER_BOUND('',#1344,.T.);
#939=FACE_OUTER_BOUND('',#1345,.T.);
#940=FACE_OUTER_BOUND('',#1346,.T.);
#941=FACE_OUTER_BOUND('',#1347,.T.);
#942=FACE_OUTER_BOUND('',#1348,.T.);
#943=FACE_OUTER_BOUND('',#1349,.T.);
#944=FACE_OUTER_BOUND('',#1350,.T.);
#945=FACE_OUTER_BOUND('',#1351,.T.);
#946=FACE_OUTER_BOUND('',#1352,.T.);
#947=FACE_OUTER_BOUND('',#1353,.T.);
#948=FACE_OUTER_BOUND('',#1354,.T.);
#949=FACE_OUTER_BOUND('',#1355,.T.);
#950=FACE_OUTER_BOUND('',#1356,.T.);
#951=FACE_OUTER_BOUND('',#1357,.T.);
#952=FACE_OUTER_BOUND('',#1358,.T.);
#953=FACE_OUTER_BOUND('',#1359,.T.);
#954=FACE_OUTER_BOUND('',#1360,.T.);
#955=FACE_OUTER_BOUND('',#1361,.T.);
#956=FACE_OUTER_BOUND('',#1362,.T.);
#957=FACE_OUTER_BOUND('',#1363,.T.);
#958=FACE_OUTER_BOUND('',#1364,.T.);
#959=FACE_OUTER_BOUND('',#1365,.T.);
#960=FACE_OUTER_BOUND('',#1366,.T.);
#961=FACE_OUTER_BOUND('',#1367,.T.);
#962=FACE_OUTER_BOUND('',#1368,.T.);
#963=FACE_OUTER_BOUND('',#1369,.T.);
#964=FACE_OUTER_BOUND('',#1370,.T.);
#965=FACE_OUTER_BOUND('',#1371,.T.);
#966=FACE_OUTER_BOUND('',#1372,.T.);
#967=FACE_OUTER_BOUND('',#1373,.T.);
#968=FACE_OUTER_BOUND('',#1374,.T.);
#969=FACE_OUTER_BOUND('',#1375,.T.);
#970=FACE_OUTER_BOUND('',#1376,.T.);
#971=FACE_OUTER_BOUND('',#1377,.T.);
#972=FACE_OUTER_BOUND('',#1378,.T.);
#973=FACE_OUTER_BOUND('',#1379,.T.);
#974=FACE_OUTER_BOUND('',#1380,.T.);
#975=FACE_OUTER_BOUND('',#1381,.T.);
#976=FACE_OUTER_BOUND('',#1382,.T.);
#977=FACE_OUTER_BOUND('',#1383,.T.);
#978=FACE_OUTER_BOUND('',#1384,.T.);
#979=FACE_OUTER_BOUND('',#1385,.T.);
#980=FACE_OUTER_BOUND('',#1386,.T.);
#981=FACE_OUTER_BOUND('',#1387,.T.);
#982=FACE_OUTER_BOUND('',#1388,.T.);
#983=FACE_OUTER_BOUND('',#1389,.T.);
#984=FACE_OUTER_BOUND('',#1390,.T.);
#985=FACE_OUTER_BOUND('',#1391,.T.);
#986=FACE_OUTER_BOUND('',#1392,.T.);
#987=FACE_OUTER_BOUND('',#1393,.T.);
#988=FACE_OUTER_BOUND('',#1394,.T.);
#989=FACE_OUTER_BOUND('',#1395,.T.);
#990=FACE_OUTER_BOUND('',#1396,.T.);
#991=FACE_OUTER_BOUND('',#1397,.T.);
#992=FACE_OUTER_BOUND('',#1398,.T.);
#993=FACE_OUTER_BOUND('',#1399,.T.);
#994=FACE_OUTER_BOUND('',#1400,.T.);
#995=FACE_OUTER_BOUND('',#1401,.T.);
#996=FACE_OUTER_BOUND('',#1402,.T.);
#997=FACE_OUTER_BOUND('',#1404,.T.);
#998=FACE_OUTER_BOUND('',#1405,.T.);
#999=FACE_OUTER_BOUND('',#1406,.T.);
#1000=FACE_OUTER_BOUND('',#1407,.T.);
#1001=FACE_OUTER_BOUND('',#1408,.T.);
#1002=FACE_OUTER_BOUND('',#1409,.T.);
#1003=FACE_OUTER_BOUND('',#1410,.T.);
#1004=FACE_OUTER_BOUND('',#1411,.T.);
#1005=FACE_OUTER_BOUND('',#1412,.T.);
#1006=FACE_OUTER_BOUND('',#1413,.T.);
#1007=FACE_OUTER_BOUND('',#1414,.T.);
#1008=FACE_OUTER_BOUND('',#1415,.T.);
#1009=FACE_OUTER_BOUND('',#1416,.T.);
#1010=FACE_OUTER_BOUND('',#1417,.T.);
#1011=FACE_OUTER_BOUND('',#1418,.T.);
#1012=FACE_OUTER_BOUND('',#1419,.T.);
#1013=FACE_OUTER_BOUND('',#1420,.T.);
#1014=FACE_OUTER_BOUND('',#1421,.T.);
#1015=FACE_OUTER_BOUND('',#1422,.T.);
#1016=FACE_OUTER_BOUND('',#1423,.T.);
#1017=FACE_OUTER_BOUND('',#1424,.T.);
#1018=FACE_OUTER_BOUND('',#1425,.T.);
#1019=FACE_OUTER_BOUND('',#1426,.T.);
#1020=FACE_OUTER_BOUND('',#1427,.T.);
#1021=FACE_OUTER_BOUND('',#1428,.T.);
#1022=FACE_OUTER_BOUND('',#1429,.T.);
#1023=FACE_OUTER_BOUND('',#1430,.T.);
#1024=FACE_OUTER_BOUND('',#1431,.T.);
#1025=FACE_OUTER_BOUND('',#1432,.T.);
#1026=FACE_OUTER_BOUND('',#1433,.T.);
#1027=FACE_OUTER_BOUND('',#1434,.T.);
#1028=FACE_OUTER_BOUND('',#1435,.T.);
#1029=FACE_OUTER_BOUND('',#1436,.T.);
#1030=FACE_OUTER_BOUND('',#1445,.T.);
#1031=FACE_OUTER_BOUND('',#1446,.T.);
#1032=FACE_OUTER_BOUND('',#1447,.T.);
#1033=FACE_OUTER_BOUND('',#1448,.T.);
#1034=FACE_OUTER_BOUND('',#1449,.T.);
#1035=FACE_OUTER_BOUND('',#1450,.T.);
#1036=FACE_OUTER_BOUND('',#1451,.T.);
#1037=FACE_OUTER_BOUND('',#1452,.T.);
#1038=FACE_OUTER_BOUND('',#1453,.T.);
#1039=FACE_OUTER_BOUND('',#1454,.T.);
#1040=FACE_OUTER_BOUND('',#1455,.T.);
#1041=FACE_OUTER_BOUND('',#1456,.T.);
#1042=FACE_OUTER_BOUND('',#1457,.T.);
#1043=FACE_OUTER_BOUND('',#1458,.T.);
#1044=FACE_OUTER_BOUND('',#1459,.T.);
#1045=FACE_OUTER_BOUND('',#1460,.T.);
#1046=FACE_OUTER_BOUND('',#1461,.T.);
#1047=FACE_OUTER_BOUND('',#1462,.T.);
#1048=FACE_OUTER_BOUND('',#1463,.T.);
#1049=FACE_OUTER_BOUND('',#1464,.T.);
#1050=FACE_OUTER_BOUND('',#1465,.T.);
#1051=FACE_OUTER_BOUND('',#1466,.T.);
#1052=FACE_OUTER_BOUND('',#1467,.T.);
#1053=FACE_OUTER_BOUND('',#1468,.T.);
#1054=FACE_OUTER_BOUND('',#1469,.T.);
#1055=FACE_OUTER_BOUND('',#1478,.T.);
#1056=FACE_OUTER_BOUND('',#1479,.T.);
#1057=FACE_OUTER_BOUND('',#1480,.T.);
#1058=FACE_OUTER_BOUND('',#1481,.T.);
#1059=FACE_OUTER_BOUND('',#1483,.T.);
#1060=FACE_OUTER_BOUND('',#1484,.T.);
#1061=FACE_OUTER_BOUND('',#1485,.T.);
#1062=FACE_OUTER_BOUND('',#1486,.T.);
#1063=FACE_OUTER_BOUND('',#1487,.T.);
#1064=FACE_OUTER_BOUND('',#1488,.T.);
#1065=FACE_OUTER_BOUND('',#1489,.T.);
#1066=FACE_OUTER_BOUND('',#1490,.T.);
#1067=FACE_OUTER_BOUND('',#1491,.T.);
#1068=FACE_OUTER_BOUND('',#1492,.T.);
#1069=FACE_OUTER_BOUND('',#1493,.T.);
#1070=FACE_OUTER_BOUND('',#1494,.T.);
#1071=FACE_OUTER_BOUND('',#1495,.T.);
#1072=FACE_OUTER_BOUND('',#1496,.T.);
#1073=FACE_OUTER_BOUND('',#1497,.T.);
#1074=FACE_OUTER_BOUND('',#1498,.T.);
#1075=FACE_OUTER_BOUND('',#1499,.T.);
#1076=FACE_OUTER_BOUND('',#1500,.T.);
#1077=FACE_OUTER_BOUND('',#1501,.T.);
#1078=EDGE_LOOP('',(#4780,#4781,#4782,#4783));
#1079=EDGE_LOOP('',(#4784,#4785,#4786,#4787));
#1080=EDGE_LOOP('',(#4788,#4789,#4790,#4791));
#1081=EDGE_LOOP('',(#4792,#4793,#4794,#4795));
#1082=EDGE_LOOP('',(#4796,#4797,#4798,#4799));
#1083=EDGE_LOOP('',(#4800,#4801,#4802,#4803));
#1084=EDGE_LOOP('',(#4804));
#1085=EDGE_LOOP('',(#4805,#4806,#4807,#4808));
#1086=EDGE_LOOP('',(#4809,#4810,#4811,#4812,#4813,#4814,#4815,#4816,#4817,
#4818,#4819,#4820,#4821,#4822,#4823,#4824,#4825,#4826,#4827,#4828));
#1087=EDGE_LOOP('',(#4829,#4830,#4831,#4832));
#1088=EDGE_LOOP('',(#4833,#4834,#4835,#4836));
#1089=EDGE_LOOP('',(#4837,#4838,#4839,#4840));
#1090=EDGE_LOOP('',(#4841,#4842,#4843,#4844));
#1091=EDGE_LOOP('',(#4845));
#1092=EDGE_LOOP('',(#4846,#4847,#4848,#4849));
#1093=EDGE_LOOP('',(#4850,#4851,#4852,#4853));
#1094=EDGE_LOOP('',(#4854,#4855,#4856,#4857));
#1095=EDGE_LOOP('',(#4858,#4859,#4860,#4861));
#1096=EDGE_LOOP('',(#4862,#4863,#4864,#4865));
#1097=EDGE_LOOP('',(#4866,#4867,#4868,#4869));
#1098=EDGE_LOOP('',(#4870,#4871,#4872,#4873));
#1099=EDGE_LOOP('',(#4874,#4875,#4876,#4877));
#1100=EDGE_LOOP('',(#4878,#4879,#4880,#4881));
#1101=EDGE_LOOP('',(#4882));
#1102=EDGE_LOOP('',(#4883,#4884,#4885,#4886));
#1103=EDGE_LOOP('',(#4887,#4888,#4889,#4890));
#1104=EDGE_LOOP('',(#4891));
#1105=EDGE_LOOP('',(#4892,#4893,#4894,#4895));
#1106=EDGE_LOOP('',(#4896,#4897,#4898,#4899));
#1107=EDGE_LOOP('',(#4900));
#1108=EDGE_LOOP('',(#4901,#4902,#4903,#4904));
#1109=EDGE_LOOP('',(#4905,#4906,#4907,#4908));
#1110=EDGE_LOOP('',(#4909));
#1111=EDGE_LOOP('',(#4910,#4911,#4912,#4913));
#1112=EDGE_LOOP('',(#4914,#4915,#4916,#4917));
#1113=EDGE_LOOP('',(#4918));
#1114=EDGE_LOOP('',(#4919,#4920,#4921,#4922));
#1115=EDGE_LOOP('',(#4923,#4924,#4925,#4926));
#1116=EDGE_LOOP('',(#4927));
#1117=EDGE_LOOP('',(#4928,#4929,#4930,#4931));
#1118=EDGE_LOOP('',(#4932,#4933,#4934,#4935));
#1119=EDGE_LOOP('',(#4936,#4937,#4938,#4939));
#1120=EDGE_LOOP('',(#4940,#4941,#4942,#4943));
#1121=EDGE_LOOP('',(#4944));
#1122=EDGE_LOOP('',(#4945,#4946,#4947,#4948));
#1123=EDGE_LOOP('',(#4949,#4950,#4951,#4952));
#1124=EDGE_LOOP('',(#4953,#4954,#4955,#4956));
#1125=EDGE_LOOP('',(#4957,#4958,#4959,#4960));
#1126=EDGE_LOOP('',(#4961,#4962,#4963,#4964));
#1127=EDGE_LOOP('',(#4965));
#1128=EDGE_LOOP('',(#4966,#4967,#4968,#4969));
#1129=EDGE_LOOP('',(#4970,#4971,#4972,#4973,#4974,#4975,#4976,#4977,#4978,
#4979,#4980,#4981,#4982,#4983,#4984,#4985,#4986,#4987,#4988,#4989));
#1130=EDGE_LOOP('',(#4990,#4991,#4992,#4993));
#1131=EDGE_LOOP('',(#4994,#4995,#4996,#4997));
#1132=EDGE_LOOP('',(#4998,#4999,#5000,#5001));
#1133=EDGE_LOOP('',(#5002,#5003,#5004,#5005));
#1134=EDGE_LOOP('',(#5006,#5007,#5008,#5009));
#1135=EDGE_LOOP('',(#5010,#5011,#5012,#5013,#5014,#5015,#5016,#5017,#5018,
#5019,#5020,#5021,#5022,#5023,#5024,#5025));
#1136=EDGE_LOOP('',(#5026,#5027,#5028,#5029));
#1137=EDGE_LOOP('',(#5030,#5031,#5032,#5033,#5034));
#1138=EDGE_LOOP('',(#5035,#5036,#5037,#5038,#5039));
#1139=EDGE_LOOP('',(#5040,#5041,#5042,#5043));
#1140=EDGE_LOOP('',(#5044,#5045,#5046,#5047));
#1141=EDGE_LOOP('',(#5048,#5049,#5050,#5051));
#1142=EDGE_LOOP('',(#5052,#5053,#5054,#5055));
#1143=EDGE_LOOP('',(#5056,#5057,#5058,#5059));
#1144=EDGE_LOOP('',(#5060,#5061,#5062,#5063));
#1145=EDGE_LOOP('',(#5064));
#1146=EDGE_LOOP('',(#5065,#5066,#5067,#5068));
#1147=EDGE_LOOP('',(#5069,#5070,#5071,#5072));
#1148=EDGE_LOOP('',(#5073,#5074,#5075,#5076));
#1149=EDGE_LOOP('',(#5077,#5078,#5079,#5080));
#1150=EDGE_LOOP('',(#5081,#5082,#5083,#5084));
#1151=EDGE_LOOP('',(#5085,#5086,#5087,#5088));
#1152=EDGE_LOOP('',(#5089,#5090,#5091,#5092));
#1153=EDGE_LOOP('',(#5093,#5094,#5095,#5096));
#1154=EDGE_LOOP('',(#5097,#5098,#5099,#5100));
#1155=EDGE_LOOP('',(#5101,#5102,#5103,#5104));
#1156=EDGE_LOOP('',(#5105,#5106,#5107,#5108));
#1157=EDGE_LOOP('',(#5109,#5110,#5111,#5112));
#1158=EDGE_LOOP('',(#5113,#5114,#5115,#5116));
#1159=EDGE_LOOP('',(#5117,#5118,#5119,#5120,#5121,#5122,#5123,#5124,#5125,
#5126,#5127,#5128,#5129,#5130,#5131,#5132));
#1160=EDGE_LOOP('',(#5133,#5134,#5135,#5136));
#1161=EDGE_LOOP('',(#5137,#5138,#5139,#5140,#5141));
#1162=EDGE_LOOP('',(#5142,#5143,#5144,#5145,#5146));
#1163=EDGE_LOOP('',(#5147,#5148,#5149,#5150));
#1164=EDGE_LOOP('',(#5151,#5152,#5153,#5154));
#1165=EDGE_LOOP('',(#5155,#5156,#5157,#5158));
#1166=EDGE_LOOP('',(#5159,#5160,#5161,#5162));
#1167=EDGE_LOOP('',(#5163));
#1168=EDGE_LOOP('',(#5164));
#1169=EDGE_LOOP('',(#5165,#5166,#5167,#5168));
#1170=EDGE_LOOP('',(#5169));
#1171=EDGE_LOOP('',(#5170,#5171,#5172,#5173));
#1172=EDGE_LOOP('',(#5174,#5175,#5176,#5177));
#1173=EDGE_LOOP('',(#5178,#5179,#5180,#5181));
#1174=EDGE_LOOP('',(#5182,#5183,#5184,#5185));
#1175=EDGE_LOOP('',(#5186,#5187,#5188,#5189));
#1176=EDGE_LOOP('',(#5190,#5191,#5192,#5193));
#1177=EDGE_LOOP('',(#5194,#5195,#5196,#5197));
#1178=EDGE_LOOP('',(#5198,#5199,#5200,#5201));
#1179=EDGE_LOOP('',(#5202,#5203,#5204,#5205,#5206));
#1180=EDGE_LOOP('',(#5207,#5208,#5209,#5210,#5211));
#1181=EDGE_LOOP('',(#5212,#5213,#5214,#5215));
#1182=EDGE_LOOP('',(#5216,#5217,#5218,#5219));
#1183=EDGE_LOOP('',(#5220,#5221,#5222,#5223));
#1184=EDGE_LOOP('',(#5224,#5225,#5226,#5227));
#1185=EDGE_LOOP('',(#5228,#5229,#5230,#5231,#5232,#5233,#5234,#5235));
#1186=EDGE_LOOP('',(#5236,#5237,#5238,#5239));
#1187=EDGE_LOOP('',(#5240,#5241,#5242,#5243));
#1188=EDGE_LOOP('',(#5244,#5245,#5246,#5247,#5248));
#1189=EDGE_LOOP('',(#5249,#5250,#5251,#5252,#5253));
#1190=EDGE_LOOP('',(#5254,#5255,#5256,#5257));
#1191=EDGE_LOOP('',(#5258,#5259,#5260,#5261));
#1192=EDGE_LOOP('',(#5262,#5263,#5264,#5265));
#1193=EDGE_LOOP('',(#5266,#5267,#5268,#5269));
#1194=EDGE_LOOP('',(#5270,#5271,#5272,#5273,#5274,#5275,#5276,#5277));
#1195=EDGE_LOOP('',(#5278,#5279,#5280,#5281));
#1196=EDGE_LOOP('',(#5282,#5283,#5284,#5285));
#1197=EDGE_LOOP('',(#5286,#5287,#5288,#5289,#5290));
#1198=EDGE_LOOP('',(#5291,#5292,#5293,#5294,#5295));
#1199=EDGE_LOOP('',(#5296,#5297,#5298,#5299));
#1200=EDGE_LOOP('',(#5300,#5301,#5302,#5303));
#1201=EDGE_LOOP('',(#5304,#5305,#5306,#5307));
#1202=EDGE_LOOP('',(#5308,#5309,#5310,#5311));
#1203=EDGE_LOOP('',(#5312,#5313,#5314,#5315,#5316,#5317,#5318,#5319));
#1204=EDGE_LOOP('',(#5320,#5321,#5322,#5323));
#1205=EDGE_LOOP('',(#5324,#5325,#5326,#5327));
#1206=EDGE_LOOP('',(#5328,#5329,#5330,#5331,#5332));
#1207=EDGE_LOOP('',(#5333,#5334,#5335,#5336,#5337));
#1208=EDGE_LOOP('',(#5338,#5339,#5340,#5341));
#1209=EDGE_LOOP('',(#5342,#5343,#5344,#5345));
#1210=EDGE_LOOP('',(#5346,#5347,#5348,#5349));
#1211=EDGE_LOOP('',(#5350,#5351,#5352,#5353));
#1212=EDGE_LOOP('',(#5354,#5355,#5356,#5357,#5358,#5359,#5360,#5361));
#1213=EDGE_LOOP('',(#5362,#5363,#5364,#5365));
#1214=EDGE_LOOP('',(#5366,#5367,#5368,#5369));
#1215=EDGE_LOOP('',(#5370,#5371,#5372,#5373,#5374));
#1216=EDGE_LOOP('',(#5375,#5376,#5377,#5378,#5379));
#1217=EDGE_LOOP('',(#5380,#5381,#5382,#5383));
#1218=EDGE_LOOP('',(#5384,#5385,#5386,#5387));
#1219=EDGE_LOOP('',(#5388,#5389,#5390,#5391));
#1220=EDGE_LOOP('',(#5392,#5393,#5394,#5395));
#1221=EDGE_LOOP('',(#5396,#5397,#5398,#5399,#5400,#5401,#5402,#5403));
#1222=EDGE_LOOP('',(#5404,#5405,#5406,#5407));
#1223=EDGE_LOOP('',(#5408,#5409,#5410,#5411));
#1224=EDGE_LOOP('',(#5412,#5413,#5414,#5415,#5416));
#1225=EDGE_LOOP('',(#5417,#5418,#5419,#5420,#5421));
#1226=EDGE_LOOP('',(#5422,#5423,#5424,#5425));
#1227=EDGE_LOOP('',(#5426,#5427,#5428,#5429));
#1228=EDGE_LOOP('',(#5430,#5431,#5432,#5433));
#1229=EDGE_LOOP('',(#5434,#5435,#5436,#5437));
#1230=EDGE_LOOP('',(#5438,#5439,#5440,#5441,#5442,#5443,#5444,#5445));
#1231=EDGE_LOOP('',(#5446,#5447,#5448,#5449));
#1232=EDGE_LOOP('',(#5450,#5451,#5452,#5453));
#1233=EDGE_LOOP('',(#5454,#5455,#5456,#5457,#5458));
#1234=EDGE_LOOP('',(#5459,#5460,#5461,#5462,#5463));
#1235=EDGE_LOOP('',(#5464,#5465,#5466,#5467));
#1236=EDGE_LOOP('',(#5468,#5469,#5470,#5471));
#1237=EDGE_LOOP('',(#5472,#5473,#5474,#5475));
#1238=EDGE_LOOP('',(#5476,#5477,#5478,#5479));
#1239=EDGE_LOOP('',(#5480,#5481,#5482,#5483,#5484,#5485,#5486,#5487,#5488));
#1240=EDGE_LOOP('',(#5489,#5490,#5491,#5492));
#1241=EDGE_LOOP('',(#5493,#5494,#5495,#5496));
#1242=EDGE_LOOP('',(#5497,#5498,#5499,#5500,#5501));
#1243=EDGE_LOOP('',(#5502,#5503,#5504,#5505,#5506));
#1244=EDGE_LOOP('',(#5507,#5508,#5509,#5510));
#1245=EDGE_LOOP('',(#5511,#5512,#5513,#5514));
#1246=EDGE_LOOP('',(#5515,#5516,#5517,#5518));
#1247=EDGE_LOOP('',(#5519,#5520,#5521,#5522));
#1248=EDGE_LOOP('',(#5523,#5524,#5525,#5526,#5527,#5528,#5529,#5530));
#1249=EDGE_LOOP('',(#5531,#5532,#5533,#5534));
#1250=EDGE_LOOP('',(#5535,#5536,#5537,#5538));
#1251=EDGE_LOOP('',(#5539,#5540,#5541,#5542,#5543));
#1252=EDGE_LOOP('',(#5544,#5545,#5546,#5547,#5548));
#1253=EDGE_LOOP('',(#5549,#5550,#5551,#5552));
#1254=EDGE_LOOP('',(#5553,#5554,#5555,#5556));
#1255=EDGE_LOOP('',(#5557,#5558,#5559,#5560));
#1256=EDGE_LOOP('',(#5561,#5562,#5563,#5564));
#1257=EDGE_LOOP('',(#5565,#5566,#5567,#5568,#5569,#5570,#5571,#5572));
#1258=EDGE_LOOP('',(#5573,#5574,#5575,#5576));
#1259=EDGE_LOOP('',(#5577,#5578,#5579,#5580));
#1260=EDGE_LOOP('',(#5581,#5582,#5583,#5584,#5585));
#1261=EDGE_LOOP('',(#5586,#5587,#5588,#5589,#5590));
#1262=EDGE_LOOP('',(#5591,#5592,#5593,#5594));
#1263=EDGE_LOOP('',(#5595,#5596,#5597,#5598));
#1264=EDGE_LOOP('',(#5599,#5600,#5601,#5602));
#1265=EDGE_LOOP('',(#5603,#5604,#5605,#5606));
#1266=EDGE_LOOP('',(#5607,#5608,#5609,#5610,#5611,#5612,#5613,#5614));
#1267=EDGE_LOOP('',(#5615,#5616,#5617,#5618));
#1268=EDGE_LOOP('',(#5619,#5620,#5621,#5622));
#1269=EDGE_LOOP('',(#5623,#5624,#5625,#5626,#5627));
#1270=EDGE_LOOP('',(#5628,#5629,#5630,#5631,#5632));
#1271=EDGE_LOOP('',(#5633,#5634,#5635,#5636));
#1272=EDGE_LOOP('',(#5637,#5638,#5639,#5640));
#1273=EDGE_LOOP('',(#5641,#5642,#5643,#5644));
#1274=EDGE_LOOP('',(#5645,#5646,#5647,#5648));
#1275=EDGE_LOOP('',(#5649,#5650,#5651,#5652,#5653,#5654,#5655,#5656));
#1276=EDGE_LOOP('',(#5657,#5658,#5659,#5660));
#1277=EDGE_LOOP('',(#5661,#5662,#5663,#5664));
#1278=EDGE_LOOP('',(#5665,#5666,#5667,#5668,#5669));
#1279=EDGE_LOOP('',(#5670,#5671,#5672,#5673,#5674));
#1280=EDGE_LOOP('',(#5675,#5676,#5677,#5678));
#1281=EDGE_LOOP('',(#5679,#5680,#5681,#5682));
#1282=EDGE_LOOP('',(#5683,#5684,#5685,#5686));
#1283=EDGE_LOOP('',(#5687,#5688,#5689,#5690));
#1284=EDGE_LOOP('',(#5691,#5692,#5693,#5694,#5695,#5696,#5697,#5698));
#1285=EDGE_LOOP('',(#5699));
#1286=EDGE_LOOP('',(#5700));
#1287=EDGE_LOOP('',(#5701));
#1288=EDGE_LOOP('',(#5702,#5703,#5704,#5705));
#1289=EDGE_LOOP('',(#5706,#5707,#5708,#5709,#5710,#5711,#5712,#5713,#5714,
#5715,#5716,#5717));
#1290=EDGE_LOOP('',(#5718,#5719,#5720,#5721,#5722,#5723,#5724,#5725));
#1291=EDGE_LOOP('',(#5726,#5727,#5728,#5729));
#1292=EDGE_LOOP('',(#5730,#5731,#5732,#5733,#5734,#5735,#5736,#5737,#5738,
#5739,#5740,#5741));
#1293=EDGE_LOOP('',(#5742,#5743,#5744,#5745));
#1294=EDGE_LOOP('',(#5746,#5747,#5748,#5749));
#1295=EDGE_LOOP('',(#5750,#5751,#5752,#5753));
#1296=EDGE_LOOP('',(#5754,#5755,#5756,#5757));
#1297=EDGE_LOOP('',(#5758,#5759,#5760,#5761));
#1298=EDGE_LOOP('',(#5762,#5763,#5764,#5765));
#1299=EDGE_LOOP('',(#5766,#5767,#5768,#5769));
#1300=EDGE_LOOP('',(#5770,#5771,#5772,#5773));
#1301=EDGE_LOOP('',(#5774,#5775,#5776,#5777));
#1302=EDGE_LOOP('',(#5778,#5779,#5780));
#1303=EDGE_LOOP('',(#5781,#5782,#5783,#5784));
#1304=EDGE_LOOP('',(#5785,#5786,#5787,#5788));
#1305=EDGE_LOOP('',(#5789,#5790,#5791,#5792));
#1306=EDGE_LOOP('',(#5793,#5794,#5795,#5796));
#1307=EDGE_LOOP('',(#5797,#5798,#5799,#5800));
#1308=EDGE_LOOP('',(#5801,#5802,#5803,#5804,#5805,#5806,#5807,#5808));
#1309=EDGE_LOOP('',(#5809,#5810,#5811,#5812,#5813,#5814,#5815,#5816,#5817,
#5818));
#1310=EDGE_LOOP('',(#5819,#5820,#5821,#5822));
#1311=EDGE_LOOP('',(#5823,#5824,#5825,#5826));
#1312=EDGE_LOOP('',(#5827,#5828,#5829,#5830));
#1313=EDGE_LOOP('',(#5831,#5832,#5833,#5834));
#1314=EDGE_LOOP('',(#5835,#5836,#5837,#5838));
#1315=EDGE_LOOP('',(#5839,#5840,#5841,#5842));
#1316=EDGE_LOOP('',(#5843,#5844,#5845,#5846));
#1317=EDGE_LOOP('',(#5847,#5848,#5849,#5850));
#1318=EDGE_LOOP('',(#5851,#5852,#5853,#5854,#5855,#5856,#5857));
#1319=EDGE_LOOP('',(#5858,#5859,#5860,#5861));
#1320=EDGE_LOOP('',(#5862));
#1321=EDGE_LOOP('',(#5863,#5864,#5865,#5866,#5867,#5868,#5869,#5870,#5871,
#5872));
#1322=EDGE_LOOP('',(#5873,#5874,#5875,#5876));
#1323=EDGE_LOOP('',(#5877,#5878,#5879,#5880,#5881,#5882,#5883,#5884));
#1324=EDGE_LOOP('',(#5885,#5886,#5887,#5888));
#1325=EDGE_LOOP('',(#5889,#5890,#5891,#5892,#5893,#5894,#5895,#5896));
#1326=EDGE_LOOP('',(#5897,#5898,#5899,#5900,#5901,#5902,#5903,#5904,#5905,
#5906));
#1327=EDGE_LOOP('',(#5907,#5908,#5909,#5910));
#1328=EDGE_LOOP('',(#5911,#5912,#5913,#5914));
#1329=EDGE_LOOP('',(#5915,#5916,#5917,#5918));
#1330=EDGE_LOOP('',(#5919,#5920,#5921,#5922,#5923));
#1331=EDGE_LOOP('',(#5924,#5925,#5926,#5927,#5928));
#1332=EDGE_LOOP('',(#5929,#5930,#5931,#5932));
#1333=EDGE_LOOP('',(#5933,#5934,#5935,#5936));
#1334=EDGE_LOOP('',(#5937,#5938,#5939,#5940));
#1335=EDGE_LOOP('',(#5941,#5942,#5943,#5944));
#1336=EDGE_LOOP('',(#5945,#5946,#5947,#5948,#5949,#5950,#5951,#5952));
#1337=EDGE_LOOP('',(#5953,#5954,#5955,#5956,#5957,#5958,#5959,#5960,#5961,
#5962,#5963,#5964,#5965,#5966,#5967,#5968,#5969,#5970,#5971,#5972,#5973,
#5974,#5975,#5976,#5977,#5978,#5979,#5980,#5981,#5982,#5983,#5984,#5985,
#5986,#5987,#5988,#5989,#5990,#5991,#5992,#5993,#5994,#5995,#5996,#5997,
#5998,#5999,#6000,#6001,#6002,#6003,#6004,#6005,#6006,#6007,#6008,#6009,
#6010,#6011,#6012,#6013,#6014,#6015,#6016,#6017,#6018,#6019,#6020,#6021,
#6022,#6023,#6024,#6025,#6026,#6027,#6028,#6029,#6030,#6031,#6032,#6033,
#6034,#6035,#6036));
#1338=EDGE_LOOP('',(#6037,#6038,#6039,#6040));
#1339=EDGE_LOOP('',(#6041,#6042,#6043,#6044));
#1340=EDGE_LOOP('',(#6045,#6046,#6047,#6048));
#1341=EDGE_LOOP('',(#6049,#6050,#6051,#6052,#6053));
#1342=EDGE_LOOP('',(#6054,#6055,#6056,#6057,#6058));
#1343=EDGE_LOOP('',(#6059,#6060,#6061,#6062));
#1344=EDGE_LOOP('',(#6063,#6064,#6065,#6066));
#1345=EDGE_LOOP('',(#6067,#6068,#6069,#6070));
#1346=EDGE_LOOP('',(#6071,#6072,#6073,#6074));
#1347=EDGE_LOOP('',(#6075,#6076,#6077,#6078,#6079,#6080,#6081,#6082));
#1348=EDGE_LOOP('',(#6083,#6084,#6085,#6086));
#1349=EDGE_LOOP('',(#6087,#6088,#6089,#6090));
#1350=EDGE_LOOP('',(#6091,#6092,#6093,#6094,#6095));
#1351=EDGE_LOOP('',(#6096,#6097,#6098,#6099,#6100));
#1352=EDGE_LOOP('',(#6101,#6102,#6103,#6104));
#1353=EDGE_LOOP('',(#6105,#6106,#6107,#6108));
#1354=EDGE_LOOP('',(#6109,#6110,#6111,#6112));
#1355=EDGE_LOOP('',(#6113,#6114,#6115,#6116));
#1356=EDGE_LOOP('',(#6117,#6118,#6119,#6120,#6121,#6122,#6123,#6124));
#1357=EDGE_LOOP('',(#6125,#6126,#6127,#6128));
#1358=EDGE_LOOP('',(#6129,#6130,#6131,#6132));
#1359=EDGE_LOOP('',(#6133,#6134,#6135,#6136,#6137));
#1360=EDGE_LOOP('',(#6138,#6139,#6140,#6141,#6142));
#1361=EDGE_LOOP('',(#6143,#6144,#6145,#6146));
#1362=EDGE_LOOP('',(#6147,#6148,#6149,#6150));
#1363=EDGE_LOOP('',(#6151,#6152,#6153,#6154));
#1364=EDGE_LOOP('',(#6155,#6156,#6157,#6158));
#1365=EDGE_LOOP('',(#6159,#6160,#6161,#6162,#6163,#6164,#6165,#6166));
#1366=EDGE_LOOP('',(#6167,#6168,#6169,#6170));
#1367=EDGE_LOOP('',(#6171,#6172,#6173,#6174));
#1368=EDGE_LOOP('',(#6175,#6176,#6177,#6178,#6179));
#1369=EDGE_LOOP('',(#6180,#6181,#6182,#6183,#6184));
#1370=EDGE_LOOP('',(#6185,#6186,#6187,#6188));
#1371=EDGE_LOOP('',(#6189,#6190,#6191,#6192));
#1372=EDGE_LOOP('',(#6193,#6194,#6195,#6196));
#1373=EDGE_LOOP('',(#6197,#6198,#6199,#6200));
#1374=EDGE_LOOP('',(#6201,#6202,#6203,#6204,#6205,#6206,#6207,#6208));
#1375=EDGE_LOOP('',(#6209,#6210,#6211,#6212));
#1376=EDGE_LOOP('',(#6213,#6214,#6215,#6216));
#1377=EDGE_LOOP('',(#6217,#6218,#6219,#6220,#6221));
#1378=EDGE_LOOP('',(#6222,#6223,#6224,#6225,#6226));
#1379=EDGE_LOOP('',(#6227,#6228,#6229,#6230));
#1380=EDGE_LOOP('',(#6231,#6232,#6233,#6234));
#1381=EDGE_LOOP('',(#6235,#6236,#6237,#6238));
#1382=EDGE_LOOP('',(#6239,#6240,#6241,#6242));
#1383=EDGE_LOOP('',(#6243,#6244,#6245,#6246,#6247,#6248,#6249,#6250));
#1384=EDGE_LOOP('',(#6251,#6252,#6253,#6254));
#1385=EDGE_LOOP('',(#6255,#6256,#6257,#6258));
#1386=EDGE_LOOP('',(#6259,#6260,#6261,#6262,#6263));
#1387=EDGE_LOOP('',(#6264,#6265,#6266,#6267,#6268));
#1388=EDGE_LOOP('',(#6269,#6270,#6271,#6272));
#1389=EDGE_LOOP('',(#6273,#6274,#6275,#6276));
#1390=EDGE_LOOP('',(#6277,#6278,#6279,#6280));
#1391=EDGE_LOOP('',(#6281,#6282,#6283,#6284));
#1392=EDGE_LOOP('',(#6285,#6286,#6287,#6288,#6289,#6290,#6291,#6292));
#1393=EDGE_LOOP('',(#6293,#6294,#6295,#6296));
#1394=EDGE_LOOP('',(#6297,#6298,#6299,#6300));
#1395=EDGE_LOOP('',(#6301,#6302,#6303,#6304,#6305));
#1396=EDGE_LOOP('',(#6306,#6307,#6308,#6309,#6310));
#1397=EDGE_LOOP('',(#6311,#6312,#6313,#6314));
#1398=EDGE_LOOP('',(#6315,#6316,#6317,#6318));
#1399=EDGE_LOOP('',(#6319,#6320,#6321,#6322));
#1400=EDGE_LOOP('',(#6323,#6324,#6325,#6326));
#1401=EDGE_LOOP('',(#6327,#6328,#6329,#6330,#6331,#6332,#6333,#6334));
#1402=EDGE_LOOP('',(#6335,#6336,#6337,#6338,#6339,#6340,#6341,#6342,#6343,
#6344,#6345,#6346,#6347,#6348,#6349,#6350,#6351,#6352,#6353,#6354,#6355,
#6356,#6357,#6358,#6359,#6360,#6361,#6362,#6363,#6364,#6365,#6366,#6367,
#6368,#6369,#6370,#6371,#6372,#6373,#6374,#6375,#6376,#6377,#6378,#6379,
#6380,#6381,#6382,#6383,#6384,#6385,#6386,#6387,#6388,#6389,#6390,#6391,
#6392,#6393,#6394,#6395,#6396,#6397,#6398,#6399,#6400,#6401,#6402,#6403,
#6404,#6405,#6406,#6407,#6408,#6409,#6410,#6411,#6412,#6413,#6414,#6415,
#6416,#6417,#6418,#6419,#6420,#6421,#6422,#6423,#6424,#6425,#6426,#6427,
#6428,#6429,#6430,#6431,#6432,#6433,#6434,#6435,#6436,#6437,#6438,#6439,
#6440,#6441,#6442,#6443,#6444,#6445,#6446,#6447,#6448,#6449,#6450,#6451,
#6452,#6453,#6454,#6455,#6456,#6457,#6458,#6459,#6460,#6461,#6462,#6463,
#6464,#6465,#6466,#6467,#6468,#6469,#6470,#6471,#6472,#6473,#6474,#6475,
#6476,#6477,#6478,#6479,#6480,#6481,#6482,#6483,#6484,#6485,#6486,#6487,
#6488,#6489,#6490,#6491,#6492,#6493,#6494));
#1403=EDGE_LOOP('',(#6495));
#1404=EDGE_LOOP('',(#6496,#6497,#6498,#6499));
#1405=EDGE_LOOP('',(#6500,#6501,#6502,#6503));
#1406=EDGE_LOOP('',(#6504,#6505,#6506,#6507));
#1407=EDGE_LOOP('',(#6508,#6509,#6510,#6511));
#1408=EDGE_LOOP('',(#6512,#6513,#6514,#6515));
#1409=EDGE_LOOP('',(#6516,#6517,#6518,#6519));
#1410=EDGE_LOOP('',(#6520,#6521,#6522,#6523));
#1411=EDGE_LOOP('',(#6524,#6525,#6526,#6527));
#1412=EDGE_LOOP('',(#6528,#6529,#6530,#6531));
#1413=EDGE_LOOP('',(#6532,#6533,#6534,#6535));
#1414=EDGE_LOOP('',(#6536,#6537,#6538,#6539));
#1415=EDGE_LOOP('',(#6540,#6541,#6542,#6543));
#1416=EDGE_LOOP('',(#6544,#6545,#6546,#6547));
#1417=EDGE_LOOP('',(#6548,#6549,#6550,#6551));
#1418=EDGE_LOOP('',(#6552,#6553,#6554,#6555));
#1419=EDGE_LOOP('',(#6556,#6557,#6558,#6559));
#1420=EDGE_LOOP('',(#6560,#6561,#6562,#6563));
#1421=EDGE_LOOP('',(#6564,#6565,#6566,#6567));
#1422=EDGE_LOOP('',(#6568,#6569,#6570,#6571));
#1423=EDGE_LOOP('',(#6572,#6573,#6574,#6575));
#1424=EDGE_LOOP('',(#6576,#6577,#6578,#6579));
#1425=EDGE_LOOP('',(#6580,#6581,#6582,#6583));
#1426=EDGE_LOOP('',(#6584,#6585,#6586,#6587));
#1427=EDGE_LOOP('',(#6588,#6589,#6590,#6591));
#1428=EDGE_LOOP('',(#6592,#6593,#6594,#6595));
#1429=EDGE_LOOP('',(#6596,#6597,#6598,#6599));
#1430=EDGE_LOOP('',(#6600,#6601,#6602,#6603));
#1431=EDGE_LOOP('',(#6604,#6605,#6606,#6607));
#1432=EDGE_LOOP('',(#6608,#6609,#6610,#6611));
#1433=EDGE_LOOP('',(#6612,#6613,#6614,#6615));
#1434=EDGE_LOOP('',(#6616,#6617,#6618,#6619));
#1435=EDGE_LOOP('',(#6620,#6621,#6622,#6623));
#1436=EDGE_LOOP('',(#6624,#6625,#6626,#6627,#6628,#6629,#6630,#6631,#6632,
#6633,#6634,#6635,#6636,#6637,#6638,#6639));
#1437=EDGE_LOOP('',(#6640,#6641,#6642,#6643));
#1438=EDGE_LOOP('',(#6644,#6645,#6646,#6647));
#1439=EDGE_LOOP('',(#6648,#6649,#6650,#6651));
#1440=EDGE_LOOP('',(#6652,#6653,#6654,#6655));
#1441=EDGE_LOOP('',(#6656));
#1442=EDGE_LOOP('',(#6657));
#1443=EDGE_LOOP('',(#6658));
#1444=EDGE_LOOP('',(#6659));
#1445=EDGE_LOOP('',(#6660,#6661,#6662,#6663));
#1446=EDGE_LOOP('',(#6664,#6665,#6666,#6667));
#1447=EDGE_LOOP('',(#6668,#6669,#6670,#6671));
#1448=EDGE_LOOP('',(#6672,#6673,#6674,#6675));
#1449=EDGE_LOOP('',(#6676,#6677,#6678,#6679));
#1450=EDGE_LOOP('',(#6680,#6681,#6682,#6683));
#1451=EDGE_LOOP('',(#6684,#6685,#6686,#6687));
#1452=EDGE_LOOP('',(#6688,#6689,#6690,#6691));
#1453=EDGE_LOOP('',(#6692,#6693,#6694,#6695));
#1454=EDGE_LOOP('',(#6696,#6697,#6698,#6699));
#1455=EDGE_LOOP('',(#6700,#6701,#6702,#6703));
#1456=EDGE_LOOP('',(#6704,#6705,#6706,#6707));
#1457=EDGE_LOOP('',(#6708,#6709,#6710,#6711));
#1458=EDGE_LOOP('',(#6712,#6713,#6714,#6715));
#1459=EDGE_LOOP('',(#6716,#6717,#6718,#6719));
#1460=EDGE_LOOP('',(#6720,#6721,#6722,#6723));
#1461=EDGE_LOOP('',(#6724,#6725,#6726,#6727));
#1462=EDGE_LOOP('',(#6728,#6729,#6730,#6731));
#1463=EDGE_LOOP('',(#6732,#6733,#6734,#6735));
#1464=EDGE_LOOP('',(#6736,#6737,#6738,#6739));
#1465=EDGE_LOOP('',(#6740,#6741,#6742,#6743));
#1466=EDGE_LOOP('',(#6744,#6745,#6746,#6747));
#1467=EDGE_LOOP('',(#6748,#6749,#6750,#6751));
#1468=EDGE_LOOP('',(#6752,#6753,#6754,#6755));
#1469=EDGE_LOOP('',(#6756,#6757,#6758,#6759,#6760,#6761,#6762,#6763,#6764,
#6765,#6766,#6767,#6768,#6769,#6770,#6771));
#1470=EDGE_LOOP('',(#6772,#6773,#6774,#6775));
#1471=EDGE_LOOP('',(#6776,#6777,#6778,#6779));
#1472=EDGE_LOOP('',(#6780,#6781,#6782,#6783));
#1473=EDGE_LOOP('',(#6784,#6785,#6786,#6787));
#1474=EDGE_LOOP('',(#6788));
#1475=EDGE_LOOP('',(#6789));
#1476=EDGE_LOOP('',(#6790));
#1477=EDGE_LOOP('',(#6791));
#1478=EDGE_LOOP('',(#6792,#6793,#6794,#6795));
#1479=EDGE_LOOP('',(#6796,#6797,#6798,#6799));
#1480=EDGE_LOOP('',(#6800,#6801,#6802,#6803,#6804,#6805,#6806,#6807,#6808,
#6809,#6810,#6811));
#1481=EDGE_LOOP('',(#6812,#6813,#6814,#6815));
#1482=EDGE_LOOP('',(#6816,#6817,#6818,#6819));
#1483=EDGE_LOOP('',(#6820,#6821,#6822,#6823,#6824,#6825,#6826,#6827,#6828,
#6829,#6830,#6831));
#1484=EDGE_LOOP('',(#6832,#6833,#6834,#6835));
#1485=EDGE_LOOP('',(#6836,#6837,#6838,#6839));
#1486=EDGE_LOOP('',(#6840,#6841,#6842,#6843));
#1487=EDGE_LOOP('',(#6844,#6845,#6846,#6847));
#1488=EDGE_LOOP('',(#6848,#6849,#6850,#6851,#6852,#6853,#6854,#6855,#6856,
#6857));
#1489=EDGE_LOOP('',(#6858,#6859,#6860,#6861));
#1490=EDGE_LOOP('',(#6862,#6863,#6864,#6865));
#1491=EDGE_LOOP('',(#6866,#6867,#6868,#6869));
#1492=EDGE_LOOP('',(#6870,#6871,#6872,#6873));
#1493=EDGE_LOOP('',(#6874,#6875,#6876,#6877));
#1494=EDGE_LOOP('',(#6878,#6879,#6880,#6881));
#1495=EDGE_LOOP('',(#6882,#6883,#6884,#6885));
#1496=EDGE_LOOP('',(#6886,#6887,#6888,#6889));
#1497=EDGE_LOOP('',(#6890,#6891,#6892,#6893,#6894,#6895,#6896,#6897));
#1498=EDGE_LOOP('',(#6898,#6899,#6900,#6901));
#1499=EDGE_LOOP('',(#6902,#6903,#6904,#6905,#6906,#6907,#6908,#6909,#6910,
#6911));
#1500=EDGE_LOOP('',(#6912,#6913,#6914,#6915));
#1501=EDGE_LOOP('',(#6916,#6917,#6918,#6919,#6920,#6921,#6922,#6923));
#1502=LINE('',#10573,#2070);
#1503=LINE('',#10579,#2071);
#1504=LINE('',#10585,#2072);
#1505=LINE('',#10591,#2073);
#1506=LINE('',#10597,#2074);
#1507=LINE('',#10604,#2075);
#1508=LINE('',#10606,#2076);
#1509=LINE('',#10607,#2077);
#1510=LINE('',#10610,#2078);
#1511=LINE('',#10613,#2079);
#1512=LINE('',#10616,#2080);
#1513=LINE('',#10618,#2081);
#1514=LINE('',#10620,#2082);
#1515=LINE('',#10622,#2083);
#1516=LINE('',#10624,#2084);
#1517=LINE('',#10626,#2085);
#1518=LINE('',#10628,#2086);
#1519=LINE('',#10630,#2087);
#1520=LINE('',#10632,#2088);
#1521=LINE('',#10634,#2089);
#1522=LINE('',#10636,#2090);
#1523=LINE('',#10638,#2091);
#1524=LINE('',#10640,#2092);
#1525=LINE('',#10642,#2093);
#1526=LINE('',#10644,#2094);
#1527=LINE('',#10646,#2095);
#1528=LINE('',#10648,#2096);
#1529=LINE('',#10649,#2097);
#1530=LINE('',#10652,#2098);
#1531=LINE('',#10654,#2099);
#1532=LINE('',#10656,#2100);
#1533=LINE('',#10657,#2101);
#1534=LINE('',#10660,#2102);
#1535=LINE('',#10662,#2103);
#1536=LINE('',#10664,#2104);
#1537=LINE('',#10665,#2105);
#1538=LINE('',#10668,#2106);
#1539=LINE('',#10670,#2107);
#1540=LINE('',#10672,#2108);
#1541=LINE('',#10673,#2109);
#1542=LINE('',#10676,#2110);
#1543=LINE('',#10677,#2111);
#1544=LINE('',#10682,#2112);
#1545=LINE('',#10683,#2113);
#1546=LINE('',#10687,#2114);
#1547=LINE('',#10692,#2115);
#1548=LINE('',#10693,#2116);
#1549=LINE('',#10697,#2117);
#1550=LINE('',#10700,#2118);
#1551=LINE('',#10701,#2119);
#1552=LINE('',#10706,#2120);
#1553=LINE('',#10707,#2121);
#1554=LINE('',#10711,#2122);
#1555=LINE('',#10714,#2123);
#1556=LINE('',#10715,#2124);
#1557=LINE('',#10719,#2125);
#1558=LINE('',#10720,#2126);
#1559=LINE('',#10721,#2127);
#1560=LINE('',#10724,#2128);
#1561=LINE('',#10725,#2129);
#1562=LINE('',#10728,#2130);
#1563=LINE('',#10729,#2131);
#1564=LINE('',#10731,#2132);
#1565=LINE('',#10735,#2133);
#1566=LINE('',#10736,#2134);
#1567=LINE('',#10737,#2135);
#1568=LINE('',#10740,#2136);
#1569=LINE('',#10741,#2137);
#1570=LINE('',#10744,#2138);
#1571=LINE('',#10745,#2139);
#1572=LINE('',#10747,#2140);
#1573=LINE('',#10751,#2141);
#1574=LINE('',#10752,#2142);
#1575=LINE('',#10753,#2143);
#1576=LINE('',#10756,#2144);
#1577=LINE('',#10757,#2145);
#1578=LINE('',#10760,#2146);
#1579=LINE('',#10761,#2147);
#1580=LINE('',#10763,#2148);
#1581=LINE('',#10767,#2149);
#1582=LINE('',#10768,#2150);
#1583=LINE('',#10769,#2151);
#1584=LINE('',#10771,#2152);
#1585=LINE('',#10773,#2153);
#1586=LINE('',#10776,#2154);
#1587=LINE('',#10777,#2155);
#1588=LINE('',#10780,#2156);
#1589=LINE('',#10781,#2157);
#1590=LINE('',#10783,#2158);
#1591=LINE('',#10786,#2159);
#1592=LINE('',#10787,#2160);
#1593=LINE('',#10789,#2161);
#1594=LINE('',#10791,#2162);
#1595=LINE('',#10800,#2163);
#1596=LINE('',#10802,#2164);
#1597=LINE('',#10804,#2165);
#1598=LINE('',#10805,#2166);
#1599=LINE('',#10809,#2167);
#1600=LINE('',#10810,#2168);
#1601=LINE('',#10811,#2169);
#1602=LINE('',#10814,#2170);
#1603=LINE('',#10816,#2171);
#1604=LINE('',#10818,#2172);
#1605=LINE('',#10820,#2173);
#1606=LINE('',#10822,#2174);
#1607=LINE('',#10824,#2175);
#1608=LINE('',#10826,#2176);
#1609=LINE('',#10828,#2177);
#1610=LINE('',#10830,#2178);
#1611=LINE('',#10832,#2179);
#1612=LINE('',#10834,#2180);
#1613=LINE('',#10836,#2181);
#1614=LINE('',#10838,#2182);
#1615=LINE('',#10839,#2183);
#1616=LINE('',#10842,#2184);
#1617=LINE('',#10844,#2185);
#1618=LINE('',#10846,#2186);
#1619=LINE('',#10847,#2187);
#1620=LINE('',#10850,#2188);
#1621=LINE('',#10852,#2189);
#1622=LINE('',#10854,#2190);
#1623=LINE('',#10856,#2191);
#1624=LINE('',#10857,#2192);
#1625=LINE('',#10860,#2193);
#1626=LINE('',#10862,#2194);
#1627=LINE('',#10864,#2195);
#1628=LINE('',#10866,#2196);
#1629=LINE('',#10867,#2197);
#1630=LINE('',#10870,#2198);
#1631=LINE('',#10871,#2199);
#1632=LINE('',#10875,#2200);
#1633=LINE('',#10876,#2201);
#1634=LINE('',#10877,#2202);
#1635=LINE('',#10880,#2203);
#1636=LINE('',#10881,#2204);
#1637=LINE('',#10884,#2205);
#1638=LINE('',#10886,#2206);
#1639=LINE('',#10887,#2207);
#1640=LINE('',#10890,#2208);
#1641=LINE('',#10892,#2209);
#1642=LINE('',#10893,#2210);
#1643=LINE('',#10896,#2211);
#1644=LINE('',#10897,#2212);
#1645=LINE('',#10902,#2213);
#1646=LINE('',#10904,#2214);
#1647=LINE('',#10905,#2215);
#1648=LINE('',#10908,#2216);
#1649=LINE('',#10910,#2217);
#1650=LINE('',#10911,#2218);
#1651=LINE('',#10914,#2219);
#1652=LINE('',#10916,#2220);
#1653=LINE('',#10917,#2221);
#1654=LINE('',#10920,#2222);
#1655=LINE('',#10921,#2223);
#1656=LINE('',#10923,#2224);
#1657=LINE('',#10926,#2225);
#1658=LINE('',#10927,#2226);
#1659=LINE('',#10929,#2227);
#1660=LINE('',#10932,#2228);
#1661=LINE('',#10933,#2229);
#1662=LINE('',#10936,#2230);
#1663=LINE('',#10937,#2231);
#1664=LINE('',#10939,#2232);
#1665=LINE('',#10941,#2233);
#1666=LINE('',#10945,#2234);
#1667=LINE('',#10946,#2235);
#1668=LINE('',#10947,#2236);
#1669=LINE('',#10949,#2237);
#1670=LINE('',#10952,#2238);
#1671=LINE('',#10953,#2239);
#1672=LINE('',#10955,#2240);
#1673=LINE('',#10957,#2241);
#1674=LINE('',#10958,#2242);
#1675=LINE('',#10960,#2243);
#1676=LINE('',#10962,#2244);
#1677=LINE('',#10964,#2245);
#1678=LINE('',#10965,#2246);
#1679=LINE('',#10967,#2247);
#1680=LINE('',#10969,#2248);
#1681=LINE('',#10971,#2249);
#1682=LINE('',#10976,#2250);
#1683=LINE('',#10982,#2251);
#1684=LINE('',#10986,#2252);
#1685=LINE('',#10988,#2253);
#1686=LINE('',#10991,#2254);
#1687=LINE('',#11016,#2255);
#1688=LINE('',#11019,#2256);
#1689=LINE('',#11033,#2257);
#1690=LINE('',#11048,#2258);
#1691=LINE('',#11055,#2259);
#1692=LINE('',#11061,#2260);
#1693=LINE('',#11067,#2261);
#1694=LINE('',#11070,#2262);
#1695=LINE('',#11096,#2263);
#1696=LINE('',#11099,#2264);
#1697=LINE('',#11113,#2265);
#1698=LINE('',#11128,#2266);
#1699=LINE('',#11135,#2267);
#1700=LINE('',#11141,#2268);
#1701=LINE('',#11147,#2269);
#1702=LINE('',#11150,#2270);
#1703=LINE('',#11176,#2271);
#1704=LINE('',#11179,#2272);
#1705=LINE('',#11193,#2273);
#1706=LINE('',#11208,#2274);
#1707=LINE('',#11215,#2275);
#1708=LINE('',#11221,#2276);
#1709=LINE('',#11227,#2277);
#1710=LINE('',#11230,#2278);
#1711=LINE('',#11256,#2279);
#1712=LINE('',#11259,#2280);
#1713=LINE('',#11273,#2281);
#1714=LINE('',#11288,#2282);
#1715=LINE('',#11295,#2283);
#1716=LINE('',#11301,#2284);
#1717=LINE('',#11307,#2285);
#1718=LINE('',#11310,#2286);
#1719=LINE('',#11336,#2287);
#1720=LINE('',#11339,#2288);
#1721=LINE('',#11353,#2289);
#1722=LINE('',#11368,#2290);
#1723=LINE('',#11375,#2291);
#1724=LINE('',#11381,#2292);
#1725=LINE('',#11387,#2293);
#1726=LINE('',#11390,#2294);
#1727=LINE('',#11416,#2295);
#1728=LINE('',#11419,#2296);
#1729=LINE('',#11433,#2297);
#1730=LINE('',#11448,#2298);
#1731=LINE('',#11455,#2299);
#1732=LINE('',#11461,#2300);
#1733=LINE('',#11467,#2301);
#1734=LINE('',#11470,#2302);
#1735=LINE('',#11496,#2303);
#1736=LINE('',#11499,#2304);
#1737=LINE('',#11513,#2305);
#1738=LINE('',#11528,#2306);
#1739=LINE('',#11535,#2307);
#1740=LINE('',#11541,#2308);
#1741=LINE('',#11547,#2309);
#1742=LINE('',#11550,#2310);
#1743=LINE('',#11578,#2311);
#1744=LINE('',#11581,#2312);
#1745=LINE('',#11595,#2313);
#1746=LINE('',#11610,#2314);
#1747=LINE('',#11617,#2315);
#1748=LINE('',#11623,#2316);
#1749=LINE('',#11629,#2317);
#1750=LINE('',#11632,#2318);
#1751=LINE('',#11658,#2319);
#1752=LINE('',#11661,#2320);
#1753=LINE('',#11675,#2321);
#1754=LINE('',#11690,#2322);
#1755=LINE('',#11697,#2323);
#1756=LINE('',#11703,#2324);
#1757=LINE('',#11709,#2325);
#1758=LINE('',#11712,#2326);
#1759=LINE('',#11738,#2327);
#1760=LINE('',#11741,#2328);
#1761=LINE('',#11755,#2329);
#1762=LINE('',#11770,#2330);
#1763=LINE('',#11777,#2331);
#1764=LINE('',#11783,#2332);
#1765=LINE('',#11789,#2333);
#1766=LINE('',#11792,#2334);
#1767=LINE('',#11818,#2335);
#1768=LINE('',#11821,#2336);
#1769=LINE('',#11835,#2337);
#1770=LINE('',#11850,#2338);
#1771=LINE('',#11857,#2339);
#1772=LINE('',#11863,#2340);
#1773=LINE('',#11869,#2341);
#1774=LINE('',#11872,#2342);
#1775=LINE('',#11898,#2343);
#1776=LINE('',#11901,#2344);
#1777=LINE('',#11915,#2345);
#1778=LINE('',#11930,#2346);
#1779=LINE('',#11937,#2347);
#1780=LINE('',#11943,#2348);
#1781=LINE('',#11949,#2349);
#1782=LINE('',#11952,#2350);
#1783=LINE('',#11971,#2351);
#1784=LINE('',#11974,#2352);
#1785=LINE('',#11977,#2353);
#1786=LINE('',#11979,#2354);
#1787=LINE('',#11981,#2355);
#1788=LINE('',#11983,#2356);
#1789=LINE('',#11985,#2357);
#1790=LINE('',#11987,#2358);
#1791=LINE('',#11989,#2359);
#1792=LINE('',#11991,#2360);
#1793=LINE('',#11993,#2361);
#1794=LINE('',#11995,#2362);
#1795=LINE('',#11996,#2363);
#1796=LINE('',#11999,#2364);
#1797=LINE('',#12003,#2365);
#1798=LINE('',#12007,#2366);
#1799=LINE('',#12011,#2367);
#1800=LINE('',#12014,#2368);
#1801=LINE('',#12017,#2369);
#1802=LINE('',#12019,#2370);
#1803=LINE('',#12021,#2371);
#1804=LINE('',#12023,#2372);
#1805=LINE('',#12025,#2373);
#1806=LINE('',#12027,#2374);
#1807=LINE('',#12029,#2375);
#1808=LINE('',#12031,#2376);
#1809=LINE('',#12033,#2377);
#1810=LINE('',#12034,#2378);
#1811=LINE('',#12038,#2379);
#1812=LINE('',#12041,#2380);
#1813=LINE('',#12042,#2381);
#1814=LINE('',#12048,#2382);
#1815=LINE('',#12052,#2383);
#1816=LINE('',#12075,#2384);
#1817=LINE('',#12077,#2385);
#1818=LINE('',#12129,#2386);
#1819=LINE('',#12131,#2387);
#1820=LINE('',#12174,#2388);
#1821=LINE('',#12177,#2389);
#1822=LINE('',#12180,#2390);
#1823=LINE('',#12183,#2391);
#1824=LINE('',#12184,#2392);
#1825=LINE('',#12188,#2393);
#1826=LINE('',#12190,#2394);
#1827=LINE('',#12192,#2395);
#1828=LINE('',#12193,#2396);
#1829=LINE('',#12197,#2397);
#1830=LINE('',#12199,#2398);
#1831=LINE('',#12201,#2399);
#1832=LINE('',#12202,#2400);
#1833=LINE('',#12207,#2401);
#1834=LINE('',#12208,#2402);
#1835=LINE('',#12209,#2403);
#1836=LINE('',#12211,#2404);
#1837=LINE('',#12212,#2405);
#1838=LINE('',#12213,#2406);
#1839=LINE('',#12218,#2407);
#1840=LINE('',#12220,#2408);
#1841=LINE('',#12222,#2409);
#1842=LINE('',#12223,#2410);
#1843=LINE('',#12227,#2411);
#1844=LINE('',#12229,#2412);
#1845=LINE('',#12231,#2413);
#1846=LINE('',#12232,#2414);
#1847=LINE('',#12234,#2415);
#1848=LINE('',#12235,#2416);
#1849=LINE('',#12237,#2417);
#1850=LINE('',#12238,#2418);
#1851=LINE('',#12244,#2419);
#1852=LINE('',#12248,#2420);
#1853=LINE('',#12249,#2421);
#1854=LINE('',#12254,#2422);
#1855=LINE('',#12255,#2423);
#1856=LINE('',#12256,#2424);
#1857=LINE('',#12260,#2425);
#1858=LINE('',#12284,#2426);
#1859=LINE('',#12287,#2427);
#1860=LINE('',#12301,#2428);
#1861=LINE('',#12316,#2429);
#1862=LINE('',#12323,#2430);
#1863=LINE('',#12329,#2431);
#1864=LINE('',#12335,#2432);
#1865=LINE('',#12338,#2433);
#1866=LINE('',#12345,#2434);
#1867=LINE('',#12351,#2435);
#1868=LINE('',#12355,#2436);
#1869=LINE('',#12359,#2437);
#1870=LINE('',#12363,#2438);
#1871=LINE('',#12368,#2439);
#1872=LINE('',#12372,#2440);
#1873=LINE('',#12377,#2441);
#1874=LINE('',#12381,#2442);
#1875=LINE('',#12389,#2443);
#1876=LINE('',#12393,#2444);
#1877=LINE('',#12397,#2445);
#1878=LINE('',#12401,#2446);
#1879=LINE('',#12405,#2447);
#1880=LINE('',#12409,#2448);
#1881=LINE('',#12417,#2449);
#1882=LINE('',#12439,#2450);
#1883=LINE('',#12442,#2451);
#1884=LINE('',#12456,#2452);
#1885=LINE('',#12471,#2453);
#1886=LINE('',#12478,#2454);
#1887=LINE('',#12487,#2455);
#1888=LINE('',#12512,#2456);
#1889=LINE('',#12515,#2457);
#1890=LINE('',#12529,#2458);
#1891=LINE('',#12544,#2459);
#1892=LINE('',#12551,#2460);
#1893=LINE('',#12560,#2461);
#1894=LINE('',#12585,#2462);
#1895=LINE('',#12588,#2463);
#1896=LINE('',#12602,#2464);
#1897=LINE('',#12617,#2465);
#1898=LINE('',#12624,#2466);
#1899=LINE('',#12633,#2467);
#1900=LINE('',#12658,#2468);
#1901=LINE('',#12661,#2469);
#1902=LINE('',#12675,#2470);
#1903=LINE('',#12690,#2471);
#1904=LINE('',#12697,#2472);
#1905=LINE('',#12706,#2473);
#1906=LINE('',#12731,#2474);
#1907=LINE('',#12734,#2475);
#1908=LINE('',#12748,#2476);
#1909=LINE('',#12763,#2477);
#1910=LINE('',#12770,#2478);
#1911=LINE('',#12779,#2479);
#1912=LINE('',#12804,#2480);
#1913=LINE('',#12807,#2481);
#1914=LINE('',#12821,#2482);
#1915=LINE('',#12836,#2483);
#1916=LINE('',#12843,#2484);
#1917=LINE('',#12852,#2485);
#1918=LINE('',#12877,#2486);
#1919=LINE('',#12880,#2487);
#1920=LINE('',#12894,#2488);
#1921=LINE('',#12909,#2489);
#1922=LINE('',#12916,#2490);
#1923=LINE('',#12925,#2491);
#1924=LINE('',#12944,#2492);
#1925=LINE('',#12948,#2493);
#1926=LINE('',#12954,#2494);
#1927=LINE('',#12958,#2495);
#1928=LINE('',#12964,#2496);
#1929=LINE('',#12968,#2497);
#1930=LINE('',#12974,#2498);
#1931=LINE('',#12978,#2499);
#1932=LINE('',#12997,#2500);
#1933=LINE('',#13003,#2501);
#1934=LINE('',#13015,#2502);
#1935=LINE('',#13021,#2503);
#1936=LINE('',#13033,#2504);
#1937=LINE('',#13039,#2505);
#1938=LINE('',#13051,#2506);
#1939=LINE('',#13057,#2507);
#1940=LINE('',#13069,#2508);
#1941=LINE('',#13071,#2509);
#1942=LINE('',#13087,#2510);
#1943=LINE('',#13089,#2511);
#1944=LINE('',#13105,#2512);
#1945=LINE('',#13107,#2513);
#1946=LINE('',#13122,#2514);
#1947=LINE('',#13123,#2515);
#1948=LINE('',#13126,#2516);
#1949=LINE('',#13128,#2517);
#1950=LINE('',#13129,#2518);
#1951=LINE('',#13132,#2519);
#1952=LINE('',#13136,#2520);
#1953=LINE('',#13137,#2521);
#1954=LINE('',#13140,#2522);
#1955=LINE('',#13144,#2523);
#1956=LINE('',#13145,#2524);
#1957=LINE('',#13148,#2525);
#1958=LINE('',#13152,#2526);
#1959=LINE('',#13153,#2527);
#1960=LINE('',#13156,#2528);
#1961=LINE('',#13163,#2529);
#1962=LINE('',#13166,#2530);
#1963=LINE('',#13171,#2531);
#1964=LINE('',#13174,#2532);
#1965=LINE('',#13177,#2533);
#1966=LINE('',#13181,#2534);
#1967=LINE('',#13185,#2535);
#1968=LINE('',#13189,#2536);
#1969=LINE('',#13195,#2537);
#1970=LINE('',#13196,#2538);
#1971=LINE('',#13199,#2539);
#1972=LINE('',#13200,#2540);
#1973=LINE('',#13204,#2541);
#1974=LINE('',#13206,#2542);
#1975=LINE('',#13211,#2543);
#1976=LINE('',#13212,#2544);
#1977=LINE('',#13215,#2545);
#1978=LINE('',#13216,#2546);
#1979=LINE('',#13220,#2547);
#1980=LINE('',#13222,#2548);
#1981=LINE('',#13226,#2549);
#1982=LINE('',#13227,#2550);
#1983=LINE('',#13228,#2551);
#1984=LINE('',#13232,#2552);
#1985=LINE('',#13235,#2553);
#1986=LINE('',#13236,#2554);
#1987=LINE('',#13242,#2555);
#1988=LINE('',#13243,#2556);
#1989=LINE('',#13244,#2557);
#1990=LINE('',#13248,#2558);
#1991=LINE('',#13251,#2559);
#1992=LINE('',#13252,#2560);
#1993=LINE('',#13257,#2561);
#1994=LINE('',#13258,#2562);
#1995=LINE('',#13261,#2563);
#1996=LINE('',#13265,#2564);
#1997=LINE('',#13266,#2565);
#1998=LINE('',#13269,#2566);
#1999=LINE('',#13273,#2567);
#2000=LINE('',#13274,#2568);
#2001=LINE('',#13277,#2569);
#2002=LINE('',#13281,#2570);
#2003=LINE('',#13282,#2571);
#2004=LINE('',#13289,#2572);
#2005=LINE('',#13291,#2573);
#2006=LINE('',#13293,#2574);
#2007=LINE('',#13294,#2575);
#2008=LINE('',#13297,#2576);
#2009=LINE('',#13299,#2577);
#2010=LINE('',#13300,#2578);
#2011=LINE('',#13303,#2579);
#2012=LINE('',#13305,#2580);
#2013=LINE('',#13307,#2581);
#2014=LINE('',#13309,#2582);
#2015=LINE('',#13311,#2583);
#2016=LINE('',#13313,#2584);
#2017=LINE('',#13315,#2585);
#2018=LINE('',#13317,#2586);
#2019=LINE('',#13319,#2587);
#2020=LINE('',#13320,#2588);
#2021=LINE('',#13324,#2589);
#2022=LINE('',#13326,#2590);
#2023=LINE('',#13328,#2591);
#2024=LINE('',#13329,#2592);
#2025=LINE('',#13331,#2593);
#2026=LINE('',#13332,#2594);
#2027=LINE('',#13335,#2595);
#2028=LINE('',#13337,#2596);
#2029=LINE('',#13339,#2597);
#2030=LINE('',#13341,#2598);
#2031=LINE('',#13343,#2599);
#2032=LINE('',#13345,#2600);
#2033=LINE('',#13347,#2601);
#2034=LINE('',#13349,#2602);
#2035=LINE('',#13350,#2603);
#2036=LINE('',#13352,#2604);
#2037=LINE('',#13354,#2605);
#2038=LINE('',#13358,#2606);
#2039=LINE('',#13359,#2607);
#2040=LINE('',#13360,#2608);
#2041=LINE('',#13363,#2609);
#2042=LINE('',#13365,#2610);
#2043=LINE('',#13366,#2611);
#2044=LINE('',#13369,#2612);
#2045=LINE('',#13371,#2613);
#2046=LINE('',#13373,#2614);
#2047=LINE('',#13375,#2615);
#2048=LINE('',#13377,#2616);
#2049=LINE('',#13379,#2617);
#2050=LINE('',#13380,#2618);
#2051=LINE('',#13382,#2619);
#2052=LINE('',#13384,#2620);
#2053=LINE('',#13385,#2621);
#2054=LINE('',#13387,#2622);
#2055=LINE('',#13388,#2623);
#2056=LINE('',#13392,#2624);
#2057=LINE('',#13394,#2625);
#2058=LINE('',#13395,#2626);
#2059=LINE('',#13398,#2627);
#2060=LINE('',#13400,#2628);
#2061=LINE('',#13401,#2629);
#2062=LINE('',#13403,#2630);
#2063=LINE('',#13406,#2631);
#2064=LINE('',#13407,#2632);
#2065=LINE('',#13410,#2633);
#2066=LINE('',#13411,#2634);
#2067=LINE('',#13413,#2635);
#2068=LINE('',#13415,#2636);
#2069=LINE('',#13416,#2637);
#2070=VECTOR('',#8348,2.50000000000001);
#2071=VECTOR('',#8355,3.5);
#2072=VECTOR('',#8362,3.5);
#2073=VECTOR('',#8369,3.5);
#2074=VECTOR('',#8376,3.5);
#2075=VECTOR('',#8383,10.);
#2076=VECTOR('',#8384,10.);
#2077=VECTOR('',#8385,10.);
#2078=VECTOR('',#8388,10.);
#2079=VECTOR('',#8391,10.);
#2080=VECTOR('',#8394,10.);
#2081=VECTOR('',#8395,10.);
#2082=VECTOR('',#8396,10.);
#2083=VECTOR('',#8397,10.);
#2084=VECTOR('',#8398,10.);
#2085=VECTOR('',#8399,10.);
#2086=VECTOR('',#8400,10.);
#2087=VECTOR('',#8401,10.);
#2088=VECTOR('',#8402,10.);
#2089=VECTOR('',#8403,10.);
#2090=VECTOR('',#8404,10.);
#2091=VECTOR('',#8405,10.);
#2092=VECTOR('',#8406,10.);
#2093=VECTOR('',#8407,10.);
#2094=VECTOR('',#8408,10.);
#2095=VECTOR('',#8409,10.);
#2096=VECTOR('',#8410,10.);
#2097=VECTOR('',#8411,10.);
#2098=VECTOR('',#8412,10.);
#2099=VECTOR('',#8413,10.);
#2100=VECTOR('',#8414,10.);
#2101=VECTOR('',#8415,10.);
#2102=VECTOR('',#8416,10.);
#2103=VECTOR('',#8417,10.);
#2104=VECTOR('',#8418,10.);
#2105=VECTOR('',#8419,10.);
#2106=VECTOR('',#8420,10.);
#2107=VECTOR('',#8421,10.);
#2108=VECTOR('',#8422,10.);
#2109=VECTOR('',#8423,10.);
#2110=VECTOR('',#8426,10.);
#2111=VECTOR('',#8427,10.);
#2112=VECTOR('',#8432,10.);
#2113=VECTOR('',#8433,10.);
#2114=VECTOR('',#8438,10.);
#2115=VECTOR('',#8443,10.);
#2116=VECTOR('',#8444,10.);
#2117=VECTOR('',#8449,10.);
#2118=VECTOR('',#8452,10.);
#2119=VECTOR('',#8453,10.);
#2120=VECTOR('',#8458,10.);
#2121=VECTOR('',#8459,10.);
#2122=VECTOR('',#8464,10.);
#2123=VECTOR('',#8467,10.);
#2124=VECTOR('',#8468,10.);
#2125=VECTOR('',#8471,10.);
#2126=VECTOR('',#8472,10.);
#2127=VECTOR('',#8473,10.);
#2128=VECTOR('',#8476,10.);
#2129=VECTOR('',#8477,10.);
#2130=VECTOR('',#8480,10.);
#2131=VECTOR('',#8481,10.);
#2132=VECTOR('',#8484,10.);
#2133=VECTOR('',#8487,10.);
#2134=VECTOR('',#8488,10.);
#2135=VECTOR('',#8489,10.);
#2136=VECTOR('',#8492,10.);
#2137=VECTOR('',#8493,10.);
#2138=VECTOR('',#8496,10.);
#2139=VECTOR('',#8497,10.);
#2140=VECTOR('',#8500,10.);
#2141=VECTOR('',#8503,10.);
#2142=VECTOR('',#8504,10.);
#2143=VECTOR('',#8505,10.);
#2144=VECTOR('',#8508,10.);
#2145=VECTOR('',#8509,10.);
#2146=VECTOR('',#8512,10.);
#2147=VECTOR('',#8513,10.);
#2148=VECTOR('',#8516,10.);
#2149=VECTOR('',#8519,10.);
#2150=VECTOR('',#8520,10.);
#2151=VECTOR('',#8521,10.);
#2152=VECTOR('',#8524,10.);
#2153=VECTOR('',#8527,10.);
#2154=VECTOR('',#8530,10.);
#2155=VECTOR('',#8531,10.);
#2156=VECTOR('',#8534,10.);
#2157=VECTOR('',#8535,10.);
#2158=VECTOR('',#8538,10.);
#2159=VECTOR('',#8541,10.);
#2160=VECTOR('',#8542,10.);
#2161=VECTOR('',#8545,10.);
#2162=VECTOR('',#8548,10.);
#2163=VECTOR('',#8561,10.);
#2164=VECTOR('',#8562,10.);
#2165=VECTOR('',#8563,10.);
#2166=VECTOR('',#8564,10.);
#2167=VECTOR('',#8567,10.);
#2168=VECTOR('',#8568,10.);
#2169=VECTOR('',#8569,10.);
#2170=VECTOR('',#8572,10.);
#2171=VECTOR('',#8573,10.);
#2172=VECTOR('',#8574,10.);
#2173=VECTOR('',#8575,10.);
#2174=VECTOR('',#8576,10.);
#2175=VECTOR('',#8577,10.);
#2176=VECTOR('',#8578,10.);
#2177=VECTOR('',#8579,10.);
#2178=VECTOR('',#8580,10.);
#2179=VECTOR('',#8581,10.);
#2180=VECTOR('',#8582,10.);
#2181=VECTOR('',#8583,10.);
#2182=VECTOR('',#8584,10.);
#2183=VECTOR('',#8585,10.);
#2184=VECTOR('',#8586,10.);
#2185=VECTOR('',#8587,10.);
#2186=VECTOR('',#8588,10.);
#2187=VECTOR('',#8589,10.);
#2188=VECTOR('',#8590,10.);
#2189=VECTOR('',#8591,10.);
#2190=VECTOR('',#8592,10.);
#2191=VECTOR('',#8593,10.);
#2192=VECTOR('',#8594,10.);
#2193=VECTOR('',#8595,10.);
#2194=VECTOR('',#8596,10.);
#2195=VECTOR('',#8597,10.);
#2196=VECTOR('',#8598,10.);
#2197=VECTOR('',#8599,10.);
#2198=VECTOR('',#8602,10.);
#2199=VECTOR('',#8603,10.);
#2200=VECTOR('',#8606,10.);
#2201=VECTOR('',#8607,10.);
#2202=VECTOR('',#8608,10.);
#2203=VECTOR('',#8611,10.);
#2204=VECTOR('',#8612,10.);
#2205=VECTOR('',#8615,10.);
#2206=VECTOR('',#8616,10.);
#2207=VECTOR('',#8617,10.);
#2208=VECTOR('',#8620,10.);
#2209=VECTOR('',#8621,10.);
#2210=VECTOR('',#8622,10.);
#2211=VECTOR('',#8625,10.);
#2212=VECTOR('',#8626,10.);
#2213=VECTOR('',#8631,10.);
#2214=VECTOR('',#8632,10.);
#2215=VECTOR('',#8633,10.);
#2216=VECTOR('',#8636,10.);
#2217=VECTOR('',#8637,10.);
#2218=VECTOR('',#8638,10.);
#2219=VECTOR('',#8641,10.);
#2220=VECTOR('',#8642,10.);
#2221=VECTOR('',#8643,10.);
#2222=VECTOR('',#8646,10.);
#2223=VECTOR('',#8647,10.);
#2224=VECTOR('',#8650,10.);
#2225=VECTOR('',#8653,10.);
#2226=VECTOR('',#8654,10.);
#2227=VECTOR('',#8657,10.);
#2228=VECTOR('',#8660,10.);
#2229=VECTOR('',#8661,10.);
#2230=VECTOR('',#8664,10.);
#2231=VECTOR('',#8665,10.);
#2232=VECTOR('',#8668,10.);
#2233=VECTOR('',#8671,10.);
#2234=VECTOR('',#8674,10.);
#2235=VECTOR('',#8675,10.);
#2236=VECTOR('',#8676,10.);
#2237=VECTOR('',#8679,10.);
#2238=VECTOR('',#8682,10.);
#2239=VECTOR('',#8683,10.);
#2240=VECTOR('',#8684,10.);
#2241=VECTOR('',#8685,10.);
#2242=VECTOR('',#8686,10.);
#2243=VECTOR('',#8687,10.);
#2244=VECTOR('',#8688,10.);
#2245=VECTOR('',#8689,10.);
#2246=VECTOR('',#8690,10.);
#2247=VECTOR('',#8693,10.);
#2248=VECTOR('',#8696,10.);
#2249=VECTOR('',#8699,10.);
#2250=VECTOR('',#8704,4.25000000000001);
#2251=VECTOR('',#8713,2.49999999999999);
#2252=VECTOR('',#8720,10.);
#2253=VECTOR('',#8723,10.);
#2254=VECTOR('',#8728,10.);
#2255=VECTOR('',#8747,2.85);
#2256=VECTOR('',#8750,2.85);
#2257=VECTOR('',#8753,3.);
#2258=VECTOR('',#8758,3.);
#2259=VECTOR('',#8767,3.);
#2260=VECTOR('',#8774,10.);
#2261=VECTOR('',#8779,10.);
#2262=VECTOR('',#8782,3.);
#2263=VECTOR('',#8803,2.85);
#2264=VECTOR('',#8806,2.85);
#2265=VECTOR('',#8809,3.);
#2266=VECTOR('',#8814,3.);
#2267=VECTOR('',#8823,3.);
#2268=VECTOR('',#8830,10.);
#2269=VECTOR('',#8835,10.);
#2270=VECTOR('',#8838,3.);
#2271=VECTOR('',#8859,2.85);
#2272=VECTOR('',#8862,2.85);
#2273=VECTOR('',#8865,3.);
#2274=VECTOR('',#8870,3.);
#2275=VECTOR('',#8879,3.);
#2276=VECTOR('',#8886,10.);
#2277=VECTOR('',#8891,10.);
#2278=VECTOR('',#8894,3.);
#2279=VECTOR('',#8915,2.85);
#2280=VECTOR('',#8918,2.85);
#2281=VECTOR('',#8921,3.);
#2282=VECTOR('',#8926,3.);
#2283=VECTOR('',#8935,3.);
#2284=VECTOR('',#8942,10.);
#2285=VECTOR('',#8947,10.);
#2286=VECTOR('',#8950,3.);
#2287=VECTOR('',#8971,2.85);
#2288=VECTOR('',#8974,2.85);
#2289=VECTOR('',#8977,3.);
#2290=VECTOR('',#8982,3.);
#2291=VECTOR('',#8991,3.);
#2292=VECTOR('',#8998,10.);
#2293=VECTOR('',#9003,10.);
#2294=VECTOR('',#9006,3.);
#2295=VECTOR('',#9027,2.85);
#2296=VECTOR('',#9030,2.85);
#2297=VECTOR('',#9033,3.);
#2298=VECTOR('',#9038,3.);
#2299=VECTOR('',#9047,3.);
#2300=VECTOR('',#9054,10.);
#2301=VECTOR('',#9059,10.);
#2302=VECTOR('',#9062,3.);
#2303=VECTOR('',#9083,2.85);
#2304=VECTOR('',#9086,2.85);
#2305=VECTOR('',#9089,3.);
#2306=VECTOR('',#9094,3.);
#2307=VECTOR('',#9103,3.);
#2308=VECTOR('',#9110,10.);
#2309=VECTOR('',#9115,10.);
#2310=VECTOR('',#9118,3.);
#2311=VECTOR('',#9141,2.85);
#2312=VECTOR('',#9144,2.85);
#2313=VECTOR('',#9147,3.);
#2314=VECTOR('',#9152,3.);
#2315=VECTOR('',#9161,3.);
#2316=VECTOR('',#9168,10.);
#2317=VECTOR('',#9173,10.);
#2318=VECTOR('',#9176,3.);
#2319=VECTOR('',#9197,2.85);
#2320=VECTOR('',#9200,2.85);
#2321=VECTOR('',#9203,3.);
#2322=VECTOR('',#9208,3.);
#2323=VECTOR('',#9217,3.);
#2324=VECTOR('',#9224,10.);
#2325=VECTOR('',#9229,10.);
#2326=VECTOR('',#9232,3.);
#2327=VECTOR('',#9253,2.85);
#2328=VECTOR('',#9256,2.85);
#2329=VECTOR('',#9259,3.);
#2330=VECTOR('',#9264,3.);
#2331=VECTOR('',#9273,3.);
#2332=VECTOR('',#9280,10.);
#2333=VECTOR('',#9285,10.);
#2334=VECTOR('',#9288,3.);
#2335=VECTOR('',#9309,2.85);
#2336=VECTOR('',#9312,2.85);
#2337=VECTOR('',#9315,3.);
#2338=VECTOR('',#9320,3.);
#2339=VECTOR('',#9329,3.);
#2340=VECTOR('',#9336,10.);
#2341=VECTOR('',#9341,10.);
#2342=VECTOR('',#9344,3.);
#2343=VECTOR('',#9365,2.85);
#2344=VECTOR('',#9368,2.85);
#2345=VECTOR('',#9371,3.);
#2346=VECTOR('',#9376,3.);
#2347=VECTOR('',#9385,3.);
#2348=VECTOR('',#9392,10.);
#2349=VECTOR('',#9397,10.);
#2350=VECTOR('',#9400,3.);
#2351=VECTOR('',#9425,17.5);
#2352=VECTOR('',#9428,17.5);
#2353=VECTOR('',#9431,5.10000000000001);
#2354=VECTOR('',#9432,22.);
#2355=VECTOR('',#9433,17.5);
#2356=VECTOR('',#9434,5.10000000000001);
#2357=VECTOR('',#9435,2.4);
#2358=VECTOR('',#9436,4.70000000000001);
#2359=VECTOR('',#9437,4.3);
#2360=VECTOR('',#9438,22.8);
#2361=VECTOR('',#9439,4.3);
#2362=VECTOR('',#9440,4.70000000000001);
#2363=VECTOR('',#9441,2.4);
#2364=VECTOR('',#9444,11.6);
#2365=VECTOR('',#9447,22.);
#2366=VECTOR('',#9450,11.6);
#2367=VECTOR('',#9455,17.5);
#2368=VECTOR('',#9458,17.5);
#2369=VECTOR('',#9461,5.10000000000001);
#2370=VECTOR('',#9462,2.4);
#2371=VECTOR('',#9463,4.70000000000001);
#2372=VECTOR('',#9464,4.3);
#2373=VECTOR('',#9465,22.8);
#2374=VECTOR('',#9466,4.3);
#2375=VECTOR('',#9467,4.70000000000001);
#2376=VECTOR('',#9468,2.4);
#2377=VECTOR('',#9469,5.10000000000002);
#2378=VECTOR('',#9470,17.5);
#2379=VECTOR('',#9475,17.5);
#2380=VECTOR('',#9478,11.6);
#2381=VECTOR('',#9479,17.5);
#2382=VECTOR('',#9486,0.955844313645042);
#2383=VECTOR('',#9489,0.830082267529064);
#2384=VECTOR('',#9500,0.830082267529062);
#2385=VECTOR('',#9501,0.955844313645047);
#2386=VECTOR('',#9518,1.54919333848296);
#2387=VECTOR('',#9519,1.54919333848296);
#2388=VECTOR('',#9520,1.54919333848296);
#2389=VECTOR('',#9523,4.30000000000001);
#2390=VECTOR('',#9526,4.3);
#2391=VECTOR('',#9529,4.30000000000001);
#2392=VECTOR('',#9530,0.955844313645042);
#2393=VECTOR('',#9533,0.862815696834147);
#2394=VECTOR('',#9534,2.4);
#2395=VECTOR('',#9535,0.862815696834147);
#2396=VECTOR('',#9536,2.4);
#2397=VECTOR('',#9539,0.862815696834151);
#2398=VECTOR('',#9540,2.4);
#2399=VECTOR('',#9541,0.862815696834147);
#2400=VECTOR('',#9542,2.4);
#2401=VECTOR('',#9551,5.6);
#2402=VECTOR('',#9552,12.4);
#2403=VECTOR('',#9553,5.6);
#2404=VECTOR('',#9556,5.6);
#2405=VECTOR('',#9557,11.6);
#2406=VECTOR('',#9558,5.6);
#2407=VECTOR('',#9563,0.862815696834147);
#2408=VECTOR('',#9564,2.4);
#2409=VECTOR('',#9565,0.862815696834147);
#2410=VECTOR('',#9566,2.4);
#2411=VECTOR('',#9569,0.862815696834147);
#2412=VECTOR('',#9570,2.4);
#2413=VECTOR('',#9571,0.862815696834147);
#2414=VECTOR('',#9572,2.4);
#2415=VECTOR('',#9575,5.6);
#2416=VECTOR('',#9576,5.6);
#2417=VECTOR('',#9579,5.6);
#2418=VECTOR('',#9580,5.6);
#2419=VECTOR('',#9589,2.55);
#2420=VECTOR('',#9594,0.955844313645047);
#2421=VECTOR('',#9595,4.3);
#2422=VECTOR('',#9604,4.65080666151704);
#2423=VECTOR('',#9605,12.4);
#2424=VECTOR('',#9606,4.65080666151704);
#2425=VECTOR('',#9613,12.4);
#2426=VECTOR('',#9630,2.85);
#2427=VECTOR('',#9633,2.85);
#2428=VECTOR('',#9636,3.);
#2429=VECTOR('',#9641,3.);
#2430=VECTOR('',#9650,3.);
#2431=VECTOR('',#9657,10.);
#2432=VECTOR('',#9662,10.);
#2433=VECTOR('',#9665,3.);
#2434=VECTOR('',#9678,2.1835);
#2435=VECTOR('',#9685,3.);
#2436=VECTOR('',#9688,3.);
#2437=VECTOR('',#9691,3.);
#2438=VECTOR('',#9694,3.);
#2439=VECTOR('',#9699,3.);
#2440=VECTOR('',#9702,3.);
#2441=VECTOR('',#9707,3.);
#2442=VECTOR('',#9710,3.);
#2443=VECTOR('',#9721,3.);
#2444=VECTOR('',#9724,3.);
#2445=VECTOR('',#9727,3.);
#2446=VECTOR('',#9730,3.);
#2447=VECTOR('',#9733,3.);
#2448=VECTOR('',#9736,3.);
#2449=VECTOR('',#9749,1.0065);
#2450=VECTOR('',#9762,2.85);
#2451=VECTOR('',#9765,2.85);
#2452=VECTOR('',#9768,3.);
#2453=VECTOR('',#9773,3.);
#2454=VECTOR('',#9782,3.);
#2455=VECTOR('',#9795,3.);
#2456=VECTOR('',#9814,2.85);
#2457=VECTOR('',#9817,2.85);
#2458=VECTOR('',#9820,3.);
#2459=VECTOR('',#9825,3.);
#2460=VECTOR('',#9834,3.);
#2461=VECTOR('',#9847,3.);
#2462=VECTOR('',#9866,2.85);
#2463=VECTOR('',#9869,2.85);
#2464=VECTOR('',#9872,3.);
#2465=VECTOR('',#9877,3.);
#2466=VECTOR('',#9886,3.);
#2467=VECTOR('',#9899,3.);
#2468=VECTOR('',#9918,2.85);
#2469=VECTOR('',#9921,2.85);
#2470=VECTOR('',#9924,3.);
#2471=VECTOR('',#9929,3.);
#2472=VECTOR('',#9938,3.);
#2473=VECTOR('',#9951,3.);
#2474=VECTOR('',#9970,2.85);
#2475=VECTOR('',#9973,2.85);
#2476=VECTOR('',#9976,3.);
#2477=VECTOR('',#9981,3.);
#2478=VECTOR('',#9990,3.);
#2479=VECTOR('',#10003,3.);
#2480=VECTOR('',#10022,2.85);
#2481=VECTOR('',#10025,2.85);
#2482=VECTOR('',#10028,3.);
#2483=VECTOR('',#10033,3.);
#2484=VECTOR('',#10042,3.);
#2485=VECTOR('',#10055,3.);
#2486=VECTOR('',#10074,2.85);
#2487=VECTOR('',#10077,2.85);
#2488=VECTOR('',#10080,3.);
#2489=VECTOR('',#10085,3.);
#2490=VECTOR('',#10094,3.);
#2491=VECTOR('',#10107,3.);
#2492=VECTOR('',#10140,2.325);
#2493=VECTOR('',#10145,1.65);
#2494=VECTOR('',#10152,2.325);
#2495=VECTOR('',#10157,1.65);
#2496=VECTOR('',#10164,2.325);
#2497=VECTOR('',#10169,1.65);
#2498=VECTOR('',#10176,2.325);
#2499=VECTOR('',#10181,1.65);
#2500=VECTOR('',#10192,10.);
#2501=VECTOR('',#10193,10.);
#2502=VECTOR('',#10202,10.);
#2503=VECTOR('',#10203,10.);
#2504=VECTOR('',#10212,10.);
#2505=VECTOR('',#10213,10.);
#2506=VECTOR('',#10222,10.);
#2507=VECTOR('',#10223,10.);
#2508=VECTOR('',#10232,10.);
#2509=VECTOR('',#10233,10.);
#2510=VECTOR('',#10242,10.);
#2511=VECTOR('',#10243,10.);
#2512=VECTOR('',#10252,10.);
#2513=VECTOR('',#10253,10.);
#2514=VECTOR('',#10262,10.);
#2515=VECTOR('',#10263,10.);
#2516=VECTOR('',#10266,10.);
#2517=VECTOR('',#10267,10.);
#2518=VECTOR('',#10268,10.);
#2519=VECTOR('',#10271,10.);
#2520=VECTOR('',#10276,10.);
#2521=VECTOR('',#10277,10.);
#2522=VECTOR('',#10280,10.);
#2523=VECTOR('',#10285,10.);
#2524=VECTOR('',#10286,10.);
#2525=VECTOR('',#10289,10.);
#2526=VECTOR('',#10294,10.);
#2527=VECTOR('',#10295,10.);
#2528=VECTOR('',#10298,10.);
#2529=VECTOR('',#10305,10.);
#2530=VECTOR('',#10308,10.);
#2531=VECTOR('',#10311,10.);
#2532=VECTOR('',#10314,10.);
#2533=VECTOR('',#10315,10.);
#2534=VECTOR('',#10318,10.);
#2535=VECTOR('',#10321,10.);
#2536=VECTOR('',#10324,10.);
#2537=VECTOR('',#10331,10.);
#2538=VECTOR('',#10332,10.);
#2539=VECTOR('',#10335,10.);
#2540=VECTOR('',#10336,10.);
#2541=VECTOR('',#10341,10.);
#2542=VECTOR('',#10344,10.);
#2543=VECTOR('',#10349,10.);
#2544=VECTOR('',#10350,10.);
#2545=VECTOR('',#10353,10.);
#2546=VECTOR('',#10354,10.);
#2547=VECTOR('',#10359,10.);
#2548=VECTOR('',#10362,10.);
#2549=VECTOR('',#10365,10.);
#2550=VECTOR('',#10366,10.);
#2551=VECTOR('',#10367,10.);
#2552=VECTOR('',#10372,10.);
#2553=VECTOR('',#10375,10.);
#2554=VECTOR('',#10376,10.);
#2555=VECTOR('',#10383,10.);
#2556=VECTOR('',#10384,10.);
#2557=VECTOR('',#10385,10.);
#2558=VECTOR('',#10390,10.);
#2559=VECTOR('',#10393,10.);
#2560=VECTOR('',#10394,10.);
#2561=VECTOR('',#10401,10.);
#2562=VECTOR('',#10402,10.);
#2563=VECTOR('',#10405,10.);
#2564=VECTOR('',#10410,10.);
#2565=VECTOR('',#10411,10.);
#2566=VECTOR('',#10414,10.);
#2567=VECTOR('',#10419,10.);
#2568=VECTOR('',#10420,10.);
#2569=VECTOR('',#10423,10.);
#2570=VECTOR('',#10428,10.);
#2571=VECTOR('',#10429,10.);
#2572=VECTOR('',#10438,10.);
#2573=VECTOR('',#10439,10.);
#2574=VECTOR('',#10440,10.);
#2575=VECTOR('',#10441,10.);
#2576=VECTOR('',#10444,10.);
#2577=VECTOR('',#10445,10.);
#2578=VECTOR('',#10446,10.);
#2579=VECTOR('',#10449,10.);
#2580=VECTOR('',#10450,10.);
#2581=VECTOR('',#10451,10.);
#2582=VECTOR('',#10452,10.);
#2583=VECTOR('',#10453,10.);
#2584=VECTOR('',#10454,10.);
#2585=VECTOR('',#10455,10.);
#2586=VECTOR('',#10456,10.);
#2587=VECTOR('',#10457,10.);
#2588=VECTOR('',#10458,10.);
#2589=VECTOR('',#10461,10.);
#2590=VECTOR('',#10462,10.);
#2591=VECTOR('',#10463,10.);
#2592=VECTOR('',#10464,10.);
#2593=VECTOR('',#10465,10.);
#2594=VECTOR('',#10466,10.);
#2595=VECTOR('',#10469,10.);
#2596=VECTOR('',#10470,10.);
#2597=VECTOR('',#10471,10.);
#2598=VECTOR('',#10472,10.);
#2599=VECTOR('',#10473,10.);
#2600=VECTOR('',#10474,10.);
#2601=VECTOR('',#10475,10.);
#2602=VECTOR('',#10476,10.);
#2603=VECTOR('',#10477,10.);
#2604=VECTOR('',#10480,10.);
#2605=VECTOR('',#10483,10.);
#2606=VECTOR('',#10486,10.);
#2607=VECTOR('',#10487,10.);
#2608=VECTOR('',#10488,10.);
#2609=VECTOR('',#10491,10.);
#2610=VECTOR('',#10492,10.);
#2611=VECTOR('',#10493,10.);
#2612=VECTOR('',#10496,10.);
#2613=VECTOR('',#10497,10.);
#2614=VECTOR('',#10498,10.);
#2615=VECTOR('',#10499,10.);
#2616=VECTOR('',#10500,10.);
#2617=VECTOR('',#10501,10.);
#2618=VECTOR('',#10502,10.);
#2619=VECTOR('',#10505,10.);
#2620=VECTOR('',#10508,10.);
#2621=VECTOR('',#10509,10.);
#2622=VECTOR('',#10512,10.);
#2623=VECTOR('',#10513,10.);
#2624=VECTOR('',#10518,10.);
#2625=VECTOR('',#10519,10.);
#2626=VECTOR('',#10520,10.);
#2627=VECTOR('',#10523,10.);
#2628=VECTOR('',#10524,10.);
#2629=VECTOR('',#10525,10.);
#2630=VECTOR('',#10528,10.);
#2631=VECTOR('',#10531,10.);
#2632=VECTOR('',#10532,10.);
#2633=VECTOR('',#10535,10.);
#2634=VECTOR('',#10536,10.);
#2635=VECTOR('',#10539,10.);
#2636=VECTOR('',#10542,10.);
#2637=VECTOR('',#10543,10.);
#2638=CIRCLE('',#7506,2.50000000000001);
#2639=CIRCLE('',#7507,2.50000000000001);
#2640=CIRCLE('',#7509,3.5);
#2641=CIRCLE('',#7510,3.5);
#2642=CIRCLE('',#7512,3.5);
#2643=CIRCLE('',#7513,3.5);
#2644=CIRCLE('',#7515,3.5);
#2645=CIRCLE('',#7516,3.5);
#2646=CIRCLE('',#7518,3.5);
#2647=CIRCLE('',#7519,3.5);
#2648=CIRCLE('',#7521,6.);
#2649=CIRCLE('',#7523,6.);
#2650=CIRCLE('',#7527,6.);
#2651=CIRCLE('',#7529,6.);
#2652=CIRCLE('',#7531,6.);
#2653=CIRCLE('',#7533,6.);
#2654=CIRCLE('',#7536,6.);
#2655=CIRCLE('',#7538,6.);
#2656=CIRCLE('',#7575,2.49999999999999);
#2657=CIRCLE('',#7594,4.25000000000001);
#2658=CIRCLE('',#7595,4.25000000000001);
#2659=CIRCLE('',#7597,2.49999999999999);
#2660=CIRCLE('',#7611,2.325);
#2661=CIRCLE('',#7612,2.475);
#2662=CIRCLE('',#7614,2.475);
#2663=CIRCLE('',#7620,1.01550929628819);
#2664=CIRCLE('',#7621,1.01550929628819);
#2665=CIRCLE('',#7623,0.0625);
#2666=CIRCLE('',#7624,0.0625);
#2667=CIRCLE('',#7626,0.0625);
#2668=CIRCLE('',#7627,0.0625);
#2669=CIRCLE('',#7629,1.01550929628819);
#2670=CIRCLE('',#7630,1.01550929628819);
#2671=CIRCLE('',#7632,2.1835);
#2672=CIRCLE('',#7635,2.325);
#2673=CIRCLE('',#7636,2.475);
#2674=CIRCLE('',#7638,2.475);
#2675=CIRCLE('',#7644,1.01550929628819);
#2676=CIRCLE('',#7645,1.01550929628819);
#2677=CIRCLE('',#7647,0.0625);
#2678=CIRCLE('',#7648,0.0625);
#2679=CIRCLE('',#7650,0.0625);
#2680=CIRCLE('',#7651,0.0625);
#2681=CIRCLE('',#7653,1.01550929628819);
#2682=CIRCLE('',#7654,1.01550929628819);
#2683=CIRCLE('',#7656,2.1835);
#2684=CIRCLE('',#7659,2.325);
#2685=CIRCLE('',#7660,2.475);
#2686=CIRCLE('',#7662,2.475);
#2687=CIRCLE('',#7668,1.01550929628819);
#2688=CIRCLE('',#7669,1.01550929628819);
#2689=CIRCLE('',#7671,0.0625);
#2690=CIRCLE('',#7672,0.0625);
#2691=CIRCLE('',#7674,0.0625);
#2692=CIRCLE('',#7675,0.0625);
#2693=CIRCLE('',#7677,1.01550929628819);
#2694=CIRCLE('',#7678,1.01550929628819);
#2695=CIRCLE('',#7680,2.1835);
#2696=CIRCLE('',#7683,2.325);
#2697=CIRCLE('',#7684,2.475);
#2698=CIRCLE('',#7686,2.475);
#2699=CIRCLE('',#7692,1.01550929628819);
#2700=CIRCLE('',#7693,1.01550929628819);
#2701=CIRCLE('',#7695,0.0625);
#2702=CIRCLE('',#7696,0.0625);
#2703=CIRCLE('',#7698,0.0625);
#2704=CIRCLE('',#7699,0.0625);
#2705=CIRCLE('',#7701,1.01550929628819);
#2706=CIRCLE('',#7702,1.01550929628819);
#2707=CIRCLE('',#7704,2.1835);
#2708=CIRCLE('',#7707,2.325);
#2709=CIRCLE('',#7708,2.475);
#2710=CIRCLE('',#7710,2.475);
#2711=CIRCLE('',#7716,1.01550929628819);
#2712=CIRCLE('',#7717,1.01550929628819);
#2713=CIRCLE('',#7719,0.0625);
#2714=CIRCLE('',#7720,0.0625);
#2715=CIRCLE('',#7722,0.0625);
#2716=CIRCLE('',#7723,0.0625);
#2717=CIRCLE('',#7725,1.01550929628819);
#2718=CIRCLE('',#7726,1.01550929628819);
#2719=CIRCLE('',#7728,2.1835);
#2720=CIRCLE('',#7731,2.325);
#2721=CIRCLE('',#7732,2.475);
#2722=CIRCLE('',#7734,2.475);
#2723=CIRCLE('',#7740,1.01550929628819);
#2724=CIRCLE('',#7741,1.01550929628819);
#2725=CIRCLE('',#7743,0.0625);
#2726=CIRCLE('',#7744,0.0625);
#2727=CIRCLE('',#7746,0.0625);
#2728=CIRCLE('',#7747,0.0625);
#2729=CIRCLE('',#7749,1.01550929628819);
#2730=CIRCLE('',#7750,1.01550929628819);
#2731=CIRCLE('',#7752,2.1835);
#2732=CIRCLE('',#7755,2.325);
#2733=CIRCLE('',#7756,2.475);
#2734=CIRCLE('',#7758,2.475);
#2735=CIRCLE('',#7764,1.01550929628819);
#2736=CIRCLE('',#7765,1.01550929628819);
#2737=CIRCLE('',#7767,0.0625);
#2738=CIRCLE('',#7768,0.0625);
#2739=CIRCLE('',#7770,0.0625);
#2740=CIRCLE('',#7771,0.0625);
#2741=CIRCLE('',#7773,1.01550929628819);
#2742=CIRCLE('',#7774,1.01550929628819);
#2743=CIRCLE('',#7776,2.1835);
#2744=CIRCLE('',#7777,2.1835);
#2745=CIRCLE('',#7780,2.325);
#2746=CIRCLE('',#7781,2.475);
#2747=CIRCLE('',#7783,2.475);
#2748=CIRCLE('',#7789,1.01550929628819);
#2749=CIRCLE('',#7790,1.01550929628819);
#2750=CIRCLE('',#7792,0.0625);
#2751=CIRCLE('',#7793,0.0625);
#2752=CIRCLE('',#7795,0.0625);
#2753=CIRCLE('',#7796,0.0625);
#2754=CIRCLE('',#7798,1.01550929628819);
#2755=CIRCLE('',#7799,1.01550929628819);
#2756=CIRCLE('',#7801,2.1835);
#2757=CIRCLE('',#7804,2.325);
#2758=CIRCLE('',#7805,2.475);
#2759=CIRCLE('',#7807,2.475);
#2760=CIRCLE('',#7813,1.01550929628819);
#2761=CIRCLE('',#7814,1.01550929628819);
#2762=CIRCLE('',#7816,0.0625);
#2763=CIRCLE('',#7817,0.0625);
#2764=CIRCLE('',#7819,0.0625);
#2765=CIRCLE('',#7820,0.0625);
#2766=CIRCLE('',#7822,1.01550929628819);
#2767=CIRCLE('',#7823,1.01550929628819);
#2768=CIRCLE('',#7825,2.1835);
#2769=CIRCLE('',#7828,2.325);
#2770=CIRCLE('',#7829,2.475);
#2771=CIRCLE('',#7831,2.475);
#2772=CIRCLE('',#7837,1.01550929628819);
#2773=CIRCLE('',#7838,1.01550929628819);
#2774=CIRCLE('',#7840,0.0625);
#2775=CIRCLE('',#7841,0.0625);
#2776=CIRCLE('',#7843,0.0625);
#2777=CIRCLE('',#7844,0.0625);
#2778=CIRCLE('',#7846,1.01550929628819);
#2779=CIRCLE('',#7847,1.01550929628819);
#2780=CIRCLE('',#7849,2.1835);
#2781=CIRCLE('',#7852,2.325);
#2782=CIRCLE('',#7853,2.475);
#2783=CIRCLE('',#7855,2.475);
#2784=CIRCLE('',#7861,1.01550929628819);
#2785=CIRCLE('',#7862,1.01550929628819);
#2786=CIRCLE('',#7864,0.0625);
#2787=CIRCLE('',#7865,0.0625);
#2788=CIRCLE('',#7867,0.0625);
#2789=CIRCLE('',#7868,0.0625);
#2790=CIRCLE('',#7870,1.01550929628819);
#2791=CIRCLE('',#7871,1.01550929628819);
#2792=CIRCLE('',#7873,2.1835);
#2793=CIRCLE('',#7876,2.325);
#2794=CIRCLE('',#7877,2.475);
#2795=CIRCLE('',#7879,2.475);
#2796=CIRCLE('',#7885,1.01550929628819);
#2797=CIRCLE('',#7886,1.01550929628819);
#2798=CIRCLE('',#7888,0.0625);
#2799=CIRCLE('',#7889,0.0625);
#2800=CIRCLE('',#7891,0.0625);
#2801=CIRCLE('',#7892,0.0625);
#2802=CIRCLE('',#7894,1.01550929628819);
#2803=CIRCLE('',#7895,1.01550929628819);
#2804=CIRCLE('',#7897,2.1835);
#2805=CIRCLE('',#7899,1.0065);
#2806=CIRCLE('',#7901,2.55);
#2807=CIRCLE('',#7902,2.1835);
#2808=CIRCLE('',#7904,0.4);
#2809=CIRCLE('',#7905,0.4);
#2810=CIRCLE('',#7908,0.4);
#2811=CIRCLE('',#7909,0.4);
#2812=CIRCLE('',#7910,0.4);
#2813=CIRCLE('',#7912,0.4);
#2814=CIRCLE('',#7915,0.4);
#2815=CIRCLE('',#7918,0.4);
#2816=CIRCLE('',#7920,0.2);
#2817=CIRCLE('',#7922,0.2);
#2818=CIRCLE('',#7923,2.7);
#2819=CIRCLE('',#7924,2.5);
#2820=CIRCLE('',#7927,6.1);
#2821=CIRCLE('',#7928,0.2);
#2822=CIRCLE('',#7929,5.9);
#2823=CIRCLE('',#7931,5.9);
#2824=CIRCLE('',#7932,0.199999999999995);
#2825=CIRCLE('',#7933,6.1);
#2826=CIRCLE('',#7935,2.5);
#2827=CIRCLE('',#7940,1.375);
#2828=CIRCLE('',#7941,1.375);
#2829=CIRCLE('',#7950,1.375);
#2830=CIRCLE('',#7951,1.375);
#2831=CIRCLE('',#7953,2.55);
#2832=CIRCLE('',#7956,5.9);
#2833=CIRCLE('',#7967,2.325);
#2834=CIRCLE('',#7968,2.475);
#2835=CIRCLE('',#7970,2.475);
#2836=CIRCLE('',#7976,1.01550929628819);
#2837=CIRCLE('',#7977,1.01550929628819);
#2838=CIRCLE('',#7979,0.0625);
#2839=CIRCLE('',#7980,0.0625);
#2840=CIRCLE('',#7982,0.0625);
#2841=CIRCLE('',#7983,0.0625);
#2842=CIRCLE('',#7985,1.01550929628819);
#2843=CIRCLE('',#7986,1.01550929628819);
#2844=CIRCLE('',#7988,2.1835);
#2845=CIRCLE('',#7990,2.1835);
#2846=CIRCLE('',#7991,2.1835);
#2847=CIRCLE('',#7992,2.1835);
#2848=CIRCLE('',#7993,2.1835);
#2849=CIRCLE('',#7994,2.1835);
#2850=CIRCLE('',#7995,2.1835);
#2851=CIRCLE('',#7996,2.1835);
#2852=CIRCLE('',#7997,2.1835);
#2853=CIRCLE('',#7998,2.1835);
#2854=CIRCLE('',#7999,2.1835);
#2855=CIRCLE('',#8000,2.1835);
#2856=CIRCLE('',#8001,2.1835);
#2857=CIRCLE('',#8002,2.1835);
#2858=CIRCLE('',#8003,2.1835);
#2859=CIRCLE('',#8004,2.1835);
#2860=CIRCLE('',#8005,2.1835);
#2861=CIRCLE('',#8006,2.1835);
#2862=CIRCLE('',#8007,2.1835);
#2863=CIRCLE('',#8008,2.1835);
#2864=CIRCLE('',#8009,2.1835);
#2865=CIRCLE('',#8010,2.1835);
#2866=CIRCLE('',#8011,2.1835);
#2867=CIRCLE('',#8012,2.1835);
#2868=CIRCLE('',#8013,2.1835);
#2869=CIRCLE('',#8014,2.1835);
#2870=CIRCLE('',#8015,2.1835);
#2871=CIRCLE('',#8016,2.1835);
#2872=CIRCLE('',#8018,1.0065);
#2873=CIRCLE('',#8021,2.325);
#2874=CIRCLE('',#8022,2.475);
#2875=CIRCLE('',#8024,2.475);
#2876=CIRCLE('',#8030,1.01550929628819);
#2877=CIRCLE('',#8031,1.01550929628819);
#2878=CIRCLE('',#8033,0.0625);
#2879=CIRCLE('',#8034,0.0625);
#2880=CIRCLE('',#8036,0.0625);
#2881=CIRCLE('',#8037,0.0625);
#2882=CIRCLE('',#8039,1.01550929628819);
#2883=CIRCLE('',#8040,1.01550929628819);
#2884=CIRCLE('',#8044,2.325);
#2885=CIRCLE('',#8045,2.475);
#2886=CIRCLE('',#8047,2.475);
#2887=CIRCLE('',#8053,1.01550929628819);
#2888=CIRCLE('',#8054,1.01550929628819);
#2889=CIRCLE('',#8056,0.0625);
#2890=CIRCLE('',#8057,0.0625);
#2891=CIRCLE('',#8059,0.0625);
#2892=CIRCLE('',#8060,0.0625);
#2893=CIRCLE('',#8062,1.01550929628819);
#2894=CIRCLE('',#8063,1.01550929628819);
#2895=CIRCLE('',#8067,2.325);
#2896=CIRCLE('',#8068,2.475);
#2897=CIRCLE('',#8070,2.475);
#2898=CIRCLE('',#8076,1.01550929628819);
#2899=CIRCLE('',#8077,1.01550929628819);
#2900=CIRCLE('',#8079,0.0625);
#2901=CIRCLE('',#8080,0.0625);
#2902=CIRCLE('',#8082,0.0625);
#2903=CIRCLE('',#8083,0.0625);
#2904=CIRCLE('',#8085,1.01550929628819);
#2905=CIRCLE('',#8086,1.01550929628819);
#2906=CIRCLE('',#8090,2.325);
#2907=CIRCLE('',#8091,2.475);
#2908=CIRCLE('',#8093,2.475);
#2909=CIRCLE('',#8099,1.01550929628819);
#2910=CIRCLE('',#8100,1.01550929628819);
#2911=CIRCLE('',#8102,0.0625);
#2912=CIRCLE('',#8103,0.0625);
#2913=CIRCLE('',#8105,0.0625);
#2914=CIRCLE('',#8106,0.0625);
#2915=CIRCLE('',#8108,1.01550929628819);
#2916=CIRCLE('',#8109,1.01550929628819);
#2917=CIRCLE('',#8113,2.325);
#2918=CIRCLE('',#8114,2.475);
#2919=CIRCLE('',#8116,2.475);
#2920=CIRCLE('',#8122,1.01550929628819);
#2921=CIRCLE('',#8123,1.01550929628819);
#2922=CIRCLE('',#8125,0.0625);
#2923=CIRCLE('',#8126,0.0625);
#2924=CIRCLE('',#8128,0.0625);
#2925=CIRCLE('',#8129,0.0625);
#2926=CIRCLE('',#8131,1.01550929628819);
#2927=CIRCLE('',#8132,1.01550929628819);
#2928=CIRCLE('',#8136,2.325);
#2929=CIRCLE('',#8137,2.475);
#2930=CIRCLE('',#8139,2.475);
#2931=CIRCLE('',#8145,1.01550929628819);
#2932=CIRCLE('',#8146,1.01550929628819);
#2933=CIRCLE('',#8148,0.0625);
#2934=CIRCLE('',#8149,0.0625);
#2935=CIRCLE('',#8151,0.0625);
#2936=CIRCLE('',#8152,0.0625);
#2937=CIRCLE('',#8154,1.01550929628819);
#2938=CIRCLE('',#8155,1.01550929628819);
#2939=CIRCLE('',#8159,2.325);
#2940=CIRCLE('',#8160,2.475);
#2941=CIRCLE('',#8162,2.475);
#2942=CIRCLE('',#8168,1.01550929628819);
#2943=CIRCLE('',#8169,1.01550929628819);
#2944=CIRCLE('',#8171,0.0625);
#2945=CIRCLE('',#8172,0.0625);
#2946=CIRCLE('',#8174,0.0625);
#2947=CIRCLE('',#8175,0.0625);
#2948=CIRCLE('',#8177,1.01550929628819);
#2949=CIRCLE('',#8178,1.01550929628819);
#2950=CIRCLE('',#8191,3.);
#2951=CIRCLE('',#8192,1.65);
#2952=CIRCLE('',#8194,1.65);
#2953=CIRCLE('',#8196,3.);
#2954=CIRCLE('',#8197,1.65);
#2955=CIRCLE('',#8199,1.65);
#2956=CIRCLE('',#8201,3.);
#2957=CIRCLE('',#8202,1.65);
#2958=CIRCLE('',#8204,1.65);
#2959=CIRCLE('',#8206,3.);
#2960=CIRCLE('',#8207,1.65);
#2961=CIRCLE('',#8209,1.65);
#2962=CIRCLE('',#8211,8.00000000000001);
#2963=CIRCLE('',#8212,10.);
#2964=CIRCLE('',#8215,73.);
#2965=CIRCLE('',#8216,75.);
#2966=CIRCLE('',#8219,8.00000000000001);
#2967=CIRCLE('',#8220,10.);
#2968=CIRCLE('',#8223,73.);
#2969=CIRCLE('',#8224,75.);
#2970=CIRCLE('',#8227,8.00000000000001);
#2971=CIRCLE('',#8228,10.);
#2972=CIRCLE('',#8231,75.);
#2973=CIRCLE('',#8232,73.);
#2974=CIRCLE('',#8235,10.);
#2975=CIRCLE('',#8236,8.00000000000001);
#2976=CIRCLE('',#8239,75.);
#2977=CIRCLE('',#8240,73.);
#2978=CIRCLE('',#8244,75.);
#2979=CIRCLE('',#8247,10.);
#2980=CIRCLE('',#8250,75.);
#2981=CIRCLE('',#8253,10.);
#2982=CIRCLE('',#8255,50.);
#2983=CIRCLE('',#8256,21.);
#2984=CIRCLE('',#8257,50.);
#2985=CIRCLE('',#8258,21.);
#2986=CIRCLE('',#8259,21.);
#2987=CIRCLE('',#8260,50.);
#2988=CIRCLE('',#8261,50.);
#2989=CIRCLE('',#8262,21.);
#2990=CIRCLE('',#8264,21.);
#2991=CIRCLE('',#8267,50.);
#2992=CIRCLE('',#8270,50.);
#2993=CIRCLE('',#8273,21.);
#2994=CIRCLE('',#8277,21.);
#2995=CIRCLE('',#8280,50.);
#2996=CIRCLE('',#8283,21.);
#2997=CIRCLE('',#8286,50.);
#2998=CIRCLE('',#8289,75.);
#2999=CIRCLE('',#8292,10.);
#3000=CIRCLE('',#8295,75.);
#3001=CIRCLE('',#8298,10.);
#3002=VERTEX_POINT('',#10570);
#3003=VERTEX_POINT('',#10572);
#3004=VERTEX_POINT('',#10576);
#3005=VERTEX_POINT('',#10578);
#3006=VERTEX_POINT('',#10582);
#3007=VERTEX_POINT('',#10584);
#3008=VERTEX_POINT('',#10588);
#3009=VERTEX_POINT('',#10590);
#3010=VERTEX_POINT('',#10594);
#3011=VERTEX_POINT('',#10596);
#3012=VERTEX_POINT('',#10600);
#3013=VERTEX_POINT('',#10601);
#3014=VERTEX_POINT('',#10603);
#3015=VERTEX_POINT('',#10605);
#3016=VERTEX_POINT('',#10609);
#3017=VERTEX_POINT('',#10611);
#3018=VERTEX_POINT('',#10615);
#3019=VERTEX_POINT('',#10617);
#3020=VERTEX_POINT('',#10619);
#3021=VERTEX_POINT('',#10621);
#3022=VERTEX_POINT('',#10623);
#3023=VERTEX_POINT('',#10625);
#3024=VERTEX_POINT('',#10627);
#3025=VERTEX_POINT('',#10629);
#3026=VERTEX_POINT('',#10631);
#3027=VERTEX_POINT('',#10633);
#3028=VERTEX_POINT('',#10635);
#3029=VERTEX_POINT('',#10637);
#3030=VERTEX_POINT('',#10639);
#3031=VERTEX_POINT('',#10641);
#3032=VERTEX_POINT('',#10643);
#3033=VERTEX_POINT('',#10645);
#3034=VERTEX_POINT('',#10647);
#3035=VERTEX_POINT('',#10650);
#3036=VERTEX_POINT('',#10651);
#3037=VERTEX_POINT('',#10653);
#3038=VERTEX_POINT('',#10655);
#3039=VERTEX_POINT('',#10658);
#3040=VERTEX_POINT('',#10659);
#3041=VERTEX_POINT('',#10661);
#3042=VERTEX_POINT('',#10663);
#3043=VERTEX_POINT('',#10666);
#3044=VERTEX_POINT('',#10667);
#3045=VERTEX_POINT('',#10669);
#3046=VERTEX_POINT('',#10671);
#3047=VERTEX_POINT('',#10675);
#3048=VERTEX_POINT('',#10679);
#3049=VERTEX_POINT('',#10681);
#3050=VERTEX_POINT('',#10685);
#3051=VERTEX_POINT('',#10689);
#3052=VERTEX_POINT('',#10691);
#3053=VERTEX_POINT('',#10695);
#3054=VERTEX_POINT('',#10699);
#3055=VERTEX_POINT('',#10703);
#3056=VERTEX_POINT('',#10705);
#3057=VERTEX_POINT('',#10709);
#3058=VERTEX_POINT('',#10713);
#3059=VERTEX_POINT('',#10717);
#3060=VERTEX_POINT('',#10718);
#3061=VERTEX_POINT('',#10723);
#3062=VERTEX_POINT('',#10727);
#3063=VERTEX_POINT('',#10733);
#3064=VERTEX_POINT('',#10734);
#3065=VERTEX_POINT('',#10739);
#3066=VERTEX_POINT('',#10743);
#3067=VERTEX_POINT('',#10749);
#3068=VERTEX_POINT('',#10750);
#3069=VERTEX_POINT('',#10755);
#3070=VERTEX_POINT('',#10759);
#3071=VERTEX_POINT('',#10765);
#3072=VERTEX_POINT('',#10766);
#3073=VERTEX_POINT('',#10775);
#3074=VERTEX_POINT('',#10779);
#3075=VERTEX_POINT('',#10785);
#3076=VERTEX_POINT('',#10798);
#3077=VERTEX_POINT('',#10799);
#3078=VERTEX_POINT('',#10801);
#3079=VERTEX_POINT('',#10803);
#3080=VERTEX_POINT('',#10807);
#3081=VERTEX_POINT('',#10808);
#3082=VERTEX_POINT('',#10813);
#3083=VERTEX_POINT('',#10815);
#3084=VERTEX_POINT('',#10817);
#3085=VERTEX_POINT('',#10819);
#3086=VERTEX_POINT('',#10821);
#3087=VERTEX_POINT('',#10823);
#3088=VERTEX_POINT('',#10825);
#3089=VERTEX_POINT('',#10827);
#3090=VERTEX_POINT('',#10829);
#3091=VERTEX_POINT('',#10831);
#3092=VERTEX_POINT('',#10833);
#3093=VERTEX_POINT('',#10835);
#3094=VERTEX_POINT('',#10837);
#3095=VERTEX_POINT('',#10840);
#3096=VERTEX_POINT('',#10841);
#3097=VERTEX_POINT('',#10843);
#3098=VERTEX_POINT('',#10845);
#3099=VERTEX_POINT('',#10848);
#3100=VERTEX_POINT('',#10849);
#3101=VERTEX_POINT('',#10851);
#3102=VERTEX_POINT('',#10853);
#3103=VERTEX_POINT('',#10855);
#3104=VERTEX_POINT('',#10858);
#3105=VERTEX_POINT('',#10859);
#3106=VERTEX_POINT('',#10861);
#3107=VERTEX_POINT('',#10863);
#3108=VERTEX_POINT('',#10865);
#3109=VERTEX_POINT('',#10869);
#3110=VERTEX_POINT('',#10873);
#3111=VERTEX_POINT('',#10874);
#3112=VERTEX_POINT('',#10879);
#3113=VERTEX_POINT('',#10883);
#3114=VERTEX_POINT('',#10885);
#3115=VERTEX_POINT('',#10889);
#3116=VERTEX_POINT('',#10891);
#3117=VERTEX_POINT('',#10895);
#3118=VERTEX_POINT('',#10898);
#3119=VERTEX_POINT('',#10901);
#3120=VERTEX_POINT('',#10903);
#3121=VERTEX_POINT('',#10907);
#3122=VERTEX_POINT('',#10909);
#3123=VERTEX_POINT('',#10913);
#3124=VERTEX_POINT('',#10915);
#3125=VERTEX_POINT('',#10919);
#3126=VERTEX_POINT('',#10925);
#3127=VERTEX_POINT('',#10931);
#3128=VERTEX_POINT('',#10935);
#3129=VERTEX_POINT('',#10943);
#3130=VERTEX_POINT('',#10944);
#3131=VERTEX_POINT('',#10951);
#3132=VERTEX_POINT('',#10954);
#3133=VERTEX_POINT('',#10956);
#3134=VERTEX_POINT('',#10959);
#3135=VERTEX_POINT('',#10961);
#3136=VERTEX_POINT('',#10963);
#3137=VERTEX_POINT('',#10973);
#3138=VERTEX_POINT('',#10975);
#3139=VERTEX_POINT('',#10979);
#3140=VERTEX_POINT('',#10997);
#3141=VERTEX_POINT('',#10998);
#3142=VERTEX_POINT('',#11000);
#3143=VERTEX_POINT('',#11002);
#3144=VERTEX_POINT('',#11015);
#3145=VERTEX_POINT('',#11017);
#3146=VERTEX_POINT('',#11030);
#3147=VERTEX_POINT('',#11032);
#3148=VERTEX_POINT('',#11045);
#3149=VERTEX_POINT('',#11047);
#3150=VERTEX_POINT('',#11051);
#3151=VERTEX_POINT('',#11053);
#3152=VERTEX_POINT('',#11057);
#3153=VERTEX_POINT('',#11059);
#3154=VERTEX_POINT('',#11063);
#3155=VERTEX_POINT('',#11064);
#3156=VERTEX_POINT('',#11066);
#3157=VERTEX_POINT('',#11068);
#3158=VERTEX_POINT('',#11077);
#3159=VERTEX_POINT('',#11078);
#3160=VERTEX_POINT('',#11080);
#3161=VERTEX_POINT('',#11082);
#3162=VERTEX_POINT('',#11095);
#3163=VERTEX_POINT('',#11097);
#3164=VERTEX_POINT('',#11110);
#3165=VERTEX_POINT('',#11112);
#3166=VERTEX_POINT('',#11125);
#3167=VERTEX_POINT('',#11127);
#3168=VERTEX_POINT('',#11131);
#3169=VERTEX_POINT('',#11133);
#3170=VERTEX_POINT('',#11137);
#3171=VERTEX_POINT('',#11139);
#3172=VERTEX_POINT('',#11143);
#3173=VERTEX_POINT('',#11144);
#3174=VERTEX_POINT('',#11146);
#3175=VERTEX_POINT('',#11148);
#3176=VERTEX_POINT('',#11157);
#3177=VERTEX_POINT('',#11158);
#3178=VERTEX_POINT('',#11160);
#3179=VERTEX_POINT('',#11162);
#3180=VERTEX_POINT('',#11175);
#3181=VERTEX_POINT('',#11177);
#3182=VERTEX_POINT('',#11190);
#3183=VERTEX_POINT('',#11192);
#3184=VERTEX_POINT('',#11205);
#3185=VERTEX_POINT('',#11207);
#3186=VERTEX_POINT('',#11211);
#3187=VERTEX_POINT('',#11213);
#3188=VERTEX_POINT('',#11217);
#3189=VERTEX_POINT('',#11219);
#3190=VERTEX_POINT('',#11223);
#3191=VERTEX_POINT('',#11224);
#3192=VERTEX_POINT('',#11226);
#3193=VERTEX_POINT('',#11228);
#3194=VERTEX_POINT('',#11237);
#3195=VERTEX_POINT('',#11238);
#3196=VERTEX_POINT('',#11240);
#3197=VERTEX_POINT('',#11242);
#3198=VERTEX_POINT('',#11255);
#3199=VERTEX_POINT('',#11257);
#3200=VERTEX_POINT('',#11270);
#3201=VERTEX_POINT('',#11272);
#3202=VERTEX_POINT('',#11285);
#3203=VERTEX_POINT('',#11287);
#3204=VERTEX_POINT('',#11291);
#3205=VERTEX_POINT('',#11293);
#3206=VERTEX_POINT('',#11297);
#3207=VERTEX_POINT('',#11299);
#3208=VERTEX_POINT('',#11303);
#3209=VERTEX_POINT('',#11304);
#3210=VERTEX_POINT('',#11306);
#3211=VERTEX_POINT('',#11308);
#3212=VERTEX_POINT('',#11317);
#3213=VERTEX_POINT('',#11318);
#3214=VERTEX_POINT('',#11320);
#3215=VERTEX_POINT('',#11322);
#3216=VERTEX_POINT('',#11335);
#3217=VERTEX_POINT('',#11337);
#3218=VERTEX_POINT('',#11350);
#3219=VERTEX_POINT('',#11352);
#3220=VERTEX_POINT('',#11365);
#3221=VERTEX_POINT('',#11367);
#3222=VERTEX_POINT('',#11371);
#3223=VERTEX_POINT('',#11373);
#3224=VERTEX_POINT('',#11377);
#3225=VERTEX_POINT('',#11379);
#3226=VERTEX_POINT('',#11383);
#3227=VERTEX_POINT('',#11384);
#3228=VERTEX_POINT('',#11386);
#3229=VERTEX_POINT('',#11388);
#3230=VERTEX_POINT('',#11397);
#3231=VERTEX_POINT('',#11398);
#3232=VERTEX_POINT('',#11400);
#3233=VERTEX_POINT('',#11402);
#3234=VERTEX_POINT('',#11415);
#3235=VERTEX_POINT('',#11417);
#3236=VERTEX_POINT('',#11430);
#3237=VERTEX_POINT('',#11432);
#3238=VERTEX_POINT('',#11445);
#3239=VERTEX_POINT('',#11447);
#3240=VERTEX_POINT('',#11451);
#3241=VERTEX_POINT('',#11453);
#3242=VERTEX_POINT('',#11457);
#3243=VERTEX_POINT('',#11459);
#3244=VERTEX_POINT('',#11463);
#3245=VERTEX_POINT('',#11464);
#3246=VERTEX_POINT('',#11466);
#3247=VERTEX_POINT('',#11468);
#3248=VERTEX_POINT('',#11477);
#3249=VERTEX_POINT('',#11478);
#3250=VERTEX_POINT('',#11480);
#3251=VERTEX_POINT('',#11482);
#3252=VERTEX_POINT('',#11495);
#3253=VERTEX_POINT('',#11497);
#3254=VERTEX_POINT('',#11510);
#3255=VERTEX_POINT('',#11512);
#3256=VERTEX_POINT('',#11525);
#3257=VERTEX_POINT('',#11527);
#3258=VERTEX_POINT('',#11531);
#3259=VERTEX_POINT('',#11533);
#3260=VERTEX_POINT('',#11537);
#3261=VERTEX_POINT('',#11539);
#3262=VERTEX_POINT('',#11543);
#3263=VERTEX_POINT('',#11544);
#3264=VERTEX_POINT('',#11546);
#3265=VERTEX_POINT('',#11548);
#3266=VERTEX_POINT('',#11555);
#3267=VERTEX_POINT('',#11559);
#3268=VERTEX_POINT('',#11560);
#3269=VERTEX_POINT('',#11562);
#3270=VERTEX_POINT('',#11564);
#3271=VERTEX_POINT('',#11577);
#3272=VERTEX_POINT('',#11579);
#3273=VERTEX_POINT('',#11592);
#3274=VERTEX_POINT('',#11594);
#3275=VERTEX_POINT('',#11607);
#3276=VERTEX_POINT('',#11609);
#3277=VERTEX_POINT('',#11613);
#3278=VERTEX_POINT('',#11615);
#3279=VERTEX_POINT('',#11619);
#3280=VERTEX_POINT('',#11621);
#3281=VERTEX_POINT('',#11625);
#3282=VERTEX_POINT('',#11626);
#3283=VERTEX_POINT('',#11628);
#3284=VERTEX_POINT('',#11630);
#3285=VERTEX_POINT('',#11639);
#3286=VERTEX_POINT('',#11640);
#3287=VERTEX_POINT('',#11642);
#3288=VERTEX_POINT('',#11644);
#3289=VERTEX_POINT('',#11657);
#3290=VERTEX_POINT('',#11659);
#3291=VERTEX_POINT('',#11672);
#3292=VERTEX_POINT('',#11674);
#3293=VERTEX_POINT('',#11687);
#3294=VERTEX_POINT('',#11689);
#3295=VERTEX_POINT('',#11693);
#3296=VERTEX_POINT('',#11695);
#3297=VERTEX_POINT('',#11699);
#3298=VERTEX_POINT('',#11701);
#3299=VERTEX_POINT('',#11705);
#3300=VERTEX_POINT('',#11706);
#3301=VERTEX_POINT('',#11708);
#3302=VERTEX_POINT('',#11710);
#3303=VERTEX_POINT('',#11719);
#3304=VERTEX_POINT('',#11720);
#3305=VERTEX_POINT('',#11722);
#3306=VERTEX_POINT('',#11724);
#3307=VERTEX_POINT('',#11737);
#3308=VERTEX_POINT('',#11739);
#3309=VERTEX_POINT('',#11752);
#3310=VERTEX_POINT('',#11754);
#3311=VERTEX_POINT('',#11767);
#3312=VERTEX_POINT('',#11769);
#3313=VERTEX_POINT('',#11773);
#3314=VERTEX_POINT('',#11775);
#3315=VERTEX_POINT('',#11779);
#3316=VERTEX_POINT('',#11781);
#3317=VERTEX_POINT('',#11785);
#3318=VERTEX_POINT('',#11786);
#3319=VERTEX_POINT('',#11788);
#3320=VERTEX_POINT('',#11790);
#3321=VERTEX_POINT('',#11799);
#3322=VERTEX_POINT('',#11800);
#3323=VERTEX_POINT('',#11802);
#3324=VERTEX_POINT('',#11804);
#3325=VERTEX_POINT('',#11817);
#3326=VERTEX_POINT('',#11819);
#3327=VERTEX_POINT('',#11832);
#3328=VERTEX_POINT('',#11834);
#3329=VERTEX_POINT('',#11847);
#3330=VERTEX_POINT('',#11849);
#3331=VERTEX_POINT('',#11853);
#3332=VERTEX_POINT('',#11855);
#3333=VERTEX_POINT('',#11859);
#3334=VERTEX_POINT('',#11861);
#3335=VERTEX_POINT('',#11865);
#3336=VERTEX_POINT('',#11866);
#3337=VERTEX_POINT('',#11868);
#3338=VERTEX_POINT('',#11870);
#3339=VERTEX_POINT('',#11879);
#3340=VERTEX_POINT('',#11880);
#3341=VERTEX_POINT('',#11882);
#3342=VERTEX_POINT('',#11884);
#3343=VERTEX_POINT('',#11897);
#3344=VERTEX_POINT('',#11899);
#3345=VERTEX_POINT('',#11912);
#3346=VERTEX_POINT('',#11914);
#3347=VERTEX_POINT('',#11927);
#3348=VERTEX_POINT('',#11929);
#3349=VERTEX_POINT('',#11933);
#3350=VERTEX_POINT('',#11935);
#3351=VERTEX_POINT('',#11939);
#3352=VERTEX_POINT('',#11941);
#3353=VERTEX_POINT('',#11945);
#3354=VERTEX_POINT('',#11946);
#3355=VERTEX_POINT('',#11948);
#3356=VERTEX_POINT('',#11950);
#3357=VERTEX_POINT('',#11959);
#3358=VERTEX_POINT('',#11962);
#3359=VERTEX_POINT('',#11964);
#3360=VERTEX_POINT('',#11967);
#3361=VERTEX_POINT('',#11968);
#3362=VERTEX_POINT('',#11970);
#3363=VERTEX_POINT('',#11972);
#3364=VERTEX_POINT('',#11976);
#3365=VERTEX_POINT('',#11978);
#3366=VERTEX_POINT('',#11980);
#3367=VERTEX_POINT('',#11982);
#3368=VERTEX_POINT('',#11984);
#3369=VERTEX_POINT('',#11986);
#3370=VERTEX_POINT('',#11988);
#3371=VERTEX_POINT('',#11990);
#3372=VERTEX_POINT('',#11992);
#3373=VERTEX_POINT('',#11994);
#3374=VERTEX_POINT('',#11998);
#3375=VERTEX_POINT('',#12000);
#3376=VERTEX_POINT('',#12002);
#3377=VERTEX_POINT('',#12004);
#3378=VERTEX_POINT('',#12006);
#3379=VERTEX_POINT('',#12010);
#3380=VERTEX_POINT('',#12012);
#3381=VERTEX_POINT('',#12016);
#3382=VERTEX_POINT('',#12018);
#3383=VERTEX_POINT('',#12020);
#3384=VERTEX_POINT('',#12022);
#3385=VERTEX_POINT('',#12024);
#3386=VERTEX_POINT('',#12026);
#3387=VERTEX_POINT('',#12028);
#3388=VERTEX_POINT('',#12030);
#3389=VERTEX_POINT('',#12032);
#3390=VERTEX_POINT('',#12036);
#3391=VERTEX_POINT('',#12040);
#3392=VERTEX_POINT('',#12046);
#3393=VERTEX_POINT('',#12047);
#3394=VERTEX_POINT('',#12049);
#3395=VERTEX_POINT('',#12051);
#3396=VERTEX_POINT('',#12068);
#3397=VERTEX_POINT('',#12069);
#3398=VERTEX_POINT('',#12074);
#3399=VERTEX_POINT('',#12076);
#3400=VERTEX_POINT('',#12093);
#3401=VERTEX_POINT('',#12095);
#3402=VERTEX_POINT('',#12099);
#3403=VERTEX_POINT('',#12101);
#3404=VERTEX_POINT('',#12128);
#3405=VERTEX_POINT('',#12130);
#3406=VERTEX_POINT('',#12176);
#3407=VERTEX_POINT('',#12178);
#3408=VERTEX_POINT('',#12182);
#3409=VERTEX_POINT('',#12186);
#3410=VERTEX_POINT('',#12187);
#3411=VERTEX_POINT('',#12189);
#3412=VERTEX_POINT('',#12191);
#3413=VERTEX_POINT('',#12195);
#3414=VERTEX_POINT('',#12196);
#3415=VERTEX_POINT('',#12198);
#3416=VERTEX_POINT('',#12200);
#3417=VERTEX_POINT('',#12216);
#3418=VERTEX_POINT('',#12217);
#3419=VERTEX_POINT('',#12219);
#3420=VERTEX_POINT('',#12221);
#3421=VERTEX_POINT('',#12225);
#3422=VERTEX_POINT('',#12226);
#3423=VERTEX_POINT('',#12228);
#3424=VERTEX_POINT('',#12230);
#3425=VERTEX_POINT('',#12243);
#3426=VERTEX_POINT('',#12247);
#3427=VERTEX_POINT('',#12265);
#3428=VERTEX_POINT('',#12266);
#3429=VERTEX_POINT('',#12268);
#3430=VERTEX_POINT('',#12270);
#3431=VERTEX_POINT('',#12283);
#3432=VERTEX_POINT('',#12285);
#3433=VERTEX_POINT('',#12298);
#3434=VERTEX_POINT('',#12300);
#3435=VERTEX_POINT('',#12313);
#3436=VERTEX_POINT('',#12315);
#3437=VERTEX_POINT('',#12319);
#3438=VERTEX_POINT('',#12321);
#3439=VERTEX_POINT('',#12325);
#3440=VERTEX_POINT('',#12327);
#3441=VERTEX_POINT('',#12331);
#3442=VERTEX_POINT('',#12332);
#3443=VERTEX_POINT('',#12334);
#3444=VERTEX_POINT('',#12336);
#3445=VERTEX_POINT('',#12348);
#3446=VERTEX_POINT('',#12350);
#3447=VERTEX_POINT('',#12352);
#3448=VERTEX_POINT('',#12354);
#3449=VERTEX_POINT('',#12356);
#3450=VERTEX_POINT('',#12358);
#3451=VERTEX_POINT('',#12360);
#3452=VERTEX_POINT('',#12362);
#3453=VERTEX_POINT('',#12365);
#3454=VERTEX_POINT('',#12367);
#3455=VERTEX_POINT('',#12369);
#3456=VERTEX_POINT('',#12371);
#3457=VERTEX_POINT('',#12374);
#3458=VERTEX_POINT('',#12376);
#3459=VERTEX_POINT('',#12378);
#3460=VERTEX_POINT('',#12380);
#3461=VERTEX_POINT('',#12386);
#3462=VERTEX_POINT('',#12388);
#3463=VERTEX_POINT('',#12390);
#3464=VERTEX_POINT('',#12392);
#3465=VERTEX_POINT('',#12394);
#3466=VERTEX_POINT('',#12396);
#3467=VERTEX_POINT('',#12398);
#3468=VERTEX_POINT('',#12400);
#3469=VERTEX_POINT('',#12402);
#3470=VERTEX_POINT('',#12404);
#3471=VERTEX_POINT('',#12406);
#3472=VERTEX_POINT('',#12408);
#3473=VERTEX_POINT('',#12416);
#3474=VERTEX_POINT('',#12420);
#3475=VERTEX_POINT('',#12421);
#3476=VERTEX_POINT('',#12423);
#3477=VERTEX_POINT('',#12425);
#3478=VERTEX_POINT('',#12438);
#3479=VERTEX_POINT('',#12440);
#3480=VERTEX_POINT('',#12453);
#3481=VERTEX_POINT('',#12455);
#3482=VERTEX_POINT('',#12468);
#3483=VERTEX_POINT('',#12470);
#3484=VERTEX_POINT('',#12474);
#3485=VERTEX_POINT('',#12476);
#3486=VERTEX_POINT('',#12483);
#3487=VERTEX_POINT('',#12485);
#3488=VERTEX_POINT('',#12493);
#3489=VERTEX_POINT('',#12494);
#3490=VERTEX_POINT('',#12496);
#3491=VERTEX_POINT('',#12498);
#3492=VERTEX_POINT('',#12511);
#3493=VERTEX_POINT('',#12513);
#3494=VERTEX_POINT('',#12526);
#3495=VERTEX_POINT('',#12528);
#3496=VERTEX_POINT('',#12541);
#3497=VERTEX_POINT('',#12543);
#3498=VERTEX_POINT('',#12547);
#3499=VERTEX_POINT('',#12549);
#3500=VERTEX_POINT('',#12556);
#3501=VERTEX_POINT('',#12558);
#3502=VERTEX_POINT('',#12566);
#3503=VERTEX_POINT('',#12567);
#3504=VERTEX_POINT('',#12569);
#3505=VERTEX_POINT('',#12571);
#3506=VERTEX_POINT('',#12584);
#3507=VERTEX_POINT('',#12586);
#3508=VERTEX_POINT('',#12599);
#3509=VERTEX_POINT('',#12601);
#3510=VERTEX_POINT('',#12614);
#3511=VERTEX_POINT('',#12616);
#3512=VERTEX_POINT('',#12620);
#3513=VERTEX_POINT('',#12622);
#3514=VERTEX_POINT('',#12629);
#3515=VERTEX_POINT('',#12631);
#3516=VERTEX_POINT('',#12639);
#3517=VERTEX_POINT('',#12640);
#3518=VERTEX_POINT('',#12642);
#3519=VERTEX_POINT('',#12644);
#3520=VERTEX_POINT('',#12657);
#3521=VERTEX_POINT('',#12659);
#3522=VERTEX_POINT('',#12672);
#3523=VERTEX_POINT('',#12674);
#3524=VERTEX_POINT('',#12687);
#3525=VERTEX_POINT('',#12689);
#3526=VERTEX_POINT('',#12693);
#3527=VERTEX_POINT('',#12695);
#3528=VERTEX_POINT('',#12702);
#3529=VERTEX_POINT('',#12704);
#3530=VERTEX_POINT('',#12712);
#3531=VERTEX_POINT('',#12713);
#3532=VERTEX_POINT('',#12715);
#3533=VERTEX_POINT('',#12717);
#3534=VERTEX_POINT('',#12730);
#3535=VERTEX_POINT('',#12732);
#3536=VERTEX_POINT('',#12745);
#3537=VERTEX_POINT('',#12747);
#3538=VERTEX_POINT('',#12760);
#3539=VERTEX_POINT('',#12762);
#3540=VERTEX_POINT('',#12766);
#3541=VERTEX_POINT('',#12768);
#3542=VERTEX_POINT('',#12775);
#3543=VERTEX_POINT('',#12777);
#3544=VERTEX_POINT('',#12785);
#3545=VERTEX_POINT('',#12786);
#3546=VERTEX_POINT('',#12788);
#3547=VERTEX_POINT('',#12790);
#3548=VERTEX_POINT('',#12803);
#3549=VERTEX_POINT('',#12805);
#3550=VERTEX_POINT('',#12818);
#3551=VERTEX_POINT('',#12820);
#3552=VERTEX_POINT('',#12833);
#3553=VERTEX_POINT('',#12835);
#3554=VERTEX_POINT('',#12839);
#3555=VERTEX_POINT('',#12841);
#3556=VERTEX_POINT('',#12848);
#3557=VERTEX_POINT('',#12850);
#3558=VERTEX_POINT('',#12858);
#3559=VERTEX_POINT('',#12859);
#3560=VERTEX_POINT('',#12861);
#3561=VERTEX_POINT('',#12863);
#3562=VERTEX_POINT('',#12876);
#3563=VERTEX_POINT('',#12878);
#3564=VERTEX_POINT('',#12891);
#3565=VERTEX_POINT('',#12893);
#3566=VERTEX_POINT('',#12906);
#3567=VERTEX_POINT('',#12908);
#3568=VERTEX_POINT('',#12912);
#3569=VERTEX_POINT('',#12914);
#3570=VERTEX_POINT('',#12921);
#3571=VERTEX_POINT('',#12923);
#3572=VERTEX_POINT('',#12941);
#3573=VERTEX_POINT('',#12943);
#3574=VERTEX_POINT('',#12947);
#3575=VERTEX_POINT('',#12951);
#3576=VERTEX_POINT('',#12953);
#3577=VERTEX_POINT('',#12957);
#3578=VERTEX_POINT('',#12961);
#3579=VERTEX_POINT('',#12963);
#3580=VERTEX_POINT('',#12967);
#3581=VERTEX_POINT('',#12971);
#3582=VERTEX_POINT('',#12973);
#3583=VERTEX_POINT('',#12977);
#3584=VERTEX_POINT('',#12981);
#3585=VERTEX_POINT('',#12982);
#3586=VERTEX_POINT('',#12984);
#3587=VERTEX_POINT('',#12989);
#3588=VERTEX_POINT('',#12996);
#3589=VERTEX_POINT('',#12998);
#3590=VERTEX_POINT('',#13005);
#3591=VERTEX_POINT('',#13007);
#3592=VERTEX_POINT('',#13014);
#3593=VERTEX_POINT('',#13016);
#3594=VERTEX_POINT('',#13023);
#3595=VERTEX_POINT('',#13025);
#3596=VERTEX_POINT('',#13032);
#3597=VERTEX_POINT('',#13034);
#3598=VERTEX_POINT('',#13041);
#3599=VERTEX_POINT('',#13043);
#3600=VERTEX_POINT('',#13050);
#3601=VERTEX_POINT('',#13052);
#3602=VERTEX_POINT('',#13059);
#3603=VERTEX_POINT('',#13061);
#3604=VERTEX_POINT('',#13068);
#3605=VERTEX_POINT('',#13070);
#3606=VERTEX_POINT('',#13077);
#3607=VERTEX_POINT('',#13079);
#3608=VERTEX_POINT('',#13086);
#3609=VERTEX_POINT('',#13088);
#3610=VERTEX_POINT('',#13095);
#3611=VERTEX_POINT('',#13097);
#3612=VERTEX_POINT('',#13104);
#3613=VERTEX_POINT('',#13106);
#3614=VERTEX_POINT('',#13113);
#3615=VERTEX_POINT('',#13115);
#3616=VERTEX_POINT('',#13125);
#3617=VERTEX_POINT('',#13127);
#3618=VERTEX_POINT('',#13131);
#3619=VERTEX_POINT('',#13135);
#3620=VERTEX_POINT('',#13139);
#3621=VERTEX_POINT('',#13143);
#3622=VERTEX_POINT('',#13147);
#3623=VERTEX_POINT('',#13151);
#3624=VERTEX_POINT('',#13155);
#3625=VERTEX_POINT('',#13159);
#3626=VERTEX_POINT('',#13160);
#3627=VERTEX_POINT('',#13162);
#3628=VERTEX_POINT('',#13164);
#3629=VERTEX_POINT('',#13167);
#3630=VERTEX_POINT('',#13168);
#3631=VERTEX_POINT('',#13170);
#3632=VERTEX_POINT('',#13172);
#3633=VERTEX_POINT('',#13175);
#3634=VERTEX_POINT('',#13176);
#3635=VERTEX_POINT('',#13178);
#3636=VERTEX_POINT('',#13180);
#3637=VERTEX_POINT('',#13183);
#3638=VERTEX_POINT('',#13184);
#3639=VERTEX_POINT('',#13186);
#3640=VERTEX_POINT('',#13188);
#3641=VERTEX_POINT('',#13192);
#3642=VERTEX_POINT('',#13193);
#3643=VERTEX_POINT('',#13198);
#3644=VERTEX_POINT('',#13202);
#3645=VERTEX_POINT('',#13208);
#3646=VERTEX_POINT('',#13209);
#3647=VERTEX_POINT('',#13214);
#3648=VERTEX_POINT('',#13218);
#3649=VERTEX_POINT('',#13224);
#3650=VERTEX_POINT('',#13225);
#3651=VERTEX_POINT('',#13230);
#3652=VERTEX_POINT('',#13234);
#3653=VERTEX_POINT('',#13240);
#3654=VERTEX_POINT('',#13241);
#3655=VERTEX_POINT('',#13246);
#3656=VERTEX_POINT('',#13250);
#3657=VERTEX_POINT('',#13256);
#3658=VERTEX_POINT('',#13260);
#3659=VERTEX_POINT('',#13264);
#3660=VERTEX_POINT('',#13268);
#3661=VERTEX_POINT('',#13272);
#3662=VERTEX_POINT('',#13276);
#3663=VERTEX_POINT('',#13280);
#3664=VERTEX_POINT('',#13287);
#3665=VERTEX_POINT('',#13288);
#3666=VERTEX_POINT('',#13290);
#3667=VERTEX_POINT('',#13292);
#3668=VERTEX_POINT('',#13296);
#3669=VERTEX_POINT('',#13298);
#3670=VERTEX_POINT('',#13302);
#3671=VERTEX_POINT('',#13304);
#3672=VERTEX_POINT('',#13306);
#3673=VERTEX_POINT('',#13308);
#3674=VERTEX_POINT('',#13310);
#3675=VERTEX_POINT('',#13312);
#3676=VERTEX_POINT('',#13314);
#3677=VERTEX_POINT('',#13316);
#3678=VERTEX_POINT('',#13318);
#3679=VERTEX_POINT('',#13322);
#3680=VERTEX_POINT('',#13323);
#3681=VERTEX_POINT('',#13325);
#3682=VERTEX_POINT('',#13327);
#3683=VERTEX_POINT('',#13330);
#3684=VERTEX_POINT('',#13334);
#3685=VERTEX_POINT('',#13336);
#3686=VERTEX_POINT('',#13338);
#3687=VERTEX_POINT('',#13340);
#3688=VERTEX_POINT('',#13342);
#3689=VERTEX_POINT('',#13344);
#3690=VERTEX_POINT('',#13346);
#3691=VERTEX_POINT('',#13348);
#3692=VERTEX_POINT('',#13356);
#3693=VERTEX_POINT('',#13357);
#3694=VERTEX_POINT('',#13362);
#3695=VERTEX_POINT('',#13364);
#3696=VERTEX_POINT('',#13368);
#3697=VERTEX_POINT('',#13370);
#3698=VERTEX_POINT('',#13372);
#3699=VERTEX_POINT('',#13374);
#3700=VERTEX_POINT('',#13376);
#3701=VERTEX_POINT('',#13378);
#3702=VERTEX_POINT('',#13391);
#3703=VERTEX_POINT('',#13393);
#3704=VERTEX_POINT('',#13397);
#3705=VERTEX_POINT('',#13399);
#3706=VERTEX_POINT('',#13405);
#3707=VERTEX_POINT('',#13409);
#3708=EDGE_CURVE('',#3002,#3002,#2638,.T.);
#3709=EDGE_CURVE('',#3002,#3003,#1502,.T.);
#3710=EDGE_CURVE('',#3003,#3003,#2639,.T.);
#3711=EDGE_CURVE('',#3004,#3004,#2640,.T.);
#3712=EDGE_CURVE('',#3004,#3005,#1503,.T.);
#3713=EDGE_CURVE('',#3005,#3005,#2641,.T.);
#3714=EDGE_CURVE('',#3006,#3006,#2642,.T.);
#3715=EDGE_CURVE('',#3006,#3007,#1504,.T.);
#3716=EDGE_CURVE('',#3007,#3007,#2643,.T.);
#3717=EDGE_CURVE('',#3008,#3008,#2644,.T.);
#3718=EDGE_CURVE('',#3008,#3009,#1505,.T.);
#3719=EDGE_CURVE('',#3009,#3009,#2645,.T.);
#3720=EDGE_CURVE('',#3010,#3010,#2646,.T.);
#3721=EDGE_CURVE('',#3010,#3011,#1506,.T.);
#3722=EDGE_CURVE('',#3011,#3011,#2647,.T.);
#3723=EDGE_CURVE('',#3012,#3013,#2648,.T.);
#3724=EDGE_CURVE('',#3014,#3012,#1507,.T.);
#3725=EDGE_CURVE('',#3015,#3014,#1508,.T.);
#3726=EDGE_CURVE('',#3013,#3015,#1509,.T.);
#3727=EDGE_CURVE('',#3013,#3016,#1510,.T.);
#3728=EDGE_CURVE('',#3016,#3017,#2649,.T.);
#3729=EDGE_CURVE('',#3017,#3012,#1511,.T.);
#3730=EDGE_CURVE('',#3017,#3018,#1512,.T.);
#3731=EDGE_CURVE('',#3018,#3019,#1513,.T.);
#3732=EDGE_CURVE('',#3019,#3020,#1514,.T.);
#3733=EDGE_CURVE('',#3021,#3020,#1515,.T.);
#3734=EDGE_CURVE('',#3021,#3022,#1516,.T.);
#3735=EDGE_CURVE('',#3022,#3023,#1517,.T.);
#3736=EDGE_CURVE('',#3023,#3024,#1518,.T.);
#3737=EDGE_CURVE('',#3024,#3025,#1519,.T.);
#3738=EDGE_CURVE('',#3025,#3026,#1520,.T.);
#3739=EDGE_CURVE('',#3027,#3026,#1521,.T.);
#3740=EDGE_CURVE('',#3028,#3027,#1522,.T.);
#3741=EDGE_CURVE('',#3028,#3029,#1523,.T.);
#3742=EDGE_CURVE('',#3029,#3030,#1524,.T.);
#3743=EDGE_CURVE('',#3031,#3030,#1525,.T.);
#3744=EDGE_CURVE('',#3032,#3031,#1526,.T.);
#3745=EDGE_CURVE('',#3032,#3033,#1527,.T.);
#3746=EDGE_CURVE('',#3033,#3034,#1528,.T.);
#3747=EDGE_CURVE('',#3034,#3014,#1529,.T.);
#3748=EDGE_CURVE('',#3035,#3036,#1530,.T.);
#3749=EDGE_CURVE('',#3036,#3037,#1531,.T.);
#3750=EDGE_CURVE('',#3037,#3038,#1532,.T.);
#3751=EDGE_CURVE('',#3038,#3035,#1533,.T.);
#3752=EDGE_CURVE('',#3039,#3040,#1534,.T.);
#3753=EDGE_CURVE('',#3040,#3041,#1535,.T.);
#3754=EDGE_CURVE('',#3041,#3042,#1536,.T.);
#3755=EDGE_CURVE('',#3042,#3039,#1537,.T.);
#3756=EDGE_CURVE('',#3043,#3044,#1538,.T.);
#3757=EDGE_CURVE('',#3044,#3045,#1539,.T.);
#3758=EDGE_CURVE('',#3045,#3046,#1540,.T.);
#3759=EDGE_CURVE('',#3046,#3043,#1541,.T.);
#3760=EDGE_CURVE('',#3047,#3016,#1542,.T.);
#3761=EDGE_CURVE('',#3047,#3018,#1543,.T.);
#3762=EDGE_CURVE('',#3048,#3021,#2650,.T.);
#3763=EDGE_CURVE('',#3048,#3049,#1544,.T.);
#3764=EDGE_CURVE('',#3049,#3022,#1545,.T.);
#3765=EDGE_CURVE('',#3020,#3050,#2651,.T.);
#3766=EDGE_CURVE('',#3050,#3048,#1546,.T.);
#3767=EDGE_CURVE('',#3030,#3051,#2652,.T.);
#3768=EDGE_CURVE('',#3052,#3029,#1547,.T.);
#3769=EDGE_CURVE('',#3052,#3051,#1548,.T.);
#3770=EDGE_CURVE('',#3053,#3031,#2653,.T.);
#3771=EDGE_CURVE('',#3051,#3053,#1549,.T.);
#3772=EDGE_CURVE('',#3053,#3054,#1550,.T.);
#3773=EDGE_CURVE('',#3054,#3032,#1551,.T.);
#3774=EDGE_CURVE('',#3055,#3027,#2654,.T.);
#3775=EDGE_CURVE('',#3055,#3056,#1552,.T.);
#3776=EDGE_CURVE('',#3056,#3028,#1553,.T.);
#3777=EDGE_CURVE('',#3026,#3057,#2655,.T.);
#3778=EDGE_CURVE('',#3057,#3055,#1554,.T.);
#3779=EDGE_CURVE('',#3058,#3025,#1555,.T.);
#3780=EDGE_CURVE('',#3057,#3058,#1556,.T.);
#3781=EDGE_CURVE('',#3059,#3060,#1557,.T.);
#3782=EDGE_CURVE('',#3060,#3035,#1558,.T.);
#3783=EDGE_CURVE('',#3059,#3038,#1559,.T.);
#3784=EDGE_CURVE('',#3061,#3059,#1560,.T.);
#3785=EDGE_CURVE('',#3061,#3037,#1561,.T.);
#3786=EDGE_CURVE('',#3062,#3061,#1562,.T.);
#3787=EDGE_CURVE('',#3062,#3036,#1563,.T.);
#3788=EDGE_CURVE('',#3060,#3062,#1564,.T.);
#3789=EDGE_CURVE('',#3063,#3064,#1565,.T.);
#3790=EDGE_CURVE('',#3064,#3039,#1566,.T.);
#3791=EDGE_CURVE('',#3063,#3042,#1567,.T.);
#3792=EDGE_CURVE('',#3065,#3063,#1568,.T.);
#3793=EDGE_CURVE('',#3065,#3041,#1569,.T.);
#3794=EDGE_CURVE('',#3066,#3065,#1570,.T.);
#3795=EDGE_CURVE('',#3066,#3040,#1571,.T.);
#3796=EDGE_CURVE('',#3064,#3066,#1572,.T.);
#3797=EDGE_CURVE('',#3067,#3068,#1573,.T.);
#3798=EDGE_CURVE('',#3068,#3043,#1574,.T.);
#3799=EDGE_CURVE('',#3067,#3046,#1575,.T.);
#3800=EDGE_CURVE('',#3069,#3067,#1576,.T.);
#3801=EDGE_CURVE('',#3069,#3045,#1577,.T.);
#3802=EDGE_CURVE('',#3070,#3069,#1578,.T.);
#3803=EDGE_CURVE('',#3070,#3044,#1579,.T.);
#3804=EDGE_CURVE('',#3068,#3070,#1580,.T.);
#3805=EDGE_CURVE('',#3071,#3072,#1581,.T.);
#3806=EDGE_CURVE('',#3072,#3034,#1582,.T.);
#3807=EDGE_CURVE('',#3071,#3033,#1583,.T.);
#3808=EDGE_CURVE('',#3071,#3054,#1584,.T.);
#3809=EDGE_CURVE('',#3056,#3052,#1585,.T.);
#3810=EDGE_CURVE('',#3058,#3073,#1586,.T.);
#3811=EDGE_CURVE('',#3073,#3024,#1587,.T.);
#3812=EDGE_CURVE('',#3074,#3073,#1588,.T.);
#3813=EDGE_CURVE('',#3074,#3023,#1589,.T.);
#3814=EDGE_CURVE('',#3049,#3074,#1590,.T.);
#3815=EDGE_CURVE('',#3075,#3019,#1591,.T.);
#3816=EDGE_CURVE('',#3075,#3050,#1592,.T.);
#3817=EDGE_CURVE('',#3075,#3047,#1593,.T.);
#3818=EDGE_CURVE('',#3072,#3015,#1594,.T.);
#3819=EDGE_CURVE('',#3076,#3077,#1595,.T.);
#3820=EDGE_CURVE('',#3078,#3076,#1596,.T.);
#3821=EDGE_CURVE('',#3078,#3079,#1597,.T.);
#3822=EDGE_CURVE('',#3077,#3079,#1598,.T.);
#3823=EDGE_CURVE('',#3080,#3081,#1599,.T.);
#3824=EDGE_CURVE('',#3079,#3080,#1600,.T.);
#3825=EDGE_CURVE('',#3081,#3078,#1601,.T.);
#3826=EDGE_CURVE('',#3082,#3080,#1602,.T.);
#3827=EDGE_CURVE('',#3082,#3083,#1603,.T.);
#3828=EDGE_CURVE('',#3083,#3084,#1604,.T.);
#3829=EDGE_CURVE('',#3084,#3085,#1605,.T.);
#3830=EDGE_CURVE('',#3085,#3086,#1606,.T.);
#3831=EDGE_CURVE('',#3086,#3087,#1607,.T.);
#3832=EDGE_CURVE('',#3087,#3088,#1608,.T.);
#3833=EDGE_CURVE('',#3089,#3088,#1609,.T.);
#3834=EDGE_CURVE('',#3089,#3090,#1610,.T.);
#3835=EDGE_CURVE('',#3091,#3090,#1611,.T.);
#3836=EDGE_CURVE('',#3092,#3091,#1612,.T.);
#3837=EDGE_CURVE('',#3092,#3093,#1613,.T.);
#3838=EDGE_CURVE('',#3093,#3094,#1614,.T.);
#3839=EDGE_CURVE('',#3094,#3077,#1615,.T.);
#3840=EDGE_CURVE('',#3095,#3096,#1616,.T.);
#3841=EDGE_CURVE('',#3096,#3097,#1617,.T.);
#3842=EDGE_CURVE('',#3097,#3098,#1618,.T.);
#3843=EDGE_CURVE('',#3098,#3095,#1619,.T.);
#3844=EDGE_CURVE('',#3099,#3100,#1620,.T.);
#3845=EDGE_CURVE('',#3101,#3099,#1621,.T.);
#3846=EDGE_CURVE('',#3101,#3102,#1622,.T.);
#3847=EDGE_CURVE('',#3102,#3103,#1623,.T.);
#3848=EDGE_CURVE('',#3103,#3100,#1624,.T.);
#3849=EDGE_CURVE('',#3104,#3105,#1625,.T.);
#3850=EDGE_CURVE('',#3106,#3104,#1626,.T.);
#3851=EDGE_CURVE('',#3106,#3107,#1627,.T.);
#3852=EDGE_CURVE('',#3108,#3107,#1628,.T.);
#3853=EDGE_CURVE('',#3108,#3105,#1629,.T.);
#3854=EDGE_CURVE('',#3109,#3082,#1630,.T.);
#3855=EDGE_CURVE('',#3109,#3081,#1631,.T.);
#3856=EDGE_CURVE('',#3110,#3111,#1632,.T.);
#3857=EDGE_CURVE('',#3111,#3108,#1633,.T.);
#3858=EDGE_CURVE('',#3107,#3110,#1634,.T.);
#3859=EDGE_CURVE('',#3111,#3112,#1635,.T.);
#3860=EDGE_CURVE('',#3105,#3112,#1636,.T.);
#3861=EDGE_CURVE('',#3095,#3113,#1637,.T.);
#3862=EDGE_CURVE('',#3114,#3098,#1638,.T.);
#3863=EDGE_CURVE('',#3113,#3114,#1639,.T.);
#3864=EDGE_CURVE('',#3093,#3115,#1640,.T.);
#3865=EDGE_CURVE('',#3115,#3116,#1641,.T.);
#3866=EDGE_CURVE('',#3094,#3116,#1642,.T.);
#3867=EDGE_CURVE('',#3117,#3109,#1643,.T.);
#3868=EDGE_CURVE('',#3083,#3117,#1644,.T.);
#3869=EDGE_CURVE('',#3118,#3118,#2656,.T.);
#3870=EDGE_CURVE('',#3119,#3086,#1645,.T.);
#3871=EDGE_CURVE('',#3120,#3119,#1646,.T.);
#3872=EDGE_CURVE('',#3087,#3120,#1647,.T.);
#3873=EDGE_CURVE('',#3097,#3121,#1648,.T.);
#3874=EDGE_CURVE('',#3122,#3096,#1649,.T.);
#3875=EDGE_CURVE('',#3122,#3121,#1650,.T.);
#3876=EDGE_CURVE('',#3123,#3090,#1651,.T.);
#3877=EDGE_CURVE('',#3123,#3124,#1652,.T.);
#3878=EDGE_CURVE('',#3124,#3091,#1653,.T.);
#3879=EDGE_CURVE('',#3089,#3125,#1654,.T.);
#3880=EDGE_CURVE('',#3125,#3123,#1655,.T.);
#3881=EDGE_CURVE('',#3122,#3113,#1656,.T.);
#3882=EDGE_CURVE('',#3126,#3092,#1657,.T.);
#3883=EDGE_CURVE('',#3126,#3124,#1658,.T.);
#3884=EDGE_CURVE('',#3115,#3126,#1659,.T.);
#3885=EDGE_CURVE('',#3127,#3112,#1660,.T.);
#3886=EDGE_CURVE('',#3104,#3127,#1661,.T.);
#3887=EDGE_CURVE('',#3128,#3127,#1662,.T.);
#3888=EDGE_CURVE('',#3106,#3128,#1663,.T.);
#3889=EDGE_CURVE('',#3121,#3114,#1664,.T.);
#3890=EDGE_CURVE('',#3128,#3110,#1665,.T.);
#3891=EDGE_CURVE('',#3129,#3130,#1666,.T.);
#3892=EDGE_CURVE('',#3100,#3130,#1667,.T.);
#3893=EDGE_CURVE('',#3129,#3103,#1668,.T.);
#3894=EDGE_CURVE('',#3076,#3116,#1669,.T.);
#3895=EDGE_CURVE('',#3131,#3125,#1670,.T.);
#3896=EDGE_CURVE('',#3131,#3120,#1671,.T.);
#3897=EDGE_CURVE('',#3119,#3132,#1672,.T.);
#3898=EDGE_CURVE('',#3132,#3133,#1673,.T.);
#3899=EDGE_CURVE('',#3133,#3117,#1674,.T.);
#3900=EDGE_CURVE('',#3134,#3129,#1675,.T.);
#3901=EDGE_CURVE('',#3134,#3135,#1676,.T.);
#3902=EDGE_CURVE('',#3135,#3136,#1677,.T.);
#3903=EDGE_CURVE('',#3136,#3130,#1678,.T.);
#3904=EDGE_CURVE('',#3099,#3136,#1679,.T.);
#3905=EDGE_CURVE('',#3101,#3135,#1680,.T.);
#3906=EDGE_CURVE('',#3134,#3102,#1681,.T.);
#3907=EDGE_CURVE('',#3137,#3137,#2657,.T.);
#3908=EDGE_CURVE('',#3137,#3138,#1682,.T.);
#3909=EDGE_CURVE('',#3138,#3138,#2658,.T.);
#3910=EDGE_CURVE('',#3139,#3139,#2659,.T.);
#3911=EDGE_CURVE('',#3139,#3118,#1683,.T.);
#3912=EDGE_CURVE('',#3084,#3133,#1684,.T.);
#3913=EDGE_CURVE('',#3085,#3132,#1685,.T.);
#3914=EDGE_CURVE('',#3088,#3131,#1686,.T.);
#3915=EDGE_CURVE('',#3140,#3141,#96,.T.);
#3916=EDGE_CURVE('',#3141,#3142,#2660,.T.);
#3917=EDGE_CURVE('',#3142,#3143,#56,.T.);
#3918=EDGE_CURVE('',#3143,#3140,#2661,.T.);
#3919=EDGE_CURVE('',#3143,#3144,#1687,.T.);
#3920=EDGE_CURVE('',#3145,#3144,#2662,.T.);
#3921=EDGE_CURVE('',#3140,#3145,#1688,.T.);
#3922=EDGE_CURVE('',#3146,#3142,#97,.T.);
#3923=EDGE_CURVE('',#3146,#3147,#1689,.T.);
#3924=EDGE_CURVE('',#3144,#3147,#98,.T.);
#3925=EDGE_CURVE('',#3148,#3145,#99,.T.);
#3926=EDGE_CURVE('',#3149,#3148,#1690,.T.);
#3927=EDGE_CURVE('',#3141,#3149,#100,.T.);
#3928=EDGE_CURVE('',#3149,#3150,#2663,.T.);
#3929=EDGE_CURVE('',#3151,#3148,#2664,.T.);
#3930=EDGE_CURVE('',#3150,#3151,#1691,.T.);
#3931=EDGE_CURVE('',#3150,#3152,#2665,.T.);
#3932=EDGE_CURVE('',#3153,#3151,#2666,.T.);
#3933=EDGE_CURVE('',#3152,#3153,#1692,.T.);
#3934=EDGE_CURVE('',#3154,#3155,#2667,.T.);
#3935=EDGE_CURVE('',#3154,#3156,#1693,.T.);
#3936=EDGE_CURVE('',#3157,#3156,#2668,.T.);
#3937=EDGE_CURVE('',#3155,#3157,#1694,.T.);
#3938=EDGE_CURVE('',#3155,#3146,#2669,.T.);
#3939=EDGE_CURVE('',#3147,#3157,#2670,.T.);
#3940=EDGE_CURVE('',#3153,#3156,#2671,.T.);
#3941=EDGE_CURVE('',#3158,#3159,#101,.T.);
#3942=EDGE_CURVE('',#3159,#3160,#2672,.T.);
#3943=EDGE_CURVE('',#3160,#3161,#57,.T.);
#3944=EDGE_CURVE('',#3161,#3158,#2673,.T.);
#3945=EDGE_CURVE('',#3161,#3162,#1695,.T.);
#3946=EDGE_CURVE('',#3163,#3162,#2674,.T.);
#3947=EDGE_CURVE('',#3158,#3163,#1696,.T.);
#3948=EDGE_CURVE('',#3164,#3160,#102,.T.);
#3949=EDGE_CURVE('',#3164,#3165,#1697,.T.);
#3950=EDGE_CURVE('',#3162,#3165,#103,.T.);
#3951=EDGE_CURVE('',#3166,#3163,#104,.T.);
#3952=EDGE_CURVE('',#3167,#3166,#1698,.T.);
#3953=EDGE_CURVE('',#3159,#3167,#105,.T.);
#3954=EDGE_CURVE('',#3167,#3168,#2675,.T.);
#3955=EDGE_CURVE('',#3169,#3166,#2676,.T.);
#3956=EDGE_CURVE('',#3168,#3169,#1699,.T.);
#3957=EDGE_CURVE('',#3168,#3170,#2677,.T.);
#3958=EDGE_CURVE('',#3171,#3169,#2678,.T.);
#3959=EDGE_CURVE('',#3170,#3171,#1700,.T.);
#3960=EDGE_CURVE('',#3172,#3173,#2679,.T.);
#3961=EDGE_CURVE('',#3172,#3174,#1701,.T.);
#3962=EDGE_CURVE('',#3175,#3174,#2680,.T.);
#3963=EDGE_CURVE('',#3173,#3175,#1702,.T.);
#3964=EDGE_CURVE('',#3173,#3164,#2681,.T.);
#3965=EDGE_CURVE('',#3165,#3175,#2682,.T.);
#3966=EDGE_CURVE('',#3171,#3174,#2683,.T.);
#3967=EDGE_CURVE('',#3176,#3177,#106,.T.);
#3968=EDGE_CURVE('',#3177,#3178,#2684,.T.);
#3969=EDGE_CURVE('',#3178,#3179,#58,.T.);
#3970=EDGE_CURVE('',#3179,#3176,#2685,.T.);
#3971=EDGE_CURVE('',#3179,#3180,#1703,.T.);
#3972=EDGE_CURVE('',#3181,#3180,#2686,.T.);
#3973=EDGE_CURVE('',#3176,#3181,#1704,.T.);
#3974=EDGE_CURVE('',#3182,#3178,#107,.T.);
#3975=EDGE_CURVE('',#3182,#3183,#1705,.T.);
#3976=EDGE_CURVE('',#3180,#3183,#108,.T.);
#3977=EDGE_CURVE('',#3184,#3181,#109,.T.);
#3978=EDGE_CURVE('',#3185,#3184,#1706,.T.);
#3979=EDGE_CURVE('',#3177,#3185,#110,.T.);
#3980=EDGE_CURVE('',#3185,#3186,#2687,.T.);
#3981=EDGE_CURVE('',#3187,#3184,#2688,.T.);
#3982=EDGE_CURVE('',#3186,#3187,#1707,.T.);
#3983=EDGE_CURVE('',#3186,#3188,#2689,.T.);
#3984=EDGE_CURVE('',#3189,#3187,#2690,.T.);
#3985=EDGE_CURVE('',#3188,#3189,#1708,.T.);
#3986=EDGE_CURVE('',#3190,#3191,#2691,.T.);
#3987=EDGE_CURVE('',#3190,#3192,#1709,.T.);
#3988=EDGE_CURVE('',#3193,#3192,#2692,.T.);
#3989=EDGE_CURVE('',#3191,#3193,#1710,.T.);
#3990=EDGE_CURVE('',#3191,#3182,#2693,.T.);
#3991=EDGE_CURVE('',#3183,#3193,#2694,.T.);
#3992=EDGE_CURVE('',#3189,#3192,#2695,.T.);
#3993=EDGE_CURVE('',#3194,#3195,#111,.T.);
#3994=EDGE_CURVE('',#3195,#3196,#2696,.T.);
#3995=EDGE_CURVE('',#3196,#3197,#59,.T.);
#3996=EDGE_CURVE('',#3197,#3194,#2697,.T.);
#3997=EDGE_CURVE('',#3197,#3198,#1711,.T.);
#3998=EDGE_CURVE('',#3199,#3198,#2698,.T.);
#3999=EDGE_CURVE('',#3194,#3199,#1712,.T.);
#4000=EDGE_CURVE('',#3200,#3196,#112,.T.);
#4001=EDGE_CURVE('',#3200,#3201,#1713,.T.);
#4002=EDGE_CURVE('',#3198,#3201,#113,.T.);
#4003=EDGE_CURVE('',#3202,#3199,#114,.T.);
#4004=EDGE_CURVE('',#3203,#3202,#1714,.T.);
#4005=EDGE_CURVE('',#3195,#3203,#115,.T.);
#4006=EDGE_CURVE('',#3203,#3204,#2699,.T.);
#4007=EDGE_CURVE('',#3205,#3202,#2700,.T.);
#4008=EDGE_CURVE('',#3204,#3205,#1715,.T.);
#4009=EDGE_CURVE('',#3204,#3206,#2701,.T.);
#4010=EDGE_CURVE('',#3207,#3205,#2702,.T.);
#4011=EDGE_CURVE('',#3206,#3207,#1716,.T.);
#4012=EDGE_CURVE('',#3208,#3209,#2703,.T.);
#4013=EDGE_CURVE('',#3208,#3210,#1717,.T.);
#4014=EDGE_CURVE('',#3211,#3210,#2704,.T.);
#4015=EDGE_CURVE('',#3209,#3211,#1718,.T.);
#4016=EDGE_CURVE('',#3209,#3200,#2705,.T.);
#4017=EDGE_CURVE('',#3201,#3211,#2706,.T.);
#4018=EDGE_CURVE('',#3207,#3210,#2707,.T.);
#4019=EDGE_CURVE('',#3212,#3213,#116,.T.);
#4020=EDGE_CURVE('',#3213,#3214,#2708,.T.);
#4021=EDGE_CURVE('',#3214,#3215,#60,.T.);
#4022=EDGE_CURVE('',#3215,#3212,#2709,.T.);
#4023=EDGE_CURVE('',#3215,#3216,#1719,.T.);
#4024=EDGE_CURVE('',#3217,#3216,#2710,.T.);
#4025=EDGE_CURVE('',#3212,#3217,#1720,.T.);
#4026=EDGE_CURVE('',#3218,#3214,#117,.T.);
#4027=EDGE_CURVE('',#3218,#3219,#1721,.T.);
#4028=EDGE_CURVE('',#3216,#3219,#118,.T.);
#4029=EDGE_CURVE('',#3220,#3217,#119,.T.);
#4030=EDGE_CURVE('',#3221,#3220,#1722,.T.);
#4031=EDGE_CURVE('',#3213,#3221,#120,.T.);
#4032=EDGE_CURVE('',#3221,#3222,#2711,.T.);
#4033=EDGE_CURVE('',#3223,#3220,#2712,.T.);
#4034=EDGE_CURVE('',#3222,#3223,#1723,.T.);
#4035=EDGE_CURVE('',#3222,#3224,#2713,.T.);
#4036=EDGE_CURVE('',#3225,#3223,#2714,.T.);
#4037=EDGE_CURVE('',#3224,#3225,#1724,.T.);
#4038=EDGE_CURVE('',#3226,#3227,#2715,.T.);
#4039=EDGE_CURVE('',#3226,#3228,#1725,.T.);
#4040=EDGE_CURVE('',#3229,#3228,#2716,.T.);
#4041=EDGE_CURVE('',#3227,#3229,#1726,.T.);
#4042=EDGE_CURVE('',#3227,#3218,#2717,.T.);
#4043=EDGE_CURVE('',#3219,#3229,#2718,.T.);
#4044=EDGE_CURVE('',#3225,#3228,#2719,.T.);
#4045=EDGE_CURVE('',#3230,#3231,#121,.T.);
#4046=EDGE_CURVE('',#3231,#3232,#2720,.T.);
#4047=EDGE_CURVE('',#3232,#3233,#61,.T.);
#4048=EDGE_CURVE('',#3233,#3230,#2721,.T.);
#4049=EDGE_CURVE('',#3233,#3234,#1727,.T.);
#4050=EDGE_CURVE('',#3235,#3234,#2722,.T.);
#4051=EDGE_CURVE('',#3230,#3235,#1728,.T.);
#4052=EDGE_CURVE('',#3236,#3232,#122,.T.);
#4053=EDGE_CURVE('',#3236,#3237,#1729,.T.);
#4054=EDGE_CURVE('',#3234,#3237,#123,.T.);
#4055=EDGE_CURVE('',#3238,#3235,#124,.T.);
#4056=EDGE_CURVE('',#3239,#3238,#1730,.T.);
#4057=EDGE_CURVE('',#3231,#3239,#125,.T.);
#4058=EDGE_CURVE('',#3239,#3240,#2723,.T.);
#4059=EDGE_CURVE('',#3241,#3238,#2724,.T.);
#4060=EDGE_CURVE('',#3240,#3241,#1731,.T.);
#4061=EDGE_CURVE('',#3240,#3242,#2725,.T.);
#4062=EDGE_CURVE('',#3243,#3241,#2726,.T.);
#4063=EDGE_CURVE('',#3242,#3243,#1732,.T.);
#4064=EDGE_CURVE('',#3244,#3245,#2727,.T.);
#4065=EDGE_CURVE('',#3244,#3246,#1733,.T.);
#4066=EDGE_CURVE('',#3247,#3246,#2728,.T.);
#4067=EDGE_CURVE('',#3245,#3247,#1734,.T.);
#4068=EDGE_CURVE('',#3245,#3236,#2729,.T.);
#4069=EDGE_CURVE('',#3237,#3247,#2730,.T.);
#4070=EDGE_CURVE('',#3243,#3246,#2731,.T.);
#4071=EDGE_CURVE('',#3248,#3249,#126,.T.);
#4072=EDGE_CURVE('',#3249,#3250,#2732,.T.);
#4073=EDGE_CURVE('',#3250,#3251,#62,.T.);
#4074=EDGE_CURVE('',#3251,#3248,#2733,.T.);
#4075=EDGE_CURVE('',#3251,#3252,#1735,.T.);
#4076=EDGE_CURVE('',#3253,#3252,#2734,.T.);
#4077=EDGE_CURVE('',#3248,#3253,#1736,.T.);
#4078=EDGE_CURVE('',#3254,#3250,#127,.T.);
#4079=EDGE_CURVE('',#3254,#3255,#1737,.T.);
#4080=EDGE_CURVE('',#3252,#3255,#128,.T.);
#4081=EDGE_CURVE('',#3256,#3253,#129,.T.);
#4082=EDGE_CURVE('',#3257,#3256,#1738,.T.);
#4083=EDGE_CURVE('',#3249,#3257,#130,.T.);
#4084=EDGE_CURVE('',#3257,#3258,#2735,.T.);
#4085=EDGE_CURVE('',#3259,#3256,#2736,.T.);
#4086=EDGE_CURVE('',#3258,#3259,#1739,.T.);
#4087=EDGE_CURVE('',#3258,#3260,#2737,.T.);
#4088=EDGE_CURVE('',#3261,#3259,#2738,.T.);
#4089=EDGE_CURVE('',#3260,#3261,#1740,.T.);
#4090=EDGE_CURVE('',#3262,#3263,#2739,.T.);
#4091=EDGE_CURVE('',#3262,#3264,#1741,.T.);
#4092=EDGE_CURVE('',#3265,#3264,#2740,.T.);
#4093=EDGE_CURVE('',#3263,#3265,#1742,.T.);
#4094=EDGE_CURVE('',#3263,#3254,#2741,.T.);
#4095=EDGE_CURVE('',#3255,#3265,#2742,.T.);
#4096=EDGE_CURVE('',#3266,#3264,#2743,.T.);
#4097=EDGE_CURVE('',#3261,#3266,#2744,.T.);
#4098=EDGE_CURVE('',#3267,#3268,#131,.T.);
#4099=EDGE_CURVE('',#3268,#3269,#2745,.T.);
#4100=EDGE_CURVE('',#3269,#3270,#63,.T.);
#4101=EDGE_CURVE('',#3270,#3267,#2746,.T.);
#4102=EDGE_CURVE('',#3270,#3271,#1743,.T.);
#4103=EDGE_CURVE('',#3272,#3271,#2747,.T.);
#4104=EDGE_CURVE('',#3267,#3272,#1744,.T.);
#4105=EDGE_CURVE('',#3273,#3269,#132,.T.);
#4106=EDGE_CURVE('',#3273,#3274,#1745,.T.);
#4107=EDGE_CURVE('',#3271,#3274,#133,.T.);
#4108=EDGE_CURVE('',#3275,#3272,#134,.T.);
#4109=EDGE_CURVE('',#3276,#3275,#1746,.T.);
#4110=EDGE_CURVE('',#3268,#3276,#135,.T.);
#4111=EDGE_CURVE('',#3276,#3277,#2748,.T.);
#4112=EDGE_CURVE('',#3278,#3275,#2749,.T.);
#4113=EDGE_CURVE('',#3277,#3278,#1747,.T.);
#4114=EDGE_CURVE('',#3277,#3279,#2750,.T.);
#4115=EDGE_CURVE('',#3280,#3278,#2751,.T.);
#4116=EDGE_CURVE('',#3279,#3280,#1748,.T.);
#4117=EDGE_CURVE('',#3281,#3282,#2752,.T.);
#4118=EDGE_CURVE('',#3281,#3283,#1749,.T.);
#4119=EDGE_CURVE('',#3284,#3283,#2753,.T.);
#4120=EDGE_CURVE('',#3282,#3284,#1750,.T.);
#4121=EDGE_CURVE('',#3282,#3273,#2754,.T.);
#4122=EDGE_CURVE('',#3274,#3284,#2755,.T.);
#4123=EDGE_CURVE('',#3280,#3283,#2756,.T.);
#4124=EDGE_CURVE('',#3285,#3286,#136,.T.);
#4125=EDGE_CURVE('',#3286,#3287,#2757,.T.);
#4126=EDGE_CURVE('',#3287,#3288,#64,.T.);
#4127=EDGE_CURVE('',#3288,#3285,#2758,.T.);
#4128=EDGE_CURVE('',#3288,#3289,#1751,.T.);
#4129=EDGE_CURVE('',#3290,#3289,#2759,.T.);
#4130=EDGE_CURVE('',#3285,#3290,#1752,.T.);
#4131=EDGE_CURVE('',#3291,#3287,#137,.T.);
#4132=EDGE_CURVE('',#3291,#3292,#1753,.T.);
#4133=EDGE_CURVE('',#3289,#3292,#138,.T.);
#4134=EDGE_CURVE('',#3293,#3290,#139,.T.);
#4135=EDGE_CURVE('',#3294,#3293,#1754,.T.);
#4136=EDGE_CURVE('',#3286,#3294,#140,.T.);
#4137=EDGE_CURVE('',#3294,#3295,#2760,.T.);
#4138=EDGE_CURVE('',#3296,#3293,#2761,.T.);
#4139=EDGE_CURVE('',#3295,#3296,#1755,.T.);
#4140=EDGE_CURVE('',#3295,#3297,#2762,.T.);
#4141=EDGE_CURVE('',#3298,#3296,#2763,.T.);
#4142=EDGE_CURVE('',#3297,#3298,#1756,.T.);
#4143=EDGE_CURVE('',#3299,#3300,#2764,.T.);
#4144=EDGE_CURVE('',#3299,#3301,#1757,.T.);
#4145=EDGE_CURVE('',#3302,#3301,#2765,.T.);
#4146=EDGE_CURVE('',#3300,#3302,#1758,.T.);
#4147=EDGE_CURVE('',#3300,#3291,#2766,.T.);
#4148=EDGE_CURVE('',#3292,#3302,#2767,.T.);
#4149=EDGE_CURVE('',#3298,#3301,#2768,.T.);
#4150=EDGE_CURVE('',#3303,#3304,#141,.T.);
#4151=EDGE_CURVE('',#3304,#3305,#2769,.T.);
#4152=EDGE_CURVE('',#3305,#3306,#65,.T.);
#4153=EDGE_CURVE('',#3306,#3303,#2770,.T.);
#4154=EDGE_CURVE('',#3306,#3307,#1759,.T.);
#4155=EDGE_CURVE('',#3308,#3307,#2771,.T.);
#4156=EDGE_CURVE('',#3303,#3308,#1760,.T.);
#4157=EDGE_CURVE('',#3309,#3305,#142,.T.);
#4158=EDGE_CURVE('',#3309,#3310,#1761,.T.);
#4159=EDGE_CURVE('',#3307,#3310,#143,.T.);
#4160=EDGE_CURVE('',#3311,#3308,#144,.T.);
#4161=EDGE_CURVE('',#3312,#3311,#1762,.T.);
#4162=EDGE_CURVE('',#3304,#3312,#145,.T.);
#4163=EDGE_CURVE('',#3312,#3313,#2772,.T.);
#4164=EDGE_CURVE('',#3314,#3311,#2773,.T.);
#4165=EDGE_CURVE('',#3313,#3314,#1763,.T.);
#4166=EDGE_CURVE('',#3313,#3315,#2774,.T.);
#4167=EDGE_CURVE('',#3316,#3314,#2775,.T.);
#4168=EDGE_CURVE('',#3315,#3316,#1764,.T.);
#4169=EDGE_CURVE('',#3317,#3318,#2776,.T.);
#4170=EDGE_CURVE('',#3317,#3319,#1765,.T.);
#4171=EDGE_CURVE('',#3320,#3319,#2777,.T.);
#4172=EDGE_CURVE('',#3318,#3320,#1766,.T.);
#4173=EDGE_CURVE('',#3318,#3309,#2778,.T.);
#4174=EDGE_CURVE('',#3310,#3320,#2779,.T.);
#4175=EDGE_CURVE('',#3316,#3319,#2780,.T.);
#4176=EDGE_CURVE('',#3321,#3322,#146,.T.);
#4177=EDGE_CURVE('',#3322,#3323,#2781,.T.);
#4178=EDGE_CURVE('',#3323,#3324,#66,.T.);
#4179=EDGE_CURVE('',#3324,#3321,#2782,.T.);
#4180=EDGE_CURVE('',#3324,#3325,#1767,.T.);
#4181=EDGE_CURVE('',#3326,#3325,#2783,.T.);
#4182=EDGE_CURVE('',#3321,#3326,#1768,.T.);
#4183=EDGE_CURVE('',#3327,#3323,#147,.T.);
#4184=EDGE_CURVE('',#3327,#3328,#1769,.T.);
#4185=EDGE_CURVE('',#3325,#3328,#148,.T.);
#4186=EDGE_CURVE('',#3329,#3326,#149,.T.);
#4187=EDGE_CURVE('',#3330,#3329,#1770,.T.);
#4188=EDGE_CURVE('',#3322,#3330,#150,.T.);
#4189=EDGE_CURVE('',#3330,#3331,#2784,.T.);
#4190=EDGE_CURVE('',#3332,#3329,#2785,.T.);
#4191=EDGE_CURVE('',#3331,#3332,#1771,.T.);
#4192=EDGE_CURVE('',#3331,#3333,#2786,.T.);
#4193=EDGE_CURVE('',#3334,#3332,#2787,.T.);
#4194=EDGE_CURVE('',#3333,#3334,#1772,.T.);
#4195=EDGE_CURVE('',#3335,#3336,#2788,.T.);
#4196=EDGE_CURVE('',#3335,#3337,#1773,.T.);
#4197=EDGE_CURVE('',#3338,#3337,#2789,.T.);
#4198=EDGE_CURVE('',#3336,#3338,#1774,.T.);
#4199=EDGE_CURVE('',#3336,#3327,#2790,.T.);
#4200=EDGE_CURVE('',#3328,#3338,#2791,.T.);
#4201=EDGE_CURVE('',#3334,#3337,#2792,.T.);
#4202=EDGE_CURVE('',#3339,#3340,#151,.T.);
#4203=EDGE_CURVE('',#3340,#3341,#2793,.T.);
#4204=EDGE_CURVE('',#3341,#3342,#67,.T.);
#4205=EDGE_CURVE('',#3342,#3339,#2794,.T.);
#4206=EDGE_CURVE('',#3342,#3343,#1775,.T.);
#4207=EDGE_CURVE('',#3344,#3343,#2795,.T.);
#4208=EDGE_CURVE('',#3339,#3344,#1776,.T.);
#4209=EDGE_CURVE('',#3345,#3341,#152,.T.);
#4210=EDGE_CURVE('',#3345,#3346,#1777,.T.);
#4211=EDGE_CURVE('',#3343,#3346,#153,.T.);
#4212=EDGE_CURVE('',#3347,#3344,#154,.T.);
#4213=EDGE_CURVE('',#3348,#3347,#1778,.T.);
#4214=EDGE_CURVE('',#3340,#3348,#155,.T.);
#4215=EDGE_CURVE('',#3348,#3349,#2796,.T.);
#4216=EDGE_CURVE('',#3350,#3347,#2797,.T.);
#4217=EDGE_CURVE('',#3349,#3350,#1779,.T.);
#4218=EDGE_CURVE('',#3349,#3351,#2798,.T.);
#4219=EDGE_CURVE('',#3352,#3350,#2799,.T.);
#4220=EDGE_CURVE('',#3351,#3352,#1780,.T.);
#4221=EDGE_CURVE('',#3353,#3354,#2800,.T.);
#4222=EDGE_CURVE('',#3353,#3355,#1781,.T.);
#4223=EDGE_CURVE('',#3356,#3355,#2801,.T.);
#4224=EDGE_CURVE('',#3354,#3356,#1782,.T.);
#4225=EDGE_CURVE('',#3354,#3345,#2802,.T.);
#4226=EDGE_CURVE('',#3346,#3356,#2803,.T.);
#4227=EDGE_CURVE('',#3352,#3355,#2804,.T.);
#4228=EDGE_CURVE('',#3357,#3357,#2805,.T.);
#4229=EDGE_CURVE('',#3358,#3358,#2806,.T.);
#4230=EDGE_CURVE('',#3359,#3359,#2807,.T.);
#4231=EDGE_CURVE('',#3360,#3361,#2808,.T.);
#4232=EDGE_CURVE('',#3361,#3362,#1783,.T.);
#4233=EDGE_CURVE('',#3362,#3363,#2809,.F.);
#4234=EDGE_CURVE('',#3363,#3360,#1784,.T.);
#4235=EDGE_CURVE('',#3364,#3362,#1785,.T.);
#4236=EDGE_CURVE('',#3361,#3365,#1786,.T.);
#4237=EDGE_CURVE('',#3366,#3365,#1787,.T.);
#4238=EDGE_CURVE('',#3367,#3366,#1788,.T.);
#4239=EDGE_CURVE('',#3367,#3368,#1789,.T.);
#4240=EDGE_CURVE('',#3368,#3369,#1790,.T.);
#4241=EDGE_CURVE('',#3369,#3370,#1791,.T.);
#4242=EDGE_CURVE('',#3370,#3371,#1792,.T.);
#4243=EDGE_CURVE('',#3371,#3372,#1793,.T.);
#4244=EDGE_CURVE('',#3372,#3373,#1794,.T.);
#4245=EDGE_CURVE('',#3373,#3364,#1795,.T.);
#4246=EDGE_CURVE('',#3374,#3360,#1796,.T.);
#4247=EDGE_CURVE('',#3375,#3374,#2810,.T.);
#4248=EDGE_CURVE('',#3376,#3375,#1797,.T.);
#4249=EDGE_CURVE('',#3377,#3376,#2811,.T.);
#4250=EDGE_CURVE('',#3377,#3378,#1798,.T.);
#4251=EDGE_CURVE('',#3365,#3378,#2812,.T.);
#4252=EDGE_CURVE('',#3374,#3379,#1799,.T.);
#4253=EDGE_CURVE('',#3379,#3380,#2813,.F.);
#4254=EDGE_CURVE('',#3380,#3375,#1800,.T.);
#4255=EDGE_CURVE('',#3381,#3380,#1801,.T.);
#4256=EDGE_CURVE('',#3381,#3382,#1802,.T.);
#4257=EDGE_CURVE('',#3382,#3383,#1803,.T.);
#4258=EDGE_CURVE('',#3383,#3384,#1804,.T.);
#4259=EDGE_CURVE('',#3384,#3385,#1805,.T.);
#4260=EDGE_CURVE('',#3385,#3386,#1806,.T.);
#4261=EDGE_CURVE('',#3386,#3387,#1807,.T.);
#4262=EDGE_CURVE('',#3387,#3388,#1808,.T.);
#4263=EDGE_CURVE('',#3388,#3389,#1809,.T.);
#4264=EDGE_CURVE('',#3376,#3389,#1810,.T.);
#4265=EDGE_CURVE('',#3389,#3390,#2814,.F.);
#4266=EDGE_CURVE('',#3390,#3377,#1811,.T.);
#4267=EDGE_CURVE('',#3390,#3391,#1812,.T.);
#4268=EDGE_CURVE('',#3378,#3391,#1813,.T.);
#4269=EDGE_CURVE('',#3391,#3366,#2815,.F.);
#4270=EDGE_CURVE('',#3392,#3393,#1814,.T.);
#4271=EDGE_CURVE('',#3393,#3394,#2816,.T.);
#4272=EDGE_CURVE('',#3394,#3395,#1815,.T.);
#4273=EDGE_CURVE('',#3395,#3392,#68,.T.);
#4274=EDGE_CURVE('',#3396,#3397,#2817,.T.);
#4275=EDGE_CURVE('',#3397,#3394,#2818,.T.);
#4276=EDGE_CURVE('',#3393,#3396,#2819,.T.);
#4277=EDGE_CURVE('',#3398,#3397,#1816,.T.);
#4278=EDGE_CURVE('',#3396,#3399,#1817,.T.);
#4279=EDGE_CURVE('',#3399,#3398,#69,.T.);
#4280=EDGE_CURVE('',#3395,#3400,#2820,.T.);
#4281=EDGE_CURVE('',#3400,#3401,#2821,.T.);
#4282=EDGE_CURVE('',#3401,#3392,#2822,.T.);
#4283=EDGE_CURVE('',#3399,#3402,#2823,.T.);
#4284=EDGE_CURVE('',#3402,#3403,#2824,.T.);
#4285=EDGE_CURVE('',#3403,#3398,#2825,.T.);
#4286=EDGE_CURVE('',#3400,#3404,#1818,.T.);
#4287=EDGE_CURVE('',#3404,#3405,#1819,.T.);
#4288=EDGE_CURVE('',#3405,#3401,#70,.T.);
#4289=EDGE_CURVE('',#3402,#3405,#71,.T.);
#4290=EDGE_CURVE('',#3405,#3403,#1820,.T.);
#4291=EDGE_CURVE('',#3393,#3406,#1821,.T.);
#4292=EDGE_CURVE('',#3407,#3406,#2826,.T.);
#4293=EDGE_CURVE('',#3396,#3407,#1822,.T.);
#4294=EDGE_CURVE('',#3392,#3408,#1823,.T.);
#4295=EDGE_CURVE('',#3406,#3408,#1824,.T.);
#4296=EDGE_CURVE('',#3409,#3410,#1825,.T.);
#4297=EDGE_CURVE('',#3411,#3409,#1826,.T.);
#4298=EDGE_CURVE('',#3412,#3411,#1827,.T.);
#4299=EDGE_CURVE('',#3410,#3412,#1828,.T.);
#4300=EDGE_CURVE('',#3413,#3414,#1829,.T.);
#4301=EDGE_CURVE('',#3415,#3413,#1830,.T.);
#4302=EDGE_CURVE('',#3416,#3415,#1831,.T.);
#4303=EDGE_CURVE('',#3414,#3416,#1832,.T.);
#4304=EDGE_CURVE('',#3414,#3409,#2827,.T.);
#4305=EDGE_CURVE('',#3411,#3416,#2828,.T.);
#4306=EDGE_CURVE('',#3415,#3373,#1833,.T.);
#4307=EDGE_CURVE('',#3383,#3372,#1834,.T.);
#4308=EDGE_CURVE('',#3382,#3412,#1835,.T.);
#4309=EDGE_CURVE('',#3410,#3381,#1836,.T.);
#4310=EDGE_CURVE('',#3379,#3363,#1837,.T.);
#4311=EDGE_CURVE('',#3364,#3413,#1838,.T.);
#4312=EDGE_CURVE('',#3417,#3418,#1839,.T.);
#4313=EDGE_CURVE('',#3419,#3417,#1840,.T.);
#4314=EDGE_CURVE('',#3420,#3419,#1841,.T.);
#4315=EDGE_CURVE('',#3418,#3420,#1842,.T.);
#4316=EDGE_CURVE('',#3421,#3422,#1843,.T.);
#4317=EDGE_CURVE('',#3423,#3421,#1844,.T.);
#4318=EDGE_CURVE('',#3424,#3423,#1845,.T.);
#4319=EDGE_CURVE('',#3422,#3424,#1846,.T.);
#4320=EDGE_CURVE('',#3424,#3368,#1847,.T.);
#4321=EDGE_CURVE('',#3422,#3367,#1848,.T.);
#4322=EDGE_CURVE('',#3388,#3417,#1849,.T.);
#4323=EDGE_CURVE('',#3387,#3419,#1850,.T.);
#4324=EDGE_CURVE('',#3423,#3420,#2829,.T.);
#4325=EDGE_CURVE('',#3418,#3421,#2830,.T.);
#4326=EDGE_CURVE('',#3358,#3425,#1851,.T.);
#4327=EDGE_CURVE('',#3425,#3425,#2831,.T.);
#4328=EDGE_CURVE('',#3426,#3407,#1852,.T.);
#4329=EDGE_CURVE('',#3399,#3426,#1853,.T.);
#4330=EDGE_CURVE('',#3408,#3426,#2832,.T.);
#4331=EDGE_CURVE('',#3403,#3371,#1854,.T.);
#4332=EDGE_CURVE('',#3385,#3370,#1855,.T.);
#4333=EDGE_CURVE('',#3384,#3400,#1856,.T.);
#4334=EDGE_CURVE('',#3386,#3369,#1857,.T.);
#4335=EDGE_CURVE('',#3427,#3428,#156,.T.);
#4336=EDGE_CURVE('',#3428,#3429,#2833,.T.);
#4337=EDGE_CURVE('',#3429,#3430,#72,.T.);
#4338=EDGE_CURVE('',#3430,#3427,#2834,.T.);
#4339=EDGE_CURVE('',#3430,#3431,#1858,.T.);
#4340=EDGE_CURVE('',#3432,#3431,#2835,.T.);
#4341=EDGE_CURVE('',#3427,#3432,#1859,.T.);
#4342=EDGE_CURVE('',#3433,#3429,#157,.T.);
#4343=EDGE_CURVE('',#3433,#3434,#1860,.T.);
#4344=EDGE_CURVE('',#3431,#3434,#158,.T.);
#4345=EDGE_CURVE('',#3435,#3432,#159,.T.);
#4346=EDGE_CURVE('',#3436,#3435,#1861,.T.);
#4347=EDGE_CURVE('',#3428,#3436,#160,.T.);
#4348=EDGE_CURVE('',#3436,#3437,#2836,.T.);
#4349=EDGE_CURVE('',#3438,#3435,#2837,.T.);
#4350=EDGE_CURVE('',#3437,#3438,#1862,.T.);
#4351=EDGE_CURVE('',#3437,#3439,#2838,.T.);
#4352=EDGE_CURVE('',#3440,#3438,#2839,.T.);
#4353=EDGE_CURVE('',#3439,#3440,#1863,.T.);
#4354=EDGE_CURVE('',#3441,#3442,#2840,.T.);
#4355=EDGE_CURVE('',#3441,#3443,#1864,.T.);
#4356=EDGE_CURVE('',#3444,#3443,#2841,.T.);
#4357=EDGE_CURVE('',#3442,#3444,#1865,.T.);
#4358=EDGE_CURVE('',#3442,#3433,#2842,.T.);
#4359=EDGE_CURVE('',#3434,#3444,#2843,.T.);
#4360=EDGE_CURVE('',#3440,#3443,#2844,.T.);
#4361=EDGE_CURVE('',#3266,#3359,#1866,.T.);
#4362=EDGE_CURVE('',#3224,#3262,#2845,.T.);
#4363=EDGE_CURVE('',#3439,#3226,#2846,.T.);
#4364=EDGE_CURVE('',#3445,#3441,#2847,.T.);
#4365=EDGE_CURVE('',#3445,#3446,#1867,.T.);
#4366=EDGE_CURVE('',#3447,#3446,#2848,.T.);
#4367=EDGE_CURVE('',#3448,#3447,#1868,.T.);
#4368=EDGE_CURVE('',#3449,#3448,#2849,.T.);
#4369=EDGE_CURVE('',#3449,#3450,#1869,.T.);
#4370=EDGE_CURVE('',#3451,#3450,#2850,.T.);
#4371=EDGE_CURVE('',#3452,#3451,#1870,.T.);
#4372=EDGE_CURVE('',#3188,#3452,#2851,.T.);
#4373=EDGE_CURVE('',#3453,#3190,#2852,.T.);
#4374=EDGE_CURVE('',#3453,#3454,#1871,.T.);
#4375=EDGE_CURVE('',#3455,#3454,#2853,.T.);
#4376=EDGE_CURVE('',#3456,#3455,#1872,.T.);
#4377=EDGE_CURVE('',#3242,#3456,#2854,.T.);
#4378=EDGE_CURVE('',#3457,#3244,#2855,.T.);
#4379=EDGE_CURVE('',#3457,#3458,#1873,.T.);
#4380=EDGE_CURVE('',#3459,#3458,#2856,.T.);
#4381=EDGE_CURVE('',#3460,#3459,#1874,.T.);
#4382=EDGE_CURVE('',#3279,#3460,#2857,.T.);
#4383=EDGE_CURVE('',#3206,#3281,#2858,.T.);
#4384=EDGE_CURVE('',#3351,#3208,#2859,.T.);
#4385=EDGE_CURVE('',#3333,#3353,#2860,.T.);
#4386=EDGE_CURVE('',#3461,#3335,#2861,.T.);
#4387=EDGE_CURVE('',#3461,#3462,#1875,.T.);
#4388=EDGE_CURVE('',#3463,#3462,#2862,.T.);
#4389=EDGE_CURVE('',#3464,#3463,#1876,.T.);
#4390=EDGE_CURVE('',#3465,#3464,#2863,.T.);
#4391=EDGE_CURVE('',#3465,#3466,#1877,.T.);
#4392=EDGE_CURVE('',#3467,#3466,#2864,.T.);
#4393=EDGE_CURVE('',#3468,#3467,#1878,.T.);
#4394=EDGE_CURVE('',#3469,#3468,#2865,.T.);
#4395=EDGE_CURVE('',#3469,#3470,#1879,.T.);
#4396=EDGE_CURVE('',#3471,#3470,#2866,.T.);
#4397=EDGE_CURVE('',#3472,#3471,#1880,.T.);
#4398=EDGE_CURVE('',#3315,#3472,#2867,.T.);
#4399=EDGE_CURVE('',#3170,#3317,#2868,.T.);
#4400=EDGE_CURVE('',#3297,#3172,#2869,.T.);
#4401=EDGE_CURVE('',#3152,#3299,#2870,.T.);
#4402=EDGE_CURVE('',#3260,#3154,#2871,.T.);
#4403=EDGE_CURVE('',#3357,#3473,#1881,.T.);
#4404=EDGE_CURVE('',#3473,#3473,#2872,.T.);
#4405=EDGE_CURVE('',#3474,#3475,#161,.T.);
#4406=EDGE_CURVE('',#3475,#3476,#2873,.T.);
#4407=EDGE_CURVE('',#3476,#3477,#73,.T.);
#4408=EDGE_CURVE('',#3477,#3474,#2874,.T.);
#4409=EDGE_CURVE('',#3477,#3478,#1882,.T.);
#4410=EDGE_CURVE('',#3479,#3478,#2875,.T.);
#4411=EDGE_CURVE('',#3474,#3479,#1883,.T.);
#4412=EDGE_CURVE('',#3480,#3476,#162,.T.);
#4413=EDGE_CURVE('',#3480,#3481,#1884,.T.);
#4414=EDGE_CURVE('',#3478,#3481,#163,.T.);
#4415=EDGE_CURVE('',#3482,#3479,#164,.T.);
#4416=EDGE_CURVE('',#3483,#3482,#1885,.T.);
#4417=EDGE_CURVE('',#3475,#3483,#165,.T.);
#4418=EDGE_CURVE('',#3483,#3484,#2876,.T.);
#4419=EDGE_CURVE('',#3485,#3482,#2877,.T.);
#4420=EDGE_CURVE('',#3484,#3485,#1886,.T.);
#4421=EDGE_CURVE('',#3484,#3465,#2878,.T.);
#4422=EDGE_CURVE('',#3466,#3485,#2879,.T.);
#4423=EDGE_CURVE('',#3468,#3486,#2880,.T.);
#4424=EDGE_CURVE('',#3487,#3467,#2881,.T.);
#4425=EDGE_CURVE('',#3486,#3487,#1887,.T.);
#4426=EDGE_CURVE('',#3486,#3480,#2882,.T.);
#4427=EDGE_CURVE('',#3481,#3487,#2883,.T.);
#4428=EDGE_CURVE('',#3488,#3489,#166,.T.);
#4429=EDGE_CURVE('',#3489,#3490,#2884,.T.);
#4430=EDGE_CURVE('',#3490,#3491,#74,.T.);
#4431=EDGE_CURVE('',#3491,#3488,#2885,.T.);
#4432=EDGE_CURVE('',#3491,#3492,#1888,.T.);
#4433=EDGE_CURVE('',#3493,#3492,#2886,.T.);
#4434=EDGE_CURVE('',#3488,#3493,#1889,.T.);
#4435=EDGE_CURVE('',#3494,#3490,#167,.T.);
#4436=EDGE_CURVE('',#3494,#3495,#1890,.T.);
#4437=EDGE_CURVE('',#3492,#3495,#168,.T.);
#4438=EDGE_CURVE('',#3496,#3493,#169,.T.);
#4439=EDGE_CURVE('',#3497,#3496,#1891,.T.);
#4440=EDGE_CURVE('',#3489,#3497,#170,.T.);
#4441=EDGE_CURVE('',#3497,#3498,#2887,.T.);
#4442=EDGE_CURVE('',#3499,#3496,#2888,.T.);
#4443=EDGE_CURVE('',#3498,#3499,#1892,.T.);
#4444=EDGE_CURVE('',#3498,#3449,#2889,.T.);
#4445=EDGE_CURVE('',#3450,#3499,#2890,.T.);
#4446=EDGE_CURVE('',#3452,#3500,#2891,.T.);
#4447=EDGE_CURVE('',#3501,#3451,#2892,.T.);
#4448=EDGE_CURVE('',#3500,#3501,#1893,.T.);
#4449=EDGE_CURVE('',#3500,#3494,#2893,.T.);
#4450=EDGE_CURVE('',#3495,#3501,#2894,.T.);
#4451=EDGE_CURVE('',#3502,#3503,#171,.T.);
#4452=EDGE_CURVE('',#3503,#3504,#2895,.T.);
#4453=EDGE_CURVE('',#3504,#3505,#75,.T.);
#4454=EDGE_CURVE('',#3505,#3502,#2896,.T.);
#4455=EDGE_CURVE('',#3505,#3506,#1894,.T.);
#4456=EDGE_CURVE('',#3507,#3506,#2897,.T.);
#4457=EDGE_CURVE('',#3502,#3507,#1895,.T.);
#4458=EDGE_CURVE('',#3508,#3504,#172,.T.);
#4459=EDGE_CURVE('',#3508,#3509,#1896,.T.);
#4460=EDGE_CURVE('',#3506,#3509,#173,.T.);
#4461=EDGE_CURVE('',#3510,#3507,#174,.T.);
#4462=EDGE_CURVE('',#3511,#3510,#1897,.T.);
#4463=EDGE_CURVE('',#3503,#3511,#175,.T.);
#4464=EDGE_CURVE('',#3511,#3512,#2898,.T.);
#4465=EDGE_CURVE('',#3513,#3510,#2899,.T.);
#4466=EDGE_CURVE('',#3512,#3513,#1898,.T.);
#4467=EDGE_CURVE('',#3512,#3445,#2900,.T.);
#4468=EDGE_CURVE('',#3446,#3513,#2901,.T.);
#4469=EDGE_CURVE('',#3448,#3514,#2902,.T.);
#4470=EDGE_CURVE('',#3515,#3447,#2903,.T.);
#4471=EDGE_CURVE('',#3514,#3515,#1899,.T.);
#4472=EDGE_CURVE('',#3514,#3508,#2904,.T.);
#4473=EDGE_CURVE('',#3509,#3515,#2905,.T.);
#4474=EDGE_CURVE('',#3516,#3517,#176,.T.);
#4475=EDGE_CURVE('',#3517,#3518,#2906,.T.);
#4476=EDGE_CURVE('',#3518,#3519,#76,.T.);
#4477=EDGE_CURVE('',#3519,#3516,#2907,.T.);
#4478=EDGE_CURVE('',#3519,#3520,#1900,.T.);
#4479=EDGE_CURVE('',#3521,#3520,#2908,.T.);
#4480=EDGE_CURVE('',#3516,#3521,#1901,.T.);
#4481=EDGE_CURVE('',#3522,#3518,#177,.T.);
#4482=EDGE_CURVE('',#3522,#3523,#1902,.T.);
#4483=EDGE_CURVE('',#3520,#3523,#178,.T.);
#4484=EDGE_CURVE('',#3524,#3521,#179,.T.);
#4485=EDGE_CURVE('',#3525,#3524,#1903,.T.);
#4486=EDGE_CURVE('',#3517,#3525,#180,.T.);
#4487=EDGE_CURVE('',#3525,#3526,#2909,.T.);
#4488=EDGE_CURVE('',#3527,#3524,#2910,.T.);
#4489=EDGE_CURVE('',#3526,#3527,#1904,.T.);
#4490=EDGE_CURVE('',#3526,#3461,#2911,.T.);
#4491=EDGE_CURVE('',#3462,#3527,#2912,.T.);
#4492=EDGE_CURVE('',#3464,#3528,#2913,.T.);
#4493=EDGE_CURVE('',#3529,#3463,#2914,.T.);
#4494=EDGE_CURVE('',#3528,#3529,#1905,.T.);
#4495=EDGE_CURVE('',#3528,#3522,#2915,.T.);
#4496=EDGE_CURVE('',#3523,#3529,#2916,.T.);
#4497=EDGE_CURVE('',#3530,#3531,#181,.T.);
#4498=EDGE_CURVE('',#3531,#3532,#2917,.T.);
#4499=EDGE_CURVE('',#3532,#3533,#77,.T.);
#4500=EDGE_CURVE('',#3533,#3530,#2918,.T.);
#4501=EDGE_CURVE('',#3533,#3534,#1906,.T.);
#4502=EDGE_CURVE('',#3535,#3534,#2919,.T.);
#4503=EDGE_CURVE('',#3530,#3535,#1907,.T.);
#4504=EDGE_CURVE('',#3536,#3532,#182,.T.);
#4505=EDGE_CURVE('',#3536,#3537,#1908,.T.);
#4506=EDGE_CURVE('',#3534,#3537,#183,.T.);
#4507=EDGE_CURVE('',#3538,#3535,#184,.T.);
#4508=EDGE_CURVE('',#3539,#3538,#1909,.T.);
#4509=EDGE_CURVE('',#3531,#3539,#185,.T.);
#4510=EDGE_CURVE('',#3539,#3540,#2920,.T.);
#4511=EDGE_CURVE('',#3541,#3538,#2921,.T.);
#4512=EDGE_CURVE('',#3540,#3541,#1910,.T.);
#4513=EDGE_CURVE('',#3540,#3469,#2922,.T.);
#4514=EDGE_CURVE('',#3470,#3541,#2923,.T.);
#4515=EDGE_CURVE('',#3472,#3542,#2924,.T.);
#4516=EDGE_CURVE('',#3543,#3471,#2925,.T.);
#4517=EDGE_CURVE('',#3542,#3543,#1911,.T.);
#4518=EDGE_CURVE('',#3542,#3536,#2926,.T.);
#4519=EDGE_CURVE('',#3537,#3543,#2927,.T.);
#4520=EDGE_CURVE('',#3544,#3545,#186,.T.);
#4521=EDGE_CURVE('',#3545,#3546,#2928,.T.);
#4522=EDGE_CURVE('',#3546,#3547,#78,.T.);
#4523=EDGE_CURVE('',#3547,#3544,#2929,.T.);
#4524=EDGE_CURVE('',#3547,#3548,#1912,.T.);
#4525=EDGE_CURVE('',#3549,#3548,#2930,.T.);
#4526=EDGE_CURVE('',#3544,#3549,#1913,.T.);
#4527=EDGE_CURVE('',#3550,#3546,#187,.T.);
#4528=EDGE_CURVE('',#3550,#3551,#1914,.T.);
#4529=EDGE_CURVE('',#3548,#3551,#188,.T.);
#4530=EDGE_CURVE('',#3552,#3549,#189,.T.);
#4531=EDGE_CURVE('',#3553,#3552,#1915,.T.);
#4532=EDGE_CURVE('',#3545,#3553,#190,.T.);
#4533=EDGE_CURVE('',#3553,#3554,#2931,.T.);
#4534=EDGE_CURVE('',#3555,#3552,#2932,.T.);
#4535=EDGE_CURVE('',#3554,#3555,#1916,.T.);
#4536=EDGE_CURVE('',#3554,#3457,#2933,.T.);
#4537=EDGE_CURVE('',#3458,#3555,#2934,.T.);
#4538=EDGE_CURVE('',#3460,#3556,#2935,.T.);
#4539=EDGE_CURVE('',#3557,#3459,#2936,.T.);
#4540=EDGE_CURVE('',#3556,#3557,#1917,.T.);
#4541=EDGE_CURVE('',#3556,#3550,#2937,.T.);
#4542=EDGE_CURVE('',#3551,#3557,#2938,.T.);
#4543=EDGE_CURVE('',#3558,#3559,#191,.T.);
#4544=EDGE_CURVE('',#3559,#3560,#2939,.T.);
#4545=EDGE_CURVE('',#3560,#3561,#79,.T.);
#4546=EDGE_CURVE('',#3561,#3558,#2940,.T.);
#4547=EDGE_CURVE('',#3561,#3562,#1918,.T.);
#4548=EDGE_CURVE('',#3563,#3562,#2941,.T.);
#4549=EDGE_CURVE('',#3558,#3563,#1919,.T.);
#4550=EDGE_CURVE('',#3564,#3560,#192,.T.);
#4551=EDGE_CURVE('',#3564,#3565,#1920,.T.);
#4552=EDGE_CURVE('',#3562,#3565,#193,.T.);
#4553=EDGE_CURVE('',#3566,#3563,#194,.T.);
#4554=EDGE_CURVE('',#3567,#3566,#1921,.T.);
#4555=EDGE_CURVE('',#3559,#3567,#195,.T.);
#4556=EDGE_CURVE('',#3567,#3568,#2942,.T.);
#4557=EDGE_CURVE('',#3569,#3566,#2943,.T.);
#4558=EDGE_CURVE('',#3568,#3569,#1922,.T.);
#4559=EDGE_CURVE('',#3568,#3453,#2944,.T.);
#4560=EDGE_CURVE('',#3454,#3569,#2945,.T.);
#4561=EDGE_CURVE('',#3456,#3570,#2946,.T.);
#4562=EDGE_CURVE('',#3571,#3455,#2947,.T.);
#4563=EDGE_CURVE('',#3570,#3571,#1923,.T.);
#4564=EDGE_CURVE('',#3570,#3564,#2948,.T.);
#4565=EDGE_CURVE('',#3565,#3571,#2949,.T.);
#4566=EDGE_CURVE('',#3572,#3572,#2950,.T.);
#4567=EDGE_CURVE('',#3572,#3573,#1924,.T.);
#4568=EDGE_CURVE('',#3573,#3573,#2951,.T.);
#4569=EDGE_CURVE('',#3573,#3574,#1925,.T.);
#4570=EDGE_CURVE('',#3574,#3574,#2952,.T.);
#4571=EDGE_CURVE('',#3575,#3575,#2953,.T.);
#4572=EDGE_CURVE('',#3575,#3576,#1926,.T.);
#4573=EDGE_CURVE('',#3576,#3576,#2954,.T.);
#4574=EDGE_CURVE('',#3576,#3577,#1927,.T.);
#4575=EDGE_CURVE('',#3577,#3577,#2955,.T.);
#4576=EDGE_CURVE('',#3578,#3578,#2956,.T.);
#4577=EDGE_CURVE('',#3578,#3579,#1928,.T.);
#4578=EDGE_CURVE('',#3579,#3579,#2957,.T.);
#4579=EDGE_CURVE('',#3579,#3580,#1929,.T.);
#4580=EDGE_CURVE('',#3580,#3580,#2958,.T.);
#4581=EDGE_CURVE('',#3581,#3581,#2959,.T.);
#4582=EDGE_CURVE('',#3581,#3582,#1930,.T.);
#4583=EDGE_CURVE('',#3582,#3582,#2960,.T.);
#4584=EDGE_CURVE('',#3582,#3583,#1931,.T.);
#4585=EDGE_CURVE('',#3583,#3583,#2961,.T.);
#4586=EDGE_CURVE('',#3584,#3585,#2962,.T.);
#4587=EDGE_CURVE('',#3585,#3586,#80,.T.);
#4588=EDGE_CURVE('',#3586,#3587,#2963,.T.);
#4589=EDGE_CURVE('',#3584,#3587,#81,.T.);
#4590=EDGE_CURVE('',#3585,#3588,#1932,.T.);
#4591=EDGE_CURVE('',#3588,#3589,#82,.T.);
#4592=EDGE_CURVE('',#3589,#3586,#1933,.T.);
#4593=EDGE_CURVE('',#3588,#3590,#2964,.T.);
#4594=EDGE_CURVE('',#3590,#3591,#83,.T.);
#4595=EDGE_CURVE('',#3591,#3589,#2965,.T.);
#4596=EDGE_CURVE('',#3590,#3592,#1934,.T.);
#4597=EDGE_CURVE('',#3592,#3593,#84,.T.);
#4598=EDGE_CURVE('',#3593,#3591,#1935,.T.);
#4599=EDGE_CURVE('',#3592,#3594,#2966,.T.);
#4600=EDGE_CURVE('',#3594,#3595,#85,.T.);
#4601=EDGE_CURVE('',#3595,#3593,#2967,.T.);
#4602=EDGE_CURVE('',#3594,#3596,#1936,.T.);
#4603=EDGE_CURVE('',#3596,#3597,#86,.T.);
#4604=EDGE_CURVE('',#3597,#3595,#1937,.T.);
#4605=EDGE_CURVE('',#3596,#3598,#2968,.T.);
#4606=EDGE_CURVE('',#3598,#3599,#87,.T.);
#4607=EDGE_CURVE('',#3599,#3597,#2969,.T.);
#4608=EDGE_CURVE('',#3598,#3600,#1938,.T.);
#4609=EDGE_CURVE('',#3600,#3601,#88,.T.);
#4610=EDGE_CURVE('',#3601,#3599,#1939,.T.);
#4611=EDGE_CURVE('',#3600,#3602,#2970,.T.);
#4612=EDGE_CURVE('',#3602,#3603,#89,.T.);
#4613=EDGE_CURVE('',#3603,#3601,#2971,.T.);
#4614=EDGE_CURVE('',#3604,#3603,#1940,.T.);
#4615=EDGE_CURVE('',#3602,#3605,#1941,.T.);
#4616=EDGE_CURVE('',#3605,#3604,#90,.T.);
#4617=EDGE_CURVE('',#3606,#3604,#2972,.T.);
#4618=EDGE_CURVE('',#3605,#3607,#2973,.T.);
#4619=EDGE_CURVE('',#3607,#3606,#91,.T.);
#4620=EDGE_CURVE('',#3608,#3606,#1942,.T.);
#4621=EDGE_CURVE('',#3607,#3609,#1943,.T.);
#4622=EDGE_CURVE('',#3609,#3608,#92,.T.);
#4623=EDGE_CURVE('',#3610,#3608,#2974,.T.);
#4624=EDGE_CURVE('',#3609,#3611,#2975,.T.);
#4625=EDGE_CURVE('',#3611,#3610,#93,.T.);
#4626=EDGE_CURVE('',#3612,#3610,#1944,.T.);
#4627=EDGE_CURVE('',#3611,#3613,#1945,.T.);
#4628=EDGE_CURVE('',#3613,#3612,#94,.T.);
#4629=EDGE_CURVE('',#3614,#3612,#2976,.T.);
#4630=EDGE_CURVE('',#3613,#3615,#2977,.T.);
#4631=EDGE_CURVE('',#3615,#3614,#95,.T.);
#4632=EDGE_CURVE('',#3587,#3614,#1946,.T.);
#4633=EDGE_CURVE('',#3615,#3584,#1947,.T.);
#4634=EDGE_CURVE('',#3616,#3604,#1948,.T.);
#4635=EDGE_CURVE('',#3617,#3616,#1949,.T.);
#4636=EDGE_CURVE('',#3617,#3603,#1950,.T.);
#4637=EDGE_CURVE('',#3618,#3606,#1951,.T.);
#4638=EDGE_CURVE('',#3618,#3616,#2978,.T.);
#4639=EDGE_CURVE('',#3619,#3608,#1952,.T.);
#4640=EDGE_CURVE('',#3618,#3619,#1953,.T.);
#4641=EDGE_CURVE('',#3620,#3610,#1954,.T.);
#4642=EDGE_CURVE('',#3620,#3619,#2979,.T.);
#4643=EDGE_CURVE('',#3621,#3612,#1955,.T.);
#4644=EDGE_CURVE('',#3620,#3621,#1956,.T.);
#4645=EDGE_CURVE('',#3622,#3614,#1957,.T.);
#4646=EDGE_CURVE('',#3622,#3621,#2980,.T.);
#4647=EDGE_CURVE('',#3623,#3587,#1958,.T.);
#4648=EDGE_CURVE('',#3623,#3622,#1959,.T.);
#4649=EDGE_CURVE('',#3624,#3586,#1960,.T.);
#4650=EDGE_CURVE('',#3624,#3623,#2981,.T.);
#4651=EDGE_CURVE('',#3625,#3626,#2982,.T.);
#4652=EDGE_CURVE('',#3626,#3627,#1961,.T.);
#4653=EDGE_CURVE('',#3627,#3628,#2983,.T.);
#4654=EDGE_CURVE('',#3628,#3625,#1962,.T.);
#4655=EDGE_CURVE('',#3629,#3630,#2984,.T.);
#4656=EDGE_CURVE('',#3630,#3631,#1963,.T.);
#4657=EDGE_CURVE('',#3631,#3632,#2985,.T.);
#4658=EDGE_CURVE('',#3632,#3629,#1964,.T.);
#4659=EDGE_CURVE('',#3633,#3634,#1965,.T.);
#4660=EDGE_CURVE('',#3634,#3635,#2986,.T.);
#4661=EDGE_CURVE('',#3635,#3636,#1966,.T.);
#4662=EDGE_CURVE('',#3636,#3633,#2987,.T.);
#4663=EDGE_CURVE('',#3637,#3638,#1967,.T.);
#4664=EDGE_CURVE('',#3638,#3639,#2988,.T.);
#4665=EDGE_CURVE('',#3639,#3640,#1968,.T.);
#4666=EDGE_CURVE('',#3640,#3637,#2989,.T.);
#4667=EDGE_CURVE('',#3641,#3642,#2990,.T.);
#4668=EDGE_CURVE('',#3642,#3637,#1969,.T.);
#4669=EDGE_CURVE('',#3641,#3640,#1970,.T.);
#4670=EDGE_CURVE('',#3643,#3641,#1971,.T.);
#4671=EDGE_CURVE('',#3643,#3639,#1972,.T.);
#4672=EDGE_CURVE('',#3644,#3643,#2991,.T.);
#4673=EDGE_CURVE('',#3644,#3638,#1973,.T.);
#4674=EDGE_CURVE('',#3642,#3644,#1974,.T.);
#4675=EDGE_CURVE('',#3645,#3646,#2992,.T.);
#4676=EDGE_CURVE('',#3646,#3633,#1975,.T.);
#4677=EDGE_CURVE('',#3645,#3636,#1976,.T.);
#4678=EDGE_CURVE('',#3647,#3645,#1977,.T.);
#4679=EDGE_CURVE('',#3647,#3635,#1978,.T.);
#4680=EDGE_CURVE('',#3648,#3647,#2993,.T.);
#4681=EDGE_CURVE('',#3648,#3634,#1979,.T.);
#4682=EDGE_CURVE('',#3646,#3648,#1980,.T.);
#4683=EDGE_CURVE('',#3649,#3650,#1981,.T.);
#4684=EDGE_CURVE('',#3650,#3629,#1982,.T.);
#4685=EDGE_CURVE('',#3649,#3632,#1983,.T.);
#4686=EDGE_CURVE('',#3651,#3649,#2994,.T.);
#4687=EDGE_CURVE('',#3651,#3631,#1984,.T.);
#4688=EDGE_CURVE('',#3652,#3651,#1985,.T.);
#4689=EDGE_CURVE('',#3652,#3630,#1986,.T.);
#4690=EDGE_CURVE('',#3650,#3652,#2995,.T.);
#4691=EDGE_CURVE('',#3653,#3654,#1987,.T.);
#4692=EDGE_CURVE('',#3654,#3625,#1988,.T.);
#4693=EDGE_CURVE('',#3653,#3628,#1989,.T.);
#4694=EDGE_CURVE('',#3655,#3653,#2996,.T.);
#4695=EDGE_CURVE('',#3655,#3627,#1990,.T.);
#4696=EDGE_CURVE('',#3656,#3655,#1991,.T.);
#4697=EDGE_CURVE('',#3656,#3626,#1992,.T.);
#4698=EDGE_CURVE('',#3654,#3656,#2997,.T.);
#4699=EDGE_CURVE('',#3657,#3589,#1993,.T.);
#4700=EDGE_CURVE('',#3657,#3624,#1994,.T.);
#4701=EDGE_CURVE('',#3658,#3591,#1995,.T.);
#4702=EDGE_CURVE('',#3658,#3657,#2998,.T.);
#4703=EDGE_CURVE('',#3659,#3593,#1996,.T.);
#4704=EDGE_CURVE('',#3659,#3658,#1997,.T.);
#4705=EDGE_CURVE('',#3660,#3595,#1998,.T.);
#4706=EDGE_CURVE('',#3660,#3659,#2999,.T.);
#4707=EDGE_CURVE('',#3661,#3597,#1999,.T.);
#4708=EDGE_CURVE('',#3661,#3660,#2000,.T.);
#4709=EDGE_CURVE('',#3662,#3599,#2001,.T.);
#4710=EDGE_CURVE('',#3662,#3661,#3000,.T.);
#4711=EDGE_CURVE('',#3663,#3601,#2002,.T.);
#4712=EDGE_CURVE('',#3662,#3663,#2003,.T.);
#4713=EDGE_CURVE('',#3617,#3663,#3001,.T.);
#4714=EDGE_CURVE('',#3664,#3665,#2004,.T.);
#4715=EDGE_CURVE('',#3664,#3666,#2005,.T.);
#4716=EDGE_CURVE('',#3667,#3666,#2006,.T.);
#4717=EDGE_CURVE('',#3667,#3665,#2007,.T.);
#4718=EDGE_CURVE('',#3665,#3668,#2008,.T.);
#4719=EDGE_CURVE('',#3669,#3667,#2009,.T.);
#4720=EDGE_CURVE('',#3668,#3669,#2010,.T.);
#4721=EDGE_CURVE('',#3670,#3668,#2011,.T.);
#4722=EDGE_CURVE('',#3670,#3671,#2012,.T.);
#4723=EDGE_CURVE('',#3671,#3672,#2013,.T.);
#4724=EDGE_CURVE('',#3673,#3672,#2014,.T.);
#4725=EDGE_CURVE('',#3674,#3673,#2015,.T.);
#4726=EDGE_CURVE('',#3674,#3675,#2016,.T.);
#4727=EDGE_CURVE('',#3675,#3676,#2017,.T.);
#4728=EDGE_CURVE('',#3676,#3677,#2018,.T.);
#4729=EDGE_CURVE('',#3678,#3677,#2019,.T.);
#4730=EDGE_CURVE('',#3678,#3664,#2020,.T.);
#4731=EDGE_CURVE('',#3679,#3680,#2021,.T.);
#4732=EDGE_CURVE('',#3680,#3681,#2022,.T.);
#4733=EDGE_CURVE('',#3681,#3682,#2023,.T.);
#4734=EDGE_CURVE('',#3682,#3679,#2024,.T.);
#4735=EDGE_CURVE('',#3669,#3683,#2025,.T.);
#4736=EDGE_CURVE('',#3683,#3670,#2026,.T.);
#4737=EDGE_CURVE('',#3684,#3666,#2027,.T.);
#4738=EDGE_CURVE('',#3684,#3685,#2028,.T.);
#4739=EDGE_CURVE('',#3685,#3686,#2029,.T.);
#4740=EDGE_CURVE('',#3686,#3687,#2030,.T.);
#4741=EDGE_CURVE('',#3687,#3688,#2031,.T.);
#4742=EDGE_CURVE('',#3688,#3689,#2032,.T.);
#4743=EDGE_CURVE('',#3689,#3690,#2033,.T.);
#4744=EDGE_CURVE('',#3690,#3691,#2034,.T.);
#4745=EDGE_CURVE('',#3691,#3683,#2035,.T.);
#4746=EDGE_CURVE('',#3691,#3671,#2036,.T.);
#4747=EDGE_CURVE('',#3672,#3690,#2037,.T.);
#4748=EDGE_CURVE('',#3692,#3693,#2038,.T.);
#4749=EDGE_CURVE('',#3692,#3682,#2039,.T.);
#4750=EDGE_CURVE('',#3693,#3681,#2040,.T.);
#4751=EDGE_CURVE('',#3694,#3693,#2041,.T.);
#4752=EDGE_CURVE('',#3695,#3694,#2042,.T.);
#4753=EDGE_CURVE('',#3692,#3695,#2043,.T.);
#4754=EDGE_CURVE('',#3696,#3680,#2044,.T.);
#4755=EDGE_CURVE('',#3697,#3696,#2045,.T.);
#4756=EDGE_CURVE('',#3697,#3698,#2046,.T.);
#4757=EDGE_CURVE('',#3698,#3699,#2047,.T.);
#4758=EDGE_CURVE('',#3699,#3700,#2048,.T.);
#4759=EDGE_CURVE('',#3701,#3700,#2049,.T.);
#4760=EDGE_CURVE('',#3701,#3694,#2050,.T.);
#4761=EDGE_CURVE('',#3689,#3673,#2051,.T.);
#4762=EDGE_CURVE('',#3677,#3697,#2052,.T.);
#4763=EDGE_CURVE('',#3676,#3698,#2053,.T.);
#4764=EDGE_CURVE('',#3700,#3674,#2054,.T.);
#4765=EDGE_CURVE('',#3699,#3675,#2055,.T.);
#4766=EDGE_CURVE('',#3702,#3685,#2056,.T.);
#4767=EDGE_CURVE('',#3703,#3702,#2057,.T.);
#4768=EDGE_CURVE('',#3703,#3686,#2058,.T.);
#4769=EDGE_CURVE('',#3688,#3704,#2059,.T.);
#4770=EDGE_CURVE('',#3687,#3705,#2060,.T.);
#4771=EDGE_CURVE('',#3704,#3705,#2061,.T.);
#4772=EDGE_CURVE('',#3705,#3703,#2062,.T.);
#4773=EDGE_CURVE('',#3706,#3684,#2063,.T.);
#4774=EDGE_CURVE('',#3702,#3706,#2064,.T.);
#4775=EDGE_CURVE('',#3707,#3704,#2065,.T.);
#4776=EDGE_CURVE('',#3707,#3701,#2066,.T.);
#4777=EDGE_CURVE('',#3696,#3678,#2067,.T.);
#4778=EDGE_CURVE('',#3707,#3695,#2068,.T.);
#4779=EDGE_CURVE('',#3706,#3679,#2069,.T.);
#4780=ORIENTED_EDGE('',*,*,#3708,.F.);
#4781=ORIENTED_EDGE('',*,*,#3709,.T.);
#4782=ORIENTED_EDGE('',*,*,#3710,.F.);
#4783=ORIENTED_EDGE('',*,*,#3709,.F.);
#4784=ORIENTED_EDGE('',*,*,#3711,.F.);
#4785=ORIENTED_EDGE('',*,*,#3712,.T.);
#4786=ORIENTED_EDGE('',*,*,#3713,.F.);
#4787=ORIENTED_EDGE('',*,*,#3712,.F.);
#4788=ORIENTED_EDGE('',*,*,#3714,.F.);
#4789=ORIENTED_EDGE('',*,*,#3715,.T.);
#4790=ORIENTED_EDGE('',*,*,#3716,.F.);
#4791=ORIENTED_EDGE('',*,*,#3715,.F.);
#4792=ORIENTED_EDGE('',*,*,#3717,.F.);
#4793=ORIENTED_EDGE('',*,*,#3718,.T.);
#4794=ORIENTED_EDGE('',*,*,#3719,.F.);
#4795=ORIENTED_EDGE('',*,*,#3718,.F.);
#4796=ORIENTED_EDGE('',*,*,#3720,.F.);
#4797=ORIENTED_EDGE('',*,*,#3721,.T.);
#4798=ORIENTED_EDGE('',*,*,#3722,.F.);
#4799=ORIENTED_EDGE('',*,*,#3721,.F.);
#4800=ORIENTED_EDGE('',*,*,#3723,.F.);
#4801=ORIENTED_EDGE('',*,*,#3724,.F.);
#4802=ORIENTED_EDGE('',*,*,#3725,.F.);
#4803=ORIENTED_EDGE('',*,*,#3726,.F.);
#4804=ORIENTED_EDGE('',*,*,#3708,.T.);
#4805=ORIENTED_EDGE('',*,*,#3723,.T.);
#4806=ORIENTED_EDGE('',*,*,#3727,.T.);
#4807=ORIENTED_EDGE('',*,*,#3728,.T.);
#4808=ORIENTED_EDGE('',*,*,#3729,.T.);
#4809=ORIENTED_EDGE('',*,*,#3729,.F.);
#4810=ORIENTED_EDGE('',*,*,#3730,.T.);
#4811=ORIENTED_EDGE('',*,*,#3731,.T.);
#4812=ORIENTED_EDGE('',*,*,#3732,.T.);
#4813=ORIENTED_EDGE('',*,*,#3733,.F.);
#4814=ORIENTED_EDGE('',*,*,#3734,.T.);
#4815=ORIENTED_EDGE('',*,*,#3735,.T.);
#4816=ORIENTED_EDGE('',*,*,#3736,.T.);
#4817=ORIENTED_EDGE('',*,*,#3737,.T.);
#4818=ORIENTED_EDGE('',*,*,#3738,.T.);
#4819=ORIENTED_EDGE('',*,*,#3739,.F.);
#4820=ORIENTED_EDGE('',*,*,#3740,.F.);
#4821=ORIENTED_EDGE('',*,*,#3741,.T.);
#4822=ORIENTED_EDGE('',*,*,#3742,.T.);
#4823=ORIENTED_EDGE('',*,*,#3743,.F.);
#4824=ORIENTED_EDGE('',*,*,#3744,.F.);
#4825=ORIENTED_EDGE('',*,*,#3745,.T.);
#4826=ORIENTED_EDGE('',*,*,#3746,.T.);
#4827=ORIENTED_EDGE('',*,*,#3747,.T.);
#4828=ORIENTED_EDGE('',*,*,#3724,.T.);
#4829=ORIENTED_EDGE('',*,*,#3748,.T.);
#4830=ORIENTED_EDGE('',*,*,#3749,.T.);
#4831=ORIENTED_EDGE('',*,*,#3750,.T.);
#4832=ORIENTED_EDGE('',*,*,#3751,.T.);
#4833=ORIENTED_EDGE('',*,*,#3752,.T.);
#4834=ORIENTED_EDGE('',*,*,#3753,.T.);
#4835=ORIENTED_EDGE('',*,*,#3754,.T.);
#4836=ORIENTED_EDGE('',*,*,#3755,.T.);
#4837=ORIENTED_EDGE('',*,*,#3756,.T.);
#4838=ORIENTED_EDGE('',*,*,#3757,.T.);
#4839=ORIENTED_EDGE('',*,*,#3758,.T.);
#4840=ORIENTED_EDGE('',*,*,#3759,.T.);
#4841=ORIENTED_EDGE('',*,*,#3728,.F.);
#4842=ORIENTED_EDGE('',*,*,#3760,.F.);
#4843=ORIENTED_EDGE('',*,*,#3761,.T.);
#4844=ORIENTED_EDGE('',*,*,#3730,.F.);
#4845=ORIENTED_EDGE('',*,*,#3710,.T.);
#4846=ORIENTED_EDGE('',*,*,#3762,.F.);
#4847=ORIENTED_EDGE('',*,*,#3763,.T.);
#4848=ORIENTED_EDGE('',*,*,#3764,.T.);
#4849=ORIENTED_EDGE('',*,*,#3734,.F.);
#4850=ORIENTED_EDGE('',*,*,#3762,.T.);
#4851=ORIENTED_EDGE('',*,*,#3733,.T.);
#4852=ORIENTED_EDGE('',*,*,#3765,.T.);
#4853=ORIENTED_EDGE('',*,*,#3766,.T.);
#4854=ORIENTED_EDGE('',*,*,#3767,.F.);
#4855=ORIENTED_EDGE('',*,*,#3742,.F.);
#4856=ORIENTED_EDGE('',*,*,#3768,.F.);
#4857=ORIENTED_EDGE('',*,*,#3769,.T.);
#4858=ORIENTED_EDGE('',*,*,#3770,.T.);
#4859=ORIENTED_EDGE('',*,*,#3743,.T.);
#4860=ORIENTED_EDGE('',*,*,#3767,.T.);
#4861=ORIENTED_EDGE('',*,*,#3771,.T.);
#4862=ORIENTED_EDGE('',*,*,#3770,.F.);
#4863=ORIENTED_EDGE('',*,*,#3772,.T.);
#4864=ORIENTED_EDGE('',*,*,#3773,.T.);
#4865=ORIENTED_EDGE('',*,*,#3744,.T.);
#4866=ORIENTED_EDGE('',*,*,#3774,.F.);
#4867=ORIENTED_EDGE('',*,*,#3775,.T.);
#4868=ORIENTED_EDGE('',*,*,#3776,.T.);
#4869=ORIENTED_EDGE('',*,*,#3740,.T.);
#4870=ORIENTED_EDGE('',*,*,#3777,.T.);
#4871=ORIENTED_EDGE('',*,*,#3778,.T.);
#4872=ORIENTED_EDGE('',*,*,#3774,.T.);
#4873=ORIENTED_EDGE('',*,*,#3739,.T.);
#4874=ORIENTED_EDGE('',*,*,#3777,.F.);
#4875=ORIENTED_EDGE('',*,*,#3738,.F.);
#4876=ORIENTED_EDGE('',*,*,#3779,.F.);
#4877=ORIENTED_EDGE('',*,*,#3780,.F.);
#4878=ORIENTED_EDGE('',*,*,#3781,.T.);
#4879=ORIENTED_EDGE('',*,*,#3782,.T.);
#4880=ORIENTED_EDGE('',*,*,#3751,.F.);
#4881=ORIENTED_EDGE('',*,*,#3783,.F.);
#4882=ORIENTED_EDGE('',*,*,#3720,.T.);
#4883=ORIENTED_EDGE('',*,*,#3784,.T.);
#4884=ORIENTED_EDGE('',*,*,#3783,.T.);
#4885=ORIENTED_EDGE('',*,*,#3750,.F.);
#4886=ORIENTED_EDGE('',*,*,#3785,.F.);
#4887=ORIENTED_EDGE('',*,*,#3786,.T.);
#4888=ORIENTED_EDGE('',*,*,#3785,.T.);
#4889=ORIENTED_EDGE('',*,*,#3749,.F.);
#4890=ORIENTED_EDGE('',*,*,#3787,.F.);
#4891=ORIENTED_EDGE('',*,*,#3713,.T.);
#4892=ORIENTED_EDGE('',*,*,#3788,.T.);
#4893=ORIENTED_EDGE('',*,*,#3787,.T.);
#4894=ORIENTED_EDGE('',*,*,#3748,.F.);
#4895=ORIENTED_EDGE('',*,*,#3782,.F.);
#4896=ORIENTED_EDGE('',*,*,#3789,.T.);
#4897=ORIENTED_EDGE('',*,*,#3790,.T.);
#4898=ORIENTED_EDGE('',*,*,#3755,.F.);
#4899=ORIENTED_EDGE('',*,*,#3791,.F.);
#4900=ORIENTED_EDGE('',*,*,#3719,.T.);
#4901=ORIENTED_EDGE('',*,*,#3792,.T.);
#4902=ORIENTED_EDGE('',*,*,#3791,.T.);
#4903=ORIENTED_EDGE('',*,*,#3754,.F.);
#4904=ORIENTED_EDGE('',*,*,#3793,.F.);
#4905=ORIENTED_EDGE('',*,*,#3794,.T.);
#4906=ORIENTED_EDGE('',*,*,#3793,.T.);
#4907=ORIENTED_EDGE('',*,*,#3753,.F.);
#4908=ORIENTED_EDGE('',*,*,#3795,.F.);
#4909=ORIENTED_EDGE('',*,*,#3714,.T.);
#4910=ORIENTED_EDGE('',*,*,#3796,.T.);
#4911=ORIENTED_EDGE('',*,*,#3795,.T.);
#4912=ORIENTED_EDGE('',*,*,#3752,.F.);
#4913=ORIENTED_EDGE('',*,*,#3790,.F.);
#4914=ORIENTED_EDGE('',*,*,#3797,.T.);
#4915=ORIENTED_EDGE('',*,*,#3798,.T.);
#4916=ORIENTED_EDGE('',*,*,#3759,.F.);
#4917=ORIENTED_EDGE('',*,*,#3799,.F.);
#4918=ORIENTED_EDGE('',*,*,#3716,.T.);
#4919=ORIENTED_EDGE('',*,*,#3800,.T.);
#4920=ORIENTED_EDGE('',*,*,#3799,.T.);
#4921=ORIENTED_EDGE('',*,*,#3758,.F.);
#4922=ORIENTED_EDGE('',*,*,#3801,.F.);
#4923=ORIENTED_EDGE('',*,*,#3802,.T.);
#4924=ORIENTED_EDGE('',*,*,#3801,.T.);
#4925=ORIENTED_EDGE('',*,*,#3757,.F.);
#4926=ORIENTED_EDGE('',*,*,#3803,.F.);
#4927=ORIENTED_EDGE('',*,*,#3711,.T.);
#4928=ORIENTED_EDGE('',*,*,#3804,.T.);
#4929=ORIENTED_EDGE('',*,*,#3803,.T.);
#4930=ORIENTED_EDGE('',*,*,#3756,.F.);
#4931=ORIENTED_EDGE('',*,*,#3798,.F.);
#4932=ORIENTED_EDGE('',*,*,#3805,.T.);
#4933=ORIENTED_EDGE('',*,*,#3806,.T.);
#4934=ORIENTED_EDGE('',*,*,#3746,.F.);
#4935=ORIENTED_EDGE('',*,*,#3807,.F.);
#4936=ORIENTED_EDGE('',*,*,#3808,.F.);
#4937=ORIENTED_EDGE('',*,*,#3807,.T.);
#4938=ORIENTED_EDGE('',*,*,#3745,.F.);
#4939=ORIENTED_EDGE('',*,*,#3773,.F.);
#4940=ORIENTED_EDGE('',*,*,#3809,.T.);
#4941=ORIENTED_EDGE('',*,*,#3768,.T.);
#4942=ORIENTED_EDGE('',*,*,#3741,.F.);
#4943=ORIENTED_EDGE('',*,*,#3776,.F.);
#4944=ORIENTED_EDGE('',*,*,#3722,.T.);
#4945=ORIENTED_EDGE('',*,*,#3810,.F.);
#4946=ORIENTED_EDGE('',*,*,#3779,.T.);
#4947=ORIENTED_EDGE('',*,*,#3737,.F.);
#4948=ORIENTED_EDGE('',*,*,#3811,.F.);
#4949=ORIENTED_EDGE('',*,*,#3812,.T.);
#4950=ORIENTED_EDGE('',*,*,#3811,.T.);
#4951=ORIENTED_EDGE('',*,*,#3736,.F.);
#4952=ORIENTED_EDGE('',*,*,#3813,.F.);
#4953=ORIENTED_EDGE('',*,*,#3814,.T.);
#4954=ORIENTED_EDGE('',*,*,#3813,.T.);
#4955=ORIENTED_EDGE('',*,*,#3735,.F.);
#4956=ORIENTED_EDGE('',*,*,#3764,.F.);
#4957=ORIENTED_EDGE('',*,*,#3765,.F.);
#4958=ORIENTED_EDGE('',*,*,#3732,.F.);
#4959=ORIENTED_EDGE('',*,*,#3815,.F.);
#4960=ORIENTED_EDGE('',*,*,#3816,.T.);
#4961=ORIENTED_EDGE('',*,*,#3817,.F.);
#4962=ORIENTED_EDGE('',*,*,#3815,.T.);
#4963=ORIENTED_EDGE('',*,*,#3731,.F.);
#4964=ORIENTED_EDGE('',*,*,#3761,.F.);
#4965=ORIENTED_EDGE('',*,*,#3717,.T.);
#4966=ORIENTED_EDGE('',*,*,#3818,.T.);
#4967=ORIENTED_EDGE('',*,*,#3725,.T.);
#4968=ORIENTED_EDGE('',*,*,#3747,.F.);
#4969=ORIENTED_EDGE('',*,*,#3806,.F.);
#4970=ORIENTED_EDGE('',*,*,#3727,.F.);
#4971=ORIENTED_EDGE('',*,*,#3726,.T.);
#4972=ORIENTED_EDGE('',*,*,#3818,.F.);
#4973=ORIENTED_EDGE('',*,*,#3805,.F.);
#4974=ORIENTED_EDGE('',*,*,#3808,.T.);
#4975=ORIENTED_EDGE('',*,*,#3772,.F.);
#4976=ORIENTED_EDGE('',*,*,#3771,.F.);
#4977=ORIENTED_EDGE('',*,*,#3769,.F.);
#4978=ORIENTED_EDGE('',*,*,#3809,.F.);
#4979=ORIENTED_EDGE('',*,*,#3775,.F.);
#4980=ORIENTED_EDGE('',*,*,#3778,.F.);
#4981=ORIENTED_EDGE('',*,*,#3780,.T.);
#4982=ORIENTED_EDGE('',*,*,#3810,.T.);
#4983=ORIENTED_EDGE('',*,*,#3812,.F.);
#4984=ORIENTED_EDGE('',*,*,#3814,.F.);
#4985=ORIENTED_EDGE('',*,*,#3763,.F.);
#4986=ORIENTED_EDGE('',*,*,#3766,.F.);
#4987=ORIENTED_EDGE('',*,*,#3816,.F.);
#4988=ORIENTED_EDGE('',*,*,#3817,.T.);
#4989=ORIENTED_EDGE('',*,*,#3760,.T.);
#4990=ORIENTED_EDGE('',*,*,#3804,.F.);
#4991=ORIENTED_EDGE('',*,*,#3797,.F.);
#4992=ORIENTED_EDGE('',*,*,#3800,.F.);
#4993=ORIENTED_EDGE('',*,*,#3802,.F.);
#4994=ORIENTED_EDGE('',*,*,#3796,.F.);
#4995=ORIENTED_EDGE('',*,*,#3789,.F.);
#4996=ORIENTED_EDGE('',*,*,#3792,.F.);
#4997=ORIENTED_EDGE('',*,*,#3794,.F.);
#4998=ORIENTED_EDGE('',*,*,#3788,.F.);
#4999=ORIENTED_EDGE('',*,*,#3781,.F.);
#5000=ORIENTED_EDGE('',*,*,#3784,.F.);
#5001=ORIENTED_EDGE('',*,*,#3786,.F.);
#5002=ORIENTED_EDGE('',*,*,#3819,.F.);
#5003=ORIENTED_EDGE('',*,*,#3820,.F.);
#5004=ORIENTED_EDGE('',*,*,#3821,.T.);
#5005=ORIENTED_EDGE('',*,*,#3822,.F.);
#5006=ORIENTED_EDGE('',*,*,#3823,.F.);
#5007=ORIENTED_EDGE('',*,*,#3824,.F.);
#5008=ORIENTED_EDGE('',*,*,#3821,.F.);
#5009=ORIENTED_EDGE('',*,*,#3825,.F.);
#5010=ORIENTED_EDGE('',*,*,#3822,.T.);
#5011=ORIENTED_EDGE('',*,*,#3824,.T.);
#5012=ORIENTED_EDGE('',*,*,#3826,.F.);
#5013=ORIENTED_EDGE('',*,*,#3827,.T.);
#5014=ORIENTED_EDGE('',*,*,#3828,.T.);
#5015=ORIENTED_EDGE('',*,*,#3829,.T.);
#5016=ORIENTED_EDGE('',*,*,#3830,.T.);
#5017=ORIENTED_EDGE('',*,*,#3831,.T.);
#5018=ORIENTED_EDGE('',*,*,#3832,.T.);
#5019=ORIENTED_EDGE('',*,*,#3833,.F.);
#5020=ORIENTED_EDGE('',*,*,#3834,.T.);
#5021=ORIENTED_EDGE('',*,*,#3835,.F.);
#5022=ORIENTED_EDGE('',*,*,#3836,.F.);
#5023=ORIENTED_EDGE('',*,*,#3837,.T.);
#5024=ORIENTED_EDGE('',*,*,#3838,.T.);
#5025=ORIENTED_EDGE('',*,*,#3839,.T.);
#5026=ORIENTED_EDGE('',*,*,#3840,.T.);
#5027=ORIENTED_EDGE('',*,*,#3841,.T.);
#5028=ORIENTED_EDGE('',*,*,#3842,.T.);
#5029=ORIENTED_EDGE('',*,*,#3843,.T.);
#5030=ORIENTED_EDGE('',*,*,#3844,.F.);
#5031=ORIENTED_EDGE('',*,*,#3845,.F.);
#5032=ORIENTED_EDGE('',*,*,#3846,.T.);
#5033=ORIENTED_EDGE('',*,*,#3847,.T.);
#5034=ORIENTED_EDGE('',*,*,#3848,.T.);
#5035=ORIENTED_EDGE('',*,*,#3849,.F.);
#5036=ORIENTED_EDGE('',*,*,#3850,.F.);
#5037=ORIENTED_EDGE('',*,*,#3851,.T.);
#5038=ORIENTED_EDGE('',*,*,#3852,.F.);
#5039=ORIENTED_EDGE('',*,*,#3853,.T.);
#5040=ORIENTED_EDGE('',*,*,#3854,.T.);
#5041=ORIENTED_EDGE('',*,*,#3826,.T.);
#5042=ORIENTED_EDGE('',*,*,#3823,.T.);
#5043=ORIENTED_EDGE('',*,*,#3855,.F.);
#5044=ORIENTED_EDGE('',*,*,#3856,.T.);
#5045=ORIENTED_EDGE('',*,*,#3857,.T.);
#5046=ORIENTED_EDGE('',*,*,#3852,.T.);
#5047=ORIENTED_EDGE('',*,*,#3858,.T.);
#5048=ORIENTED_EDGE('',*,*,#3857,.F.);
#5049=ORIENTED_EDGE('',*,*,#3859,.T.);
#5050=ORIENTED_EDGE('',*,*,#3860,.F.);
#5051=ORIENTED_EDGE('',*,*,#3853,.F.);
#5052=ORIENTED_EDGE('',*,*,#3861,.F.);
#5053=ORIENTED_EDGE('',*,*,#3843,.F.);
#5054=ORIENTED_EDGE('',*,*,#3862,.F.);
#5055=ORIENTED_EDGE('',*,*,#3863,.F.);
#5056=ORIENTED_EDGE('',*,*,#3838,.F.);
#5057=ORIENTED_EDGE('',*,*,#3864,.T.);
#5058=ORIENTED_EDGE('',*,*,#3865,.T.);
#5059=ORIENTED_EDGE('',*,*,#3866,.F.);
#5060=ORIENTED_EDGE('',*,*,#3867,.F.);
#5061=ORIENTED_EDGE('',*,*,#3868,.F.);
#5062=ORIENTED_EDGE('',*,*,#3827,.F.);
#5063=ORIENTED_EDGE('',*,*,#3854,.F.);
#5064=ORIENTED_EDGE('',*,*,#3869,.F.);
#5065=ORIENTED_EDGE('',*,*,#3831,.F.);
#5066=ORIENTED_EDGE('',*,*,#3870,.F.);
#5067=ORIENTED_EDGE('',*,*,#3871,.F.);
#5068=ORIENTED_EDGE('',*,*,#3872,.F.);
#5069=ORIENTED_EDGE('',*,*,#3873,.F.);
#5070=ORIENTED_EDGE('',*,*,#3841,.F.);
#5071=ORIENTED_EDGE('',*,*,#3874,.F.);
#5072=ORIENTED_EDGE('',*,*,#3875,.T.);
#5073=ORIENTED_EDGE('',*,*,#3876,.F.);
#5074=ORIENTED_EDGE('',*,*,#3877,.T.);
#5075=ORIENTED_EDGE('',*,*,#3878,.T.);
#5076=ORIENTED_EDGE('',*,*,#3835,.T.);
#5077=ORIENTED_EDGE('',*,*,#3876,.T.);
#5078=ORIENTED_EDGE('',*,*,#3834,.F.);
#5079=ORIENTED_EDGE('',*,*,#3879,.T.);
#5080=ORIENTED_EDGE('',*,*,#3880,.T.);
#5081=ORIENTED_EDGE('',*,*,#3874,.T.);
#5082=ORIENTED_EDGE('',*,*,#3840,.F.);
#5083=ORIENTED_EDGE('',*,*,#3861,.T.);
#5084=ORIENTED_EDGE('',*,*,#3881,.F.);
#5085=ORIENTED_EDGE('',*,*,#3882,.T.);
#5086=ORIENTED_EDGE('',*,*,#3836,.T.);
#5087=ORIENTED_EDGE('',*,*,#3878,.F.);
#5088=ORIENTED_EDGE('',*,*,#3883,.F.);
#5089=ORIENTED_EDGE('',*,*,#3837,.F.);
#5090=ORIENTED_EDGE('',*,*,#3882,.F.);
#5091=ORIENTED_EDGE('',*,*,#3884,.F.);
#5092=ORIENTED_EDGE('',*,*,#3864,.F.);
#5093=ORIENTED_EDGE('',*,*,#3860,.T.);
#5094=ORIENTED_EDGE('',*,*,#3885,.F.);
#5095=ORIENTED_EDGE('',*,*,#3886,.F.);
#5096=ORIENTED_EDGE('',*,*,#3849,.T.);
#5097=ORIENTED_EDGE('',*,*,#3886,.T.);
#5098=ORIENTED_EDGE('',*,*,#3887,.F.);
#5099=ORIENTED_EDGE('',*,*,#3888,.F.);
#5100=ORIENTED_EDGE('',*,*,#3850,.T.);
#5101=ORIENTED_EDGE('',*,*,#3873,.T.);
#5102=ORIENTED_EDGE('',*,*,#3889,.T.);
#5103=ORIENTED_EDGE('',*,*,#3862,.T.);
#5104=ORIENTED_EDGE('',*,*,#3842,.F.);
#5105=ORIENTED_EDGE('',*,*,#3858,.F.);
#5106=ORIENTED_EDGE('',*,*,#3851,.F.);
#5107=ORIENTED_EDGE('',*,*,#3888,.T.);
#5108=ORIENTED_EDGE('',*,*,#3890,.T.);
#5109=ORIENTED_EDGE('',*,*,#3891,.T.);
#5110=ORIENTED_EDGE('',*,*,#3892,.F.);
#5111=ORIENTED_EDGE('',*,*,#3848,.F.);
#5112=ORIENTED_EDGE('',*,*,#3893,.F.);
#5113=ORIENTED_EDGE('',*,*,#3866,.T.);
#5114=ORIENTED_EDGE('',*,*,#3894,.F.);
#5115=ORIENTED_EDGE('',*,*,#3819,.T.);
#5116=ORIENTED_EDGE('',*,*,#3839,.F.);
#5117=ORIENTED_EDGE('',*,*,#3820,.T.);
#5118=ORIENTED_EDGE('',*,*,#3894,.T.);
#5119=ORIENTED_EDGE('',*,*,#3865,.F.);
#5120=ORIENTED_EDGE('',*,*,#3884,.T.);
#5121=ORIENTED_EDGE('',*,*,#3883,.T.);
#5122=ORIENTED_EDGE('',*,*,#3877,.F.);
#5123=ORIENTED_EDGE('',*,*,#3880,.F.);
#5124=ORIENTED_EDGE('',*,*,#3895,.F.);
#5125=ORIENTED_EDGE('',*,*,#3896,.T.);
#5126=ORIENTED_EDGE('',*,*,#3871,.T.);
#5127=ORIENTED_EDGE('',*,*,#3897,.T.);
#5128=ORIENTED_EDGE('',*,*,#3898,.T.);
#5129=ORIENTED_EDGE('',*,*,#3899,.T.);
#5130=ORIENTED_EDGE('',*,*,#3867,.T.);
#5131=ORIENTED_EDGE('',*,*,#3855,.T.);
#5132=ORIENTED_EDGE('',*,*,#3825,.T.);
#5133=ORIENTED_EDGE('',*,*,#3889,.F.);
#5134=ORIENTED_EDGE('',*,*,#3875,.F.);
#5135=ORIENTED_EDGE('',*,*,#3881,.T.);
#5136=ORIENTED_EDGE('',*,*,#3863,.T.);
#5137=ORIENTED_EDGE('',*,*,#3890,.F.);
#5138=ORIENTED_EDGE('',*,*,#3887,.T.);
#5139=ORIENTED_EDGE('',*,*,#3885,.T.);
#5140=ORIENTED_EDGE('',*,*,#3859,.F.);
#5141=ORIENTED_EDGE('',*,*,#3856,.F.);
#5142=ORIENTED_EDGE('',*,*,#3891,.F.);
#5143=ORIENTED_EDGE('',*,*,#3900,.F.);
#5144=ORIENTED_EDGE('',*,*,#3901,.T.);
#5145=ORIENTED_EDGE('',*,*,#3902,.T.);
#5146=ORIENTED_EDGE('',*,*,#3903,.T.);
#5147=ORIENTED_EDGE('',*,*,#3892,.T.);
#5148=ORIENTED_EDGE('',*,*,#3903,.F.);
#5149=ORIENTED_EDGE('',*,*,#3904,.F.);
#5150=ORIENTED_EDGE('',*,*,#3844,.T.);
#5151=ORIENTED_EDGE('',*,*,#3904,.T.);
#5152=ORIENTED_EDGE('',*,*,#3902,.F.);
#5153=ORIENTED_EDGE('',*,*,#3905,.F.);
#5154=ORIENTED_EDGE('',*,*,#3845,.T.);
#5155=ORIENTED_EDGE('',*,*,#3893,.T.);
#5156=ORIENTED_EDGE('',*,*,#3847,.F.);
#5157=ORIENTED_EDGE('',*,*,#3906,.F.);
#5158=ORIENTED_EDGE('',*,*,#3900,.T.);
#5159=ORIENTED_EDGE('',*,*,#3907,.F.);
#5160=ORIENTED_EDGE('',*,*,#3908,.T.);
#5161=ORIENTED_EDGE('',*,*,#3909,.F.);
#5162=ORIENTED_EDGE('',*,*,#3908,.F.);
#5163=ORIENTED_EDGE('',*,*,#3907,.T.);
#5164=ORIENTED_EDGE('',*,*,#3910,.F.);
#5165=ORIENTED_EDGE('',*,*,#3910,.T.);
#5166=ORIENTED_EDGE('',*,*,#3911,.T.);
#5167=ORIENTED_EDGE('',*,*,#3869,.T.);
#5168=ORIENTED_EDGE('',*,*,#3911,.F.);
#5169=ORIENTED_EDGE('',*,*,#3909,.T.);
#5170=ORIENTED_EDGE('',*,*,#3905,.T.);
#5171=ORIENTED_EDGE('',*,*,#3901,.F.);
#5172=ORIENTED_EDGE('',*,*,#3906,.T.);
#5173=ORIENTED_EDGE('',*,*,#3846,.F.);
#5174=ORIENTED_EDGE('',*,*,#3868,.T.);
#5175=ORIENTED_EDGE('',*,*,#3899,.F.);
#5176=ORIENTED_EDGE('',*,*,#3912,.F.);
#5177=ORIENTED_EDGE('',*,*,#3828,.F.);
#5178=ORIENTED_EDGE('',*,*,#3829,.F.);
#5179=ORIENTED_EDGE('',*,*,#3912,.T.);
#5180=ORIENTED_EDGE('',*,*,#3898,.F.);
#5181=ORIENTED_EDGE('',*,*,#3913,.F.);
#5182=ORIENTED_EDGE('',*,*,#3830,.F.);
#5183=ORIENTED_EDGE('',*,*,#3913,.T.);
#5184=ORIENTED_EDGE('',*,*,#3897,.F.);
#5185=ORIENTED_EDGE('',*,*,#3870,.T.);
#5186=ORIENTED_EDGE('',*,*,#3832,.F.);
#5187=ORIENTED_EDGE('',*,*,#3872,.T.);
#5188=ORIENTED_EDGE('',*,*,#3896,.F.);
#5189=ORIENTED_EDGE('',*,*,#3914,.F.);
#5190=ORIENTED_EDGE('',*,*,#3833,.T.);
#5191=ORIENTED_EDGE('',*,*,#3914,.T.);
#5192=ORIENTED_EDGE('',*,*,#3895,.T.);
#5193=ORIENTED_EDGE('',*,*,#3879,.F.);
#5194=ORIENTED_EDGE('',*,*,#3915,.T.);
#5195=ORIENTED_EDGE('',*,*,#3916,.T.);
#5196=ORIENTED_EDGE('',*,*,#3917,.T.);
#5197=ORIENTED_EDGE('',*,*,#3918,.T.);
#5198=ORIENTED_EDGE('',*,*,#3918,.F.);
#5199=ORIENTED_EDGE('',*,*,#3919,.T.);
#5200=ORIENTED_EDGE('',*,*,#3920,.F.);
#5201=ORIENTED_EDGE('',*,*,#3921,.F.);
#5202=ORIENTED_EDGE('',*,*,#3917,.F.);
#5203=ORIENTED_EDGE('',*,*,#3922,.F.);
#5204=ORIENTED_EDGE('',*,*,#3923,.T.);
#5205=ORIENTED_EDGE('',*,*,#3924,.F.);
#5206=ORIENTED_EDGE('',*,*,#3919,.F.);
#5207=ORIENTED_EDGE('',*,*,#3915,.F.);
#5208=ORIENTED_EDGE('',*,*,#3921,.T.);
#5209=ORIENTED_EDGE('',*,*,#3925,.F.);
#5210=ORIENTED_EDGE('',*,*,#3926,.F.);
#5211=ORIENTED_EDGE('',*,*,#3927,.F.);
#5212=ORIENTED_EDGE('',*,*,#3928,.F.);
#5213=ORIENTED_EDGE('',*,*,#3926,.T.);
#5214=ORIENTED_EDGE('',*,*,#3929,.F.);
#5215=ORIENTED_EDGE('',*,*,#3930,.F.);
#5216=ORIENTED_EDGE('',*,*,#3931,.F.);
#5217=ORIENTED_EDGE('',*,*,#3930,.T.);
#5218=ORIENTED_EDGE('',*,*,#3932,.F.);
#5219=ORIENTED_EDGE('',*,*,#3933,.F.);
#5220=ORIENTED_EDGE('',*,*,#3934,.F.);
#5221=ORIENTED_EDGE('',*,*,#3935,.T.);
#5222=ORIENTED_EDGE('',*,*,#3936,.F.);
#5223=ORIENTED_EDGE('',*,*,#3937,.F.);
#5224=ORIENTED_EDGE('',*,*,#3938,.F.);
#5225=ORIENTED_EDGE('',*,*,#3937,.T.);
#5226=ORIENTED_EDGE('',*,*,#3939,.F.);
#5227=ORIENTED_EDGE('',*,*,#3923,.F.);
#5228=ORIENTED_EDGE('',*,*,#3920,.T.);
#5229=ORIENTED_EDGE('',*,*,#3924,.T.);
#5230=ORIENTED_EDGE('',*,*,#3939,.T.);
#5231=ORIENTED_EDGE('',*,*,#3936,.T.);
#5232=ORIENTED_EDGE('',*,*,#3940,.F.);
#5233=ORIENTED_EDGE('',*,*,#3932,.T.);
#5234=ORIENTED_EDGE('',*,*,#3929,.T.);
#5235=ORIENTED_EDGE('',*,*,#3925,.T.);
#5236=ORIENTED_EDGE('',*,*,#3941,.T.);
#5237=ORIENTED_EDGE('',*,*,#3942,.T.);
#5238=ORIENTED_EDGE('',*,*,#3943,.T.);
#5239=ORIENTED_EDGE('',*,*,#3944,.T.);
#5240=ORIENTED_EDGE('',*,*,#3944,.F.);
#5241=ORIENTED_EDGE('',*,*,#3945,.T.);
#5242=ORIENTED_EDGE('',*,*,#3946,.F.);
#5243=ORIENTED_EDGE('',*,*,#3947,.F.);
#5244=ORIENTED_EDGE('',*,*,#3943,.F.);
#5245=ORIENTED_EDGE('',*,*,#3948,.F.);
#5246=ORIENTED_EDGE('',*,*,#3949,.T.);
#5247=ORIENTED_EDGE('',*,*,#3950,.F.);
#5248=ORIENTED_EDGE('',*,*,#3945,.F.);
#5249=ORIENTED_EDGE('',*,*,#3941,.F.);
#5250=ORIENTED_EDGE('',*,*,#3947,.T.);
#5251=ORIENTED_EDGE('',*,*,#3951,.F.);
#5252=ORIENTED_EDGE('',*,*,#3952,.F.);
#5253=ORIENTED_EDGE('',*,*,#3953,.F.);
#5254=ORIENTED_EDGE('',*,*,#3954,.F.);
#5255=ORIENTED_EDGE('',*,*,#3952,.T.);
#5256=ORIENTED_EDGE('',*,*,#3955,.F.);
#5257=ORIENTED_EDGE('',*,*,#3956,.F.);
#5258=ORIENTED_EDGE('',*,*,#3957,.F.);
#5259=ORIENTED_EDGE('',*,*,#3956,.T.);
#5260=ORIENTED_EDGE('',*,*,#3958,.F.);
#5261=ORIENTED_EDGE('',*,*,#3959,.F.);
#5262=ORIENTED_EDGE('',*,*,#3960,.F.);
#5263=ORIENTED_EDGE('',*,*,#3961,.T.);
#5264=ORIENTED_EDGE('',*,*,#3962,.F.);
#5265=ORIENTED_EDGE('',*,*,#3963,.F.);
#5266=ORIENTED_EDGE('',*,*,#3964,.F.);
#5267=ORIENTED_EDGE('',*,*,#3963,.T.);
#5268=ORIENTED_EDGE('',*,*,#3965,.F.);
#5269=ORIENTED_EDGE('',*,*,#3949,.F.);
#5270=ORIENTED_EDGE('',*,*,#3946,.T.);
#5271=ORIENTED_EDGE('',*,*,#3950,.T.);
#5272=ORIENTED_EDGE('',*,*,#3965,.T.);
#5273=ORIENTED_EDGE('',*,*,#3962,.T.);
#5274=ORIENTED_EDGE('',*,*,#3966,.F.);
#5275=ORIENTED_EDGE('',*,*,#3958,.T.);
#5276=ORIENTED_EDGE('',*,*,#3955,.T.);
#5277=ORIENTED_EDGE('',*,*,#3951,.T.);
#5278=ORIENTED_EDGE('',*,*,#3967,.T.);
#5279=ORIENTED_EDGE('',*,*,#3968,.T.);
#5280=ORIENTED_EDGE('',*,*,#3969,.T.);
#5281=ORIENTED_EDGE('',*,*,#3970,.T.);
#5282=ORIENTED_EDGE('',*,*,#3970,.F.);
#5283=ORIENTED_EDGE('',*,*,#3971,.T.);
#5284=ORIENTED_EDGE('',*,*,#3972,.F.);
#5285=ORIENTED_EDGE('',*,*,#3973,.F.);
#5286=ORIENTED_EDGE('',*,*,#3969,.F.);
#5287=ORIENTED_EDGE('',*,*,#3974,.F.);
#5288=ORIENTED_EDGE('',*,*,#3975,.T.);
#5289=ORIENTED_EDGE('',*,*,#3976,.F.);
#5290=ORIENTED_EDGE('',*,*,#3971,.F.);
#5291=ORIENTED_EDGE('',*,*,#3967,.F.);
#5292=ORIENTED_EDGE('',*,*,#3973,.T.);
#5293=ORIENTED_EDGE('',*,*,#3977,.F.);
#5294=ORIENTED_EDGE('',*,*,#3978,.F.);
#5295=ORIENTED_EDGE('',*,*,#3979,.F.);
#5296=ORIENTED_EDGE('',*,*,#3980,.F.);
#5297=ORIENTED_EDGE('',*,*,#3978,.T.);
#5298=ORIENTED_EDGE('',*,*,#3981,.F.);
#5299=ORIENTED_EDGE('',*,*,#3982,.F.);
#5300=ORIENTED_EDGE('',*,*,#3983,.F.);
#5301=ORIENTED_EDGE('',*,*,#3982,.T.);
#5302=ORIENTED_EDGE('',*,*,#3984,.F.);
#5303=ORIENTED_EDGE('',*,*,#3985,.F.);
#5304=ORIENTED_EDGE('',*,*,#3986,.F.);
#5305=ORIENTED_EDGE('',*,*,#3987,.T.);
#5306=ORIENTED_EDGE('',*,*,#3988,.F.);
#5307=ORIENTED_EDGE('',*,*,#3989,.F.);
#5308=ORIENTED_EDGE('',*,*,#3990,.F.);
#5309=ORIENTED_EDGE('',*,*,#3989,.T.);
#5310=ORIENTED_EDGE('',*,*,#3991,.F.);
#5311=ORIENTED_EDGE('',*,*,#3975,.F.);
#5312=ORIENTED_EDGE('',*,*,#3972,.T.);
#5313=ORIENTED_EDGE('',*,*,#3976,.T.);
#5314=ORIENTED_EDGE('',*,*,#3991,.T.);
#5315=ORIENTED_EDGE('',*,*,#3988,.T.);
#5316=ORIENTED_EDGE('',*,*,#3992,.F.);
#5317=ORIENTED_EDGE('',*,*,#3984,.T.);
#5318=ORIENTED_EDGE('',*,*,#3981,.T.);
#5319=ORIENTED_EDGE('',*,*,#3977,.T.);
#5320=ORIENTED_EDGE('',*,*,#3993,.T.);
#5321=ORIENTED_EDGE('',*,*,#3994,.T.);
#5322=ORIENTED_EDGE('',*,*,#3995,.T.);
#5323=ORIENTED_EDGE('',*,*,#3996,.T.);
#5324=ORIENTED_EDGE('',*,*,#3996,.F.);
#5325=ORIENTED_EDGE('',*,*,#3997,.T.);
#5326=ORIENTED_EDGE('',*,*,#3998,.F.);
#5327=ORIENTED_EDGE('',*,*,#3999,.F.);
#5328=ORIENTED_EDGE('',*,*,#3995,.F.);
#5329=ORIENTED_EDGE('',*,*,#4000,.F.);
#5330=ORIENTED_EDGE('',*,*,#4001,.T.);
#5331=ORIENTED_EDGE('',*,*,#4002,.F.);
#5332=ORIENTED_EDGE('',*,*,#3997,.F.);
#5333=ORIENTED_EDGE('',*,*,#3993,.F.);
#5334=ORIENTED_EDGE('',*,*,#3999,.T.);
#5335=ORIENTED_EDGE('',*,*,#4003,.F.);
#5336=ORIENTED_EDGE('',*,*,#4004,.F.);
#5337=ORIENTED_EDGE('',*,*,#4005,.F.);
#5338=ORIENTED_EDGE('',*,*,#4006,.F.);
#5339=ORIENTED_EDGE('',*,*,#4004,.T.);
#5340=ORIENTED_EDGE('',*,*,#4007,.F.);
#5341=ORIENTED_EDGE('',*,*,#4008,.F.);
#5342=ORIENTED_EDGE('',*,*,#4009,.F.);
#5343=ORIENTED_EDGE('',*,*,#4008,.T.);
#5344=ORIENTED_EDGE('',*,*,#4010,.F.);
#5345=ORIENTED_EDGE('',*,*,#4011,.F.);
#5346=ORIENTED_EDGE('',*,*,#4012,.F.);
#5347=ORIENTED_EDGE('',*,*,#4013,.T.);
#5348=ORIENTED_EDGE('',*,*,#4014,.F.);
#5349=ORIENTED_EDGE('',*,*,#4015,.F.);
#5350=ORIENTED_EDGE('',*,*,#4016,.F.);
#5351=ORIENTED_EDGE('',*,*,#4015,.T.);
#5352=ORIENTED_EDGE('',*,*,#4017,.F.);
#5353=ORIENTED_EDGE('',*,*,#4001,.F.);
#5354=ORIENTED_EDGE('',*,*,#3998,.T.);
#5355=ORIENTED_EDGE('',*,*,#4002,.T.);
#5356=ORIENTED_EDGE('',*,*,#4017,.T.);
#5357=ORIENTED_EDGE('',*,*,#4014,.T.);
#5358=ORIENTED_EDGE('',*,*,#4018,.F.);
#5359=ORIENTED_EDGE('',*,*,#4010,.T.);
#5360=ORIENTED_EDGE('',*,*,#4007,.T.);
#5361=ORIENTED_EDGE('',*,*,#4003,.T.);
#5362=ORIENTED_EDGE('',*,*,#4019,.T.);
#5363=ORIENTED_EDGE('',*,*,#4020,.T.);
#5364=ORIENTED_EDGE('',*,*,#4021,.T.);
#5365=ORIENTED_EDGE('',*,*,#4022,.T.);
#5366=ORIENTED_EDGE('',*,*,#4022,.F.);
#5367=ORIENTED_EDGE('',*,*,#4023,.T.);
#5368=ORIENTED_EDGE('',*,*,#4024,.F.);
#5369=ORIENTED_EDGE('',*,*,#4025,.F.);
#5370=ORIENTED_EDGE('',*,*,#4021,.F.);
#5371=ORIENTED_EDGE('',*,*,#4026,.F.);
#5372=ORIENTED_EDGE('',*,*,#4027,.T.);
#5373=ORIENTED_EDGE('',*,*,#4028,.F.);
#5374=ORIENTED_EDGE('',*,*,#4023,.F.);
#5375=ORIENTED_EDGE('',*,*,#4019,.F.);
#5376=ORIENTED_EDGE('',*,*,#4025,.T.);
#5377=ORIENTED_EDGE('',*,*,#4029,.F.);
#5378=ORIENTED_EDGE('',*,*,#4030,.F.);
#5379=ORIENTED_EDGE('',*,*,#4031,.F.);
#5380=ORIENTED_EDGE('',*,*,#4032,.F.);
#5381=ORIENTED_EDGE('',*,*,#4030,.T.);
#5382=ORIENTED_EDGE('',*,*,#4033,.F.);
#5383=ORIENTED_EDGE('',*,*,#4034,.F.);
#5384=ORIENTED_EDGE('',*,*,#4035,.F.);
#5385=ORIENTED_EDGE('',*,*,#4034,.T.);
#5386=ORIENTED_EDGE('',*,*,#4036,.F.);
#5387=ORIENTED_EDGE('',*,*,#4037,.F.);
#5388=ORIENTED_EDGE('',*,*,#4038,.F.);
#5389=ORIENTED_EDGE('',*,*,#4039,.T.);
#5390=ORIENTED_EDGE('',*,*,#4040,.F.);
#5391=ORIENTED_EDGE('',*,*,#4041,.F.);
#5392=ORIENTED_EDGE('',*,*,#4042,.F.);
#5393=ORIENTED_EDGE('',*,*,#4041,.T.);
#5394=ORIENTED_EDGE('',*,*,#4043,.F.);
#5395=ORIENTED_EDGE('',*,*,#4027,.F.);
#5396=ORIENTED_EDGE('',*,*,#4024,.T.);
#5397=ORIENTED_EDGE('',*,*,#4028,.T.);
#5398=ORIENTED_EDGE('',*,*,#4043,.T.);
#5399=ORIENTED_EDGE('',*,*,#4040,.T.);
#5400=ORIENTED_EDGE('',*,*,#4044,.F.);
#5401=ORIENTED_EDGE('',*,*,#4036,.T.);
#5402=ORIENTED_EDGE('',*,*,#4033,.T.);
#5403=ORIENTED_EDGE('',*,*,#4029,.T.);
#5404=ORIENTED_EDGE('',*,*,#4045,.T.);
#5405=ORIENTED_EDGE('',*,*,#4046,.T.);
#5406=ORIENTED_EDGE('',*,*,#4047,.T.);
#5407=ORIENTED_EDGE('',*,*,#4048,.T.);
#5408=ORIENTED_EDGE('',*,*,#4048,.F.);
#5409=ORIENTED_EDGE('',*,*,#4049,.T.);
#5410=ORIENTED_EDGE('',*,*,#4050,.F.);
#5411=ORIENTED_EDGE('',*,*,#4051,.F.);
#5412=ORIENTED_EDGE('',*,*,#4047,.F.);
#5413=ORIENTED_EDGE('',*,*,#4052,.F.);
#5414=ORIENTED_EDGE('',*,*,#4053,.T.);
#5415=ORIENTED_EDGE('',*,*,#4054,.F.);
#5416=ORIENTED_EDGE('',*,*,#4049,.F.);
#5417=ORIENTED_EDGE('',*,*,#4045,.F.);
#5418=ORIENTED_EDGE('',*,*,#4051,.T.);
#5419=ORIENTED_EDGE('',*,*,#4055,.F.);
#5420=ORIENTED_EDGE('',*,*,#4056,.F.);
#5421=ORIENTED_EDGE('',*,*,#4057,.F.);
#5422=ORIENTED_EDGE('',*,*,#4058,.F.);
#5423=ORIENTED_EDGE('',*,*,#4056,.T.);
#5424=ORIENTED_EDGE('',*,*,#4059,.F.);
#5425=ORIENTED_EDGE('',*,*,#4060,.F.);
#5426=ORIENTED_EDGE('',*,*,#4061,.F.);
#5427=ORIENTED_EDGE('',*,*,#4060,.T.);
#5428=ORIENTED_EDGE('',*,*,#4062,.F.);
#5429=ORIENTED_EDGE('',*,*,#4063,.F.);
#5430=ORIENTED_EDGE('',*,*,#4064,.F.);
#5431=ORIENTED_EDGE('',*,*,#4065,.T.);
#5432=ORIENTED_EDGE('',*,*,#4066,.F.);
#5433=ORIENTED_EDGE('',*,*,#4067,.F.);
#5434=ORIENTED_EDGE('',*,*,#4068,.F.);
#5435=ORIENTED_EDGE('',*,*,#4067,.T.);
#5436=ORIENTED_EDGE('',*,*,#4069,.F.);
#5437=ORIENTED_EDGE('',*,*,#4053,.F.);
#5438=ORIENTED_EDGE('',*,*,#4050,.T.);
#5439=ORIENTED_EDGE('',*,*,#4054,.T.);
#5440=ORIENTED_EDGE('',*,*,#4069,.T.);
#5441=ORIENTED_EDGE('',*,*,#4066,.T.);
#5442=ORIENTED_EDGE('',*,*,#4070,.F.);
#5443=ORIENTED_EDGE('',*,*,#4062,.T.);
#5444=ORIENTED_EDGE('',*,*,#4059,.T.);
#5445=ORIENTED_EDGE('',*,*,#4055,.T.);
#5446=ORIENTED_EDGE('',*,*,#4071,.T.);
#5447=ORIENTED_EDGE('',*,*,#4072,.T.);
#5448=ORIENTED_EDGE('',*,*,#4073,.T.);
#5449=ORIENTED_EDGE('',*,*,#4074,.T.);
#5450=ORIENTED_EDGE('',*,*,#4074,.F.);
#5451=ORIENTED_EDGE('',*,*,#4075,.T.);
#5452=ORIENTED_EDGE('',*,*,#4076,.F.);
#5453=ORIENTED_EDGE('',*,*,#4077,.F.);
#5454=ORIENTED_EDGE('',*,*,#4073,.F.);
#5455=ORIENTED_EDGE('',*,*,#4078,.F.);
#5456=ORIENTED_EDGE('',*,*,#4079,.T.);
#5457=ORIENTED_EDGE('',*,*,#4080,.F.);
#5458=ORIENTED_EDGE('',*,*,#4075,.F.);
#5459=ORIENTED_EDGE('',*,*,#4071,.F.);
#5460=ORIENTED_EDGE('',*,*,#4077,.T.);
#5461=ORIENTED_EDGE('',*,*,#4081,.F.);
#5462=ORIENTED_EDGE('',*,*,#4082,.F.);
#5463=ORIENTED_EDGE('',*,*,#4083,.F.);
#5464=ORIENTED_EDGE('',*,*,#4084,.F.);
#5465=ORIENTED_EDGE('',*,*,#4082,.T.);
#5466=ORIENTED_EDGE('',*,*,#4085,.F.);
#5467=ORIENTED_EDGE('',*,*,#4086,.F.);
#5468=ORIENTED_EDGE('',*,*,#4087,.F.);
#5469=ORIENTED_EDGE('',*,*,#4086,.T.);
#5470=ORIENTED_EDGE('',*,*,#4088,.F.);
#5471=ORIENTED_EDGE('',*,*,#4089,.F.);
#5472=ORIENTED_EDGE('',*,*,#4090,.F.);
#5473=ORIENTED_EDGE('',*,*,#4091,.T.);
#5474=ORIENTED_EDGE('',*,*,#4092,.F.);
#5475=ORIENTED_EDGE('',*,*,#4093,.F.);
#5476=ORIENTED_EDGE('',*,*,#4094,.F.);
#5477=ORIENTED_EDGE('',*,*,#4093,.T.);
#5478=ORIENTED_EDGE('',*,*,#4095,.F.);
#5479=ORIENTED_EDGE('',*,*,#4079,.F.);
#5480=ORIENTED_EDGE('',*,*,#4076,.T.);
#5481=ORIENTED_EDGE('',*,*,#4080,.T.);
#5482=ORIENTED_EDGE('',*,*,#4095,.T.);
#5483=ORIENTED_EDGE('',*,*,#4092,.T.);
#5484=ORIENTED_EDGE('',*,*,#4096,.F.);
#5485=ORIENTED_EDGE('',*,*,#4097,.F.);
#5486=ORIENTED_EDGE('',*,*,#4088,.T.);
#5487=ORIENTED_EDGE('',*,*,#4085,.T.);
#5488=ORIENTED_EDGE('',*,*,#4081,.T.);
#5489=ORIENTED_EDGE('',*,*,#4098,.T.);
#5490=ORIENTED_EDGE('',*,*,#4099,.T.);
#5491=ORIENTED_EDGE('',*,*,#4100,.T.);
#5492=ORIENTED_EDGE('',*,*,#4101,.T.);
#5493=ORIENTED_EDGE('',*,*,#4101,.F.);
#5494=ORIENTED_EDGE('',*,*,#4102,.T.);
#5495=ORIENTED_EDGE('',*,*,#4103,.F.);
#5496=ORIENTED_EDGE('',*,*,#4104,.F.);
#5497=ORIENTED_EDGE('',*,*,#4100,.F.);
#5498=ORIENTED_EDGE('',*,*,#4105,.F.);
#5499=ORIENTED_EDGE('',*,*,#4106,.T.);
#5500=ORIENTED_EDGE('',*,*,#4107,.F.);
#5501=ORIENTED_EDGE('',*,*,#4102,.F.);
#5502=ORIENTED_EDGE('',*,*,#4098,.F.);
#5503=ORIENTED_EDGE('',*,*,#4104,.T.);
#5504=ORIENTED_EDGE('',*,*,#4108,.F.);
#5505=ORIENTED_EDGE('',*,*,#4109,.F.);
#5506=ORIENTED_EDGE('',*,*,#4110,.F.);
#5507=ORIENTED_EDGE('',*,*,#4111,.F.);
#5508=ORIENTED_EDGE('',*,*,#4109,.T.);
#5509=ORIENTED_EDGE('',*,*,#4112,.F.);
#5510=ORIENTED_EDGE('',*,*,#4113,.F.);
#5511=ORIENTED_EDGE('',*,*,#4114,.F.);
#5512=ORIENTED_EDGE('',*,*,#4113,.T.);
#5513=ORIENTED_EDGE('',*,*,#4115,.F.);
#5514=ORIENTED_EDGE('',*,*,#4116,.F.);
#5515=ORIENTED_EDGE('',*,*,#4117,.F.);
#5516=ORIENTED_EDGE('',*,*,#4118,.T.);
#5517=ORIENTED_EDGE('',*,*,#4119,.F.);
#5518=ORIENTED_EDGE('',*,*,#4120,.F.);
#5519=ORIENTED_EDGE('',*,*,#4121,.F.);
#5520=ORIENTED_EDGE('',*,*,#4120,.T.);
#5521=ORIENTED_EDGE('',*,*,#4122,.F.);
#5522=ORIENTED_EDGE('',*,*,#4106,.F.);
#5523=ORIENTED_EDGE('',*,*,#4103,.T.);
#5524=ORIENTED_EDGE('',*,*,#4107,.T.);
#5525=ORIENTED_EDGE('',*,*,#4122,.T.);
#5526=ORIENTED_EDGE('',*,*,#4119,.T.);
#5527=ORIENTED_EDGE('',*,*,#4123,.F.);
#5528=ORIENTED_EDGE('',*,*,#4115,.T.);
#5529=ORIENTED_EDGE('',*,*,#4112,.T.);
#5530=ORIENTED_EDGE('',*,*,#4108,.T.);
#5531=ORIENTED_EDGE('',*,*,#4124,.T.);
#5532=ORIENTED_EDGE('',*,*,#4125,.T.);
#5533=ORIENTED_EDGE('',*,*,#4126,.T.);
#5534=ORIENTED_EDGE('',*,*,#4127,.T.);
#5535=ORIENTED_EDGE('',*,*,#4127,.F.);
#5536=ORIENTED_EDGE('',*,*,#4128,.T.);
#5537=ORIENTED_EDGE('',*,*,#4129,.F.);
#5538=ORIENTED_EDGE('',*,*,#4130,.F.);
#5539=ORIENTED_EDGE('',*,*,#4126,.F.);
#5540=ORIENTED_EDGE('',*,*,#4131,.F.);
#5541=ORIENTED_EDGE('',*,*,#4132,.T.);
#5542=ORIENTED_EDGE('',*,*,#4133,.F.);
#5543=ORIENTED_EDGE('',*,*,#4128,.F.);
#5544=ORIENTED_EDGE('',*,*,#4124,.F.);
#5545=ORIENTED_EDGE('',*,*,#4130,.T.);
#5546=ORIENTED_EDGE('',*,*,#4134,.F.);
#5547=ORIENTED_EDGE('',*,*,#4135,.F.);
#5548=ORIENTED_EDGE('',*,*,#4136,.F.);
#5549=ORIENTED_EDGE('',*,*,#4137,.F.);
#5550=ORIENTED_EDGE('',*,*,#4135,.T.);
#5551=ORIENTED_EDGE('',*,*,#4138,.F.);
#5552=ORIENTED_EDGE('',*,*,#4139,.F.);
#5553=ORIENTED_EDGE('',*,*,#4140,.F.);
#5554=ORIENTED_EDGE('',*,*,#4139,.T.);
#5555=ORIENTED_EDGE('',*,*,#4141,.F.);
#5556=ORIENTED_EDGE('',*,*,#4142,.F.);
#5557=ORIENTED_EDGE('',*,*,#4143,.F.);
#5558=ORIENTED_EDGE('',*,*,#4144,.T.);
#5559=ORIENTED_EDGE('',*,*,#4145,.F.);
#5560=ORIENTED_EDGE('',*,*,#4146,.F.);
#5561=ORIENTED_EDGE('',*,*,#4147,.F.);
#5562=ORIENTED_EDGE('',*,*,#4146,.T.);
#5563=ORIENTED_EDGE('',*,*,#4148,.F.);
#5564=ORIENTED_EDGE('',*,*,#4132,.F.);
#5565=ORIENTED_EDGE('',*,*,#4129,.T.);
#5566=ORIENTED_EDGE('',*,*,#4133,.T.);
#5567=ORIENTED_EDGE('',*,*,#4148,.T.);
#5568=ORIENTED_EDGE('',*,*,#4145,.T.);
#5569=ORIENTED_EDGE('',*,*,#4149,.F.);
#5570=ORIENTED_EDGE('',*,*,#4141,.T.);
#5571=ORIENTED_EDGE('',*,*,#4138,.T.);
#5572=ORIENTED_EDGE('',*,*,#4134,.T.);
#5573=ORIENTED_EDGE('',*,*,#4150,.T.);
#5574=ORIENTED_EDGE('',*,*,#4151,.T.);
#5575=ORIENTED_EDGE('',*,*,#4152,.T.);
#5576=ORIENTED_EDGE('',*,*,#4153,.T.);
#5577=ORIENTED_EDGE('',*,*,#4153,.F.);
#5578=ORIENTED_EDGE('',*,*,#4154,.T.);
#5579=ORIENTED_EDGE('',*,*,#4155,.F.);
#5580=ORIENTED_EDGE('',*,*,#4156,.F.);
#5581=ORIENTED_EDGE('',*,*,#4152,.F.);
#5582=ORIENTED_EDGE('',*,*,#4157,.F.);
#5583=ORIENTED_EDGE('',*,*,#4158,.T.);
#5584=ORIENTED_EDGE('',*,*,#4159,.F.);
#5585=ORIENTED_EDGE('',*,*,#4154,.F.);
#5586=ORIENTED_EDGE('',*,*,#4150,.F.);
#5587=ORIENTED_EDGE('',*,*,#4156,.T.);
#5588=ORIENTED_EDGE('',*,*,#4160,.F.);
#5589=ORIENTED_EDGE('',*,*,#4161,.F.);
#5590=ORIENTED_EDGE('',*,*,#4162,.F.);
#5591=ORIENTED_EDGE('',*,*,#4163,.F.);
#5592=ORIENTED_EDGE('',*,*,#4161,.T.);
#5593=ORIENTED_EDGE('',*,*,#4164,.F.);
#5594=ORIENTED_EDGE('',*,*,#4165,.F.);
#5595=ORIENTED_EDGE('',*,*,#4166,.F.);
#5596=ORIENTED_EDGE('',*,*,#4165,.T.);
#5597=ORIENTED_EDGE('',*,*,#4167,.F.);
#5598=ORIENTED_EDGE('',*,*,#4168,.F.);
#5599=ORIENTED_EDGE('',*,*,#4169,.F.);
#5600=ORIENTED_EDGE('',*,*,#4170,.T.);
#5601=ORIENTED_EDGE('',*,*,#4171,.F.);
#5602=ORIENTED_EDGE('',*,*,#4172,.F.);
#5603=ORIENTED_EDGE('',*,*,#4173,.F.);
#5604=ORIENTED_EDGE('',*,*,#4172,.T.);
#5605=ORIENTED_EDGE('',*,*,#4174,.F.);
#5606=ORIENTED_EDGE('',*,*,#4158,.F.);
#5607=ORIENTED_EDGE('',*,*,#4155,.T.);
#5608=ORIENTED_EDGE('',*,*,#4159,.T.);
#5609=ORIENTED_EDGE('',*,*,#4174,.T.);
#5610=ORIENTED_EDGE('',*,*,#4171,.T.);
#5611=ORIENTED_EDGE('',*,*,#4175,.F.);
#5612=ORIENTED_EDGE('',*,*,#4167,.T.);
#5613=ORIENTED_EDGE('',*,*,#4164,.T.);
#5614=ORIENTED_EDGE('',*,*,#4160,.T.);
#5615=ORIENTED_EDGE('',*,*,#4176,.T.);
#5616=ORIENTED_EDGE('',*,*,#4177,.T.);
#5617=ORIENTED_EDGE('',*,*,#4178,.T.);
#5618=ORIENTED_EDGE('',*,*,#4179,.T.);
#5619=ORIENTED_EDGE('',*,*,#4179,.F.);
#5620=ORIENTED_EDGE('',*,*,#4180,.T.);
#5621=ORIENTED_EDGE('',*,*,#4181,.F.);
#5622=ORIENTED_EDGE('',*,*,#4182,.F.);
#5623=ORIENTED_EDGE('',*,*,#4178,.F.);
#5624=ORIENTED_EDGE('',*,*,#4183,.F.);
#5625=ORIENTED_EDGE('',*,*,#4184,.T.);
#5626=ORIENTED_EDGE('',*,*,#4185,.F.);
#5627=ORIENTED_EDGE('',*,*,#4180,.F.);
#5628=ORIENTED_EDGE('',*,*,#4176,.F.);
#5629=ORIENTED_EDGE('',*,*,#4182,.T.);
#5630=ORIENTED_EDGE('',*,*,#4186,.F.);
#5631=ORIENTED_EDGE('',*,*,#4187,.F.);
#5632=ORIENTED_EDGE('',*,*,#4188,.F.);
#5633=ORIENTED_EDGE('',*,*,#4189,.F.);
#5634=ORIENTED_EDGE('',*,*,#4187,.T.);
#5635=ORIENTED_EDGE('',*,*,#4190,.F.);
#5636=ORIENTED_EDGE('',*,*,#4191,.F.);
#5637=ORIENTED_EDGE('',*,*,#4192,.F.);
#5638=ORIENTED_EDGE('',*,*,#4191,.T.);
#5639=ORIENTED_EDGE('',*,*,#4193,.F.);
#5640=ORIENTED_EDGE('',*,*,#4194,.F.);
#5641=ORIENTED_EDGE('',*,*,#4195,.F.);
#5642=ORIENTED_EDGE('',*,*,#4196,.T.);
#5643=ORIENTED_EDGE('',*,*,#4197,.F.);
#5644=ORIENTED_EDGE('',*,*,#4198,.F.);
#5645=ORIENTED_EDGE('',*,*,#4199,.F.);
#5646=ORIENTED_EDGE('',*,*,#4198,.T.);
#5647=ORIENTED_EDGE('',*,*,#4200,.F.);
#5648=ORIENTED_EDGE('',*,*,#4184,.F.);
#5649=ORIENTED_EDGE('',*,*,#4181,.T.);
#5650=ORIENTED_EDGE('',*,*,#4185,.T.);
#5651=ORIENTED_EDGE('',*,*,#4200,.T.);
#5652=ORIENTED_EDGE('',*,*,#4197,.T.);
#5653=ORIENTED_EDGE('',*,*,#4201,.F.);
#5654=ORIENTED_EDGE('',*,*,#4193,.T.);
#5655=ORIENTED_EDGE('',*,*,#4190,.T.);
#5656=ORIENTED_EDGE('',*,*,#4186,.T.);
#5657=ORIENTED_EDGE('',*,*,#4202,.T.);
#5658=ORIENTED_EDGE('',*,*,#4203,.T.);
#5659=ORIENTED_EDGE('',*,*,#4204,.T.);
#5660=ORIENTED_EDGE('',*,*,#4205,.T.);
#5661=ORIENTED_EDGE('',*,*,#4205,.F.);
#5662=ORIENTED_EDGE('',*,*,#4206,.T.);
#5663=ORIENTED_EDGE('',*,*,#4207,.F.);
#5664=ORIENTED_EDGE('',*,*,#4208,.F.);
#5665=ORIENTED_EDGE('',*,*,#4204,.F.);
#5666=ORIENTED_EDGE('',*,*,#4209,.F.);
#5667=ORIENTED_EDGE('',*,*,#4210,.T.);
#5668=ORIENTED_EDGE('',*,*,#4211,.F.);
#5669=ORIENTED_EDGE('',*,*,#4206,.F.);
#5670=ORIENTED_EDGE('',*,*,#4202,.F.);
#5671=ORIENTED_EDGE('',*,*,#4208,.T.);
#5672=ORIENTED_EDGE('',*,*,#4212,.F.);
#5673=ORIENTED_EDGE('',*,*,#4213,.F.);
#5674=ORIENTED_EDGE('',*,*,#4214,.F.);
#5675=ORIENTED_EDGE('',*,*,#4215,.F.);
#5676=ORIENTED_EDGE('',*,*,#4213,.T.);
#5677=ORIENTED_EDGE('',*,*,#4216,.F.);
#5678=ORIENTED_EDGE('',*,*,#4217,.F.);
#5679=ORIENTED_EDGE('',*,*,#4218,.F.);
#5680=ORIENTED_EDGE('',*,*,#4217,.T.);
#5681=ORIENTED_EDGE('',*,*,#4219,.F.);
#5682=ORIENTED_EDGE('',*,*,#4220,.F.);
#5683=ORIENTED_EDGE('',*,*,#4221,.F.);
#5684=ORIENTED_EDGE('',*,*,#4222,.T.);
#5685=ORIENTED_EDGE('',*,*,#4223,.F.);
#5686=ORIENTED_EDGE('',*,*,#4224,.F.);
#5687=ORIENTED_EDGE('',*,*,#4225,.F.);
#5688=ORIENTED_EDGE('',*,*,#4224,.T.);
#5689=ORIENTED_EDGE('',*,*,#4226,.F.);
#5690=ORIENTED_EDGE('',*,*,#4210,.F.);
#5691=ORIENTED_EDGE('',*,*,#4207,.T.);
#5692=ORIENTED_EDGE('',*,*,#4211,.T.);
#5693=ORIENTED_EDGE('',*,*,#4226,.T.);
#5694=ORIENTED_EDGE('',*,*,#4223,.T.);
#5695=ORIENTED_EDGE('',*,*,#4227,.F.);
#5696=ORIENTED_EDGE('',*,*,#4219,.T.);
#5697=ORIENTED_EDGE('',*,*,#4216,.T.);
#5698=ORIENTED_EDGE('',*,*,#4212,.T.);
#5699=ORIENTED_EDGE('',*,*,#4228,.T.);
#5700=ORIENTED_EDGE('',*,*,#4229,.T.);
#5701=ORIENTED_EDGE('',*,*,#4230,.F.);
#5702=ORIENTED_EDGE('',*,*,#4231,.T.);
#5703=ORIENTED_EDGE('',*,*,#4232,.T.);
#5704=ORIENTED_EDGE('',*,*,#4233,.T.);
#5705=ORIENTED_EDGE('',*,*,#4234,.T.);
#5706=ORIENTED_EDGE('',*,*,#4235,.T.);
#5707=ORIENTED_EDGE('',*,*,#4232,.F.);
#5708=ORIENTED_EDGE('',*,*,#4236,.T.);
#5709=ORIENTED_EDGE('',*,*,#4237,.F.);
#5710=ORIENTED_EDGE('',*,*,#4238,.F.);
#5711=ORIENTED_EDGE('',*,*,#4239,.T.);
#5712=ORIENTED_EDGE('',*,*,#4240,.T.);
#5713=ORIENTED_EDGE('',*,*,#4241,.T.);
#5714=ORIENTED_EDGE('',*,*,#4242,.T.);
#5715=ORIENTED_EDGE('',*,*,#4243,.T.);
#5716=ORIENTED_EDGE('',*,*,#4244,.T.);
#5717=ORIENTED_EDGE('',*,*,#4245,.T.);
#5718=ORIENTED_EDGE('',*,*,#4231,.F.);
#5719=ORIENTED_EDGE('',*,*,#4246,.F.);
#5720=ORIENTED_EDGE('',*,*,#4247,.F.);
#5721=ORIENTED_EDGE('',*,*,#4248,.F.);
#5722=ORIENTED_EDGE('',*,*,#4249,.F.);
#5723=ORIENTED_EDGE('',*,*,#4250,.T.);
#5724=ORIENTED_EDGE('',*,*,#4251,.F.);
#5725=ORIENTED_EDGE('',*,*,#4236,.F.);
#5726=ORIENTED_EDGE('',*,*,#4247,.T.);
#5727=ORIENTED_EDGE('',*,*,#4252,.T.);
#5728=ORIENTED_EDGE('',*,*,#4253,.T.);
#5729=ORIENTED_EDGE('',*,*,#4254,.T.);
#5730=ORIENTED_EDGE('',*,*,#4254,.F.);
#5731=ORIENTED_EDGE('',*,*,#4255,.F.);
#5732=ORIENTED_EDGE('',*,*,#4256,.T.);
#5733=ORIENTED_EDGE('',*,*,#4257,.T.);
#5734=ORIENTED_EDGE('',*,*,#4258,.T.);
#5735=ORIENTED_EDGE('',*,*,#4259,.T.);
#5736=ORIENTED_EDGE('',*,*,#4260,.T.);
#5737=ORIENTED_EDGE('',*,*,#4261,.T.);
#5738=ORIENTED_EDGE('',*,*,#4262,.T.);
#5739=ORIENTED_EDGE('',*,*,#4263,.T.);
#5740=ORIENTED_EDGE('',*,*,#4264,.F.);
#5741=ORIENTED_EDGE('',*,*,#4248,.T.);
#5742=ORIENTED_EDGE('',*,*,#4249,.T.);
#5743=ORIENTED_EDGE('',*,*,#4264,.T.);
#5744=ORIENTED_EDGE('',*,*,#4265,.T.);
#5745=ORIENTED_EDGE('',*,*,#4266,.T.);
#5746=ORIENTED_EDGE('',*,*,#4266,.F.);
#5747=ORIENTED_EDGE('',*,*,#4267,.T.);
#5748=ORIENTED_EDGE('',*,*,#4268,.F.);
#5749=ORIENTED_EDGE('',*,*,#4250,.F.);
#5750=ORIENTED_EDGE('',*,*,#4251,.T.);
#5751=ORIENTED_EDGE('',*,*,#4268,.T.);
#5752=ORIENTED_EDGE('',*,*,#4269,.T.);
#5753=ORIENTED_EDGE('',*,*,#4237,.T.);
#5754=ORIENTED_EDGE('',*,*,#4270,.T.);
#5755=ORIENTED_EDGE('',*,*,#4271,.T.);
#5756=ORIENTED_EDGE('',*,*,#4272,.T.);
#5757=ORIENTED_EDGE('',*,*,#4273,.T.);
#5758=ORIENTED_EDGE('',*,*,#4274,.T.);
#5759=ORIENTED_EDGE('',*,*,#4275,.T.);
#5760=ORIENTED_EDGE('',*,*,#4271,.F.);
#5761=ORIENTED_EDGE('',*,*,#4276,.T.);
#5762=ORIENTED_EDGE('',*,*,#4277,.T.);
#5763=ORIENTED_EDGE('',*,*,#4274,.F.);
#5764=ORIENTED_EDGE('',*,*,#4278,.T.);
#5765=ORIENTED_EDGE('',*,*,#4279,.T.);
#5766=ORIENTED_EDGE('',*,*,#4280,.T.);
#5767=ORIENTED_EDGE('',*,*,#4281,.T.);
#5768=ORIENTED_EDGE('',*,*,#4282,.T.);
#5769=ORIENTED_EDGE('',*,*,#4273,.F.);
#5770=ORIENTED_EDGE('',*,*,#4283,.T.);
#5771=ORIENTED_EDGE('',*,*,#4284,.T.);
#5772=ORIENTED_EDGE('',*,*,#4285,.T.);
#5773=ORIENTED_EDGE('',*,*,#4279,.F.);
#5774=ORIENTED_EDGE('',*,*,#4281,.F.);
#5775=ORIENTED_EDGE('',*,*,#4286,.T.);
#5776=ORIENTED_EDGE('',*,*,#4287,.T.);
#5777=ORIENTED_EDGE('',*,*,#4288,.T.);
#5778=ORIENTED_EDGE('',*,*,#4284,.F.);
#5779=ORIENTED_EDGE('',*,*,#4289,.T.);
#5780=ORIENTED_EDGE('',*,*,#4290,.T.);
#5781=ORIENTED_EDGE('',*,*,#4276,.F.);
#5782=ORIENTED_EDGE('',*,*,#4291,.T.);
#5783=ORIENTED_EDGE('',*,*,#4292,.F.);
#5784=ORIENTED_EDGE('',*,*,#4293,.F.);
#5785=ORIENTED_EDGE('',*,*,#4270,.F.);
#5786=ORIENTED_EDGE('',*,*,#4294,.T.);
#5787=ORIENTED_EDGE('',*,*,#4295,.F.);
#5788=ORIENTED_EDGE('',*,*,#4291,.F.);
#5789=ORIENTED_EDGE('',*,*,#4296,.F.);
#5790=ORIENTED_EDGE('',*,*,#4297,.F.);
#5791=ORIENTED_EDGE('',*,*,#4298,.F.);
#5792=ORIENTED_EDGE('',*,*,#4299,.F.);
#5793=ORIENTED_EDGE('',*,*,#4300,.F.);
#5794=ORIENTED_EDGE('',*,*,#4301,.F.);
#5795=ORIENTED_EDGE('',*,*,#4302,.F.);
#5796=ORIENTED_EDGE('',*,*,#4303,.F.);
#5797=ORIENTED_EDGE('',*,*,#4304,.F.);
#5798=ORIENTED_EDGE('',*,*,#4303,.T.);
#5799=ORIENTED_EDGE('',*,*,#4305,.F.);
#5800=ORIENTED_EDGE('',*,*,#4297,.T.);
#5801=ORIENTED_EDGE('',*,*,#4298,.T.);
#5802=ORIENTED_EDGE('',*,*,#4305,.T.);
#5803=ORIENTED_EDGE('',*,*,#4302,.T.);
#5804=ORIENTED_EDGE('',*,*,#4306,.T.);
#5805=ORIENTED_EDGE('',*,*,#4244,.F.);
#5806=ORIENTED_EDGE('',*,*,#4307,.F.);
#5807=ORIENTED_EDGE('',*,*,#4257,.F.);
#5808=ORIENTED_EDGE('',*,*,#4308,.T.);
#5809=ORIENTED_EDGE('',*,*,#4296,.T.);
#5810=ORIENTED_EDGE('',*,*,#4309,.T.);
#5811=ORIENTED_EDGE('',*,*,#4255,.T.);
#5812=ORIENTED_EDGE('',*,*,#4253,.F.);
#5813=ORIENTED_EDGE('',*,*,#4310,.T.);
#5814=ORIENTED_EDGE('',*,*,#4233,.F.);
#5815=ORIENTED_EDGE('',*,*,#4235,.F.);
#5816=ORIENTED_EDGE('',*,*,#4311,.T.);
#5817=ORIENTED_EDGE('',*,*,#4300,.T.);
#5818=ORIENTED_EDGE('',*,*,#4304,.T.);
#5819=ORIENTED_EDGE('',*,*,#4301,.T.);
#5820=ORIENTED_EDGE('',*,*,#4311,.F.);
#5821=ORIENTED_EDGE('',*,*,#4245,.F.);
#5822=ORIENTED_EDGE('',*,*,#4306,.F.);
#5823=ORIENTED_EDGE('',*,*,#4312,.F.);
#5824=ORIENTED_EDGE('',*,*,#4313,.F.);
#5825=ORIENTED_EDGE('',*,*,#4314,.F.);
#5826=ORIENTED_EDGE('',*,*,#4315,.F.);
#5827=ORIENTED_EDGE('',*,*,#4316,.F.);
#5828=ORIENTED_EDGE('',*,*,#4317,.F.);
#5829=ORIENTED_EDGE('',*,*,#4318,.F.);
#5830=ORIENTED_EDGE('',*,*,#4319,.F.);
#5831=ORIENTED_EDGE('',*,*,#4319,.T.);
#5832=ORIENTED_EDGE('',*,*,#4320,.T.);
#5833=ORIENTED_EDGE('',*,*,#4239,.F.);
#5834=ORIENTED_EDGE('',*,*,#4321,.F.);
#5835=ORIENTED_EDGE('',*,*,#4313,.T.);
#5836=ORIENTED_EDGE('',*,*,#4322,.F.);
#5837=ORIENTED_EDGE('',*,*,#4262,.F.);
#5838=ORIENTED_EDGE('',*,*,#4323,.T.);
#5839=ORIENTED_EDGE('',*,*,#4315,.T.);
#5840=ORIENTED_EDGE('',*,*,#4324,.F.);
#5841=ORIENTED_EDGE('',*,*,#4317,.T.);
#5842=ORIENTED_EDGE('',*,*,#4325,.F.);
#5843=ORIENTED_EDGE('',*,*,#4229,.F.);
#5844=ORIENTED_EDGE('',*,*,#4326,.T.);
#5845=ORIENTED_EDGE('',*,*,#4327,.F.);
#5846=ORIENTED_EDGE('',*,*,#4326,.F.);
#5847=ORIENTED_EDGE('',*,*,#4278,.F.);
#5848=ORIENTED_EDGE('',*,*,#4293,.T.);
#5849=ORIENTED_EDGE('',*,*,#4328,.F.);
#5850=ORIENTED_EDGE('',*,*,#4329,.F.);
#5851=ORIENTED_EDGE('',*,*,#4283,.F.);
#5852=ORIENTED_EDGE('',*,*,#4329,.T.);
#5853=ORIENTED_EDGE('',*,*,#4330,.F.);
#5854=ORIENTED_EDGE('',*,*,#4294,.F.);
#5855=ORIENTED_EDGE('',*,*,#4282,.F.);
#5856=ORIENTED_EDGE('',*,*,#4288,.F.);
#5857=ORIENTED_EDGE('',*,*,#4289,.F.);
#5858=ORIENTED_EDGE('',*,*,#4330,.T.);
#5859=ORIENTED_EDGE('',*,*,#4328,.T.);
#5860=ORIENTED_EDGE('',*,*,#4292,.T.);
#5861=ORIENTED_EDGE('',*,*,#4295,.T.);
#5862=ORIENTED_EDGE('',*,*,#4327,.T.);
#5863=ORIENTED_EDGE('',*,*,#4285,.F.);
#5864=ORIENTED_EDGE('',*,*,#4331,.T.);
#5865=ORIENTED_EDGE('',*,*,#4242,.F.);
#5866=ORIENTED_EDGE('',*,*,#4332,.F.);
#5867=ORIENTED_EDGE('',*,*,#4259,.F.);
#5868=ORIENTED_EDGE('',*,*,#4333,.T.);
#5869=ORIENTED_EDGE('',*,*,#4280,.F.);
#5870=ORIENTED_EDGE('',*,*,#4272,.F.);
#5871=ORIENTED_EDGE('',*,*,#4275,.F.);
#5872=ORIENTED_EDGE('',*,*,#4277,.F.);
#5873=ORIENTED_EDGE('',*,*,#4299,.T.);
#5874=ORIENTED_EDGE('',*,*,#4308,.F.);
#5875=ORIENTED_EDGE('',*,*,#4256,.F.);
#5876=ORIENTED_EDGE('',*,*,#4309,.F.);
#5877=ORIENTED_EDGE('',*,*,#4307,.T.);
#5878=ORIENTED_EDGE('',*,*,#4243,.F.);
#5879=ORIENTED_EDGE('',*,*,#4331,.F.);
#5880=ORIENTED_EDGE('',*,*,#4290,.F.);
#5881=ORIENTED_EDGE('',*,*,#4287,.F.);
#5882=ORIENTED_EDGE('',*,*,#4286,.F.);
#5883=ORIENTED_EDGE('',*,*,#4333,.F.);
#5884=ORIENTED_EDGE('',*,*,#4258,.F.);
#5885=ORIENTED_EDGE('',*,*,#4332,.T.);
#5886=ORIENTED_EDGE('',*,*,#4241,.F.);
#5887=ORIENTED_EDGE('',*,*,#4334,.F.);
#5888=ORIENTED_EDGE('',*,*,#4260,.F.);
#5889=ORIENTED_EDGE('',*,*,#4314,.T.);
#5890=ORIENTED_EDGE('',*,*,#4323,.F.);
#5891=ORIENTED_EDGE('',*,*,#4261,.F.);
#5892=ORIENTED_EDGE('',*,*,#4334,.T.);
#5893=ORIENTED_EDGE('',*,*,#4240,.F.);
#5894=ORIENTED_EDGE('',*,*,#4320,.F.);
#5895=ORIENTED_EDGE('',*,*,#4318,.T.);
#5896=ORIENTED_EDGE('',*,*,#4324,.T.);
#5897=ORIENTED_EDGE('',*,*,#4316,.T.);
#5898=ORIENTED_EDGE('',*,*,#4321,.T.);
#5899=ORIENTED_EDGE('',*,*,#4238,.T.);
#5900=ORIENTED_EDGE('',*,*,#4269,.F.);
#5901=ORIENTED_EDGE('',*,*,#4267,.F.);
#5902=ORIENTED_EDGE('',*,*,#4265,.F.);
#5903=ORIENTED_EDGE('',*,*,#4263,.F.);
#5904=ORIENTED_EDGE('',*,*,#4322,.T.);
#5905=ORIENTED_EDGE('',*,*,#4312,.T.);
#5906=ORIENTED_EDGE('',*,*,#4325,.T.);
#5907=ORIENTED_EDGE('',*,*,#4234,.F.);
#5908=ORIENTED_EDGE('',*,*,#4310,.F.);
#5909=ORIENTED_EDGE('',*,*,#4252,.F.);
#5910=ORIENTED_EDGE('',*,*,#4246,.T.);
#5911=ORIENTED_EDGE('',*,*,#4335,.T.);
#5912=ORIENTED_EDGE('',*,*,#4336,.T.);
#5913=ORIENTED_EDGE('',*,*,#4337,.T.);
#5914=ORIENTED_EDGE('',*,*,#4338,.T.);
#5915=ORIENTED_EDGE('',*,*,#4338,.F.);
#5916=ORIENTED_EDGE('',*,*,#4339,.T.);
#5917=ORIENTED_EDGE('',*,*,#4340,.F.);
#5918=ORIENTED_EDGE('',*,*,#4341,.F.);
#5919=ORIENTED_EDGE('',*,*,#4337,.F.);
#5920=ORIENTED_EDGE('',*,*,#4342,.F.);
#5921=ORIENTED_EDGE('',*,*,#4343,.T.);
#5922=ORIENTED_EDGE('',*,*,#4344,.F.);
#5923=ORIENTED_EDGE('',*,*,#4339,.F.);
#5924=ORIENTED_EDGE('',*,*,#4335,.F.);
#5925=ORIENTED_EDGE('',*,*,#4341,.T.);
#5926=ORIENTED_EDGE('',*,*,#4345,.F.);
#5927=ORIENTED_EDGE('',*,*,#4346,.F.);
#5928=ORIENTED_EDGE('',*,*,#4347,.F.);
#5929=ORIENTED_EDGE('',*,*,#4348,.F.);
#5930=ORIENTED_EDGE('',*,*,#4346,.T.);
#5931=ORIENTED_EDGE('',*,*,#4349,.F.);
#5932=ORIENTED_EDGE('',*,*,#4350,.F.);
#5933=ORIENTED_EDGE('',*,*,#4351,.F.);
#5934=ORIENTED_EDGE('',*,*,#4350,.T.);
#5935=ORIENTED_EDGE('',*,*,#4352,.F.);
#5936=ORIENTED_EDGE('',*,*,#4353,.F.);
#5937=ORIENTED_EDGE('',*,*,#4354,.F.);
#5938=ORIENTED_EDGE('',*,*,#4355,.T.);
#5939=ORIENTED_EDGE('',*,*,#4356,.F.);
#5940=ORIENTED_EDGE('',*,*,#4357,.F.);
#5941=ORIENTED_EDGE('',*,*,#4358,.F.);
#5942=ORIENTED_EDGE('',*,*,#4357,.T.);
#5943=ORIENTED_EDGE('',*,*,#4359,.F.);
#5944=ORIENTED_EDGE('',*,*,#4343,.F.);
#5945=ORIENTED_EDGE('',*,*,#4340,.T.);
#5946=ORIENTED_EDGE('',*,*,#4344,.T.);
#5947=ORIENTED_EDGE('',*,*,#4359,.T.);
#5948=ORIENTED_EDGE('',*,*,#4356,.T.);
#5949=ORIENTED_EDGE('',*,*,#4360,.F.);
#5950=ORIENTED_EDGE('',*,*,#4352,.T.);
#5951=ORIENTED_EDGE('',*,*,#4349,.T.);
#5952=ORIENTED_EDGE('',*,*,#4345,.T.);
#5953=ORIENTED_EDGE('',*,*,#4097,.T.);
#5954=ORIENTED_EDGE('',*,*,#4361,.T.);
#5955=ORIENTED_EDGE('',*,*,#4230,.T.);
#5956=ORIENTED_EDGE('',*,*,#4361,.F.);
#5957=ORIENTED_EDGE('',*,*,#4096,.T.);
#5958=ORIENTED_EDGE('',*,*,#4091,.F.);
#5959=ORIENTED_EDGE('',*,*,#4362,.F.);
#5960=ORIENTED_EDGE('',*,*,#4037,.T.);
#5961=ORIENTED_EDGE('',*,*,#4044,.T.);
#5962=ORIENTED_EDGE('',*,*,#4039,.F.);
#5963=ORIENTED_EDGE('',*,*,#4363,.F.);
#5964=ORIENTED_EDGE('',*,*,#4353,.T.);
#5965=ORIENTED_EDGE('',*,*,#4360,.T.);
#5966=ORIENTED_EDGE('',*,*,#4355,.F.);
#5967=ORIENTED_EDGE('',*,*,#4364,.F.);
#5968=ORIENTED_EDGE('',*,*,#4365,.T.);
#5969=ORIENTED_EDGE('',*,*,#4366,.F.);
#5970=ORIENTED_EDGE('',*,*,#4367,.F.);
#5971=ORIENTED_EDGE('',*,*,#4368,.F.);
#5972=ORIENTED_EDGE('',*,*,#4369,.T.);
#5973=ORIENTED_EDGE('',*,*,#4370,.F.);
#5974=ORIENTED_EDGE('',*,*,#4371,.F.);
#5975=ORIENTED_EDGE('',*,*,#4372,.F.);
#5976=ORIENTED_EDGE('',*,*,#3985,.T.);
#5977=ORIENTED_EDGE('',*,*,#3992,.T.);
#5978=ORIENTED_EDGE('',*,*,#3987,.F.);
#5979=ORIENTED_EDGE('',*,*,#4373,.F.);
#5980=ORIENTED_EDGE('',*,*,#4374,.T.);
#5981=ORIENTED_EDGE('',*,*,#4375,.F.);
#5982=ORIENTED_EDGE('',*,*,#4376,.F.);
#5983=ORIENTED_EDGE('',*,*,#4377,.F.);
#5984=ORIENTED_EDGE('',*,*,#4063,.T.);
#5985=ORIENTED_EDGE('',*,*,#4070,.T.);
#5986=ORIENTED_EDGE('',*,*,#4065,.F.);
#5987=ORIENTED_EDGE('',*,*,#4378,.F.);
#5988=ORIENTED_EDGE('',*,*,#4379,.T.);
#5989=ORIENTED_EDGE('',*,*,#4380,.F.);
#5990=ORIENTED_EDGE('',*,*,#4381,.F.);
#5991=ORIENTED_EDGE('',*,*,#4382,.F.);
#5992=ORIENTED_EDGE('',*,*,#4116,.T.);
#5993=ORIENTED_EDGE('',*,*,#4123,.T.);
#5994=ORIENTED_EDGE('',*,*,#4118,.F.);
#5995=ORIENTED_EDGE('',*,*,#4383,.F.);
#5996=ORIENTED_EDGE('',*,*,#4011,.T.);
#5997=ORIENTED_EDGE('',*,*,#4018,.T.);
#5998=ORIENTED_EDGE('',*,*,#4013,.F.);
#5999=ORIENTED_EDGE('',*,*,#4384,.F.);
#6000=ORIENTED_EDGE('',*,*,#4220,.T.);
#6001=ORIENTED_EDGE('',*,*,#4227,.T.);
#6002=ORIENTED_EDGE('',*,*,#4222,.F.);
#6003=ORIENTED_EDGE('',*,*,#4385,.F.);
#6004=ORIENTED_EDGE('',*,*,#4194,.T.);
#6005=ORIENTED_EDGE('',*,*,#4201,.T.);
#6006=ORIENTED_EDGE('',*,*,#4196,.F.);
#6007=ORIENTED_EDGE('',*,*,#4386,.F.);
#6008=ORIENTED_EDGE('',*,*,#4387,.T.);
#6009=ORIENTED_EDGE('',*,*,#4388,.F.);
#6010=ORIENTED_EDGE('',*,*,#4389,.F.);
#6011=ORIENTED_EDGE('',*,*,#4390,.F.);
#6012=ORIENTED_EDGE('',*,*,#4391,.T.);
#6013=ORIENTED_EDGE('',*,*,#4392,.F.);
#6014=ORIENTED_EDGE('',*,*,#4393,.F.);
#6015=ORIENTED_EDGE('',*,*,#4394,.F.);
#6016=ORIENTED_EDGE('',*,*,#4395,.T.);
#6017=ORIENTED_EDGE('',*,*,#4396,.F.);
#6018=ORIENTED_EDGE('',*,*,#4397,.F.);
#6019=ORIENTED_EDGE('',*,*,#4398,.F.);
#6020=ORIENTED_EDGE('',*,*,#4168,.T.);
#6021=ORIENTED_EDGE('',*,*,#4175,.T.);
#6022=ORIENTED_EDGE('',*,*,#4170,.F.);
#6023=ORIENTED_EDGE('',*,*,#4399,.F.);
#6024=ORIENTED_EDGE('',*,*,#3959,.T.);
#6025=ORIENTED_EDGE('',*,*,#3966,.T.);
#6026=ORIENTED_EDGE('',*,*,#3961,.F.);
#6027=ORIENTED_EDGE('',*,*,#4400,.F.);
#6028=ORIENTED_EDGE('',*,*,#4142,.T.);
#6029=ORIENTED_EDGE('',*,*,#4149,.T.);
#6030=ORIENTED_EDGE('',*,*,#4144,.F.);
#6031=ORIENTED_EDGE('',*,*,#4401,.F.);
#6032=ORIENTED_EDGE('',*,*,#3933,.T.);
#6033=ORIENTED_EDGE('',*,*,#3940,.T.);
#6034=ORIENTED_EDGE('',*,*,#3935,.F.);
#6035=ORIENTED_EDGE('',*,*,#4402,.F.);
#6036=ORIENTED_EDGE('',*,*,#4089,.T.);
#6037=ORIENTED_EDGE('',*,*,#4228,.F.);
#6038=ORIENTED_EDGE('',*,*,#4403,.T.);
#6039=ORIENTED_EDGE('',*,*,#4404,.F.);
#6040=ORIENTED_EDGE('',*,*,#4403,.F.);
#6041=ORIENTED_EDGE('',*,*,#4405,.T.);
#6042=ORIENTED_EDGE('',*,*,#4406,.T.);
#6043=ORIENTED_EDGE('',*,*,#4407,.T.);
#6044=ORIENTED_EDGE('',*,*,#4408,.T.);
#6045=ORIENTED_EDGE('',*,*,#4408,.F.);
#6046=ORIENTED_EDGE('',*,*,#4409,.T.);
#6047=ORIENTED_EDGE('',*,*,#4410,.F.);
#6048=ORIENTED_EDGE('',*,*,#4411,.F.);
#6049=ORIENTED_EDGE('',*,*,#4407,.F.);
#6050=ORIENTED_EDGE('',*,*,#4412,.F.);
#6051=ORIENTED_EDGE('',*,*,#4413,.T.);
#6052=ORIENTED_EDGE('',*,*,#4414,.F.);
#6053=ORIENTED_EDGE('',*,*,#4409,.F.);
#6054=ORIENTED_EDGE('',*,*,#4405,.F.);
#6055=ORIENTED_EDGE('',*,*,#4411,.T.);
#6056=ORIENTED_EDGE('',*,*,#4415,.F.);
#6057=ORIENTED_EDGE('',*,*,#4416,.F.);
#6058=ORIENTED_EDGE('',*,*,#4417,.F.);
#6059=ORIENTED_EDGE('',*,*,#4418,.F.);
#6060=ORIENTED_EDGE('',*,*,#4416,.T.);
#6061=ORIENTED_EDGE('',*,*,#4419,.F.);
#6062=ORIENTED_EDGE('',*,*,#4420,.F.);
#6063=ORIENTED_EDGE('',*,*,#4421,.F.);
#6064=ORIENTED_EDGE('',*,*,#4420,.T.);
#6065=ORIENTED_EDGE('',*,*,#4422,.F.);
#6066=ORIENTED_EDGE('',*,*,#4391,.F.);
#6067=ORIENTED_EDGE('',*,*,#4423,.F.);
#6068=ORIENTED_EDGE('',*,*,#4393,.T.);
#6069=ORIENTED_EDGE('',*,*,#4424,.F.);
#6070=ORIENTED_EDGE('',*,*,#4425,.F.);
#6071=ORIENTED_EDGE('',*,*,#4426,.F.);
#6072=ORIENTED_EDGE('',*,*,#4425,.T.);
#6073=ORIENTED_EDGE('',*,*,#4427,.F.);
#6074=ORIENTED_EDGE('',*,*,#4413,.F.);
#6075=ORIENTED_EDGE('',*,*,#4410,.T.);
#6076=ORIENTED_EDGE('',*,*,#4414,.T.);
#6077=ORIENTED_EDGE('',*,*,#4427,.T.);
#6078=ORIENTED_EDGE('',*,*,#4424,.T.);
#6079=ORIENTED_EDGE('',*,*,#4392,.T.);
#6080=ORIENTED_EDGE('',*,*,#4422,.T.);
#6081=ORIENTED_EDGE('',*,*,#4419,.T.);
#6082=ORIENTED_EDGE('',*,*,#4415,.T.);
#6083=ORIENTED_EDGE('',*,*,#4428,.T.);
#6084=ORIENTED_EDGE('',*,*,#4429,.T.);
#6085=ORIENTED_EDGE('',*,*,#4430,.T.);
#6086=ORIENTED_EDGE('',*,*,#4431,.T.);
#6087=ORIENTED_EDGE('',*,*,#4431,.F.);
#6088=ORIENTED_EDGE('',*,*,#4432,.T.);
#6089=ORIENTED_EDGE('',*,*,#4433,.F.);
#6090=ORIENTED_EDGE('',*,*,#4434,.F.);
#6091=ORIENTED_EDGE('',*,*,#4430,.F.);
#6092=ORIENTED_EDGE('',*,*,#4435,.F.);
#6093=ORIENTED_EDGE('',*,*,#4436,.T.);
#6094=ORIENTED_EDGE('',*,*,#4437,.F.);
#6095=ORIENTED_EDGE('',*,*,#4432,.F.);
#6096=ORIENTED_EDGE('',*,*,#4428,.F.);
#6097=ORIENTED_EDGE('',*,*,#4434,.T.);
#6098=ORIENTED_EDGE('',*,*,#4438,.F.);
#6099=ORIENTED_EDGE('',*,*,#4439,.F.);
#6100=ORIENTED_EDGE('',*,*,#4440,.F.);
#6101=ORIENTED_EDGE('',*,*,#4441,.F.);
#6102=ORIENTED_EDGE('',*,*,#4439,.T.);
#6103=ORIENTED_EDGE('',*,*,#4442,.F.);
#6104=ORIENTED_EDGE('',*,*,#4443,.F.);
#6105=ORIENTED_EDGE('',*,*,#4444,.F.);
#6106=ORIENTED_EDGE('',*,*,#4443,.T.);
#6107=ORIENTED_EDGE('',*,*,#4445,.F.);
#6108=ORIENTED_EDGE('',*,*,#4369,.F.);
#6109=ORIENTED_EDGE('',*,*,#4446,.F.);
#6110=ORIENTED_EDGE('',*,*,#4371,.T.);
#6111=ORIENTED_EDGE('',*,*,#4447,.F.);
#6112=ORIENTED_EDGE('',*,*,#4448,.F.);
#6113=ORIENTED_EDGE('',*,*,#4449,.F.);
#6114=ORIENTED_EDGE('',*,*,#4448,.T.);
#6115=ORIENTED_EDGE('',*,*,#4450,.F.);
#6116=ORIENTED_EDGE('',*,*,#4436,.F.);
#6117=ORIENTED_EDGE('',*,*,#4433,.T.);
#6118=ORIENTED_EDGE('',*,*,#4437,.T.);
#6119=ORIENTED_EDGE('',*,*,#4450,.T.);
#6120=ORIENTED_EDGE('',*,*,#4447,.T.);
#6121=ORIENTED_EDGE('',*,*,#4370,.T.);
#6122=ORIENTED_EDGE('',*,*,#4445,.T.);
#6123=ORIENTED_EDGE('',*,*,#4442,.T.);
#6124=ORIENTED_EDGE('',*,*,#4438,.T.);
#6125=ORIENTED_EDGE('',*,*,#4451,.T.);
#6126=ORIENTED_EDGE('',*,*,#4452,.T.);
#6127=ORIENTED_EDGE('',*,*,#4453,.T.);
#6128=ORIENTED_EDGE('',*,*,#4454,.T.);
#6129=ORIENTED_EDGE('',*,*,#4454,.F.);
#6130=ORIENTED_EDGE('',*,*,#4455,.T.);
#6131=ORIENTED_EDGE('',*,*,#4456,.F.);
#6132=ORIENTED_EDGE('',*,*,#4457,.F.);
#6133=ORIENTED_EDGE('',*,*,#4453,.F.);
#6134=ORIENTED_EDGE('',*,*,#4458,.F.);
#6135=ORIENTED_EDGE('',*,*,#4459,.T.);
#6136=ORIENTED_EDGE('',*,*,#4460,.F.);
#6137=ORIENTED_EDGE('',*,*,#4455,.F.);
#6138=ORIENTED_EDGE('',*,*,#4451,.F.);
#6139=ORIENTED_EDGE('',*,*,#4457,.T.);
#6140=ORIENTED_EDGE('',*,*,#4461,.F.);
#6141=ORIENTED_EDGE('',*,*,#4462,.F.);
#6142=ORIENTED_EDGE('',*,*,#4463,.F.);
#6143=ORIENTED_EDGE('',*,*,#4464,.F.);
#6144=ORIENTED_EDGE('',*,*,#4462,.T.);
#6145=ORIENTED_EDGE('',*,*,#4465,.F.);
#6146=ORIENTED_EDGE('',*,*,#4466,.F.);
#6147=ORIENTED_EDGE('',*,*,#4467,.F.);
#6148=ORIENTED_EDGE('',*,*,#4466,.T.);
#6149=ORIENTED_EDGE('',*,*,#4468,.F.);
#6150=ORIENTED_EDGE('',*,*,#4365,.F.);
#6151=ORIENTED_EDGE('',*,*,#4469,.F.);
#6152=ORIENTED_EDGE('',*,*,#4367,.T.);
#6153=ORIENTED_EDGE('',*,*,#4470,.F.);
#6154=ORIENTED_EDGE('',*,*,#4471,.F.);
#6155=ORIENTED_EDGE('',*,*,#4472,.F.);
#6156=ORIENTED_EDGE('',*,*,#4471,.T.);
#6157=ORIENTED_EDGE('',*,*,#4473,.F.);
#6158=ORIENTED_EDGE('',*,*,#4459,.F.);
#6159=ORIENTED_EDGE('',*,*,#4456,.T.);
#6160=ORIENTED_EDGE('',*,*,#4460,.T.);
#6161=ORIENTED_EDGE('',*,*,#4473,.T.);
#6162=ORIENTED_EDGE('',*,*,#4470,.T.);
#6163=ORIENTED_EDGE('',*,*,#4366,.T.);
#6164=ORIENTED_EDGE('',*,*,#4468,.T.);
#6165=ORIENTED_EDGE('',*,*,#4465,.T.);
#6166=ORIENTED_EDGE('',*,*,#4461,.T.);
#6167=ORIENTED_EDGE('',*,*,#4474,.T.);
#6168=ORIENTED_EDGE('',*,*,#4475,.T.);
#6169=ORIENTED_EDGE('',*,*,#4476,.T.);
#6170=ORIENTED_EDGE('',*,*,#4477,.T.);
#6171=ORIENTED_EDGE('',*,*,#4477,.F.);
#6172=ORIENTED_EDGE('',*,*,#4478,.T.);
#6173=ORIENTED_EDGE('',*,*,#4479,.F.);
#6174=ORIENTED_EDGE('',*,*,#4480,.F.);
#6175=ORIENTED_EDGE('',*,*,#4476,.F.);
#6176=ORIENTED_EDGE('',*,*,#4481,.F.);
#6177=ORIENTED_EDGE('',*,*,#4482,.T.);
#6178=ORIENTED_EDGE('',*,*,#4483,.F.);
#6179=ORIENTED_EDGE('',*,*,#4478,.F.);
#6180=ORIENTED_EDGE('',*,*,#4474,.F.);
#6181=ORIENTED_EDGE('',*,*,#4480,.T.);
#6182=ORIENTED_EDGE('',*,*,#4484,.F.);
#6183=ORIENTED_EDGE('',*,*,#4485,.F.);
#6184=ORIENTED_EDGE('',*,*,#4486,.F.);
#6185=ORIENTED_EDGE('',*,*,#4487,.F.);
#6186=ORIENTED_EDGE('',*,*,#4485,.T.);
#6187=ORIENTED_EDGE('',*,*,#4488,.F.);
#6188=ORIENTED_EDGE('',*,*,#4489,.F.);
#6189=ORIENTED_EDGE('',*,*,#4490,.F.);
#6190=ORIENTED_EDGE('',*,*,#4489,.T.);
#6191=ORIENTED_EDGE('',*,*,#4491,.F.);
#6192=ORIENTED_EDGE('',*,*,#4387,.F.);
#6193=ORIENTED_EDGE('',*,*,#4492,.F.);
#6194=ORIENTED_EDGE('',*,*,#4389,.T.);
#6195=ORIENTED_EDGE('',*,*,#4493,.F.);
#6196=ORIENTED_EDGE('',*,*,#4494,.F.);
#6197=ORIENTED_EDGE('',*,*,#4495,.F.);
#6198=ORIENTED_EDGE('',*,*,#4494,.T.);
#6199=ORIENTED_EDGE('',*,*,#4496,.F.);
#6200=ORIENTED_EDGE('',*,*,#4482,.F.);
#6201=ORIENTED_EDGE('',*,*,#4479,.T.);
#6202=ORIENTED_EDGE('',*,*,#4483,.T.);
#6203=ORIENTED_EDGE('',*,*,#4496,.T.);
#6204=ORIENTED_EDGE('',*,*,#4493,.T.);
#6205=ORIENTED_EDGE('',*,*,#4388,.T.);
#6206=ORIENTED_EDGE('',*,*,#4491,.T.);
#6207=ORIENTED_EDGE('',*,*,#4488,.T.);
#6208=ORIENTED_EDGE('',*,*,#4484,.T.);
#6209=ORIENTED_EDGE('',*,*,#4497,.T.);
#6210=ORIENTED_EDGE('',*,*,#4498,.T.);
#6211=ORIENTED_EDGE('',*,*,#4499,.T.);
#6212=ORIENTED_EDGE('',*,*,#4500,.T.);
#6213=ORIENTED_EDGE('',*,*,#4500,.F.);
#6214=ORIENTED_EDGE('',*,*,#4501,.T.);
#6215=ORIENTED_EDGE('',*,*,#4502,.F.);
#6216=ORIENTED_EDGE('',*,*,#4503,.F.);
#6217=ORIENTED_EDGE('',*,*,#4499,.F.);
#6218=ORIENTED_EDGE('',*,*,#4504,.F.);
#6219=ORIENTED_EDGE('',*,*,#4505,.T.);
#6220=ORIENTED_EDGE('',*,*,#4506,.F.);
#6221=ORIENTED_EDGE('',*,*,#4501,.F.);
#6222=ORIENTED_EDGE('',*,*,#4497,.F.);
#6223=ORIENTED_EDGE('',*,*,#4503,.T.);
#6224=ORIENTED_EDGE('',*,*,#4507,.F.);
#6225=ORIENTED_EDGE('',*,*,#4508,.F.);
#6226=ORIENTED_EDGE('',*,*,#4509,.F.);
#6227=ORIENTED_EDGE('',*,*,#4510,.F.);
#6228=ORIENTED_EDGE('',*,*,#4508,.T.);
#6229=ORIENTED_EDGE('',*,*,#4511,.F.);
#6230=ORIENTED_EDGE('',*,*,#4512,.F.);
#6231=ORIENTED_EDGE('',*,*,#4513,.F.);
#6232=ORIENTED_EDGE('',*,*,#4512,.T.);
#6233=ORIENTED_EDGE('',*,*,#4514,.F.);
#6234=ORIENTED_EDGE('',*,*,#4395,.F.);
#6235=ORIENTED_EDGE('',*,*,#4515,.F.);
#6236=ORIENTED_EDGE('',*,*,#4397,.T.);
#6237=ORIENTED_EDGE('',*,*,#4516,.F.);
#6238=ORIENTED_EDGE('',*,*,#4517,.F.);
#6239=ORIENTED_EDGE('',*,*,#4518,.F.);
#6240=ORIENTED_EDGE('',*,*,#4517,.T.);
#6241=ORIENTED_EDGE('',*,*,#4519,.F.);
#6242=ORIENTED_EDGE('',*,*,#4505,.F.);
#6243=ORIENTED_EDGE('',*,*,#4502,.T.);
#6244=ORIENTED_EDGE('',*,*,#4506,.T.);
#6245=ORIENTED_EDGE('',*,*,#4519,.T.);
#6246=ORIENTED_EDGE('',*,*,#4516,.T.);
#6247=ORIENTED_EDGE('',*,*,#4396,.T.);
#6248=ORIENTED_EDGE('',*,*,#4514,.T.);
#6249=ORIENTED_EDGE('',*,*,#4511,.T.);
#6250=ORIENTED_EDGE('',*,*,#4507,.T.);
#6251=ORIENTED_EDGE('',*,*,#4520,.T.);
#6252=ORIENTED_EDGE('',*,*,#4521,.T.);
#6253=ORIENTED_EDGE('',*,*,#4522,.T.);
#6254=ORIENTED_EDGE('',*,*,#4523,.T.);
#6255=ORIENTED_EDGE('',*,*,#4523,.F.);
#6256=ORIENTED_EDGE('',*,*,#4524,.T.);
#6257=ORIENTED_EDGE('',*,*,#4525,.F.);
#6258=ORIENTED_EDGE('',*,*,#4526,.F.);
#6259=ORIENTED_EDGE('',*,*,#4522,.F.);
#6260=ORIENTED_EDGE('',*,*,#4527,.F.);
#6261=ORIENTED_EDGE('',*,*,#4528,.T.);
#6262=ORIENTED_EDGE('',*,*,#4529,.F.);
#6263=ORIENTED_EDGE('',*,*,#4524,.F.);
#6264=ORIENTED_EDGE('',*,*,#4520,.F.);
#6265=ORIENTED_EDGE('',*,*,#4526,.T.);
#6266=ORIENTED_EDGE('',*,*,#4530,.F.);
#6267=ORIENTED_EDGE('',*,*,#4531,.F.);
#6268=ORIENTED_EDGE('',*,*,#4532,.F.);
#6269=ORIENTED_EDGE('',*,*,#4533,.F.);
#6270=ORIENTED_EDGE('',*,*,#4531,.T.);
#6271=ORIENTED_EDGE('',*,*,#4534,.F.);
#6272=ORIENTED_EDGE('',*,*,#4535,.F.);
#6273=ORIENTED_EDGE('',*,*,#4536,.F.);
#6274=ORIENTED_EDGE('',*,*,#4535,.T.);
#6275=ORIENTED_EDGE('',*,*,#4537,.F.);
#6276=ORIENTED_EDGE('',*,*,#4379,.F.);
#6277=ORIENTED_EDGE('',*,*,#4538,.F.);
#6278=ORIENTED_EDGE('',*,*,#4381,.T.);
#6279=ORIENTED_EDGE('',*,*,#4539,.F.);
#6280=ORIENTED_EDGE('',*,*,#4540,.F.);
#6281=ORIENTED_EDGE('',*,*,#4541,.F.);
#6282=ORIENTED_EDGE('',*,*,#4540,.T.);
#6283=ORIENTED_EDGE('',*,*,#4542,.F.);
#6284=ORIENTED_EDGE('',*,*,#4528,.F.);
#6285=ORIENTED_EDGE('',*,*,#4525,.T.);
#6286=ORIENTED_EDGE('',*,*,#4529,.T.);
#6287=ORIENTED_EDGE('',*,*,#4542,.T.);
#6288=ORIENTED_EDGE('',*,*,#4539,.T.);
#6289=ORIENTED_EDGE('',*,*,#4380,.T.);
#6290=ORIENTED_EDGE('',*,*,#4537,.T.);
#6291=ORIENTED_EDGE('',*,*,#4534,.T.);
#6292=ORIENTED_EDGE('',*,*,#4530,.T.);
#6293=ORIENTED_EDGE('',*,*,#4543,.T.);
#6294=ORIENTED_EDGE('',*,*,#4544,.T.);
#6295=ORIENTED_EDGE('',*,*,#4545,.T.);
#6296=ORIENTED_EDGE('',*,*,#4546,.T.);
#6297=ORIENTED_EDGE('',*,*,#4546,.F.);
#6298=ORIENTED_EDGE('',*,*,#4547,.T.);
#6299=ORIENTED_EDGE('',*,*,#4548,.F.);
#6300=ORIENTED_EDGE('',*,*,#4549,.F.);
#6301=ORIENTED_EDGE('',*,*,#4545,.F.);
#6302=ORIENTED_EDGE('',*,*,#4550,.F.);
#6303=ORIENTED_EDGE('',*,*,#4551,.T.);
#6304=ORIENTED_EDGE('',*,*,#4552,.F.);
#6305=ORIENTED_EDGE('',*,*,#4547,.F.);
#6306=ORIENTED_EDGE('',*,*,#4543,.F.);
#6307=ORIENTED_EDGE('',*,*,#4549,.T.);
#6308=ORIENTED_EDGE('',*,*,#4553,.F.);
#6309=ORIENTED_EDGE('',*,*,#4554,.F.);
#6310=ORIENTED_EDGE('',*,*,#4555,.F.);
#6311=ORIENTED_EDGE('',*,*,#4556,.F.);
#6312=ORIENTED_EDGE('',*,*,#4554,.T.);
#6313=ORIENTED_EDGE('',*,*,#4557,.F.);
#6314=ORIENTED_EDGE('',*,*,#4558,.F.);
#6315=ORIENTED_EDGE('',*,*,#4559,.F.);
#6316=ORIENTED_EDGE('',*,*,#4558,.T.);
#6317=ORIENTED_EDGE('',*,*,#4560,.F.);
#6318=ORIENTED_EDGE('',*,*,#4374,.F.);
#6319=ORIENTED_EDGE('',*,*,#4561,.F.);
#6320=ORIENTED_EDGE('',*,*,#4376,.T.);
#6321=ORIENTED_EDGE('',*,*,#4562,.F.);
#6322=ORIENTED_EDGE('',*,*,#4563,.F.);
#6323=ORIENTED_EDGE('',*,*,#4564,.F.);
#6324=ORIENTED_EDGE('',*,*,#4563,.T.);
#6325=ORIENTED_EDGE('',*,*,#4565,.F.);
#6326=ORIENTED_EDGE('',*,*,#4551,.F.);
#6327=ORIENTED_EDGE('',*,*,#4548,.T.);
#6328=ORIENTED_EDGE('',*,*,#4552,.T.);
#6329=ORIENTED_EDGE('',*,*,#4565,.T.);
#6330=ORIENTED_EDGE('',*,*,#4562,.T.);
#6331=ORIENTED_EDGE('',*,*,#4375,.T.);
#6332=ORIENTED_EDGE('',*,*,#4560,.T.);
#6333=ORIENTED_EDGE('',*,*,#4557,.T.);
#6334=ORIENTED_EDGE('',*,*,#4553,.T.);
#6335=ORIENTED_EDGE('',*,*,#4544,.F.);
#6336=ORIENTED_EDGE('',*,*,#4555,.T.);
#6337=ORIENTED_EDGE('',*,*,#4556,.T.);
#6338=ORIENTED_EDGE('',*,*,#4559,.T.);
#6339=ORIENTED_EDGE('',*,*,#4373,.T.);
#6340=ORIENTED_EDGE('',*,*,#3986,.T.);
#6341=ORIENTED_EDGE('',*,*,#3990,.T.);
#6342=ORIENTED_EDGE('',*,*,#3974,.T.);
#6343=ORIENTED_EDGE('',*,*,#3968,.F.);
#6344=ORIENTED_EDGE('',*,*,#3979,.T.);
#6345=ORIENTED_EDGE('',*,*,#3980,.T.);
#6346=ORIENTED_EDGE('',*,*,#3983,.T.);
#6347=ORIENTED_EDGE('',*,*,#4372,.T.);
#6348=ORIENTED_EDGE('',*,*,#4446,.T.);
#6349=ORIENTED_EDGE('',*,*,#4449,.T.);
#6350=ORIENTED_EDGE('',*,*,#4435,.T.);
#6351=ORIENTED_EDGE('',*,*,#4429,.F.);
#6352=ORIENTED_EDGE('',*,*,#4440,.T.);
#6353=ORIENTED_EDGE('',*,*,#4441,.T.);
#6354=ORIENTED_EDGE('',*,*,#4444,.T.);
#6355=ORIENTED_EDGE('',*,*,#4368,.T.);
#6356=ORIENTED_EDGE('',*,*,#4469,.T.);
#6357=ORIENTED_EDGE('',*,*,#4472,.T.);
#6358=ORIENTED_EDGE('',*,*,#4458,.T.);
#6359=ORIENTED_EDGE('',*,*,#4452,.F.);
#6360=ORIENTED_EDGE('',*,*,#4463,.T.);
#6361=ORIENTED_EDGE('',*,*,#4464,.T.);
#6362=ORIENTED_EDGE('',*,*,#4467,.T.);
#6363=ORIENTED_EDGE('',*,*,#4364,.T.);
#6364=ORIENTED_EDGE('',*,*,#4354,.T.);
#6365=ORIENTED_EDGE('',*,*,#4358,.T.);
#6366=ORIENTED_EDGE('',*,*,#4342,.T.);
#6367=ORIENTED_EDGE('',*,*,#4336,.F.);
#6368=ORIENTED_EDGE('',*,*,#4347,.T.);
#6369=ORIENTED_EDGE('',*,*,#4348,.T.);
#6370=ORIENTED_EDGE('',*,*,#4351,.T.);
#6371=ORIENTED_EDGE('',*,*,#4363,.T.);
#6372=ORIENTED_EDGE('',*,*,#4038,.T.);
#6373=ORIENTED_EDGE('',*,*,#4042,.T.);
#6374=ORIENTED_EDGE('',*,*,#4026,.T.);
#6375=ORIENTED_EDGE('',*,*,#4020,.F.);
#6376=ORIENTED_EDGE('',*,*,#4031,.T.);
#6377=ORIENTED_EDGE('',*,*,#4032,.T.);
#6378=ORIENTED_EDGE('',*,*,#4035,.T.);
#6379=ORIENTED_EDGE('',*,*,#4362,.T.);
#6380=ORIENTED_EDGE('',*,*,#4090,.T.);
#6381=ORIENTED_EDGE('',*,*,#4094,.T.);
#6382=ORIENTED_EDGE('',*,*,#4078,.T.);
#6383=ORIENTED_EDGE('',*,*,#4072,.F.);
#6384=ORIENTED_EDGE('',*,*,#4083,.T.);
#6385=ORIENTED_EDGE('',*,*,#4084,.T.);
#6386=ORIENTED_EDGE('',*,*,#4087,.T.);
#6387=ORIENTED_EDGE('',*,*,#4402,.T.);
#6388=ORIENTED_EDGE('',*,*,#3934,.T.);
#6389=ORIENTED_EDGE('',*,*,#3938,.T.);
#6390=ORIENTED_EDGE('',*,*,#3922,.T.);
#6391=ORIENTED_EDGE('',*,*,#3916,.F.);
#6392=ORIENTED_EDGE('',*,*,#3927,.T.);
#6393=ORIENTED_EDGE('',*,*,#3928,.T.);
#6394=ORIENTED_EDGE('',*,*,#3931,.T.);
#6395=ORIENTED_EDGE('',*,*,#4401,.T.);
#6396=ORIENTED_EDGE('',*,*,#4143,.T.);
#6397=ORIENTED_EDGE('',*,*,#4147,.T.);
#6398=ORIENTED_EDGE('',*,*,#4131,.T.);
#6399=ORIENTED_EDGE('',*,*,#4125,.F.);
#6400=ORIENTED_EDGE('',*,*,#4136,.T.);
#6401=ORIENTED_EDGE('',*,*,#4137,.T.);
#6402=ORIENTED_EDGE('',*,*,#4140,.T.);
#6403=ORIENTED_EDGE('',*,*,#4400,.T.);
#6404=ORIENTED_EDGE('',*,*,#3960,.T.);
#6405=ORIENTED_EDGE('',*,*,#3964,.T.);
#6406=ORIENTED_EDGE('',*,*,#3948,.T.);
#6407=ORIENTED_EDGE('',*,*,#3942,.F.);
#6408=ORIENTED_EDGE('',*,*,#3953,.T.);
#6409=ORIENTED_EDGE('',*,*,#3954,.T.);
#6410=ORIENTED_EDGE('',*,*,#3957,.T.);
#6411=ORIENTED_EDGE('',*,*,#4399,.T.);
#6412=ORIENTED_EDGE('',*,*,#4169,.T.);
#6413=ORIENTED_EDGE('',*,*,#4173,.T.);
#6414=ORIENTED_EDGE('',*,*,#4157,.T.);
#6415=ORIENTED_EDGE('',*,*,#4151,.F.);
#6416=ORIENTED_EDGE('',*,*,#4162,.T.);
#6417=ORIENTED_EDGE('',*,*,#4163,.T.);
#6418=ORIENTED_EDGE('',*,*,#4166,.T.);
#6419=ORIENTED_EDGE('',*,*,#4398,.T.);
#6420=ORIENTED_EDGE('',*,*,#4515,.T.);
#6421=ORIENTED_EDGE('',*,*,#4518,.T.);
#6422=ORIENTED_EDGE('',*,*,#4504,.T.);
#6423=ORIENTED_EDGE('',*,*,#4498,.F.);
#6424=ORIENTED_EDGE('',*,*,#4509,.T.);
#6425=ORIENTED_EDGE('',*,*,#4510,.T.);
#6426=ORIENTED_EDGE('',*,*,#4513,.T.);
#6427=ORIENTED_EDGE('',*,*,#4394,.T.);
#6428=ORIENTED_EDGE('',*,*,#4423,.T.);
#6429=ORIENTED_EDGE('',*,*,#4426,.T.);
#6430=ORIENTED_EDGE('',*,*,#4412,.T.);
#6431=ORIENTED_EDGE('',*,*,#4406,.F.);
#6432=ORIENTED_EDGE('',*,*,#4417,.T.);
#6433=ORIENTED_EDGE('',*,*,#4418,.T.);
#6434=ORIENTED_EDGE('',*,*,#4421,.T.);
#6435=ORIENTED_EDGE('',*,*,#4390,.T.);
#6436=ORIENTED_EDGE('',*,*,#4492,.T.);
#6437=ORIENTED_EDGE('',*,*,#4495,.T.);
#6438=ORIENTED_EDGE('',*,*,#4481,.T.);
#6439=ORIENTED_EDGE('',*,*,#4475,.F.);
#6440=ORIENTED_EDGE('',*,*,#4486,.T.);
#6441=ORIENTED_EDGE('',*,*,#4487,.T.);
#6442=ORIENTED_EDGE('',*,*,#4490,.T.);
#6443=ORIENTED_EDGE('',*,*,#4386,.T.);
#6444=ORIENTED_EDGE('',*,*,#4195,.T.);
#6445=ORIENTED_EDGE('',*,*,#4199,.T.);
#6446=ORIENTED_EDGE('',*,*,#4183,.T.);
#6447=ORIENTED_EDGE('',*,*,#4177,.F.);
#6448=ORIENTED_EDGE('',*,*,#4188,.T.);
#6449=ORIENTED_EDGE('',*,*,#4189,.T.);
#6450=ORIENTED_EDGE('',*,*,#4192,.T.);
#6451=ORIENTED_EDGE('',*,*,#4385,.T.);
#6452=ORIENTED_EDGE('',*,*,#4221,.T.);
#6453=ORIENTED_EDGE('',*,*,#4225,.T.);
#6454=ORIENTED_EDGE('',*,*,#4209,.T.);
#6455=ORIENTED_EDGE('',*,*,#4203,.F.);
#6456=ORIENTED_EDGE('',*,*,#4214,.T.);
#6457=ORIENTED_EDGE('',*,*,#4215,.T.);
#6458=ORIENTED_EDGE('',*,*,#4218,.T.);
#6459=ORIENTED_EDGE('',*,*,#4384,.T.);
#6460=ORIENTED_EDGE('',*,*,#4012,.T.);
#6461=ORIENTED_EDGE('',*,*,#4016,.T.);
#6462=ORIENTED_EDGE('',*,*,#4000,.T.);
#6463=ORIENTED_EDGE('',*,*,#3994,.F.);
#6464=ORIENTED_EDGE('',*,*,#4005,.T.);
#6465=ORIENTED_EDGE('',*,*,#4006,.T.);
#6466=ORIENTED_EDGE('',*,*,#4009,.T.);
#6467=ORIENTED_EDGE('',*,*,#4383,.T.);
#6468=ORIENTED_EDGE('',*,*,#4117,.T.);
#6469=ORIENTED_EDGE('',*,*,#4121,.T.);
#6470=ORIENTED_EDGE('',*,*,#4105,.T.);
#6471=ORIENTED_EDGE('',*,*,#4099,.F.);
#6472=ORIENTED_EDGE('',*,*,#4110,.T.);
#6473=ORIENTED_EDGE('',*,*,#4111,.T.);
#6474=ORIENTED_EDGE('',*,*,#4114,.T.);
#6475=ORIENTED_EDGE('',*,*,#4382,.T.);
#6476=ORIENTED_EDGE('',*,*,#4538,.T.);
#6477=ORIENTED_EDGE('',*,*,#4541,.T.);
#6478=ORIENTED_EDGE('',*,*,#4527,.T.);
#6479=ORIENTED_EDGE('',*,*,#4521,.F.);
#6480=ORIENTED_EDGE('',*,*,#4532,.T.);
#6481=ORIENTED_EDGE('',*,*,#4533,.T.);
#6482=ORIENTED_EDGE('',*,*,#4536,.T.);
#6483=ORIENTED_EDGE('',*,*,#4378,.T.);
#6484=ORIENTED_EDGE('',*,*,#4064,.T.);
#6485=ORIENTED_EDGE('',*,*,#4068,.T.);
#6486=ORIENTED_EDGE('',*,*,#4052,.T.);
#6487=ORIENTED_EDGE('',*,*,#4046,.F.);
#6488=ORIENTED_EDGE('',*,*,#4057,.T.);
#6489=ORIENTED_EDGE('',*,*,#4058,.T.);
#6490=ORIENTED_EDGE('',*,*,#4061,.T.);
#6491=ORIENTED_EDGE('',*,*,#4377,.T.);
#6492=ORIENTED_EDGE('',*,*,#4561,.T.);
#6493=ORIENTED_EDGE('',*,*,#4564,.T.);
#6494=ORIENTED_EDGE('',*,*,#4550,.T.);
#6495=ORIENTED_EDGE('',*,*,#4404,.T.);
#6496=ORIENTED_EDGE('',*,*,#4566,.F.);
#6497=ORIENTED_EDGE('',*,*,#4567,.T.);
#6498=ORIENTED_EDGE('',*,*,#4568,.T.);
#6499=ORIENTED_EDGE('',*,*,#4567,.F.);
#6500=ORIENTED_EDGE('',*,*,#4568,.F.);
#6501=ORIENTED_EDGE('',*,*,#4569,.T.);
#6502=ORIENTED_EDGE('',*,*,#4570,.F.);
#6503=ORIENTED_EDGE('',*,*,#4569,.F.);
#6504=ORIENTED_EDGE('',*,*,#4571,.F.);
#6505=ORIENTED_EDGE('',*,*,#4572,.T.);
#6506=ORIENTED_EDGE('',*,*,#4573,.T.);
#6507=ORIENTED_EDGE('',*,*,#4572,.F.);
#6508=ORIENTED_EDGE('',*,*,#4573,.F.);
#6509=ORIENTED_EDGE('',*,*,#4574,.T.);
#6510=ORIENTED_EDGE('',*,*,#4575,.F.);
#6511=ORIENTED_EDGE('',*,*,#4574,.F.);
#6512=ORIENTED_EDGE('',*,*,#4576,.F.);
#6513=ORIENTED_EDGE('',*,*,#4577,.T.);
#6514=ORIENTED_EDGE('',*,*,#4578,.T.);
#6515=ORIENTED_EDGE('',*,*,#4577,.F.);
#6516=ORIENTED_EDGE('',*,*,#4578,.F.);
#6517=ORIENTED_EDGE('',*,*,#4579,.T.);
#6518=ORIENTED_EDGE('',*,*,#4580,.F.);
#6519=ORIENTED_EDGE('',*,*,#4579,.F.);
#6520=ORIENTED_EDGE('',*,*,#4581,.F.);
#6521=ORIENTED_EDGE('',*,*,#4582,.T.);
#6522=ORIENTED_EDGE('',*,*,#4583,.T.);
#6523=ORIENTED_EDGE('',*,*,#4582,.F.);
#6524=ORIENTED_EDGE('',*,*,#4583,.F.);
#6525=ORIENTED_EDGE('',*,*,#4584,.T.);
#6526=ORIENTED_EDGE('',*,*,#4585,.F.);
#6527=ORIENTED_EDGE('',*,*,#4584,.F.);
#6528=ORIENTED_EDGE('',*,*,#4586,.T.);
#6529=ORIENTED_EDGE('',*,*,#4587,.T.);
#6530=ORIENTED_EDGE('',*,*,#4588,.T.);
#6531=ORIENTED_EDGE('',*,*,#4589,.F.);
#6532=ORIENTED_EDGE('',*,*,#4590,.T.);
#6533=ORIENTED_EDGE('',*,*,#4591,.T.);
#6534=ORIENTED_EDGE('',*,*,#4592,.T.);
#6535=ORIENTED_EDGE('',*,*,#4587,.F.);
#6536=ORIENTED_EDGE('',*,*,#4593,.T.);
#6537=ORIENTED_EDGE('',*,*,#4594,.T.);
#6538=ORIENTED_EDGE('',*,*,#4595,.T.);
#6539=ORIENTED_EDGE('',*,*,#4591,.F.);
#6540=ORIENTED_EDGE('',*,*,#4596,.T.);
#6541=ORIENTED_EDGE('',*,*,#4597,.T.);
#6542=ORIENTED_EDGE('',*,*,#4598,.T.);
#6543=ORIENTED_EDGE('',*,*,#4594,.F.);
#6544=ORIENTED_EDGE('',*,*,#4599,.T.);
#6545=ORIENTED_EDGE('',*,*,#4600,.T.);
#6546=ORIENTED_EDGE('',*,*,#4601,.T.);
#6547=ORIENTED_EDGE('',*,*,#4597,.F.);
#6548=ORIENTED_EDGE('',*,*,#4602,.T.);
#6549=ORIENTED_EDGE('',*,*,#4603,.T.);
#6550=ORIENTED_EDGE('',*,*,#4604,.T.);
#6551=ORIENTED_EDGE('',*,*,#4600,.F.);
#6552=ORIENTED_EDGE('',*,*,#4605,.T.);
#6553=ORIENTED_EDGE('',*,*,#4606,.T.);
#6554=ORIENTED_EDGE('',*,*,#4607,.T.);
#6555=ORIENTED_EDGE('',*,*,#4603,.F.);
#6556=ORIENTED_EDGE('',*,*,#4608,.T.);
#6557=ORIENTED_EDGE('',*,*,#4609,.T.);
#6558=ORIENTED_EDGE('',*,*,#4610,.T.);
#6559=ORIENTED_EDGE('',*,*,#4606,.F.);
#6560=ORIENTED_EDGE('',*,*,#4611,.T.);
#6561=ORIENTED_EDGE('',*,*,#4612,.T.);
#6562=ORIENTED_EDGE('',*,*,#4613,.T.);
#6563=ORIENTED_EDGE('',*,*,#4609,.F.);
#6564=ORIENTED_EDGE('',*,*,#4614,.T.);
#6565=ORIENTED_EDGE('',*,*,#4612,.F.);
#6566=ORIENTED_EDGE('',*,*,#4615,.T.);
#6567=ORIENTED_EDGE('',*,*,#4616,.T.);
#6568=ORIENTED_EDGE('',*,*,#4617,.T.);
#6569=ORIENTED_EDGE('',*,*,#4616,.F.);
#6570=ORIENTED_EDGE('',*,*,#4618,.T.);
#6571=ORIENTED_EDGE('',*,*,#4619,.T.);
#6572=ORIENTED_EDGE('',*,*,#4620,.T.);
#6573=ORIENTED_EDGE('',*,*,#4619,.F.);
#6574=ORIENTED_EDGE('',*,*,#4621,.T.);
#6575=ORIENTED_EDGE('',*,*,#4622,.T.);
#6576=ORIENTED_EDGE('',*,*,#4623,.T.);
#6577=ORIENTED_EDGE('',*,*,#4622,.F.);
#6578=ORIENTED_EDGE('',*,*,#4624,.T.);
#6579=ORIENTED_EDGE('',*,*,#4625,.T.);
#6580=ORIENTED_EDGE('',*,*,#4626,.T.);
#6581=ORIENTED_EDGE('',*,*,#4625,.F.);
#6582=ORIENTED_EDGE('',*,*,#4627,.T.);
#6583=ORIENTED_EDGE('',*,*,#4628,.T.);
#6584=ORIENTED_EDGE('',*,*,#4629,.T.);
#6585=ORIENTED_EDGE('',*,*,#4628,.F.);
#6586=ORIENTED_EDGE('',*,*,#4630,.T.);
#6587=ORIENTED_EDGE('',*,*,#4631,.T.);
#6588=ORIENTED_EDGE('',*,*,#4632,.T.);
#6589=ORIENTED_EDGE('',*,*,#4631,.F.);
#6590=ORIENTED_EDGE('',*,*,#4633,.T.);
#6591=ORIENTED_EDGE('',*,*,#4589,.T.);
#6592=ORIENTED_EDGE('',*,*,#4614,.F.);
#6593=ORIENTED_EDGE('',*,*,#4634,.F.);
#6594=ORIENTED_EDGE('',*,*,#4635,.F.);
#6595=ORIENTED_EDGE('',*,*,#4636,.T.);
#6596=ORIENTED_EDGE('',*,*,#4617,.F.);
#6597=ORIENTED_EDGE('',*,*,#4637,.F.);
#6598=ORIENTED_EDGE('',*,*,#4638,.T.);
#6599=ORIENTED_EDGE('',*,*,#4634,.T.);
#6600=ORIENTED_EDGE('',*,*,#4620,.F.);
#6601=ORIENTED_EDGE('',*,*,#4639,.F.);
#6602=ORIENTED_EDGE('',*,*,#4640,.F.);
#6603=ORIENTED_EDGE('',*,*,#4637,.T.);
#6604=ORIENTED_EDGE('',*,*,#4623,.F.);
#6605=ORIENTED_EDGE('',*,*,#4641,.F.);
#6606=ORIENTED_EDGE('',*,*,#4642,.T.);
#6607=ORIENTED_EDGE('',*,*,#4639,.T.);
#6608=ORIENTED_EDGE('',*,*,#4626,.F.);
#6609=ORIENTED_EDGE('',*,*,#4643,.F.);
#6610=ORIENTED_EDGE('',*,*,#4644,.F.);
#6611=ORIENTED_EDGE('',*,*,#4641,.T.);
#6612=ORIENTED_EDGE('',*,*,#4629,.F.);
#6613=ORIENTED_EDGE('',*,*,#4645,.F.);
#6614=ORIENTED_EDGE('',*,*,#4646,.T.);
#6615=ORIENTED_EDGE('',*,*,#4643,.T.);
#6616=ORIENTED_EDGE('',*,*,#4632,.F.);
#6617=ORIENTED_EDGE('',*,*,#4647,.F.);
#6618=ORIENTED_EDGE('',*,*,#4648,.T.);
#6619=ORIENTED_EDGE('',*,*,#4645,.T.);
#6620=ORIENTED_EDGE('',*,*,#4588,.F.);
#6621=ORIENTED_EDGE('',*,*,#4649,.F.);
#6622=ORIENTED_EDGE('',*,*,#4650,.T.);
#6623=ORIENTED_EDGE('',*,*,#4647,.T.);
#6624=ORIENTED_EDGE('',*,*,#4611,.F.);
#6625=ORIENTED_EDGE('',*,*,#4608,.F.);
#6626=ORIENTED_EDGE('',*,*,#4605,.F.);
#6627=ORIENTED_EDGE('',*,*,#4602,.F.);
#6628=ORIENTED_EDGE('',*,*,#4599,.F.);
#6629=ORIENTED_EDGE('',*,*,#4596,.F.);
#6630=ORIENTED_EDGE('',*,*,#4593,.F.);
#6631=ORIENTED_EDGE('',*,*,#4590,.F.);
#6632=ORIENTED_EDGE('',*,*,#4586,.F.);
#6633=ORIENTED_EDGE('',*,*,#4633,.F.);
#6634=ORIENTED_EDGE('',*,*,#4630,.F.);
#6635=ORIENTED_EDGE('',*,*,#4627,.F.);
#6636=ORIENTED_EDGE('',*,*,#4624,.F.);
#6637=ORIENTED_EDGE('',*,*,#4621,.F.);
#6638=ORIENTED_EDGE('',*,*,#4618,.F.);
#6639=ORIENTED_EDGE('',*,*,#4615,.F.);
#6640=ORIENTED_EDGE('',*,*,#4651,.T.);
#6641=ORIENTED_EDGE('',*,*,#4652,.T.);
#6642=ORIENTED_EDGE('',*,*,#4653,.T.);
#6643=ORIENTED_EDGE('',*,*,#4654,.T.);
#6644=ORIENTED_EDGE('',*,*,#4655,.T.);
#6645=ORIENTED_EDGE('',*,*,#4656,.T.);
#6646=ORIENTED_EDGE('',*,*,#4657,.T.);
#6647=ORIENTED_EDGE('',*,*,#4658,.T.);
#6648=ORIENTED_EDGE('',*,*,#4659,.T.);
#6649=ORIENTED_EDGE('',*,*,#4660,.T.);
#6650=ORIENTED_EDGE('',*,*,#4661,.T.);
#6651=ORIENTED_EDGE('',*,*,#4662,.T.);
#6652=ORIENTED_EDGE('',*,*,#4663,.T.);
#6653=ORIENTED_EDGE('',*,*,#4664,.T.);
#6654=ORIENTED_EDGE('',*,*,#4665,.T.);
#6655=ORIENTED_EDGE('',*,*,#4666,.T.);
#6656=ORIENTED_EDGE('',*,*,#4581,.T.);
#6657=ORIENTED_EDGE('',*,*,#4576,.T.);
#6658=ORIENTED_EDGE('',*,*,#4571,.T.);
#6659=ORIENTED_EDGE('',*,*,#4566,.T.);
#6660=ORIENTED_EDGE('',*,*,#4667,.T.);
#6661=ORIENTED_EDGE('',*,*,#4668,.T.);
#6662=ORIENTED_EDGE('',*,*,#4666,.F.);
#6663=ORIENTED_EDGE('',*,*,#4669,.F.);
#6664=ORIENTED_EDGE('',*,*,#4670,.T.);
#6665=ORIENTED_EDGE('',*,*,#4669,.T.);
#6666=ORIENTED_EDGE('',*,*,#4665,.F.);
#6667=ORIENTED_EDGE('',*,*,#4671,.F.);
#6668=ORIENTED_EDGE('',*,*,#4672,.T.);
#6669=ORIENTED_EDGE('',*,*,#4671,.T.);
#6670=ORIENTED_EDGE('',*,*,#4664,.F.);
#6671=ORIENTED_EDGE('',*,*,#4673,.F.);
#6672=ORIENTED_EDGE('',*,*,#4674,.T.);
#6673=ORIENTED_EDGE('',*,*,#4673,.T.);
#6674=ORIENTED_EDGE('',*,*,#4663,.F.);
#6675=ORIENTED_EDGE('',*,*,#4668,.F.);
#6676=ORIENTED_EDGE('',*,*,#4675,.T.);
#6677=ORIENTED_EDGE('',*,*,#4676,.T.);
#6678=ORIENTED_EDGE('',*,*,#4662,.F.);
#6679=ORIENTED_EDGE('',*,*,#4677,.F.);
#6680=ORIENTED_EDGE('',*,*,#4678,.T.);
#6681=ORIENTED_EDGE('',*,*,#4677,.T.);
#6682=ORIENTED_EDGE('',*,*,#4661,.F.);
#6683=ORIENTED_EDGE('',*,*,#4679,.F.);
#6684=ORIENTED_EDGE('',*,*,#4680,.T.);
#6685=ORIENTED_EDGE('',*,*,#4679,.T.);
#6686=ORIENTED_EDGE('',*,*,#4660,.F.);
#6687=ORIENTED_EDGE('',*,*,#4681,.F.);
#6688=ORIENTED_EDGE('',*,*,#4682,.T.);
#6689=ORIENTED_EDGE('',*,*,#4681,.T.);
#6690=ORIENTED_EDGE('',*,*,#4659,.F.);
#6691=ORIENTED_EDGE('',*,*,#4676,.F.);
#6692=ORIENTED_EDGE('',*,*,#4683,.T.);
#6693=ORIENTED_EDGE('',*,*,#4684,.T.);
#6694=ORIENTED_EDGE('',*,*,#4658,.F.);
#6695=ORIENTED_EDGE('',*,*,#4685,.F.);
#6696=ORIENTED_EDGE('',*,*,#4686,.T.);
#6697=ORIENTED_EDGE('',*,*,#4685,.T.);
#6698=ORIENTED_EDGE('',*,*,#4657,.F.);
#6699=ORIENTED_EDGE('',*,*,#4687,.F.);
#6700=ORIENTED_EDGE('',*,*,#4688,.T.);
#6701=ORIENTED_EDGE('',*,*,#4687,.T.);
#6702=ORIENTED_EDGE('',*,*,#4656,.F.);
#6703=ORIENTED_EDGE('',*,*,#4689,.F.);
#6704=ORIENTED_EDGE('',*,*,#4690,.T.);
#6705=ORIENTED_EDGE('',*,*,#4689,.T.);
#6706=ORIENTED_EDGE('',*,*,#4655,.F.);
#6707=ORIENTED_EDGE('',*,*,#4684,.F.);
#6708=ORIENTED_EDGE('',*,*,#4691,.T.);
#6709=ORIENTED_EDGE('',*,*,#4692,.T.);
#6710=ORIENTED_EDGE('',*,*,#4654,.F.);
#6711=ORIENTED_EDGE('',*,*,#4693,.F.);
#6712=ORIENTED_EDGE('',*,*,#4694,.T.);
#6713=ORIENTED_EDGE('',*,*,#4693,.T.);
#6714=ORIENTED_EDGE('',*,*,#4653,.F.);
#6715=ORIENTED_EDGE('',*,*,#4695,.F.);
#6716=ORIENTED_EDGE('',*,*,#4696,.T.);
#6717=ORIENTED_EDGE('',*,*,#4695,.T.);
#6718=ORIENTED_EDGE('',*,*,#4652,.F.);
#6719=ORIENTED_EDGE('',*,*,#4697,.F.);
#6720=ORIENTED_EDGE('',*,*,#4698,.T.);
#6721=ORIENTED_EDGE('',*,*,#4697,.T.);
#6722=ORIENTED_EDGE('',*,*,#4651,.F.);
#6723=ORIENTED_EDGE('',*,*,#4692,.F.);
#6724=ORIENTED_EDGE('',*,*,#4592,.F.);
#6725=ORIENTED_EDGE('',*,*,#4699,.F.);
#6726=ORIENTED_EDGE('',*,*,#4700,.T.);
#6727=ORIENTED_EDGE('',*,*,#4649,.T.);
#6728=ORIENTED_EDGE('',*,*,#4595,.F.);
#6729=ORIENTED_EDGE('',*,*,#4701,.F.);
#6730=ORIENTED_EDGE('',*,*,#4702,.T.);
#6731=ORIENTED_EDGE('',*,*,#4699,.T.);
#6732=ORIENTED_EDGE('',*,*,#4598,.F.);
#6733=ORIENTED_EDGE('',*,*,#4703,.F.);
#6734=ORIENTED_EDGE('',*,*,#4704,.T.);
#6735=ORIENTED_EDGE('',*,*,#4701,.T.);
#6736=ORIENTED_EDGE('',*,*,#4601,.F.);
#6737=ORIENTED_EDGE('',*,*,#4705,.F.);
#6738=ORIENTED_EDGE('',*,*,#4706,.T.);
#6739=ORIENTED_EDGE('',*,*,#4703,.T.);
#6740=ORIENTED_EDGE('',*,*,#4604,.F.);
#6741=ORIENTED_EDGE('',*,*,#4707,.F.);
#6742=ORIENTED_EDGE('',*,*,#4708,.T.);
#6743=ORIENTED_EDGE('',*,*,#4705,.T.);
#6744=ORIENTED_EDGE('',*,*,#4607,.F.);
#6745=ORIENTED_EDGE('',*,*,#4709,.F.);
#6746=ORIENTED_EDGE('',*,*,#4710,.T.);
#6747=ORIENTED_EDGE('',*,*,#4707,.T.);
#6748=ORIENTED_EDGE('',*,*,#4610,.F.);
#6749=ORIENTED_EDGE('',*,*,#4711,.F.);
#6750=ORIENTED_EDGE('',*,*,#4712,.F.);
#6751=ORIENTED_EDGE('',*,*,#4709,.T.);
#6752=ORIENTED_EDGE('',*,*,#4613,.F.);
#6753=ORIENTED_EDGE('',*,*,#4636,.F.);
#6754=ORIENTED_EDGE('',*,*,#4713,.T.);
#6755=ORIENTED_EDGE('',*,*,#4711,.T.);
#6756=ORIENTED_EDGE('',*,*,#4638,.F.);
#6757=ORIENTED_EDGE('',*,*,#4640,.T.);
#6758=ORIENTED_EDGE('',*,*,#4642,.F.);
#6759=ORIENTED_EDGE('',*,*,#4644,.T.);
#6760=ORIENTED_EDGE('',*,*,#4646,.F.);
#6761=ORIENTED_EDGE('',*,*,#4648,.F.);
#6762=ORIENTED_EDGE('',*,*,#4650,.F.);
#6763=ORIENTED_EDGE('',*,*,#4700,.F.);
#6764=ORIENTED_EDGE('',*,*,#4702,.F.);
#6765=ORIENTED_EDGE('',*,*,#4704,.F.);
#6766=ORIENTED_EDGE('',*,*,#4706,.F.);
#6767=ORIENTED_EDGE('',*,*,#4708,.F.);
#6768=ORIENTED_EDGE('',*,*,#4710,.F.);
#6769=ORIENTED_EDGE('',*,*,#4712,.T.);
#6770=ORIENTED_EDGE('',*,*,#4713,.F.);
#6771=ORIENTED_EDGE('',*,*,#4635,.T.);
#6772=ORIENTED_EDGE('',*,*,#4674,.F.);
#6773=ORIENTED_EDGE('',*,*,#4667,.F.);
#6774=ORIENTED_EDGE('',*,*,#4670,.F.);
#6775=ORIENTED_EDGE('',*,*,#4672,.F.);
#6776=ORIENTED_EDGE('',*,*,#4682,.F.);
#6777=ORIENTED_EDGE('',*,*,#4675,.F.);
#6778=ORIENTED_EDGE('',*,*,#4678,.F.);
#6779=ORIENTED_EDGE('',*,*,#4680,.F.);
#6780=ORIENTED_EDGE('',*,*,#4690,.F.);
#6781=ORIENTED_EDGE('',*,*,#4683,.F.);
#6782=ORIENTED_EDGE('',*,*,#4686,.F.);
#6783=ORIENTED_EDGE('',*,*,#4688,.F.);
#6784=ORIENTED_EDGE('',*,*,#4698,.F.);
#6785=ORIENTED_EDGE('',*,*,#4691,.F.);
#6786=ORIENTED_EDGE('',*,*,#4694,.F.);
#6787=ORIENTED_EDGE('',*,*,#4696,.F.);
#6788=ORIENTED_EDGE('',*,*,#4585,.T.);
#6789=ORIENTED_EDGE('',*,*,#4580,.T.);
#6790=ORIENTED_EDGE('',*,*,#4575,.T.);
#6791=ORIENTED_EDGE('',*,*,#4570,.T.);
#6792=ORIENTED_EDGE('',*,*,#4714,.F.);
#6793=ORIENTED_EDGE('',*,*,#4715,.T.);
#6794=ORIENTED_EDGE('',*,*,#4716,.F.);
#6795=ORIENTED_EDGE('',*,*,#4717,.T.);
#6796=ORIENTED_EDGE('',*,*,#4718,.F.);
#6797=ORIENTED_EDGE('',*,*,#4717,.F.);
#6798=ORIENTED_EDGE('',*,*,#4719,.F.);
#6799=ORIENTED_EDGE('',*,*,#4720,.F.);
#6800=ORIENTED_EDGE('',*,*,#4714,.T.);
#6801=ORIENTED_EDGE('',*,*,#4718,.T.);
#6802=ORIENTED_EDGE('',*,*,#4721,.F.);
#6803=ORIENTED_EDGE('',*,*,#4722,.T.);
#6804=ORIENTED_EDGE('',*,*,#4723,.T.);
#6805=ORIENTED_EDGE('',*,*,#4724,.F.);
#6806=ORIENTED_EDGE('',*,*,#4725,.F.);
#6807=ORIENTED_EDGE('',*,*,#4726,.T.);
#6808=ORIENTED_EDGE('',*,*,#4727,.T.);
#6809=ORIENTED_EDGE('',*,*,#4728,.T.);
#6810=ORIENTED_EDGE('',*,*,#4729,.F.);
#6811=ORIENTED_EDGE('',*,*,#4730,.T.);
#6812=ORIENTED_EDGE('',*,*,#4731,.T.);
#6813=ORIENTED_EDGE('',*,*,#4732,.T.);
#6814=ORIENTED_EDGE('',*,*,#4733,.T.);
#6815=ORIENTED_EDGE('',*,*,#4734,.T.);
#6816=ORIENTED_EDGE('',*,*,#4720,.T.);
#6817=ORIENTED_EDGE('',*,*,#4735,.T.);
#6818=ORIENTED_EDGE('',*,*,#4736,.T.);
#6819=ORIENTED_EDGE('',*,*,#4721,.T.);
#6820=ORIENTED_EDGE('',*,*,#4719,.T.);
#6821=ORIENTED_EDGE('',*,*,#4716,.T.);
#6822=ORIENTED_EDGE('',*,*,#4737,.F.);
#6823=ORIENTED_EDGE('',*,*,#4738,.T.);
#6824=ORIENTED_EDGE('',*,*,#4739,.T.);
#6825=ORIENTED_EDGE('',*,*,#4740,.T.);
#6826=ORIENTED_EDGE('',*,*,#4741,.T.);
#6827=ORIENTED_EDGE('',*,*,#4742,.T.);
#6828=ORIENTED_EDGE('',*,*,#4743,.T.);
#6829=ORIENTED_EDGE('',*,*,#4744,.T.);
#6830=ORIENTED_EDGE('',*,*,#4745,.T.);
#6831=ORIENTED_EDGE('',*,*,#4735,.F.);
#6832=ORIENTED_EDGE('',*,*,#4745,.F.);
#6833=ORIENTED_EDGE('',*,*,#4746,.T.);
#6834=ORIENTED_EDGE('',*,*,#4722,.F.);
#6835=ORIENTED_EDGE('',*,*,#4736,.F.);
#6836=ORIENTED_EDGE('',*,*,#4744,.F.);
#6837=ORIENTED_EDGE('',*,*,#4747,.F.);
#6838=ORIENTED_EDGE('',*,*,#4723,.F.);
#6839=ORIENTED_EDGE('',*,*,#4746,.F.);
#6840=ORIENTED_EDGE('',*,*,#4748,.F.);
#6841=ORIENTED_EDGE('',*,*,#4749,.T.);
#6842=ORIENTED_EDGE('',*,*,#4733,.F.);
#6843=ORIENTED_EDGE('',*,*,#4750,.F.);
#6844=ORIENTED_EDGE('',*,*,#4748,.T.);
#6845=ORIENTED_EDGE('',*,*,#4751,.F.);
#6846=ORIENTED_EDGE('',*,*,#4752,.F.);
#6847=ORIENTED_EDGE('',*,*,#4753,.F.);
#6848=ORIENTED_EDGE('',*,*,#4754,.F.);
#6849=ORIENTED_EDGE('',*,*,#4755,.F.);
#6850=ORIENTED_EDGE('',*,*,#4756,.T.);
#6851=ORIENTED_EDGE('',*,*,#4757,.T.);
#6852=ORIENTED_EDGE('',*,*,#4758,.T.);
#6853=ORIENTED_EDGE('',*,*,#4759,.F.);
#6854=ORIENTED_EDGE('',*,*,#4760,.T.);
#6855=ORIENTED_EDGE('',*,*,#4751,.T.);
#6856=ORIENTED_EDGE('',*,*,#4750,.T.);
#6857=ORIENTED_EDGE('',*,*,#4732,.F.);
#6858=ORIENTED_EDGE('',*,*,#4747,.T.);
#6859=ORIENTED_EDGE('',*,*,#4743,.F.);
#6860=ORIENTED_EDGE('',*,*,#4761,.T.);
#6861=ORIENTED_EDGE('',*,*,#4724,.T.);
#6862=ORIENTED_EDGE('',*,*,#4762,.F.);
#6863=ORIENTED_EDGE('',*,*,#4728,.F.);
#6864=ORIENTED_EDGE('',*,*,#4763,.T.);
#6865=ORIENTED_EDGE('',*,*,#4756,.F.);
#6866=ORIENTED_EDGE('',*,*,#4764,.F.);
#6867=ORIENTED_EDGE('',*,*,#4758,.F.);
#6868=ORIENTED_EDGE('',*,*,#4765,.T.);
#6869=ORIENTED_EDGE('',*,*,#4726,.F.);
#6870=ORIENTED_EDGE('',*,*,#4757,.F.);
#6871=ORIENTED_EDGE('',*,*,#4763,.F.);
#6872=ORIENTED_EDGE('',*,*,#4727,.F.);
#6873=ORIENTED_EDGE('',*,*,#4765,.F.);
#6874=ORIENTED_EDGE('',*,*,#4766,.F.);
#6875=ORIENTED_EDGE('',*,*,#4767,.F.);
#6876=ORIENTED_EDGE('',*,*,#4768,.T.);
#6877=ORIENTED_EDGE('',*,*,#4739,.F.);
#6878=ORIENTED_EDGE('',*,*,#4769,.F.);
#6879=ORIENTED_EDGE('',*,*,#4741,.F.);
#6880=ORIENTED_EDGE('',*,*,#4770,.T.);
#6881=ORIENTED_EDGE('',*,*,#4771,.F.);
#6882=ORIENTED_EDGE('',*,*,#4770,.F.);
#6883=ORIENTED_EDGE('',*,*,#4740,.F.);
#6884=ORIENTED_EDGE('',*,*,#4768,.F.);
#6885=ORIENTED_EDGE('',*,*,#4772,.F.);
#6886=ORIENTED_EDGE('',*,*,#4766,.T.);
#6887=ORIENTED_EDGE('',*,*,#4738,.F.);
#6888=ORIENTED_EDGE('',*,*,#4773,.F.);
#6889=ORIENTED_EDGE('',*,*,#4774,.F.);
#6890=ORIENTED_EDGE('',*,*,#4725,.T.);
#6891=ORIENTED_EDGE('',*,*,#4761,.F.);
#6892=ORIENTED_EDGE('',*,*,#4742,.F.);
#6893=ORIENTED_EDGE('',*,*,#4769,.T.);
#6894=ORIENTED_EDGE('',*,*,#4775,.F.);
#6895=ORIENTED_EDGE('',*,*,#4776,.T.);
#6896=ORIENTED_EDGE('',*,*,#4759,.T.);
#6897=ORIENTED_EDGE('',*,*,#4764,.T.);
#6898=ORIENTED_EDGE('',*,*,#4762,.T.);
#6899=ORIENTED_EDGE('',*,*,#4755,.T.);
#6900=ORIENTED_EDGE('',*,*,#4777,.T.);
#6901=ORIENTED_EDGE('',*,*,#4729,.T.);
#6902=ORIENTED_EDGE('',*,*,#4734,.F.);
#6903=ORIENTED_EDGE('',*,*,#4749,.F.);
#6904=ORIENTED_EDGE('',*,*,#4753,.T.);
#6905=ORIENTED_EDGE('',*,*,#4778,.F.);
#6906=ORIENTED_EDGE('',*,*,#4775,.T.);
#6907=ORIENTED_EDGE('',*,*,#4771,.T.);
#6908=ORIENTED_EDGE('',*,*,#4772,.T.);
#6909=ORIENTED_EDGE('',*,*,#4767,.T.);
#6910=ORIENTED_EDGE('',*,*,#4774,.T.);
#6911=ORIENTED_EDGE('',*,*,#4779,.T.);
#6912=ORIENTED_EDGE('',*,*,#4752,.T.);
#6913=ORIENTED_EDGE('',*,*,#4760,.F.);
#6914=ORIENTED_EDGE('',*,*,#4776,.F.);
#6915=ORIENTED_EDGE('',*,*,#4778,.T.);
#6916=ORIENTED_EDGE('',*,*,#4730,.F.);
#6917=ORIENTED_EDGE('',*,*,#4777,.F.);
#6918=ORIENTED_EDGE('',*,*,#4754,.T.);
#6919=ORIENTED_EDGE('',*,*,#4731,.F.);
#6920=ORIENTED_EDGE('',*,*,#4779,.F.);
#6921=ORIENTED_EDGE('',*,*,#4773,.T.);
#6922=ORIENTED_EDGE('',*,*,#4737,.T.);
#6923=ORIENTED_EDGE('',*,*,#4715,.F.);
#6924=CYLINDRICAL_SURFACE('',#7505,2.50000000000001);
#6925=CYLINDRICAL_SURFACE('',#7508,3.5);
#6926=CYLINDRICAL_SURFACE('',#7511,3.5);
#6927=CYLINDRICAL_SURFACE('',#7514,3.5);
#6928=CYLINDRICAL_SURFACE('',#7517,3.5);
#6929=CYLINDRICAL_SURFACE('',#7522,6.);
#6930=CYLINDRICAL_SURFACE('',#7528,6.);
#6931=CYLINDRICAL_SURFACE('',#7532,6.);
#6932=CYLINDRICAL_SURFACE('',#7537,6.);
#6933=CYLINDRICAL_SURFACE('',#7593,4.25000000000001);
#6934=CYLINDRICAL_SURFACE('',#7598,2.49999999999999);
#6935=CYLINDRICAL_SURFACE('',#7613,2.475);
#6936=CYLINDRICAL_SURFACE('',#7619,1.01550929628819);
#6937=CYLINDRICAL_SURFACE('',#7622,0.0625);
#6938=CYLINDRICAL_SURFACE('',#7625,0.0625);
#6939=CYLINDRICAL_SURFACE('',#7628,1.01550929628819);
#6940=CYLINDRICAL_SURFACE('',#7637,2.475);
#6941=CYLINDRICAL_SURFACE('',#7643,1.01550929628819);
#6942=CYLINDRICAL_SURFACE('',#7646,0.0625);
#6943=CYLINDRICAL_SURFACE('',#7649,0.0625);
#6944=CYLINDRICAL_SURFACE('',#7652,1.01550929628819);
#6945=CYLINDRICAL_SURFACE('',#7661,2.475);
#6946=CYLINDRICAL_SURFACE('',#7667,1.01550929628819);
#6947=CYLINDRICAL_SURFACE('',#7670,0.0625);
#6948=CYLINDRICAL_SURFACE('',#7673,0.0625);
#6949=CYLINDRICAL_SURFACE('',#7676,1.01550929628819);
#6950=CYLINDRICAL_SURFACE('',#7685,2.475);
#6951=CYLINDRICAL_SURFACE('',#7691,1.01550929628819);
#6952=CYLINDRICAL_SURFACE('',#7694,0.0625);
#6953=CYLINDRICAL_SURFACE('',#7697,0.0625);
#6954=CYLINDRICAL_SURFACE('',#7700,1.01550929628819);
#6955=CYLINDRICAL_SURFACE('',#7709,2.475);
#6956=CYLINDRICAL_SURFACE('',#7715,1.01550929628819);
#6957=CYLINDRICAL_SURFACE('',#7718,0.0625);
#6958=CYLINDRICAL_SURFACE('',#7721,0.0625);
#6959=CYLINDRICAL_SURFACE('',#7724,1.01550929628819);
#6960=CYLINDRICAL_SURFACE('',#7733,2.475);
#6961=CYLINDRICAL_SURFACE('',#7739,1.01550929628819);
#6962=CYLINDRICAL_SURFACE('',#7742,0.0625);
#6963=CYLINDRICAL_SURFACE('',#7745,0.0625);
#6964=CYLINDRICAL_SURFACE('',#7748,1.01550929628819);
#6965=CYLINDRICAL_SURFACE('',#7757,2.475);
#6966=CYLINDRICAL_SURFACE('',#7763,1.01550929628819);
#6967=CYLINDRICAL_SURFACE('',#7766,0.0625);
#6968=CYLINDRICAL_SURFACE('',#7769,0.0625);
#6969=CYLINDRICAL_SURFACE('',#7772,1.01550929628819);
#6970=CYLINDRICAL_SURFACE('',#7782,2.475);
#6971=CYLINDRICAL_SURFACE('',#7788,1.01550929628819);
#6972=CYLINDRICAL_SURFACE('',#7791,0.0625);
#6973=CYLINDRICAL_SURFACE('',#7794,0.0625);
#6974=CYLINDRICAL_SURFACE('',#7797,1.01550929628819);
#6975=CYLINDRICAL_SURFACE('',#7806,2.475);
#6976=CYLINDRICAL_SURFACE('',#7812,1.01550929628819);
#6977=CYLINDRICAL_SURFACE('',#7815,0.0625);
#6978=CYLINDRICAL_SURFACE('',#7818,0.0625);
#6979=CYLINDRICAL_SURFACE('',#7821,1.01550929628819);
#6980=CYLINDRICAL_SURFACE('',#7830,2.475);
#6981=CYLINDRICAL_SURFACE('',#7836,1.01550929628819);
#6982=CYLINDRICAL_SURFACE('',#7839,0.0625);
#6983=CYLINDRICAL_SURFACE('',#7842,0.0625);
#6984=CYLINDRICAL_SURFACE('',#7845,1.01550929628819);
#6985=CYLINDRICAL_SURFACE('',#7854,2.475);
#6986=CYLINDRICAL_SURFACE('',#7860,1.01550929628819);
#6987=CYLINDRICAL_SURFACE('',#7863,0.0625);
#6988=CYLINDRICAL_SURFACE('',#7866,0.0625);
#6989=CYLINDRICAL_SURFACE('',#7869,1.01550929628819);
#6990=CYLINDRICAL_SURFACE('',#7878,2.475);
#6991=CYLINDRICAL_SURFACE('',#7884,1.01550929628819);
#6992=CYLINDRICAL_SURFACE('',#7887,0.0625);
#6993=CYLINDRICAL_SURFACE('',#7890,0.0625);
#6994=CYLINDRICAL_SURFACE('',#7893,1.01550929628819);
#6995=CYLINDRICAL_SURFACE('',#7903,0.4);
#6996=CYLINDRICAL_SURFACE('',#7911,0.4);
#6997=CYLINDRICAL_SURFACE('',#7914,0.4);
#6998=CYLINDRICAL_SURFACE('',#7917,0.4);
#6999=CYLINDRICAL_SURFACE('',#7919,0.2);
#7000=CYLINDRICAL_SURFACE('',#7925,0.2);
#7001=CYLINDRICAL_SURFACE('',#7934,2.5);
#7002=CYLINDRICAL_SURFACE('',#7939,1.375);
#7003=CYLINDRICAL_SURFACE('',#7949,1.375);
#7004=CYLINDRICAL_SURFACE('',#7952,2.55);
#7005=CYLINDRICAL_SURFACE('',#7955,5.9);
#7006=CYLINDRICAL_SURFACE('',#7969,2.475);
#7007=CYLINDRICAL_SURFACE('',#7975,1.01550929628819);
#7008=CYLINDRICAL_SURFACE('',#7978,0.0625);
#7009=CYLINDRICAL_SURFACE('',#7981,0.0625);
#7010=CYLINDRICAL_SURFACE('',#7984,1.01550929628819);
#7011=CYLINDRICAL_SURFACE('',#7989,2.1835);
#7012=CYLINDRICAL_SURFACE('',#8017,1.0065);
#7013=CYLINDRICAL_SURFACE('',#8023,2.475);
#7014=CYLINDRICAL_SURFACE('',#8029,1.01550929628819);
#7015=CYLINDRICAL_SURFACE('',#8032,0.0625);
#7016=CYLINDRICAL_SURFACE('',#8035,0.0625);
#7017=CYLINDRICAL_SURFACE('',#8038,1.01550929628819);
#7018=CYLINDRICAL_SURFACE('',#8046,2.475);
#7019=CYLINDRICAL_SURFACE('',#8052,1.01550929628819);
#7020=CYLINDRICAL_SURFACE('',#8055,0.0625);
#7021=CYLINDRICAL_SURFACE('',#8058,0.0625);
#7022=CYLINDRICAL_SURFACE('',#8061,1.01550929628819);
#7023=CYLINDRICAL_SURFACE('',#8069,2.475);
#7024=CYLINDRICAL_SURFACE('',#8075,1.01550929628819);
#7025=CYLINDRICAL_SURFACE('',#8078,0.0625);
#7026=CYLINDRICAL_SURFACE('',#8081,0.0625);
#7027=CYLINDRICAL_SURFACE('',#8084,1.01550929628819);
#7028=CYLINDRICAL_SURFACE('',#8092,2.475);
#7029=CYLINDRICAL_SURFACE('',#8098,1.01550929628819);
#7030=CYLINDRICAL_SURFACE('',#8101,0.0625);
#7031=CYLINDRICAL_SURFACE('',#8104,0.0625);
#7032=CYLINDRICAL_SURFACE('',#8107,1.01550929628819);
#7033=CYLINDRICAL_SURFACE('',#8115,2.475);
#7034=CYLINDRICAL_SURFACE('',#8121,1.01550929628819);
#7035=CYLINDRICAL_SURFACE('',#8124,0.0625);
#7036=CYLINDRICAL_SURFACE('',#8127,0.0625);
#7037=CYLINDRICAL_SURFACE('',#8130,1.01550929628819);
#7038=CYLINDRICAL_SURFACE('',#8138,2.475);
#7039=CYLINDRICAL_SURFACE('',#8144,1.01550929628819);
#7040=CYLINDRICAL_SURFACE('',#8147,0.0625);
#7041=CYLINDRICAL_SURFACE('',#8150,0.0625);
#7042=CYLINDRICAL_SURFACE('',#8153,1.01550929628819);
#7043=CYLINDRICAL_SURFACE('',#8161,2.475);
#7044=CYLINDRICAL_SURFACE('',#8167,1.01550929628819);
#7045=CYLINDRICAL_SURFACE('',#8170,0.0625);
#7046=CYLINDRICAL_SURFACE('',#8173,0.0625);
#7047=CYLINDRICAL_SURFACE('',#8176,1.01550929628819);
#7048=CYLINDRICAL_SURFACE('',#8193,1.65);
#7049=CYLINDRICAL_SURFACE('',#8198,1.65);
#7050=CYLINDRICAL_SURFACE('',#8203,1.65);
#7051=CYLINDRICAL_SURFACE('',#8208,1.65);
#7052=CYLINDRICAL_SURFACE('',#8243,75.);
#7053=CYLINDRICAL_SURFACE('',#8246,10.);
#7054=CYLINDRICAL_SURFACE('',#8249,75.);
#7055=CYLINDRICAL_SURFACE('',#8252,10.);
#7056=CYLINDRICAL_SURFACE('',#8263,21.);
#7057=CYLINDRICAL_SURFACE('',#8266,50.);
#7058=CYLINDRICAL_SURFACE('',#8269,50.);
#7059=CYLINDRICAL_SURFACE('',#8272,21.);
#7060=CYLINDRICAL_SURFACE('',#8276,21.);
#7061=CYLINDRICAL_SURFACE('',#8279,50.);
#7062=CYLINDRICAL_SURFACE('',#8282,21.);
#7063=CYLINDRICAL_SURFACE('',#8285,50.);
#7064=CYLINDRICAL_SURFACE('',#8288,75.);
#7065=CYLINDRICAL_SURFACE('',#8291,10.);
#7066=CYLINDRICAL_SURFACE('',#8294,75.);
#7067=CYLINDRICAL_SURFACE('',#8297,10.);
#7068=ADVANCED_FACE('',(#698),#6924,.F.);
#7069=ADVANCED_FACE('',(#699),#6925,.F.);
#7070=ADVANCED_FACE('',(#700),#6926,.F.);
#7071=ADVANCED_FACE('',(#701),#6927,.F.);
#7072=ADVANCED_FACE('',(#702),#6928,.F.);
#7073=ADVANCED_FACE('',(#703,#495),#539,.T.);
#7074=ADVANCED_FACE('',(#704),#6929,.T.);
#7075=ADVANCED_FACE('',(#705,#496,#497,#498),#540,.T.);
#7076=ADVANCED_FACE('',(#706,#499),#541,.T.);
#7077=ADVANCED_FACE('',(#707),#542,.T.);
#7078=ADVANCED_FACE('',(#708),#6930,.T.);
#7079=ADVANCED_FACE('',(#709),#543,.T.);
#7080=ADVANCED_FACE('',(#710),#6931,.T.);
#7081=ADVANCED_FACE('',(#711),#544,.T.);
#7082=ADVANCED_FACE('',(#712),#545,.T.);
#7083=ADVANCED_FACE('',(#713),#6932,.T.);
#7084=ADVANCED_FACE('',(#714),#546,.T.);
#7085=ADVANCED_FACE('',(#715,#500),#547,.T.);
#7086=ADVANCED_FACE('',(#716),#548,.T.);
#7087=ADVANCED_FACE('',(#717,#501),#549,.T.);
#7088=ADVANCED_FACE('',(#718),#550,.T.);
#7089=ADVANCED_FACE('',(#719,#502),#551,.T.);
#7090=ADVANCED_FACE('',(#720),#552,.T.);
#7091=ADVANCED_FACE('',(#721,#503),#553,.T.);
#7092=ADVANCED_FACE('',(#722),#554,.T.);
#7093=ADVANCED_FACE('',(#723,#504),#555,.T.);
#7094=ADVANCED_FACE('',(#724),#556,.T.);
#7095=ADVANCED_FACE('',(#725,#505),#557,.T.);
#7096=ADVANCED_FACE('',(#726),#558,.T.);
#7097=ADVANCED_FACE('',(#727),#559,.T.);
#7098=ADVANCED_FACE('',(#728),#560,.T.);
#7099=ADVANCED_FACE('',(#729,#506),#561,.T.);
#7100=ADVANCED_FACE('',(#730),#562,.T.);
#7101=ADVANCED_FACE('',(#731),#563,.T.);
#7102=ADVANCED_FACE('',(#732),#564,.T.);
#7103=ADVANCED_FACE('',(#733),#565,.T.);
#7104=ADVANCED_FACE('',(#734,#507),#566,.T.);
#7105=ADVANCED_FACE('',(#735),#567,.T.);
#7106=ADVANCED_FACE('',(#736,#508,#509,#510),#568,.F.);
#7107=ADVANCED_FACE('',(#737),#569,.F.);
#7108=ADVANCED_FACE('',(#738),#570,.F.);
#7109=ADVANCED_FACE('',(#739,#511,#512,#513),#571,.F.);
#7110=ADVANCED_FACE('',(#740),#572,.T.);
#7111=ADVANCED_FACE('',(#741),#573,.T.);
#7112=ADVANCED_FACE('',(#742),#574,.T.);
#7113=ADVANCED_FACE('',(#743),#575,.F.);
#7114=ADVANCED_FACE('',(#744),#576,.T.);
#7115=ADVANCED_FACE('',(#745,#514),#577,.T.);
#7116=ADVANCED_FACE('',(#746),#578,.F.);
#7117=ADVANCED_FACE('',(#747),#579,.T.);
#7118=ADVANCED_FACE('',(#748),#580,.T.);
#7119=ADVANCED_FACE('',(#749),#581,.T.);
#7120=ADVANCED_FACE('',(#750),#582,.T.);
#7121=ADVANCED_FACE('',(#751),#583,.T.);
#7122=ADVANCED_FACE('',(#752),#584,.T.);
#7123=ADVANCED_FACE('',(#753),#585,.T.);
#7124=ADVANCED_FACE('',(#754),#586,.T.);
#7125=ADVANCED_FACE('',(#755),#587,.T.);
#7126=ADVANCED_FACE('',(#756),#588,.T.);
#7127=ADVANCED_FACE('',(#757),#589,.T.);
#7128=ADVANCED_FACE('',(#758),#590,.T.);
#7129=ADVANCED_FACE('',(#759,#515,#516,#517),#591,.T.);
#7130=ADVANCED_FACE('',(#760),#592,.T.);
#7131=ADVANCED_FACE('',(#761),#593,.T.);
#7132=ADVANCED_FACE('',(#762),#594,.T.);
#7133=ADVANCED_FACE('',(#763),#6933,.T.);
#7134=ADVANCED_FACE('',(#764,#518),#595,.F.);
#7135=ADVANCED_FACE('',(#765),#6934,.T.);
#7136=ADVANCED_FACE('',(#766),#596,.T.);
#7137=ADVANCED_FACE('',(#767),#597,.T.);
#7138=ADVANCED_FACE('',(#768),#598,.T.);
#7139=ADVANCED_FACE('',(#769),#599,.T.);
#7140=ADVANCED_FACE('',(#770),#600,.T.);
#7141=ADVANCED_FACE('',(#771),#601,.T.);
#7142=ADVANCED_FACE('',(#772),#602,.T.);
#7143=ADVANCED_FACE('',(#773),#196,.T.);
#7144=ADVANCED_FACE('',(#774),#6935,.T.);
#7145=ADVANCED_FACE('',(#775),#14,.T.);
#7146=ADVANCED_FACE('',(#776),#15,.T.);
#7147=ADVANCED_FACE('',(#777),#6936,.T.);
#7148=ADVANCED_FACE('',(#778),#6937,.F.);
#7149=ADVANCED_FACE('',(#779),#6938,.F.);
#7150=ADVANCED_FACE('',(#780),#6939,.T.);
#7151=ADVANCED_FACE('',(#781),#603,.T.);
#7152=ADVANCED_FACE('',(#782),#197,.T.);
#7153=ADVANCED_FACE('',(#783),#6940,.T.);
#7154=ADVANCED_FACE('',(#784),#16,.T.);
#7155=ADVANCED_FACE('',(#785),#17,.T.);
#7156=ADVANCED_FACE('',(#786),#6941,.T.);
#7157=ADVANCED_FACE('',(#787),#6942,.F.);
#7158=ADVANCED_FACE('',(#788),#6943,.F.);
#7159=ADVANCED_FACE('',(#789),#6944,.T.);
#7160=ADVANCED_FACE('',(#790),#604,.T.);
#7161=ADVANCED_FACE('',(#791),#198,.T.);
#7162=ADVANCED_FACE('',(#792),#6945,.T.);
#7163=ADVANCED_FACE('',(#793),#18,.T.);
#7164=ADVANCED_FACE('',(#794),#19,.T.);
#7165=ADVANCED_FACE('',(#795),#6946,.T.);
#7166=ADVANCED_FACE('',(#796),#6947,.F.);
#7167=ADVANCED_FACE('',(#797),#6948,.F.);
#7168=ADVANCED_FACE('',(#798),#6949,.T.);
#7169=ADVANCED_FACE('',(#799),#605,.T.);
#7170=ADVANCED_FACE('',(#800),#199,.T.);
#7171=ADVANCED_FACE('',(#801),#6950,.T.);
#7172=ADVANCED_FACE('',(#802),#20,.T.);
#7173=ADVANCED_FACE('',(#803),#21,.T.);
#7174=ADVANCED_FACE('',(#804),#6951,.T.);
#7175=ADVANCED_FACE('',(#805),#6952,.F.);
#7176=ADVANCED_FACE('',(#806),#6953,.F.);
#7177=ADVANCED_FACE('',(#807),#6954,.T.);
#7178=ADVANCED_FACE('',(#808),#606,.T.);
#7179=ADVANCED_FACE('',(#809),#200,.T.);
#7180=ADVANCED_FACE('',(#810),#6955,.T.);
#7181=ADVANCED_FACE('',(#811),#22,.T.);
#7182=ADVANCED_FACE('',(#812),#23,.T.);
#7183=ADVANCED_FACE('',(#813),#6956,.T.);
#7184=ADVANCED_FACE('',(#814),#6957,.F.);
#7185=ADVANCED_FACE('',(#815),#6958,.F.);
#7186=ADVANCED_FACE('',(#816),#6959,.T.);
#7187=ADVANCED_FACE('',(#817),#607,.T.);
#7188=ADVANCED_FACE('',(#818),#201,.T.);
#7189=ADVANCED_FACE('',(#819),#6960,.T.);
#7190=ADVANCED_FACE('',(#820),#24,.T.);
#7191=ADVANCED_FACE('',(#821),#25,.T.);
#7192=ADVANCED_FACE('',(#822),#6961,.T.);
#7193=ADVANCED_FACE('',(#823),#6962,.F.);
#7194=ADVANCED_FACE('',(#824),#6963,.F.);
#7195=ADVANCED_FACE('',(#825),#6964,.T.);
#7196=ADVANCED_FACE('',(#826),#608,.T.);
#7197=ADVANCED_FACE('',(#827),#202,.T.);
#7198=ADVANCED_FACE('',(#828),#6965,.T.);
#7199=ADVANCED_FACE('',(#829),#26,.T.);
#7200=ADVANCED_FACE('',(#830),#27,.T.);
#7201=ADVANCED_FACE('',(#831),#6966,.T.);
#7202=ADVANCED_FACE('',(#832),#6967,.F.);
#7203=ADVANCED_FACE('',(#833),#6968,.F.);
#7204=ADVANCED_FACE('',(#834),#6969,.T.);
#7205=ADVANCED_FACE('',(#835),#609,.T.);
#7206=ADVANCED_FACE('',(#836),#203,.T.);
#7207=ADVANCED_FACE('',(#837),#6970,.T.);
#7208=ADVANCED_FACE('',(#838),#28,.T.);
#7209=ADVANCED_FACE('',(#839),#29,.T.);
#7210=ADVANCED_FACE('',(#840),#6971,.T.);
#7211=ADVANCED_FACE('',(#841),#6972,.F.);
#7212=ADVANCED_FACE('',(#842),#6973,.F.);
#7213=ADVANCED_FACE('',(#843),#6974,.T.);
#7214=ADVANCED_FACE('',(#844),#610,.T.);
#7215=ADVANCED_FACE('',(#845),#204,.T.);
#7216=ADVANCED_FACE('',(#846),#6975,.T.);
#7217=ADVANCED_FACE('',(#847),#30,.T.);
#7218=ADVANCED_FACE('',(#848),#31,.T.);
#7219=ADVANCED_FACE('',(#849),#6976,.T.);
#7220=ADVANCED_FACE('',(#850),#6977,.F.);
#7221=ADVANCED_FACE('',(#851),#6978,.F.);
#7222=ADVANCED_FACE('',(#852),#6979,.T.);
#7223=ADVANCED_FACE('',(#853),#611,.T.);
#7224=ADVANCED_FACE('',(#854),#205,.T.);
#7225=ADVANCED_FACE('',(#855),#6980,.T.);
#7226=ADVANCED_FACE('',(#856),#32,.T.);
#7227=ADVANCED_FACE('',(#857),#33,.T.);
#7228=ADVANCED_FACE('',(#858),#6981,.T.);
#7229=ADVANCED_FACE('',(#859),#6982,.F.);
#7230=ADVANCED_FACE('',(#860),#6983,.F.);
#7231=ADVANCED_FACE('',(#861),#6984,.T.);
#7232=ADVANCED_FACE('',(#862),#612,.T.);
#7233=ADVANCED_FACE('',(#863),#206,.T.);
#7234=ADVANCED_FACE('',(#864),#6985,.T.);
#7235=ADVANCED_FACE('',(#865),#34,.T.);
#7236=ADVANCED_FACE('',(#866),#35,.T.);
#7237=ADVANCED_FACE('',(#867),#6986,.T.);
#7238=ADVANCED_FACE('',(#868),#6987,.F.);
#7239=ADVANCED_FACE('',(#869),#6988,.F.);
#7240=ADVANCED_FACE('',(#870),#6989,.T.);
#7241=ADVANCED_FACE('',(#871),#613,.T.);
#7242=ADVANCED_FACE('',(#872),#207,.T.);
#7243=ADVANCED_FACE('',(#873),#6990,.T.);
#7244=ADVANCED_FACE('',(#874),#36,.T.);
#7245=ADVANCED_FACE('',(#875),#37,.T.);
#7246=ADVANCED_FACE('',(#876),#6991,.T.);
#7247=ADVANCED_FACE('',(#877),#6992,.F.);
#7248=ADVANCED_FACE('',(#878),#6993,.F.);
#7249=ADVANCED_FACE('',(#879),#6994,.T.);
#7250=ADVANCED_FACE('',(#880),#614,.T.);
#7251=ADVANCED_FACE('',(#881),#615,.T.);
#7252=ADVANCED_FACE('',(#882,#519),#616,.T.);
#7253=ADVANCED_FACE('',(#883),#6995,.T.);
#7254=ADVANCED_FACE('',(#884),#617,.T.);
#7255=ADVANCED_FACE('',(#885),#618,.T.);
#7256=ADVANCED_FACE('',(#886),#6996,.T.);
#7257=ADVANCED_FACE('',(#887),#619,.F.);
#7258=ADVANCED_FACE('',(#888),#6997,.T.);
#7259=ADVANCED_FACE('',(#889),#620,.T.);
#7260=ADVANCED_FACE('',(#890),#6998,.T.);
#7261=ADVANCED_FACE('',(#891),#6999,.F.);
#7262=ADVANCED_FACE('',(#892),#11,.F.);
#7263=ADVANCED_FACE('',(#893),#7000,.F.);
#7264=ADVANCED_FACE('',(#894),#12,.F.);
#7265=ADVANCED_FACE('',(#895),#13,.F.);
#7266=ADVANCED_FACE('',(#896),#38,.T.);
#7267=ADVANCED_FACE('',(#897),#39,.T.);
#7268=ADVANCED_FACE('',(#898),#7001,.T.);
#7269=ADVANCED_FACE('',(#899),#621,.T.);
#7270=ADVANCED_FACE('',(#900),#622,.T.);
#7271=ADVANCED_FACE('',(#901),#623,.T.);
#7272=ADVANCED_FACE('',(#902),#7002,.F.);
#7273=ADVANCED_FACE('',(#903),#624,.T.);
#7274=ADVANCED_FACE('',(#904),#625,.T.);
#7275=ADVANCED_FACE('',(#905),#626,.T.);
#7276=ADVANCED_FACE('',(#906),#627,.F.);
#7277=ADVANCED_FACE('',(#907),#628,.F.);
#7278=ADVANCED_FACE('',(#908),#629,.T.);
#7279=ADVANCED_FACE('',(#909),#630,.T.);
#7280=ADVANCED_FACE('',(#910),#7003,.F.);
#7281=ADVANCED_FACE('',(#911),#7004,.F.);
#7282=ADVANCED_FACE('',(#912),#631,.T.);
#7283=ADVANCED_FACE('',(#913),#7005,.T.);
#7284=ADVANCED_FACE('',(#914,#520),#632,.F.);
#7285=ADVANCED_FACE('',(#915),#633,.T.);
#7286=ADVANCED_FACE('',(#916),#634,.T.);
#7287=ADVANCED_FACE('',(#917),#635,.T.);
#7288=ADVANCED_FACE('',(#918),#636,.T.);
#7289=ADVANCED_FACE('',(#919),#637,.T.);
#7290=ADVANCED_FACE('',(#920),#638,.T.);
#7291=ADVANCED_FACE('',(#921),#639,.T.);
#7292=ADVANCED_FACE('',(#922),#208,.T.);
#7293=ADVANCED_FACE('',(#923),#7006,.T.);
#7294=ADVANCED_FACE('',(#924),#40,.T.);
#7295=ADVANCED_FACE('',(#925),#41,.T.);
#7296=ADVANCED_FACE('',(#926),#7007,.T.);
#7297=ADVANCED_FACE('',(#927),#7008,.F.);
#7298=ADVANCED_FACE('',(#928),#7009,.F.);
#7299=ADVANCED_FACE('',(#929),#7010,.T.);
#7300=ADVANCED_FACE('',(#930),#640,.T.);
#7301=ADVANCED_FACE('',(#931),#7011,.T.);
#7302=ADVANCED_FACE('',(#932),#7012,.F.);
#7303=ADVANCED_FACE('',(#933),#209,.T.);
#7304=ADVANCED_FACE('',(#934),#7013,.T.);
#7305=ADVANCED_FACE('',(#935),#42,.T.);
#7306=ADVANCED_FACE('',(#936),#43,.T.);
#7307=ADVANCED_FACE('',(#937),#7014,.T.);
#7308=ADVANCED_FACE('',(#938),#7015,.F.);
#7309=ADVANCED_FACE('',(#939),#7016,.F.);
#7310=ADVANCED_FACE('',(#940),#7017,.T.);
#7311=ADVANCED_FACE('',(#941),#641,.T.);
#7312=ADVANCED_FACE('',(#942),#210,.T.);
#7313=ADVANCED_FACE('',(#943),#7018,.T.);
#7314=ADVANCED_FACE('',(#944),#44,.T.);
#7315=ADVANCED_FACE('',(#945),#45,.T.);
#7316=ADVANCED_FACE('',(#946),#7019,.T.);
#7317=ADVANCED_FACE('',(#947),#7020,.F.);
#7318=ADVANCED_FACE('',(#948),#7021,.F.);
#7319=ADVANCED_FACE('',(#949),#7022,.T.);
#7320=ADVANCED_FACE('',(#950),#642,.T.);
#7321=ADVANCED_FACE('',(#951),#211,.T.);
#7322=ADVANCED_FACE('',(#952),#7023,.T.);
#7323=ADVANCED_FACE('',(#953),#46,.T.);
#7324=ADVANCED_FACE('',(#954),#47,.T.);
#7325=ADVANCED_FACE('',(#955),#7024,.T.);
#7326=ADVANCED_FACE('',(#956),#7025,.F.);
#7327=ADVANCED_FACE('',(#957),#7026,.F.);
#7328=ADVANCED_FACE('',(#958),#7027,.T.);
#7329=ADVANCED_FACE('',(#959),#643,.T.);
#7330=ADVANCED_FACE('',(#960),#212,.T.);
#7331=ADVANCED_FACE('',(#961),#7028,.T.);
#7332=ADVANCED_FACE('',(#962),#48,.T.);
#7333=ADVANCED_FACE('',(#963),#49,.T.);
#7334=ADVANCED_FACE('',(#964),#7029,.T.);
#7335=ADVANCED_FACE('',(#965),#7030,.F.);
#7336=ADVANCED_FACE('',(#966),#7031,.F.);
#7337=ADVANCED_FACE('',(#967),#7032,.T.);
#7338=ADVANCED_FACE('',(#968),#644,.T.);
#7339=ADVANCED_FACE('',(#969),#213,.T.);
#7340=ADVANCED_FACE('',(#970),#7033,.T.);
#7341=ADVANCED_FACE('',(#971),#50,.T.);
#7342=ADVANCED_FACE('',(#972),#51,.T.);
#7343=ADVANCED_FACE('',(#973),#7034,.T.);
#7344=ADVANCED_FACE('',(#974),#7035,.F.);
#7345=ADVANCED_FACE('',(#975),#7036,.F.);
#7346=ADVANCED_FACE('',(#976),#7037,.T.);
#7347=ADVANCED_FACE('',(#977),#645,.T.);
#7348=ADVANCED_FACE('',(#978),#214,.T.);
#7349=ADVANCED_FACE('',(#979),#7038,.T.);
#7350=ADVANCED_FACE('',(#980),#52,.T.);
#7351=ADVANCED_FACE('',(#981),#53,.T.);
#7352=ADVANCED_FACE('',(#982),#7039,.T.);
#7353=ADVANCED_FACE('',(#983),#7040,.F.);
#7354=ADVANCED_FACE('',(#984),#7041,.F.);
#7355=ADVANCED_FACE('',(#985),#7042,.T.);
#7356=ADVANCED_FACE('',(#986),#646,.T.);
#7357=ADVANCED_FACE('',(#987),#215,.T.);
#7358=ADVANCED_FACE('',(#988),#7043,.T.);
#7359=ADVANCED_FACE('',(#989),#54,.T.);
#7360=ADVANCED_FACE('',(#990),#55,.T.);
#7361=ADVANCED_FACE('',(#991),#7044,.T.);
#7362=ADVANCED_FACE('',(#992),#7045,.F.);
#7363=ADVANCED_FACE('',(#993),#7046,.F.);
#7364=ADVANCED_FACE('',(#994),#7047,.T.);
#7365=ADVANCED_FACE('',(#995),#647,.T.);
#7366=ADVANCED_FACE('',(#996,#521),#648,.F.);
#7367=ADVANCED_FACE('',(#997),#216,.F.);
#7368=ADVANCED_FACE('',(#998),#7048,.F.);
#7369=ADVANCED_FACE('',(#999),#217,.F.);
#7370=ADVANCED_FACE('',(#1000),#7049,.F.);
#7371=ADVANCED_FACE('',(#1001),#218,.F.);
#7372=ADVANCED_FACE('',(#1002),#7050,.F.);
#7373=ADVANCED_FACE('',(#1003),#219,.F.);
#7374=ADVANCED_FACE('',(#1004),#7051,.F.);
#7375=ADVANCED_FACE('',(#1005),#220,.T.);
#7376=ADVANCED_FACE('',(#1006),#649,.T.);
#7377=ADVANCED_FACE('',(#1007),#221,.T.);
#7378=ADVANCED_FACE('',(#1008),#650,.T.);
#7379=ADVANCED_FACE('',(#1009),#222,.T.);
#7380=ADVANCED_FACE('',(#1010),#651,.T.);
#7381=ADVANCED_FACE('',(#1011),#223,.T.);
#7382=ADVANCED_FACE('',(#1012),#652,.T.);
#7383=ADVANCED_FACE('',(#1013),#224,.T.);
#7384=ADVANCED_FACE('',(#1014),#653,.T.);
#7385=ADVANCED_FACE('',(#1015),#225,.T.);
#7386=ADVANCED_FACE('',(#1016),#654,.T.);
#7387=ADVANCED_FACE('',(#1017),#226,.T.);
#7388=ADVANCED_FACE('',(#1018),#655,.T.);
#7389=ADVANCED_FACE('',(#1019),#227,.T.);
#7390=ADVANCED_FACE('',(#1020),#656,.T.);
#7391=ADVANCED_FACE('',(#1021),#657,.T.);
#7392=ADVANCED_FACE('',(#1022),#7052,.T.);
#7393=ADVANCED_FACE('',(#1023),#658,.T.);
#7394=ADVANCED_FACE('',(#1024),#7053,.T.);
#7395=ADVANCED_FACE('',(#1025),#659,.T.);
#7396=ADVANCED_FACE('',(#1026),#7054,.T.);
#7397=ADVANCED_FACE('',(#1027),#660,.T.);
#7398=ADVANCED_FACE('',(#1028),#7055,.T.);
#7399=ADVANCED_FACE('',(#1029,#522,#523,#524,#525,#526,#527,#528,#529),
#661,.T.);
#7400=ADVANCED_FACE('',(#1030),#7056,.T.);
#7401=ADVANCED_FACE('',(#1031),#662,.T.);
#7402=ADVANCED_FACE('',(#1032),#7057,.F.);
#7403=ADVANCED_FACE('',(#1033),#663,.T.);
#7404=ADVANCED_FACE('',(#1034),#7058,.F.);
#7405=ADVANCED_FACE('',(#1035),#664,.T.);
#7406=ADVANCED_FACE('',(#1036),#7059,.T.);
#7407=ADVANCED_FACE('',(#1037),#665,.T.);
#7408=ADVANCED_FACE('',(#1038),#666,.T.);
#7409=ADVANCED_FACE('',(#1039),#7060,.T.);
#7410=ADVANCED_FACE('',(#1040),#667,.T.);
#7411=ADVANCED_FACE('',(#1041),#7061,.F.);
#7412=ADVANCED_FACE('',(#1042),#668,.T.);
#7413=ADVANCED_FACE('',(#1043),#7062,.T.);
#7414=ADVANCED_FACE('',(#1044),#669,.T.);
#7415=ADVANCED_FACE('',(#1045),#7063,.F.);
#7416=ADVANCED_FACE('',(#1046),#670,.T.);
#7417=ADVANCED_FACE('',(#1047),#7064,.T.);
#7418=ADVANCED_FACE('',(#1048),#671,.T.);
#7419=ADVANCED_FACE('',(#1049),#7065,.T.);
#7420=ADVANCED_FACE('',(#1050),#672,.T.);
#7421=ADVANCED_FACE('',(#1051),#7066,.T.);
#7422=ADVANCED_FACE('',(#1052),#673,.T.);
#7423=ADVANCED_FACE('',(#1053),#7067,.T.);
#7424=ADVANCED_FACE('',(#1054,#530,#531,#532,#533,#534,#535,#536,#537),
#674,.F.);
#7425=ADVANCED_FACE('',(#1055),#675,.T.);
#7426=ADVANCED_FACE('',(#1056),#676,.T.);
#7427=ADVANCED_FACE('',(#1057),#677,.T.);
#7428=ADVANCED_FACE('',(#1058,#538),#678,.T.);
#7429=ADVANCED_FACE('',(#1059),#679,.T.);
#7430=ADVANCED_FACE('',(#1060),#680,.T.);
#7431=ADVANCED_FACE('',(#1061),#681,.F.);
#7432=ADVANCED_FACE('',(#1062),#682,.T.);
#7433=ADVANCED_FACE('',(#1063),#683,.F.);
#7434=ADVANCED_FACE('',(#1064),#684,.T.);
#7435=ADVANCED_FACE('',(#1065),#685,.T.);
#7436=ADVANCED_FACE('',(#1066),#686,.F.);
#7437=ADVANCED_FACE('',(#1067),#687,.F.);
#7438=ADVANCED_FACE('',(#1068),#688,.F.);
#7439=ADVANCED_FACE('',(#1069),#689,.F.);
#7440=ADVANCED_FACE('',(#1070),#690,.F.);
#7441=ADVANCED_FACE('',(#1071),#691,.F.);
#7442=ADVANCED_FACE('',(#1072),#692,.F.);
#7443=ADVANCED_FACE('',(#1073),#693,.F.);
#7444=ADVANCED_FACE('',(#1074),#694,.F.);
#7445=ADVANCED_FACE('',(#1075),#695,.T.);
#7446=ADVANCED_FACE('',(#1076),#696,.T.);
#7447=ADVANCED_FACE('',(#1077),#697,.T.);
#7448=CLOSED_SHELL('',(#7068,#7069,#7070,#7071,#7072,#7073,#7074,#7075,
#7076,#7077,#7078,#7079,#7080,#7081,#7082,#7083,#7084,#7085,#7086,#7087,
#7088,#7089,#7090,#7091,#7092,#7093,#7094,#7095,#7096,#7097,#7098,#7099,
#7100,#7101,#7102,#7103,#7104,#7105,#7106));
#7449=CLOSED_SHELL('',(#7107,#7108,#7109,#7110,#7111,#7112,#7113,#7114,
#7115,#7116,#7117,#7118,#7119,#7120,#7121,#7122,#7123,#7124,#7125,#7126,
#7127,#7128,#7129,#7130,#7131,#7132,#7133,#7134,#7135,#7136,#7137,#7138,
#7139,#7140,#7141,#7142));
#7450=CLOSED_SHELL('',(#7143,#7144,#7145,#7146,#7147,#7148,#7149,#7150,
#7151,#7152,#7153,#7154,#7155,#7156,#7157,#7158,#7159,#7160,#7161,#7162,
#7163,#7164,#7165,#7166,#7167,#7168,#7169,#7170,#7171,#7172,#7173,#7174,
#7175,#7176,#7177,#7178,#7179,#7180,#7181,#7182,#7183,#7184,#7185,#7186,
#7187,#7188,#7189,#7190,#7191,#7192,#7193,#7194,#7195,#7196,#7197,#7198,
#7199,#7200,#7201,#7202,#7203,#7204,#7205,#7206,#7207,#7208,#7209,#7210,
#7211,#7212,#7213,#7214,#7215,#7216,#7217,#7218,#7219,#7220,#7221,#7222,
#7223,#7224,#7225,#7226,#7227,#7228,#7229,#7230,#7231,#7232,#7233,#7234,
#7235,#7236,#7237,#7238,#7239,#7240,#7241,#7242,#7243,#7244,#7245,#7246,
#7247,#7248,#7249,#7250,#7251,#7252,#7253,#7254,#7255,#7256,#7257,#7258,
#7259,#7260,#7261,#7262,#7263,#7264,#7265,#7266,#7267,#7268,#7269,#7270,
#7271,#7272,#7273,#7274,#7275,#7276,#7277,#7278,#7279,#7280,#7281,#7282,
#7283,#7284,#7285,#7286,#7287,#7288,#7289,#7290,#7291,#7292,#7293,#7294,
#7295,#7296,#7297,#7298,#7299,#7300,#7301,#7302,#7303,#7304,#7305,#7306,
#7307,#7308,#7309,#7310,#7311,#7312,#7313,#7314,#7315,#7316,#7317,#7318,
#7319,#7320,#7321,#7322,#7323,#7324,#7325,#7326,#7327,#7328,#7329,#7330,
#7331,#7332,#7333,#7334,#7335,#7336,#7337,#7338,#7339,#7340,#7341,#7342,
#7343,#7344,#7345,#7346,#7347,#7348,#7349,#7350,#7351,#7352,#7353,#7354,
#7355,#7356,#7357,#7358,#7359,#7360,#7361,#7362,#7363,#7364,#7365,#7366));
#7451=CLOSED_SHELL('',(#7367,#7368,#7369,#7370,#7371,#7372,#7373,#7374,
#7375,#7376,#7377,#7378,#7379,#7380,#7381,#7382,#7383,#7384,#7385,#7386,
#7387,#7388,#7389,#7390,#7391,#7392,#7393,#7394,#7395,#7396,#7397,#7398,
#7399,#7400,#7401,#7402,#7403,#7404,#7405,#7406,#7407,#7408,#7409,#7410,
#7411,#7412,#7413,#7414,#7415,#7416,#7417,#7418,#7419,#7420,#7421,#7422,
#7423,#7424));
#7452=CLOSED_SHELL('',(#7425,#7426,#7427,#7428,#7429,#7430,#7431,#7432,
#7433,#7434,#7435,#7436,#7437,#7438,#7439,#7440,#7441,#7442,#7443,#7444,
#7445,#7446,#7447));
#7453=DERIVED_UNIT_ELEMENT(#7461,1.);
#7454=DERIVED_UNIT_ELEMENT(#13457,-3.);
#7455=DERIVED_UNIT_ELEMENT(#7461,1.);
#7456=DERIVED_UNIT_ELEMENT(#13457,-3.);
#7457=DERIVED_UNIT_ELEMENT(#7461,1.);
#7458=DERIVED_UNIT_ELEMENT(#13457,-3.);
#7459=DERIVED_UNIT_ELEMENT(#7461,1.);
#7460=DERIVED_UNIT_ELEMENT(#13457,-3.);
#7461=(
MASS_UNIT()
NAMED_UNIT(*)
SI_UNIT(.KILO.,.GRAM.)
);
#7462=DERIVED_UNIT((#7453,#7454));
#7463=DERIVED_UNIT((#7455,#7456));
#7464=DERIVED_UNIT((#7457,#7458));
#7465=DERIVED_UNIT((#7459,#7460));
#7466=MEASURE_REPRESENTATION_ITEM('density measure',
POSITIVE_RATIO_MEASURE(7850.),#7462);
#7467=MEASURE_REPRESENTATION_ITEM('density measure',
POSITIVE_RATIO_MEASURE(7850.),#7463);
#7468=MEASURE_REPRESENTATION_ITEM('density measure',
POSITIVE_RATIO_MEASURE(7850.),#7464);
#7469=MEASURE_REPRESENTATION_ITEM('density measure',
POSITIVE_RATIO_MEASURE(7850.),#7465);
#7470=PROPERTY_DEFINITION_REPRESENTATION(#7490,#7478);
#7471=PROPERTY_DEFINITION_REPRESENTATION(#7491,#7479);
#7472=PROPERTY_DEFINITION_REPRESENTATION(#7492,#7480);
#7473=PROPERTY_DEFINITION_REPRESENTATION(#7493,#7481);
#7474=PROPERTY_DEFINITION_REPRESENTATION(#7494,#7482);
#7475=PROPERTY_DEFINITION_REPRESENTATION(#7495,#7483);
#7476=PROPERTY_DEFINITION_REPRESENTATION(#7496,#7484);
#7477=PROPERTY_DEFINITION_REPRESENTATION(#7497,#7485);
#7478=REPRESENTATION('material name',(#7486),#13447);
#7479=REPRESENTATION('density',(#7466),#13447);
#7480=REPRESENTATION('material name',(#7487),#13450);
#7481=REPRESENTATION('density',(#7467),#13450);
#7482=REPRESENTATION('material name',(#7488),#13453);
#7483=REPRESENTATION('density',(#7468),#13453);
#7484=REPRESENTATION('material name',(#7489),#13454);
#7485=REPRESENTATION('density',(#7469),#13454);
#7486=DESCRIPTIVE_REPRESENTATION_ITEM('Steel','Steel');
#7487=DESCRIPTIVE_REPRESENTATION_ITEM('Steel','Steel');
#7488=DESCRIPTIVE_REPRESENTATION_ITEM('Steel','Steel');
#7489=DESCRIPTIVE_REPRESENTATION_ITEM('Steel','Steel');
#7490=PROPERTY_DEFINITION('material property','material name',#13525);
#7491=PROPERTY_DEFINITION('material property','density of part',#13525);
#7492=PROPERTY_DEFINITION('material property','material name',#13528);
#7493=PROPERTY_DEFINITION('material property','density of part',#13528);
#7494=PROPERTY_DEFINITION('material property','material name',#13531);
#7495=PROPERTY_DEFINITION('material property','density of part',#13531);
#7496=PROPERTY_DEFINITION('material property','material name',#13532);
#7497=PROPERTY_DEFINITION('material property','density of part',#13532);
#7498=AXIS2_PLACEMENT_3D('',#10562,#8330,#8331);
#7499=AXIS2_PLACEMENT_3D('',#10563,#8332,#8333);
#7500=AXIS2_PLACEMENT_3D('',#10564,#8334,#8335);
#7501=AXIS2_PLACEMENT_3D('',#10565,#8336,#8337);
#7502=AXIS2_PLACEMENT_3D('',#10566,#8338,#8339);
#7503=AXIS2_PLACEMENT_3D('',#10567,#8340,#8341);
#7504=AXIS2_PLACEMENT_3D('',#10568,#8342,#8343);
#7505=AXIS2_PLACEMENT_3D('',#10569,#8344,#8345);
#7506=AXIS2_PLACEMENT_3D('',#10571,#8346,#8347);
#7507=AXIS2_PLACEMENT_3D('',#10574,#8349,#8350);
#7508=AXIS2_PLACEMENT_3D('',#10575,#8351,#8352);
#7509=AXIS2_PLACEMENT_3D('',#10577,#8353,#8354);
#7510=AXIS2_PLACEMENT_3D('',#10580,#8356,#8357);
#7511=AXIS2_PLACEMENT_3D('',#10581,#8358,#8359);
#7512=AXIS2_PLACEMENT_3D('',#10583,#8360,#8361);
#7513=AXIS2_PLACEMENT_3D('',#10586,#8363,#8364);
#7514=AXIS2_PLACEMENT_3D('',#10587,#8365,#8366);
#7515=AXIS2_PLACEMENT_3D('',#10589,#8367,#8368);
#7516=AXIS2_PLACEMENT_3D('',#10592,#8370,#8371);
#7517=AXIS2_PLACEMENT_3D('',#10593,#8372,#8373);
#7518=AXIS2_PLACEMENT_3D('',#10595,#8374,#8375);
#7519=AXIS2_PLACEMENT_3D('',#10598,#8377,#8378);
#7520=AXIS2_PLACEMENT_3D('',#10599,#8379,#8380);
#7521=AXIS2_PLACEMENT_3D('',#10602,#8381,#8382);
#7522=AXIS2_PLACEMENT_3D('',#10608,#8386,#8387);
#7523=AXIS2_PLACEMENT_3D('',#10612,#8389,#8390);
#7524=AXIS2_PLACEMENT_3D('',#10614,#8392,#8393);
#7525=AXIS2_PLACEMENT_3D('',#10674,#8424,#8425);
#7526=AXIS2_PLACEMENT_3D('',#10678,#8428,#8429);
#7527=AXIS2_PLACEMENT_3D('',#10680,#8430,#8431);
#7528=AXIS2_PLACEMENT_3D('',#10684,#8434,#8435);
#7529=AXIS2_PLACEMENT_3D('',#10686,#8436,#8437);
#7530=AXIS2_PLACEMENT_3D('',#10688,#8439,#8440);
#7531=AXIS2_PLACEMENT_3D('',#10690,#8441,#8442);
#7532=AXIS2_PLACEMENT_3D('',#10694,#8445,#8446);
#7533=AXIS2_PLACEMENT_3D('',#10696,#8447,#8448);
#7534=AXIS2_PLACEMENT_3D('',#10698,#8450,#8451);
#7535=AXIS2_PLACEMENT_3D('',#10702,#8454,#8455);
#7536=AXIS2_PLACEMENT_3D('',#10704,#8456,#8457);
#7537=AXIS2_PLACEMENT_3D('',#10708,#8460,#8461);
#7538=AXIS2_PLACEMENT_3D('',#10710,#8462,#8463);
#7539=AXIS2_PLACEMENT_3D('',#10712,#8465,#8466);
#7540=AXIS2_PLACEMENT_3D('',#10716,#8469,#8470);
#7541=AXIS2_PLACEMENT_3D('',#10722,#8474,#8475);
#7542=AXIS2_PLACEMENT_3D('',#10726,#8478,#8479);
#7543=AXIS2_PLACEMENT_3D('',#10730,#8482,#8483);
#7544=AXIS2_PLACEMENT_3D('',#10732,#8485,#8486);
#7545=AXIS2_PLACEMENT_3D('',#10738,#8490,#8491);
#7546=AXIS2_PLACEMENT_3D('',#10742,#8494,#8495);
#7547=AXIS2_PLACEMENT_3D('',#10746,#8498,#8499);
#7548=AXIS2_PLACEMENT_3D('',#10748,#8501,#8502);
#7549=AXIS2_PLACEMENT_3D('',#10754,#8506,#8507);
#7550=AXIS2_PLACEMENT_3D('',#10758,#8510,#8511);
#7551=AXIS2_PLACEMENT_3D('',#10762,#8514,#8515);
#7552=AXIS2_PLACEMENT_3D('',#10764,#8517,#8518);
#7553=AXIS2_PLACEMENT_3D('',#10770,#8522,#8523);
#7554=AXIS2_PLACEMENT_3D('',#10772,#8525,#8526);
#7555=AXIS2_PLACEMENT_3D('',#10774,#8528,#8529);
#7556=AXIS2_PLACEMENT_3D('',#10778,#8532,#8533);
#7557=AXIS2_PLACEMENT_3D('',#10782,#8536,#8537);
#7558=AXIS2_PLACEMENT_3D('',#10784,#8539,#8540);
#7559=AXIS2_PLACEMENT_3D('',#10788,#8543,#8544);
#7560=AXIS2_PLACEMENT_3D('',#10790,#8546,#8547);
#7561=AXIS2_PLACEMENT_3D('',#10792,#8549,#8550);
#7562=AXIS2_PLACEMENT_3D('',#10793,#8551,#8552);
#7563=AXIS2_PLACEMENT_3D('',#10794,#8553,#8554);
#7564=AXIS2_PLACEMENT_3D('',#10795,#8555,#8556);
#7565=AXIS2_PLACEMENT_3D('',#10796,#8557,#8558);
#7566=AXIS2_PLACEMENT_3D('',#10797,#8559,#8560);
#7567=AXIS2_PLACEMENT_3D('',#10806,#8565,#8566);
#7568=AXIS2_PLACEMENT_3D('',#10812,#8570,#8571);
#7569=AXIS2_PLACEMENT_3D('',#10868,#8600,#8601);
#7570=AXIS2_PLACEMENT_3D('',#10872,#8604,#8605);
#7571=AXIS2_PLACEMENT_3D('',#10878,#8609,#8610);
#7572=AXIS2_PLACEMENT_3D('',#10882,#8613,#8614);
#7573=AXIS2_PLACEMENT_3D('',#10888,#8618,#8619);
#7574=AXIS2_PLACEMENT_3D('',#10894,#8623,#8624);
#7575=AXIS2_PLACEMENT_3D('',#10899,#8627,#8628);
#7576=AXIS2_PLACEMENT_3D('',#10900,#8629,#8630);
#7577=AXIS2_PLACEMENT_3D('',#10906,#8634,#8635);
#7578=AXIS2_PLACEMENT_3D('',#10912,#8639,#8640);
#7579=AXIS2_PLACEMENT_3D('',#10918,#8644,#8645);
#7580=AXIS2_PLACEMENT_3D('',#10922,#8648,#8649);
#7581=AXIS2_PLACEMENT_3D('',#10924,#8651,#8652);
#7582=AXIS2_PLACEMENT_3D('',#10928,#8655,#8656);
#7583=AXIS2_PLACEMENT_3D('',#10930,#8658,#8659);
#7584=AXIS2_PLACEMENT_3D('',#10934,#8662,#8663);
#7585=AXIS2_PLACEMENT_3D('',#10938,#8666,#8667);
#7586=AXIS2_PLACEMENT_3D('',#10940,#8669,#8670);
#7587=AXIS2_PLACEMENT_3D('',#10942,#8672,#8673);
#7588=AXIS2_PLACEMENT_3D('',#10948,#8677,#8678);
#7589=AXIS2_PLACEMENT_3D('',#10950,#8680,#8681);
#7590=AXIS2_PLACEMENT_3D('',#10966,#8691,#8692);
#7591=AXIS2_PLACEMENT_3D('',#10968,#8694,#8695);
#7592=AXIS2_PLACEMENT_3D('',#10970,#8697,#8698);
#7593=AXIS2_PLACEMENT_3D('',#10972,#8700,#8701);
#7594=AXIS2_PLACEMENT_3D('',#10974,#8702,#8703);
#7595=AXIS2_PLACEMENT_3D('',#10977,#8705,#8706);
#7596=AXIS2_PLACEMENT_3D('',#10978,#8707,#8708);
#7597=AXIS2_PLACEMENT_3D('',#10980,#8709,#8710);
#7598=AXIS2_PLACEMENT_3D('',#10981,#8711,#8712);
#7599=AXIS2_PLACEMENT_3D('',#10983,#8714,#8715);
#7600=AXIS2_PLACEMENT_3D('',#10984,#8716,#8717);
#7601=AXIS2_PLACEMENT_3D('',#10985,#8718,#8719);
#7602=AXIS2_PLACEMENT_3D('',#10987,#8721,#8722);
#7603=AXIS2_PLACEMENT_3D('',#10989,#8724,#8725);
#7604=AXIS2_PLACEMENT_3D('',#10990,#8726,#8727);
#7605=AXIS2_PLACEMENT_3D('',#10992,#8729,#8730);
#7606=AXIS2_PLACEMENT_3D('',#10993,#8731,#8732);
#7607=AXIS2_PLACEMENT_3D('',#10994,#8733,#8734);
#7608=AXIS2_PLACEMENT_3D('',#10995,#8735,#8736);
#7609=AXIS2_PLACEMENT_3D('',#10996,#8737,#8738);
#7610=AXIS2_PLACEMENT_3D('',#10999,#8739,#8740);
#7611=AXIS2_PLACEMENT_3D('',#11001,#8741,#8742);
#7612=AXIS2_PLACEMENT_3D('',#11013,#8743,#8744);
#7613=AXIS2_PLACEMENT_3D('',#11014,#8745,#8746);
#7614=AXIS2_PLACEMENT_3D('',#11018,#8748,#8749);
#7615=AXIS2_PLACEMENT_3D('',#11031,#8751,#8752);
#7616=AXIS2_PLACEMENT_3D('',#11034,#8754,#8755);
#7617=AXIS2_PLACEMENT_3D('',#11046,#8756,#8757);
#7618=AXIS2_PLACEMENT_3D('',#11049,#8759,#8760);
#7619=AXIS2_PLACEMENT_3D('',#11050,#8761,#8762);
#7620=AXIS2_PLACEMENT_3D('',#11052,#8763,#8764);
#7621=AXIS2_PLACEMENT_3D('',#11054,#8765,#8766);
#7622=AXIS2_PLACEMENT_3D('',#11056,#8768,#8769);
#7623=AXIS2_PLACEMENT_3D('',#11058,#8770,#8771);
#7624=AXIS2_PLACEMENT_3D('',#11060,#8772,#8773);
#7625=AXIS2_PLACEMENT_3D('',#11062,#8775,#8776);
#7626=AXIS2_PLACEMENT_3D('',#11065,#8777,#8778);
#7627=AXIS2_PLACEMENT_3D('',#11069,#8780,#8781);
#7628=AXIS2_PLACEMENT_3D('',#11071,#8783,#8784);
#7629=AXIS2_PLACEMENT_3D('',#11072,#8785,#8786);
#7630=AXIS2_PLACEMENT_3D('',#11073,#8787,#8788);
#7631=AXIS2_PLACEMENT_3D('',#11074,#8789,#8790);
#7632=AXIS2_PLACEMENT_3D('',#11075,#8791,#8792);
#7633=AXIS2_PLACEMENT_3D('',#11076,#8793,#8794);
#7634=AXIS2_PLACEMENT_3D('',#11079,#8795,#8796);
#7635=AXIS2_PLACEMENT_3D('',#11081,#8797,#8798);
#7636=AXIS2_PLACEMENT_3D('',#11093,#8799,#8800);
#7637=AXIS2_PLACEMENT_3D('',#11094,#8801,#8802);
#7638=AXIS2_PLACEMENT_3D('',#11098,#8804,#8805);
#7639=AXIS2_PLACEMENT_3D('',#11111,#8807,#8808);
#7640=AXIS2_PLACEMENT_3D('',#11114,#8810,#8811);
#7641=AXIS2_PLACEMENT_3D('',#11126,#8812,#8813);
#7642=AXIS2_PLACEMENT_3D('',#11129,#8815,#8816);
#7643=AXIS2_PLACEMENT_3D('',#11130,#8817,#8818);
#7644=AXIS2_PLACEMENT_3D('',#11132,#8819,#8820);
#7645=AXIS2_PLACEMENT_3D('',#11134,#8821,#8822);
#7646=AXIS2_PLACEMENT_3D('',#11136,#8824,#8825);
#7647=AXIS2_PLACEMENT_3D('',#11138,#8826,#8827);
#7648=AXIS2_PLACEMENT_3D('',#11140,#8828,#8829);
#7649=AXIS2_PLACEMENT_3D('',#11142,#8831,#8832);
#7650=AXIS2_PLACEMENT_3D('',#11145,#8833,#8834);
#7651=AXIS2_PLACEMENT_3D('',#11149,#8836,#8837);
#7652=AXIS2_PLACEMENT_3D('',#11151,#8839,#8840);
#7653=AXIS2_PLACEMENT_3D('',#11152,#8841,#8842);
#7654=AXIS2_PLACEMENT_3D('',#11153,#8843,#8844);
#7655=AXIS2_PLACEMENT_3D('',#11154,#8845,#8846);
#7656=AXIS2_PLACEMENT_3D('',#11155,#8847,#8848);
#7657=AXIS2_PLACEMENT_3D('',#11156,#8849,#8850);
#7658=AXIS2_PLACEMENT_3D('',#11159,#8851,#8852);
#7659=AXIS2_PLACEMENT_3D('',#11161,#8853,#8854);
#7660=AXIS2_PLACEMENT_3D('',#11173,#8855,#8856);
#7661=AXIS2_PLACEMENT_3D('',#11174,#8857,#8858);
#7662=AXIS2_PLACEMENT_3D('',#11178,#8860,#8861);
#7663=AXIS2_PLACEMENT_3D('',#11191,#8863,#8864);
#7664=AXIS2_PLACEMENT_3D('',#11194,#8866,#8867);
#7665=AXIS2_PLACEMENT_3D('',#11206,#8868,#8869);
#7666=AXIS2_PLACEMENT_3D('',#11209,#8871,#8872);
#7667=AXIS2_PLACEMENT_3D('',#11210,#8873,#8874);
#7668=AXIS2_PLACEMENT_3D('',#11212,#8875,#8876);
#7669=AXIS2_PLACEMENT_3D('',#11214,#8877,#8878);
#7670=AXIS2_PLACEMENT_3D('',#11216,#8880,#8881);
#7671=AXIS2_PLACEMENT_3D('',#11218,#8882,#8883);
#7672=AXIS2_PLACEMENT_3D('',#11220,#8884,#8885);
#7673=AXIS2_PLACEMENT_3D('',#11222,#8887,#8888);
#7674=AXIS2_PLACEMENT_3D('',#11225,#8889,#8890);
#7675=AXIS2_PLACEMENT_3D('',#11229,#8892,#8893);
#7676=AXIS2_PLACEMENT_3D('',#11231,#8895,#8896);
#7677=AXIS2_PLACEMENT_3D('',#11232,#8897,#8898);
#7678=AXIS2_PLACEMENT_3D('',#11233,#8899,#8900);
#7679=AXIS2_PLACEMENT_3D('',#11234,#8901,#8902);
#7680=AXIS2_PLACEMENT_3D('',#11235,#8903,#8904);
#7681=AXIS2_PLACEMENT_3D('',#11236,#8905,#8906);
#7682=AXIS2_PLACEMENT_3D('',#11239,#8907,#8908);
#7683=AXIS2_PLACEMENT_3D('',#11241,#8909,#8910);
#7684=AXIS2_PLACEMENT_3D('',#11253,#8911,#8912);
#7685=AXIS2_PLACEMENT_3D('',#11254,#8913,#8914);
#7686=AXIS2_PLACEMENT_3D('',#11258,#8916,#8917);
#7687=AXIS2_PLACEMENT_3D('',#11271,#8919,#8920);
#7688=AXIS2_PLACEMENT_3D('',#11274,#8922,#8923);
#7689=AXIS2_PLACEMENT_3D('',#11286,#8924,#8925);
#7690=AXIS2_PLACEMENT_3D('',#11289,#8927,#8928);
#7691=AXIS2_PLACEMENT_3D('',#11290,#8929,#8930);
#7692=AXIS2_PLACEMENT_3D('',#11292,#8931,#8932);
#7693=AXIS2_PLACEMENT_3D('',#11294,#8933,#8934);
#7694=AXIS2_PLACEMENT_3D('',#11296,#8936,#8937);
#7695=AXIS2_PLACEMENT_3D('',#11298,#8938,#8939);
#7696=AXIS2_PLACEMENT_3D('',#11300,#8940,#8941);
#7697=AXIS2_PLACEMENT_3D('',#11302,#8943,#8944);
#7698=AXIS2_PLACEMENT_3D('',#11305,#8945,#8946);
#7699=AXIS2_PLACEMENT_3D('',#11309,#8948,#8949);
#7700=AXIS2_PLACEMENT_3D('',#11311,#8951,#8952);
#7701=AXIS2_PLACEMENT_3D('',#11312,#8953,#8954);
#7702=AXIS2_PLACEMENT_3D('',#11313,#8955,#8956);
#7703=AXIS2_PLACEMENT_3D('',#11314,#8957,#8958);
#7704=AXIS2_PLACEMENT_3D('',#11315,#8959,#8960);
#7705=AXIS2_PLACEMENT_3D('',#11316,#8961,#8962);
#7706=AXIS2_PLACEMENT_3D('',#11319,#8963,#8964);
#7707=AXIS2_PLACEMENT_3D('',#11321,#8965,#8966);
#7708=AXIS2_PLACEMENT_3D('',#11333,#8967,#8968);
#7709=AXIS2_PLACEMENT_3D('',#11334,#8969,#8970);
#7710=AXIS2_PLACEMENT_3D('',#11338,#8972,#8973);
#7711=AXIS2_PLACEMENT_3D('',#11351,#8975,#8976);
#7712=AXIS2_PLACEMENT_3D('',#11354,#8978,#8979);
#7713=AXIS2_PLACEMENT_3D('',#11366,#8980,#8981);
#7714=AXIS2_PLACEMENT_3D('',#11369,#8983,#8984);
#7715=AXIS2_PLACEMENT_3D('',#11370,#8985,#8986);
#7716=AXIS2_PLACEMENT_3D('',#11372,#8987,#8988);
#7717=AXIS2_PLACEMENT_3D('',#11374,#8989,#8990);
#7718=AXIS2_PLACEMENT_3D('',#11376,#8992,#8993);
#7719=AXIS2_PLACEMENT_3D('',#11378,#8994,#8995);
#7720=AXIS2_PLACEMENT_3D('',#11380,#8996,#8997);
#7721=AXIS2_PLACEMENT_3D('',#11382,#8999,#9000);
#7722=AXIS2_PLACEMENT_3D('',#11385,#9001,#9002);
#7723=AXIS2_PLACEMENT_3D('',#11389,#9004,#9005);
#7724=AXIS2_PLACEMENT_3D('',#11391,#9007,#9008);
#7725=AXIS2_PLACEMENT_3D('',#11392,#9009,#9010);
#7726=AXIS2_PLACEMENT_3D('',#11393,#9011,#9012);
#7727=AXIS2_PLACEMENT_3D('',#11394,#9013,#9014);
#7728=AXIS2_PLACEMENT_3D('',#11395,#9015,#9016);
#7729=AXIS2_PLACEMENT_3D('',#11396,#9017,#9018);
#7730=AXIS2_PLACEMENT_3D('',#11399,#9019,#9020);
#7731=AXIS2_PLACEMENT_3D('',#11401,#9021,#9022);
#7732=AXIS2_PLACEMENT_3D('',#11413,#9023,#9024);
#7733=AXIS2_PLACEMENT_3D('',#11414,#9025,#9026);
#7734=AXIS2_PLACEMENT_3D('',#11418,#9028,#9029);
#7735=AXIS2_PLACEMENT_3D('',#11431,#9031,#9032);
#7736=AXIS2_PLACEMENT_3D('',#11434,#9034,#9035);
#7737=AXIS2_PLACEMENT_3D('',#11446,#9036,#9037);
#7738=AXIS2_PLACEMENT_3D('',#11449,#9039,#9040);
#7739=AXIS2_PLACEMENT_3D('',#11450,#9041,#9042);
#7740=AXIS2_PLACEMENT_3D('',#11452,#9043,#9044);
#7741=AXIS2_PLACEMENT_3D('',#11454,#9045,#9046);
#7742=AXIS2_PLACEMENT_3D('',#11456,#9048,#9049);
#7743=AXIS2_PLACEMENT_3D('',#11458,#9050,#9051);
#7744=AXIS2_PLACEMENT_3D('',#11460,#9052,#9053);
#7745=AXIS2_PLACEMENT_3D('',#11462,#9055,#9056);
#7746=AXIS2_PLACEMENT_3D('',#11465,#9057,#9058);
#7747=AXIS2_PLACEMENT_3D('',#11469,#9060,#9061);
#7748=AXIS2_PLACEMENT_3D('',#11471,#9063,#9064);
#7749=AXIS2_PLACEMENT_3D('',#11472,#9065,#9066);
#7750=AXIS2_PLACEMENT_3D('',#11473,#9067,#9068);
#7751=AXIS2_PLACEMENT_3D('',#11474,#9069,#9070);
#7752=AXIS2_PLACEMENT_3D('',#11475,#9071,#9072);
#7753=AXIS2_PLACEMENT_3D('',#11476,#9073,#9074);
#7754=AXIS2_PLACEMENT_3D('',#11479,#9075,#9076);
#7755=AXIS2_PLACEMENT_3D('',#11481,#9077,#9078);
#7756=AXIS2_PLACEMENT_3D('',#11493,#9079,#9080);
#7757=AXIS2_PLACEMENT_3D('',#11494,#9081,#9082);
#7758=AXIS2_PLACEMENT_3D('',#11498,#9084,#9085);
#7759=AXIS2_PLACEMENT_3D('',#11511,#9087,#9088);
#7760=AXIS2_PLACEMENT_3D('',#11514,#9090,#9091);
#7761=AXIS2_PLACEMENT_3D('',#11526,#9092,#9093);
#7762=AXIS2_PLACEMENT_3D('',#11529,#9095,#9096);
#7763=AXIS2_PLACEMENT_3D('',#11530,#9097,#9098);
#7764=AXIS2_PLACEMENT_3D('',#11532,#9099,#9100);
#7765=AXIS2_PLACEMENT_3D('',#11534,#9101,#9102);
#7766=AXIS2_PLACEMENT_3D('',#11536,#9104,#9105);
#7767=AXIS2_PLACEMENT_3D('',#11538,#9106,#9107);
#7768=AXIS2_PLACEMENT_3D('',#11540,#9108,#9109);
#7769=AXIS2_PLACEMENT_3D('',#11542,#9111,#9112);
#7770=AXIS2_PLACEMENT_3D('',#11545,#9113,#9114);
#7771=AXIS2_PLACEMENT_3D('',#11549,#9116,#9117);
#7772=AXIS2_PLACEMENT_3D('',#11551,#9119,#9120);
#7773=AXIS2_PLACEMENT_3D('',#11552,#9121,#9122);
#7774=AXIS2_PLACEMENT_3D('',#11553,#9123,#9124);
#7775=AXIS2_PLACEMENT_3D('',#11554,#9125,#9126);
#7776=AXIS2_PLACEMENT_3D('',#11556,#9127,#9128);
#7777=AXIS2_PLACEMENT_3D('',#11557,#9129,#9130);
#7778=AXIS2_PLACEMENT_3D('',#11558,#9131,#9132);
#7779=AXIS2_PLACEMENT_3D('',#11561,#9133,#9134);
#7780=AXIS2_PLACEMENT_3D('',#11563,#9135,#9136);
#7781=AXIS2_PLACEMENT_3D('',#11575,#9137,#9138);
#7782=AXIS2_PLACEMENT_3D('',#11576,#9139,#9140);
#7783=AXIS2_PLACEMENT_3D('',#11580,#9142,#9143);
#7784=AXIS2_PLACEMENT_3D('',#11593,#9145,#9146);
#7785=AXIS2_PLACEMENT_3D('',#11596,#9148,#9149);
#7786=AXIS2_PLACEMENT_3D('',#11608,#9150,#9151);
#7787=AXIS2_PLACEMENT_3D('',#11611,#9153,#9154);
#7788=AXIS2_PLACEMENT_3D('',#11612,#9155,#9156);
#7789=AXIS2_PLACEMENT_3D('',#11614,#9157,#9158);
#7790=AXIS2_PLACEMENT_3D('',#11616,#9159,#9160);
#7791=AXIS2_PLACEMENT_3D('',#11618,#9162,#9163);
#7792=AXIS2_PLACEMENT_3D('',#11620,#9164,#9165);
#7793=AXIS2_PLACEMENT_3D('',#11622,#9166,#9167);
#7794=AXIS2_PLACEMENT_3D('',#11624,#9169,#9170);
#7795=AXIS2_PLACEMENT_3D('',#11627,#9171,#9172);
#7796=AXIS2_PLACEMENT_3D('',#11631,#9174,#9175);
#7797=AXIS2_PLACEMENT_3D('',#11633,#9177,#9178);
#7798=AXIS2_PLACEMENT_3D('',#11634,#9179,#9180);
#7799=AXIS2_PLACEMENT_3D('',#11635,#9181,#9182);
#7800=AXIS2_PLACEMENT_3D('',#11636,#9183,#9184);
#7801=AXIS2_PLACEMENT_3D('',#11637,#9185,#9186);
#7802=AXIS2_PLACEMENT_3D('',#11638,#9187,#9188);
#7803=AXIS2_PLACEMENT_3D('',#11641,#9189,#9190);
#7804=AXIS2_PLACEMENT_3D('',#11643,#9191,#9192);
#7805=AXIS2_PLACEMENT_3D('',#11655,#9193,#9194);
#7806=AXIS2_PLACEMENT_3D('',#11656,#9195,#9196);
#7807=AXIS2_PLACEMENT_3D('',#11660,#9198,#9199);
#7808=AXIS2_PLACEMENT_3D('',#11673,#9201,#9202);
#7809=AXIS2_PLACEMENT_3D('',#11676,#9204,#9205);
#7810=AXIS2_PLACEMENT_3D('',#11688,#9206,#9207);
#7811=AXIS2_PLACEMENT_3D('',#11691,#9209,#9210);
#7812=AXIS2_PLACEMENT_3D('',#11692,#9211,#9212);
#7813=AXIS2_PLACEMENT_3D('',#11694,#9213,#9214);
#7814=AXIS2_PLACEMENT_3D('',#11696,#9215,#9216);
#7815=AXIS2_PLACEMENT_3D('',#11698,#9218,#9219);
#7816=AXIS2_PLACEMENT_3D('',#11700,#9220,#9221);
#7817=AXIS2_PLACEMENT_3D('',#11702,#9222,#9223);
#7818=AXIS2_PLACEMENT_3D('',#11704,#9225,#9226);
#7819=AXIS2_PLACEMENT_3D('',#11707,#9227,#9228);
#7820=AXIS2_PLACEMENT_3D('',#11711,#9230,#9231);
#7821=AXIS2_PLACEMENT_3D('',#11713,#9233,#9234);
#7822=AXIS2_PLACEMENT_3D('',#11714,#9235,#9236);
#7823=AXIS2_PLACEMENT_3D('',#11715,#9237,#9238);
#7824=AXIS2_PLACEMENT_3D('',#11716,#9239,#9240);
#7825=AXIS2_PLACEMENT_3D('',#11717,#9241,#9242);
#7826=AXIS2_PLACEMENT_3D('',#11718,#9243,#9244);
#7827=AXIS2_PLACEMENT_3D('',#11721,#9245,#9246);
#7828=AXIS2_PLACEMENT_3D('',#11723,#9247,#9248);
#7829=AXIS2_PLACEMENT_3D('',#11735,#9249,#9250);
#7830=AXIS2_PLACEMENT_3D('',#11736,#9251,#9252);
#7831=AXIS2_PLACEMENT_3D('',#11740,#9254,#9255);
#7832=AXIS2_PLACEMENT_3D('',#11753,#9257,#9258);
#7833=AXIS2_PLACEMENT_3D('',#11756,#9260,#9261);
#7834=AXIS2_PLACEMENT_3D('',#11768,#9262,#9263);
#7835=AXIS2_PLACEMENT_3D('',#11771,#9265,#9266);
#7836=AXIS2_PLACEMENT_3D('',#11772,#9267,#9268);
#7837=AXIS2_PLACEMENT_3D('',#11774,#9269,#9270);
#7838=AXIS2_PLACEMENT_3D('',#11776,#9271,#9272);
#7839=AXIS2_PLACEMENT_3D('',#11778,#9274,#9275);
#7840=AXIS2_PLACEMENT_3D('',#11780,#9276,#9277);
#7841=AXIS2_PLACEMENT_3D('',#11782,#9278,#9279);
#7842=AXIS2_PLACEMENT_3D('',#11784,#9281,#9282);
#7843=AXIS2_PLACEMENT_3D('',#11787,#9283,#9284);
#7844=AXIS2_PLACEMENT_3D('',#11791,#9286,#9287);
#7845=AXIS2_PLACEMENT_3D('',#11793,#9289,#9290);
#7846=AXIS2_PLACEMENT_3D('',#11794,#9291,#9292);
#7847=AXIS2_PLACEMENT_3D('',#11795,#9293,#9294);
#7848=AXIS2_PLACEMENT_3D('',#11796,#9295,#9296);
#7849=AXIS2_PLACEMENT_3D('',#11797,#9297,#9298);
#7850=AXIS2_PLACEMENT_3D('',#11798,#9299,#9300);
#7851=AXIS2_PLACEMENT_3D('',#11801,#9301,#9302);
#7852=AXIS2_PLACEMENT_3D('',#11803,#9303,#9304);
#7853=AXIS2_PLACEMENT_3D('',#11815,#9305,#9306);
#7854=AXIS2_PLACEMENT_3D('',#11816,#9307,#9308);
#7855=AXIS2_PLACEMENT_3D('',#11820,#9310,#9311);
#7856=AXIS2_PLACEMENT_3D('',#11833,#9313,#9314);
#7857=AXIS2_PLACEMENT_3D('',#11836,#9316,#9317);
#7858=AXIS2_PLACEMENT_3D('',#11848,#9318,#9319);
#7859=AXIS2_PLACEMENT_3D('',#11851,#9321,#9322);
#7860=AXIS2_PLACEMENT_3D('',#11852,#9323,#9324);
#7861=AXIS2_PLACEMENT_3D('',#11854,#9325,#9326);
#7862=AXIS2_PLACEMENT_3D('',#11856,#9327,#9328);
#7863=AXIS2_PLACEMENT_3D('',#11858,#9330,#9331);
#7864=AXIS2_PLACEMENT_3D('',#11860,#9332,#9333);
#7865=AXIS2_PLACEMENT_3D('',#11862,#9334,#9335);
#7866=AXIS2_PLACEMENT_3D('',#11864,#9337,#9338);
#7867=AXIS2_PLACEMENT_3D('',#11867,#9339,#9340);
#7868=AXIS2_PLACEMENT_3D('',#11871,#9342,#9343);
#7869=AXIS2_PLACEMENT_3D('',#11873,#9345,#9346);
#7870=AXIS2_PLACEMENT_3D('',#11874,#9347,#9348);
#7871=AXIS2_PLACEMENT_3D('',#11875,#9349,#9350);
#7872=AXIS2_PLACEMENT_3D('',#11876,#9351,#9352);
#7873=AXIS2_PLACEMENT_3D('',#11877,#9353,#9354);
#7874=AXIS2_PLACEMENT_3D('',#11878,#9355,#9356);
#7875=AXIS2_PLACEMENT_3D('',#11881,#9357,#9358);
#7876=AXIS2_PLACEMENT_3D('',#11883,#9359,#9360);
#7877=AXIS2_PLACEMENT_3D('',#11895,#9361,#9362);
#7878=AXIS2_PLACEMENT_3D('',#11896,#9363,#9364);
#7879=AXIS2_PLACEMENT_3D('',#11900,#9366,#9367);
#7880=AXIS2_PLACEMENT_3D('',#11913,#9369,#9370);
#7881=AXIS2_PLACEMENT_3D('',#11916,#9372,#9373);
#7882=AXIS2_PLACEMENT_3D('',#11928,#9374,#9375);
#7883=AXIS2_PLACEMENT_3D('',#11931,#9377,#9378);
#7884=AXIS2_PLACEMENT_3D('',#11932,#9379,#9380);
#7885=AXIS2_PLACEMENT_3D('',#11934,#9381,#9382);
#7886=AXIS2_PLACEMENT_3D('',#11936,#9383,#9384);
#7887=AXIS2_PLACEMENT_3D('',#11938,#9386,#9387);
#7888=AXIS2_PLACEMENT_3D('',#11940,#9388,#9389);
#7889=AXIS2_PLACEMENT_3D('',#11942,#9390,#9391);
#7890=AXIS2_PLACEMENT_3D('',#11944,#9393,#9394);
#7891=AXIS2_PLACEMENT_3D('',#11947,#9395,#9396);
#7892=AXIS2_PLACEMENT_3D('',#11951,#9398,#9399);
#7893=AXIS2_PLACEMENT_3D('',#11953,#9401,#9402);
#7894=AXIS2_PLACEMENT_3D('',#11954,#9403,#9404);
#7895=AXIS2_PLACEMENT_3D('',#11955,#9405,#9406);
#7896=AXIS2_PLACEMENT_3D('',#11956,#9407,#9408);
#7897=AXIS2_PLACEMENT_3D('',#11957,#9409,#9410);
#7898=AXIS2_PLACEMENT_3D('',#11958,#9411,#9412);
#7899=AXIS2_PLACEMENT_3D('',#11960,#9413,#9414);
#7900=AXIS2_PLACEMENT_3D('',#11961,#9415,#9416);
#7901=AXIS2_PLACEMENT_3D('',#11963,#9417,#9418);
#7902=AXIS2_PLACEMENT_3D('',#11965,#9419,#9420);
#7903=AXIS2_PLACEMENT_3D('',#11966,#9421,#9422);
#7904=AXIS2_PLACEMENT_3D('',#11969,#9423,#9424);
#7905=AXIS2_PLACEMENT_3D('',#11973,#9426,#9427);
#7906=AXIS2_PLACEMENT_3D('',#11975,#9429,#9430);
#7907=AXIS2_PLACEMENT_3D('',#11997,#9442,#9443);
#7908=AXIS2_PLACEMENT_3D('',#12001,#9445,#9446);
#7909=AXIS2_PLACEMENT_3D('',#12005,#9448,#9449);
#7910=AXIS2_PLACEMENT_3D('',#12008,#9451,#9452);
#7911=AXIS2_PLACEMENT_3D('',#12009,#9453,#9454);
#7912=AXIS2_PLACEMENT_3D('',#12013,#9456,#9457);
#7913=AXIS2_PLACEMENT_3D('',#12015,#9459,#9460);
#7914=AXIS2_PLACEMENT_3D('',#12035,#9471,#9472);
#7915=AXIS2_PLACEMENT_3D('',#12037,#9473,#9474);
#7916=AXIS2_PLACEMENT_3D('',#12039,#9476,#9477);
#7917=AXIS2_PLACEMENT_3D('',#12043,#9480,#9481);
#7918=AXIS2_PLACEMENT_3D('',#12044,#9482,#9483);
#7919=AXIS2_PLACEMENT_3D('',#12045,#9484,#9485);
#7920=AXIS2_PLACEMENT_3D('',#12050,#9487,#9488);
#7921=AXIS2_PLACEMENT_3D('',#12067,#9490,#9491);
#7922=AXIS2_PLACEMENT_3D('',#12070,#9492,#9493);
#7923=AXIS2_PLACEMENT_3D('',#12071,#9494,#9495);
#7924=AXIS2_PLACEMENT_3D('',#12072,#9496,#9497);
#7925=AXIS2_PLACEMENT_3D('',#12073,#9498,#9499);
#7926=AXIS2_PLACEMENT_3D('',#12092,#9502,#9503);
#7927=AXIS2_PLACEMENT_3D('',#12094,#9504,#9505);
#7928=AXIS2_PLACEMENT_3D('',#12096,#9506,#9507);
#7929=AXIS2_PLACEMENT_3D('',#12097,#9508,#9509);
#7930=AXIS2_PLACEMENT_3D('',#12098,#9510,#9511);
#7931=AXIS2_PLACEMENT_3D('',#12100,#9512,#9513);
#7932=AXIS2_PLACEMENT_3D('',#12102,#9514,#9515);
#7933=AXIS2_PLACEMENT_3D('',#12103,#9516,#9517);
#7934=AXIS2_PLACEMENT_3D('',#12175,#9521,#9522);
#7935=AXIS2_PLACEMENT_3D('',#12179,#9524,#9525);
#7936=AXIS2_PLACEMENT_3D('',#12181,#9527,#9528);
#7937=AXIS2_PLACEMENT_3D('',#12185,#9531,#9532);
#7938=AXIS2_PLACEMENT_3D('',#12194,#9537,#9538);
#7939=AXIS2_PLACEMENT_3D('',#12203,#9543,#9544);
#7940=AXIS2_PLACEMENT_3D('',#12204,#9545,#9546);
#7941=AXIS2_PLACEMENT_3D('',#12205,#9547,#9548);
#7942=AXIS2_PLACEMENT_3D('',#12206,#9549,#9550);
#7943=AXIS2_PLACEMENT_3D('',#12210,#9554,#9555);
#7944=AXIS2_PLACEMENT_3D('',#12214,#9559,#9560);
#7945=AXIS2_PLACEMENT_3D('',#12215,#9561,#9562);
#7946=AXIS2_PLACEMENT_3D('',#12224,#9567,#9568);
#7947=AXIS2_PLACEMENT_3D('',#12233,#9573,#9574);
#7948=AXIS2_PLACEMENT_3D('',#12236,#9577,#9578);
#7949=AXIS2_PLACEMENT_3D('',#12239,#9581,#9582);
#7950=AXIS2_PLACEMENT_3D('',#12240,#9583,#9584);
#7951=AXIS2_PLACEMENT_3D('',#12241,#9585,#9586);
#7952=AXIS2_PLACEMENT_3D('',#12242,#9587,#9588);
#7953=AXIS2_PLACEMENT_3D('',#12245,#9590,#9591);
#7954=AXIS2_PLACEMENT_3D('',#12246,#9592,#9593);
#7955=AXIS2_PLACEMENT_3D('',#12250,#9596,#9597);
#7956=AXIS2_PLACEMENT_3D('',#12251,#9598,#9599);
#7957=AXIS2_PLACEMENT_3D('',#12252,#9600,#9601);
#7958=AXIS2_PLACEMENT_3D('',#12253,#9602,#9603);
#7959=AXIS2_PLACEMENT_3D('',#12257,#9607,#9608);
#7960=AXIS2_PLACEMENT_3D('',#12258,#9609,#9610);
#7961=AXIS2_PLACEMENT_3D('',#12259,#9611,#9612);
#7962=AXIS2_PLACEMENT_3D('',#12261,#9614,#9615);
#7963=AXIS2_PLACEMENT_3D('',#12262,#9616,#9617);
#7964=AXIS2_PLACEMENT_3D('',#12263,#9618,#9619);
#7965=AXIS2_PLACEMENT_3D('',#12264,#9620,#9621);
#7966=AXIS2_PLACEMENT_3D('',#12267,#9622,#9623);
#7967=AXIS2_PLACEMENT_3D('',#12269,#9624,#9625);
#7968=AXIS2_PLACEMENT_3D('',#12281,#9626,#9627);
#7969=AXIS2_PLACEMENT_3D('',#12282,#9628,#9629);
#7970=AXIS2_PLACEMENT_3D('',#12286,#9631,#9632);
#7971=AXIS2_PLACEMENT_3D('',#12299,#9634,#9635);
#7972=AXIS2_PLACEMENT_3D('',#12302,#9637,#9638);
#7973=AXIS2_PLACEMENT_3D('',#12314,#9639,#9640);
#7974=AXIS2_PLACEMENT_3D('',#12317,#9642,#9643);
#7975=AXIS2_PLACEMENT_3D('',#12318,#9644,#9645);
#7976=AXIS2_PLACEMENT_3D('',#12320,#9646,#9647);
#7977=AXIS2_PLACEMENT_3D('',#12322,#9648,#9649);
#7978=AXIS2_PLACEMENT_3D('',#12324,#9651,#9652);
#7979=AXIS2_PLACEMENT_3D('',#12326,#9653,#9654);
#7980=AXIS2_PLACEMENT_3D('',#12328,#9655,#9656);
#7981=AXIS2_PLACEMENT_3D('',#12330,#9658,#9659);
#7982=AXIS2_PLACEMENT_3D('',#12333,#9660,#9661);
#7983=AXIS2_PLACEMENT_3D('',#12337,#9663,#9664);
#7984=AXIS2_PLACEMENT_3D('',#12339,#9666,#9667);
#7985=AXIS2_PLACEMENT_3D('',#12340,#9668,#9669);
#7986=AXIS2_PLACEMENT_3D('',#12341,#9670,#9671);
#7987=AXIS2_PLACEMENT_3D('',#12342,#9672,#9673);
#7988=AXIS2_PLACEMENT_3D('',#12343,#9674,#9675);
#7989=AXIS2_PLACEMENT_3D('',#12344,#9676,#9677);
#7990=AXIS2_PLACEMENT_3D('',#12346,#9679,#9680);
#7991=AXIS2_PLACEMENT_3D('',#12347,#9681,#9682);
#7992=AXIS2_PLACEMENT_3D('',#12349,#9683,#9684);
#7993=AXIS2_PLACEMENT_3D('',#12353,#9686,#9687);
#7994=AXIS2_PLACEMENT_3D('',#12357,#9689,#9690);
#7995=AXIS2_PLACEMENT_3D('',#12361,#9692,#9693);
#7996=AXIS2_PLACEMENT_3D('',#12364,#9695,#9696);
#7997=AXIS2_PLACEMENT_3D('',#12366,#9697,#9698);
#7998=AXIS2_PLACEMENT_3D('',#12370,#9700,#9701);
#7999=AXIS2_PLACEMENT_3D('',#12373,#9703,#9704);
#8000=AXIS2_PLACEMENT_3D('',#12375,#9705,#9706);
#8001=AXIS2_PLACEMENT_3D('',#12379,#9708,#9709);
#8002=AXIS2_PLACEMENT_3D('',#12382,#9711,#9712);
#8003=AXIS2_PLACEMENT_3D('',#12383,#9713,#9714);
#8004=AXIS2_PLACEMENT_3D('',#12384,#9715,#9716);
#8005=AXIS2_PLACEMENT_3D('',#12385,#9717,#9718);
#8006=AXIS2_PLACEMENT_3D('',#12387,#9719,#9720);
#8007=AXIS2_PLACEMENT_3D('',#12391,#9722,#9723);
#8008=AXIS2_PLACEMENT_3D('',#12395,#9725,#9726);
#8009=AXIS2_PLACEMENT_3D('',#12399,#9728,#9729);
#8010=AXIS2_PLACEMENT_3D('',#12403,#9731,#9732);
#8011=AXIS2_PLACEMENT_3D('',#12407,#9734,#9735);
#8012=AXIS2_PLACEMENT_3D('',#12410,#9737,#9738);
#8013=AXIS2_PLACEMENT_3D('',#12411,#9739,#9740);
#8014=AXIS2_PLACEMENT_3D('',#12412,#9741,#9742);
#8015=AXIS2_PLACEMENT_3D('',#12413,#9743,#9744);
#8016=AXIS2_PLACEMENT_3D('',#12414,#9745,#9746);
#8017=AXIS2_PLACEMENT_3D('',#12415,#9747,#9748);
#8018=AXIS2_PLACEMENT_3D('',#12418,#9750,#9751);
#8019=AXIS2_PLACEMENT_3D('',#12419,#9752,#9753);
#8020=AXIS2_PLACEMENT_3D('',#12422,#9754,#9755);
#8021=AXIS2_PLACEMENT_3D('',#12424,#9756,#9757);
#8022=AXIS2_PLACEMENT_3D('',#12436,#9758,#9759);
#8023=AXIS2_PLACEMENT_3D('',#12437,#9760,#9761);
#8024=AXIS2_PLACEMENT_3D('',#12441,#9763,#9764);
#8025=AXIS2_PLACEMENT_3D('',#12454,#9766,#9767);
#8026=AXIS2_PLACEMENT_3D('',#12457,#9769,#9770);
#8027=AXIS2_PLACEMENT_3D('',#12469,#9771,#9772);
#8028=AXIS2_PLACEMENT_3D('',#12472,#9774,#9775);
#8029=AXIS2_PLACEMENT_3D('',#12473,#9776,#9777);
#8030=AXIS2_PLACEMENT_3D('',#12475,#9778,#9779);
#8031=AXIS2_PLACEMENT_3D('',#12477,#9780,#9781);
#8032=AXIS2_PLACEMENT_3D('',#12479,#9783,#9784);
#8033=AXIS2_PLACEMENT_3D('',#12480,#9785,#9786);
#8034=AXIS2_PLACEMENT_3D('',#12481,#9787,#9788);
#8035=AXIS2_PLACEMENT_3D('',#12482,#9789,#9790);
#8036=AXIS2_PLACEMENT_3D('',#12484,#9791,#9792);
#8037=AXIS2_PLACEMENT_3D('',#12486,#9793,#9794);
#8038=AXIS2_PLACEMENT_3D('',#12488,#9796,#9797);
#8039=AXIS2_PLACEMENT_3D('',#12489,#9798,#9799);
#8040=AXIS2_PLACEMENT_3D('',#12490,#9800,#9801);
#8041=AXIS2_PLACEMENT_3D('',#12491,#9802,#9803);
#8042=AXIS2_PLACEMENT_3D('',#12492,#9804,#9805);
#8043=AXIS2_PLACEMENT_3D('',#12495,#9806,#9807);
#8044=AXIS2_PLACEMENT_3D('',#12497,#9808,#9809);
#8045=AXIS2_PLACEMENT_3D('',#12509,#9810,#9811);
#8046=AXIS2_PLACEMENT_3D('',#12510,#9812,#9813);
#8047=AXIS2_PLACEMENT_3D('',#12514,#9815,#9816);
#8048=AXIS2_PLACEMENT_3D('',#12527,#9818,#9819);
#8049=AXIS2_PLACEMENT_3D('',#12530,#9821,#9822);
#8050=AXIS2_PLACEMENT_3D('',#12542,#9823,#9824);
#8051=AXIS2_PLACEMENT_3D('',#12545,#9826,#9827);
#8052=AXIS2_PLACEMENT_3D('',#12546,#9828,#9829);
#8053=AXIS2_PLACEMENT_3D('',#12548,#9830,#9831);
#8054=AXIS2_PLACEMENT_3D('',#12550,#9832,#9833);
#8055=AXIS2_PLACEMENT_3D('',#12552,#9835,#9836);
#8056=AXIS2_PLACEMENT_3D('',#12553,#9837,#9838);
#8057=AXIS2_PLACEMENT_3D('',#12554,#9839,#9840);
#8058=AXIS2_PLACEMENT_3D('',#12555,#9841,#9842);
#8059=AXIS2_PLACEMENT_3D('',#12557,#9843,#9844);
#8060=AXIS2_PLACEMENT_3D('',#12559,#9845,#9846);
#8061=AXIS2_PLACEMENT_3D('',#12561,#9848,#9849);
#8062=AXIS2_PLACEMENT_3D('',#12562,#9850,#9851);
#8063=AXIS2_PLACEMENT_3D('',#12563,#9852,#9853);
#8064=AXIS2_PLACEMENT_3D('',#12564,#9854,#9855);
#8065=AXIS2_PLACEMENT_3D('',#12565,#9856,#9857);
#8066=AXIS2_PLACEMENT_3D('',#12568,#9858,#9859);
#8067=AXIS2_PLACEMENT_3D('',#12570,#9860,#9861);
#8068=AXIS2_PLACEMENT_3D('',#12582,#9862,#9863);
#8069=AXIS2_PLACEMENT_3D('',#12583,#9864,#9865);
#8070=AXIS2_PLACEMENT_3D('',#12587,#9867,#9868);
#8071=AXIS2_PLACEMENT_3D('',#12600,#9870,#9871);
#8072=AXIS2_PLACEMENT_3D('',#12603,#9873,#9874);
#8073=AXIS2_PLACEMENT_3D('',#12615,#9875,#9876);
#8074=AXIS2_PLACEMENT_3D('',#12618,#9878,#9879);
#8075=AXIS2_PLACEMENT_3D('',#12619,#9880,#9881);
#8076=AXIS2_PLACEMENT_3D('',#12621,#9882,#9883);
#8077=AXIS2_PLACEMENT_3D('',#12623,#9884,#9885);
#8078=AXIS2_PLACEMENT_3D('',#12625,#9887,#9888);
#8079=AXIS2_PLACEMENT_3D('',#12626,#9889,#9890);
#8080=AXIS2_PLACEMENT_3D('',#12627,#9891,#9892);
#8081=AXIS2_PLACEMENT_3D('',#12628,#9893,#9894);
#8082=AXIS2_PLACEMENT_3D('',#12630,#9895,#9896);
#8083=AXIS2_PLACEMENT_3D('',#12632,#9897,#9898);
#8084=AXIS2_PLACEMENT_3D('',#12634,#9900,#9901);
#8085=AXIS2_PLACEMENT_3D('',#12635,#9902,#9903);
#8086=AXIS2_PLACEMENT_3D('',#12636,#9904,#9905);
#8087=AXIS2_PLACEMENT_3D('',#12637,#9906,#9907);
#8088=AXIS2_PLACEMENT_3D('',#12638,#9908,#9909);
#8089=AXIS2_PLACEMENT_3D('',#12641,#9910,#9911);
#8090=AXIS2_PLACEMENT_3D('',#12643,#9912,#9913);
#8091=AXIS2_PLACEMENT_3D('',#12655,#9914,#9915);
#8092=AXIS2_PLACEMENT_3D('',#12656,#9916,#9917);
#8093=AXIS2_PLACEMENT_3D('',#12660,#9919,#9920);
#8094=AXIS2_PLACEMENT_3D('',#12673,#9922,#9923);
#8095=AXIS2_PLACEMENT_3D('',#12676,#9925,#9926);
#8096=AXIS2_PLACEMENT_3D('',#12688,#9927,#9928);
#8097=AXIS2_PLACEMENT_3D('',#12691,#9930,#9931);
#8098=AXIS2_PLACEMENT_3D('',#12692,#9932,#9933);
#8099=AXIS2_PLACEMENT_3D('',#12694,#9934,#9935);
#8100=AXIS2_PLACEMENT_3D('',#12696,#9936,#9937);
#8101=AXIS2_PLACEMENT_3D('',#12698,#9939,#9940);
#8102=AXIS2_PLACEMENT_3D('',#12699,#9941,#9942);
#8103=AXIS2_PLACEMENT_3D('',#12700,#9943,#9944);
#8104=AXIS2_PLACEMENT_3D('',#12701,#9945,#9946);
#8105=AXIS2_PLACEMENT_3D('',#12703,#9947,#9948);
#8106=AXIS2_PLACEMENT_3D('',#12705,#9949,#9950);
#8107=AXIS2_PLACEMENT_3D('',#12707,#9952,#9953);
#8108=AXIS2_PLACEMENT_3D('',#12708,#9954,#9955);
#8109=AXIS2_PLACEMENT_3D('',#12709,#9956,#9957);
#8110=AXIS2_PLACEMENT_3D('',#12710,#9958,#9959);
#8111=AXIS2_PLACEMENT_3D('',#12711,#9960,#9961);
#8112=AXIS2_PLACEMENT_3D('',#12714,#9962,#9963);
#8113=AXIS2_PLACEMENT_3D('',#12716,#9964,#9965);
#8114=AXIS2_PLACEMENT_3D('',#12728,#9966,#9967);
#8115=AXIS2_PLACEMENT_3D('',#12729,#9968,#9969);
#8116=AXIS2_PLACEMENT_3D('',#12733,#9971,#9972);
#8117=AXIS2_PLACEMENT_3D('',#12746,#9974,#9975);
#8118=AXIS2_PLACEMENT_3D('',#12749,#9977,#9978);
#8119=AXIS2_PLACEMENT_3D('',#12761,#9979,#9980);
#8120=AXIS2_PLACEMENT_3D('',#12764,#9982,#9983);
#8121=AXIS2_PLACEMENT_3D('',#12765,#9984,#9985);
#8122=AXIS2_PLACEMENT_3D('',#12767,#9986,#9987);
#8123=AXIS2_PLACEMENT_3D('',#12769,#9988,#9989);
#8124=AXIS2_PLACEMENT_3D('',#12771,#9991,#9992);
#8125=AXIS2_PLACEMENT_3D('',#12772,#9993,#9994);
#8126=AXIS2_PLACEMENT_3D('',#12773,#9995,#9996);
#8127=AXIS2_PLACEMENT_3D('',#12774,#9997,#9998);
#8128=AXIS2_PLACEMENT_3D('',#12776,#9999,#10000);
#8129=AXIS2_PLACEMENT_3D('',#12778,#10001,#10002);
#8130=AXIS2_PLACEMENT_3D('',#12780,#10004,#10005);
#8131=AXIS2_PLACEMENT_3D('',#12781,#10006,#10007);
#8132=AXIS2_PLACEMENT_3D('',#12782,#10008,#10009);
#8133=AXIS2_PLACEMENT_3D('',#12783,#10010,#10011);
#8134=AXIS2_PLACEMENT_3D('',#12784,#10012,#10013);
#8135=AXIS2_PLACEMENT_3D('',#12787,#10014,#10015);
#8136=AXIS2_PLACEMENT_3D('',#12789,#10016,#10017);
#8137=AXIS2_PLACEMENT_3D('',#12801,#10018,#10019);
#8138=AXIS2_PLACEMENT_3D('',#12802,#10020,#10021);
#8139=AXIS2_PLACEMENT_3D('',#12806,#10023,#10024);
#8140=AXIS2_PLACEMENT_3D('',#12819,#10026,#10027);
#8141=AXIS2_PLACEMENT_3D('',#12822,#10029,#10030);
#8142=AXIS2_PLACEMENT_3D('',#12834,#10031,#10032);
#8143=AXIS2_PLACEMENT_3D('',#12837,#10034,#10035);
#8144=AXIS2_PLACEMENT_3D('',#12838,#10036,#10037);
#8145=AXIS2_PLACEMENT_3D('',#12840,#10038,#10039);
#8146=AXIS2_PLACEMENT_3D('',#12842,#10040,#10041);
#8147=AXIS2_PLACEMENT_3D('',#12844,#10043,#10044);
#8148=AXIS2_PLACEMENT_3D('',#12845,#10045,#10046);
#8149=AXIS2_PLACEMENT_3D('',#12846,#10047,#10048);
#8150=AXIS2_PLACEMENT_3D('',#12847,#10049,#10050);
#8151=AXIS2_PLACEMENT_3D('',#12849,#10051,#10052);
#8152=AXIS2_PLACEMENT_3D('',#12851,#10053,#10054);
#8153=AXIS2_PLACEMENT_3D('',#12853,#10056,#10057);
#8154=AXIS2_PLACEMENT_3D('',#12854,#10058,#10059);
#8155=AXIS2_PLACEMENT_3D('',#12855,#10060,#10061);
#8156=AXIS2_PLACEMENT_3D('',#12856,#10062,#10063);
#8157=AXIS2_PLACEMENT_3D('',#12857,#10064,#10065);
#8158=AXIS2_PLACEMENT_3D('',#12860,#10066,#10067);
#8159=AXIS2_PLACEMENT_3D('',#12862,#10068,#10069);
#8160=AXIS2_PLACEMENT_3D('',#12874,#10070,#10071);
#8161=AXIS2_PLACEMENT_3D('',#12875,#10072,#10073);
#8162=AXIS2_PLACEMENT_3D('',#12879,#10075,#10076);
#8163=AXIS2_PLACEMENT_3D('',#12892,#10078,#10079);
#8164=AXIS2_PLACEMENT_3D('',#12895,#10081,#10082);
#8165=AXIS2_PLACEMENT_3D('',#12907,#10083,#10084);
#8166=AXIS2_PLACEMENT_3D('',#12910,#10086,#10087);
#8167=AXIS2_PLACEMENT_3D('',#12911,#10088,#10089);
#8168=AXIS2_PLACEMENT_3D('',#12913,#10090,#10091);
#8169=AXIS2_PLACEMENT_3D('',#12915,#10092,#10093);
#8170=AXIS2_PLACEMENT_3D('',#12917,#10095,#10096);
#8171=AXIS2_PLACEMENT_3D('',#12918,#10097,#10098);
#8172=AXIS2_PLACEMENT_3D('',#12919,#10099,#10100);
#8173=AXIS2_PLACEMENT_3D('',#12920,#10101,#10102);
#8174=AXIS2_PLACEMENT_3D('',#12922,#10103,#10104);
#8175=AXIS2_PLACEMENT_3D('',#12924,#10105,#10106);
#8176=AXIS2_PLACEMENT_3D('',#12926,#10108,#10109);
#8177=AXIS2_PLACEMENT_3D('',#12927,#10110,#10111);
#8178=AXIS2_PLACEMENT_3D('',#12928,#10112,#10113);
#8179=AXIS2_PLACEMENT_3D('',#12929,#10114,#10115);
#8180=AXIS2_PLACEMENT_3D('',#12930,#10116,#10117);
#8181=AXIS2_PLACEMENT_3D('',#12931,#10118,#10119);
#8182=AXIS2_PLACEMENT_3D('',#12932,#10120,#10121);
#8183=AXIS2_PLACEMENT_3D('',#12933,#10122,#10123);
#8184=AXIS2_PLACEMENT_3D('',#12934,#10124,#10125);
#8185=AXIS2_PLACEMENT_3D('',#12935,#10126,#10127);
#8186=AXIS2_PLACEMENT_3D('',#12936,#10128,#10129);
#8187=AXIS2_PLACEMENT_3D('',#12937,#10130,#10131);
#8188=AXIS2_PLACEMENT_3D('',#12938,#10132,#10133);
#8189=AXIS2_PLACEMENT_3D('',#12939,#10134,#10135);
#8190=AXIS2_PLACEMENT_3D('',#12940,#10136,#10137);
#8191=AXIS2_PLACEMENT_3D('',#12942,#10138,#10139);
#8192=AXIS2_PLACEMENT_3D('',#12945,#10141,#10142);
#8193=AXIS2_PLACEMENT_3D('',#12946,#10143,#10144);
#8194=AXIS2_PLACEMENT_3D('',#12949,#10146,#10147);
#8195=AXIS2_PLACEMENT_3D('',#12950,#10148,#10149);
#8196=AXIS2_PLACEMENT_3D('',#12952,#10150,#10151);
#8197=AXIS2_PLACEMENT_3D('',#12955,#10153,#10154);
#8198=AXIS2_PLACEMENT_3D('',#12956,#10155,#10156);
#8199=AXIS2_PLACEMENT_3D('',#12959,#10158,#10159);
#8200=AXIS2_PLACEMENT_3D('',#12960,#10160,#10161);
#8201=AXIS2_PLACEMENT_3D('',#12962,#10162,#10163);
#8202=AXIS2_PLACEMENT_3D('',#12965,#10165,#10166);
#8203=AXIS2_PLACEMENT_3D('',#12966,#10167,#10168);
#8204=AXIS2_PLACEMENT_3D('',#12969,#10170,#10171);
#8205=AXIS2_PLACEMENT_3D('',#12970,#10172,#10173);
#8206=AXIS2_PLACEMENT_3D('',#12972,#10174,#10175);
#8207=AXIS2_PLACEMENT_3D('',#12975,#10177,#10178);
#8208=AXIS2_PLACEMENT_3D('',#12976,#10179,#10180);
#8209=AXIS2_PLACEMENT_3D('',#12979,#10182,#10183);
#8210=AXIS2_PLACEMENT_3D('',#12980,#10184,#10185);
#8211=AXIS2_PLACEMENT_3D('',#12983,#10186,#10187);
#8212=AXIS2_PLACEMENT_3D('',#12990,#10188,#10189);
#8213=AXIS2_PLACEMENT_3D('',#12995,#10190,#10191);
#8214=AXIS2_PLACEMENT_3D('',#13004,#10194,#10195);
#8215=AXIS2_PLACEMENT_3D('',#13006,#10196,#10197);
#8216=AXIS2_PLACEMENT_3D('',#13012,#10198,#10199);
#8217=AXIS2_PLACEMENT_3D('',#13013,#10200,#10201);
#8218=AXIS2_PLACEMENT_3D('',#13022,#10204,#10205);
#8219=AXIS2_PLACEMENT_3D('',#13024,#10206,#10207);
#8220=AXIS2_PLACEMENT_3D('',#13030,#10208,#10209);
#8221=AXIS2_PLACEMENT_3D('',#13031,#10210,#10211);
#8222=AXIS2_PLACEMENT_3D('',#13040,#10214,#10215);
#8223=AXIS2_PLACEMENT_3D('',#13042,#10216,#10217);
#8224=AXIS2_PLACEMENT_3D('',#13048,#10218,#10219);
#8225=AXIS2_PLACEMENT_3D('',#13049,#10220,#10221);
#8226=AXIS2_PLACEMENT_3D('',#13058,#10224,#10225);
#8227=AXIS2_PLACEMENT_3D('',#13060,#10226,#10227);
#8228=AXIS2_PLACEMENT_3D('',#13066,#10228,#10229);
#8229=AXIS2_PLACEMENT_3D('',#13067,#10230,#10231);
#8230=AXIS2_PLACEMENT_3D('',#13076,#10234,#10235);
#8231=AXIS2_PLACEMENT_3D('',#13078,#10236,#10237);
#8232=AXIS2_PLACEMENT_3D('',#13080,#10238,#10239);
#8233=AXIS2_PLACEMENT_3D('',#13085,#10240,#10241);
#8234=AXIS2_PLACEMENT_3D('',#13094,#10244,#10245);
#8235=AXIS2_PLACEMENT_3D('',#13096,#10246,#10247);
#8236=AXIS2_PLACEMENT_3D('',#13098,#10248,#10249);
#8237=AXIS2_PLACEMENT_3D('',#13103,#10250,#10251);
#8238=AXIS2_PLACEMENT_3D('',#13112,#10254,#10255);
#8239=AXIS2_PLACEMENT_3D('',#13114,#10256,#10257);
#8240=AXIS2_PLACEMENT_3D('',#13116,#10258,#10259);
#8241=AXIS2_PLACEMENT_3D('',#13121,#10260,#10261);
#8242=AXIS2_PLACEMENT_3D('',#13124,#10264,#10265);
#8243=AXIS2_PLACEMENT_3D('',#13130,#10269,#10270);
#8244=AXIS2_PLACEMENT_3D('',#13133,#10272,#10273);
#8245=AXIS2_PLACEMENT_3D('',#13134,#10274,#10275);
#8246=AXIS2_PLACEMENT_3D('',#13138,#10278,#10279);
#8247=AXIS2_PLACEMENT_3D('',#13141,#10281,#10282);
#8248=AXIS2_PLACEMENT_3D('',#13142,#10283,#10284);
#8249=AXIS2_PLACEMENT_3D('',#13146,#10287,#10288);
#8250=AXIS2_PLACEMENT_3D('',#13149,#10290,#10291);
#8251=AXIS2_PLACEMENT_3D('',#13150,#10292,#10293);
#8252=AXIS2_PLACEMENT_3D('',#13154,#10296,#10297);
#8253=AXIS2_PLACEMENT_3D('',#13157,#10299,#10300);
#8254=AXIS2_PLACEMENT_3D('',#13158,#10301,#10302);
#8255=AXIS2_PLACEMENT_3D('',#13161,#10303,#10304);
#8256=AXIS2_PLACEMENT_3D('',#13165,#10306,#10307);
#8257=AXIS2_PLACEMENT_3D('',#13169,#10309,#10310);
#8258=AXIS2_PLACEMENT_3D('',#13173,#10312,#10313);
#8259=AXIS2_PLACEMENT_3D('',#13179,#10316,#10317);
#8260=AXIS2_PLACEMENT_3D('',#13182,#10319,#10320);
#8261=AXIS2_PLACEMENT_3D('',#13187,#10322,#10323);
#8262=AXIS2_PLACEMENT_3D('',#13190,#10325,#10326);
#8263=AXIS2_PLACEMENT_3D('',#13191,#10327,#10328);
#8264=AXIS2_PLACEMENT_3D('',#13194,#10329,#10330);
#8265=AXIS2_PLACEMENT_3D('',#13197,#10333,#10334);
#8266=AXIS2_PLACEMENT_3D('',#13201,#10337,#10338);
#8267=AXIS2_PLACEMENT_3D('',#13203,#10339,#10340);
#8268=AXIS2_PLACEMENT_3D('',#13205,#10342,#10343);
#8269=AXIS2_PLACEMENT_3D('',#13207,#10345,#10346);
#8270=AXIS2_PLACEMENT_3D('',#13210,#10347,#10348);
#8271=AXIS2_PLACEMENT_3D('',#13213,#10351,#10352);
#8272=AXIS2_PLACEMENT_3D('',#13217,#10355,#10356);
#8273=AXIS2_PLACEMENT_3D('',#13219,#10357,#10358);
#8274=AXIS2_PLACEMENT_3D('',#13221,#10360,#10361);
#8275=AXIS2_PLACEMENT_3D('',#13223,#10363,#10364);
#8276=AXIS2_PLACEMENT_3D('',#13229,#10368,#10369);
#8277=AXIS2_PLACEMENT_3D('',#13231,#10370,#10371);
#8278=AXIS2_PLACEMENT_3D('',#13233,#10373,#10374);
#8279=AXIS2_PLACEMENT_3D('',#13237,#10377,#10378);
#8280=AXIS2_PLACEMENT_3D('',#13238,#10379,#10380);
#8281=AXIS2_PLACEMENT_3D('',#13239,#10381,#10382);
#8282=AXIS2_PLACEMENT_3D('',#13245,#10386,#10387);
#8283=AXIS2_PLACEMENT_3D('',#13247,#10388,#10389);
#8284=AXIS2_PLACEMENT_3D('',#13249,#10391,#10392);
#8285=AXIS2_PLACEMENT_3D('',#13253,#10395,#10396);
#8286=AXIS2_PLACEMENT_3D('',#13254,#10397,#10398);
#8287=AXIS2_PLACEMENT_3D('',#13255,#10399,#10400);
#8288=AXIS2_PLACEMENT_3D('',#13259,#10403,#10404);
#8289=AXIS2_PLACEMENT_3D('',#13262,#10406,#10407);
#8290=AXIS2_PLACEMENT_3D('',#13263,#10408,#10409);
#8291=AXIS2_PLACEMENT_3D('',#13267,#10412,#10413);
#8292=AXIS2_PLACEMENT_3D('',#13270,#10415,#10416);
#8293=AXIS2_PLACEMENT_3D('',#13271,#10417,#10418);
#8294=AXIS2_PLACEMENT_3D('',#13275,#10421,#10422);
#8295=AXIS2_PLACEMENT_3D('',#13278,#10424,#10425);
#8296=AXIS2_PLACEMENT_3D('',#13279,#10426,#10427);
#8297=AXIS2_PLACEMENT_3D('',#13283,#10430,#10431);
#8298=AXIS2_PLACEMENT_3D('',#13284,#10432,#10433);
#8299=AXIS2_PLACEMENT_3D('',#13285,#10434,#10435);
#8300=AXIS2_PLACEMENT_3D('',#13286,#10436,#10437);
#8301=AXIS2_PLACEMENT_3D('',#13295,#10442,#10443);
#8302=AXIS2_PLACEMENT_3D('',#13301,#10447,#10448);
#8303=AXIS2_PLACEMENT_3D('',#13321,#10459,#10460);
#8304=AXIS2_PLACEMENT_3D('',#13333,#10467,#10468);
#8305=AXIS2_PLACEMENT_3D('',#13351,#10478,#10479);
#8306=AXIS2_PLACEMENT_3D('',#13353,#10481,#10482);
#8307=AXIS2_PLACEMENT_3D('',#13355,#10484,#10485);
#8308=AXIS2_PLACEMENT_3D('',#13361,#10489,#10490);
#8309=AXIS2_PLACEMENT_3D('',#13367,#10494,#10495);
#8310=AXIS2_PLACEMENT_3D('',#13381,#10503,#10504);
#8311=AXIS2_PLACEMENT_3D('',#13383,#10506,#10507);
#8312=AXIS2_PLACEMENT_3D('',#13386,#10510,#10511);
#8313=AXIS2_PLACEMENT_3D('',#13389,#10514,#10515);
#8314=AXIS2_PLACEMENT_3D('',#13390,#10516,#10517);
#8315=AXIS2_PLACEMENT_3D('',#13396,#10521,#10522);
#8316=AXIS2_PLACEMENT_3D('',#13402,#10526,#10527);
#8317=AXIS2_PLACEMENT_3D('',#13404,#10529,#10530);
#8318=AXIS2_PLACEMENT_3D('',#13408,#10533,#10534);
#8319=AXIS2_PLACEMENT_3D('',#13412,#10537,#10538);
#8320=AXIS2_PLACEMENT_3D('',#13414,#10540,#10541);
#8321=AXIS2_PLACEMENT_3D('',#13417,#10544,#10545);
#8322=AXIS2_PLACEMENT_3D('',#13418,#10546,#10547);
#8323=AXIS2_PLACEMENT_3D('',#13419,#10548,#10549);
#8324=AXIS2_PLACEMENT_3D('',#13420,#10550,#10551);
#8325=AXIS2_PLACEMENT_3D('',#13421,#10552,#10553);
#8326=AXIS2_PLACEMENT_3D('',#13422,#10554,#10555);
#8327=AXIS2_PLACEMENT_3D('',#13423,#10556,#10557);
#8328=AXIS2_PLACEMENT_3D('',#13424,#10558,#10559);
#8329=AXIS2_PLACEMENT_3D('',#13425,#10560,#10561);
#8330=DIRECTION('axis',(0.,0.,1.));
#8331=DIRECTION('refdir',(1.,0.,0.));
#8332=DIRECTION('axis',(0.,0.,1.));
#8333=DIRECTION('refdir',(1.,0.,0.));
#8334=DIRECTION('axis',(0.,0.,1.));
#8335=DIRECTION('refdir',(1.,0.,0.));
#8336=DIRECTION('axis',(0.,0.,1.));
#8337=DIRECTION('refdir',(1.,0.,0.));
#8338=DIRECTION('axis',(0.,0.,1.));
#8339=DIRECTION('refdir',(1.,0.,0.));
#8340=DIRECTION('axis',(0.,0.,1.));
#8341=DIRECTION('refdir',(1.,0.,0.));
#8342=DIRECTION('axis',(0.,0.,1.));
#8343=DIRECTION('refdir',(1.,0.,0.));
#8344=DIRECTION('center_axis',(1.,0.,0.));
#8345=DIRECTION('ref_axis',(0.,-1.91686944095438E-15,-1.));
#8346=DIRECTION('center_axis',(1.,0.,0.));
#8347=DIRECTION('ref_axis',(0.,-1.91686944095438E-15,-1.));
#8348=DIRECTION('',(1.,0.,0.));
#8349=DIRECTION('center_axis',(-1.,0.,0.));
#8350=DIRECTION('ref_axis',(0.,-1.91686944095438E-15,-1.));
#8351=DIRECTION('center_axis',(-2.66453525910038E-15,-1.,0.));
#8352=DIRECTION('ref_axis',(-1.,2.66453525910038E-15,7.3899220076613E-16));
#8353=DIRECTION('center_axis',(0.,-1.,0.));
#8354=DIRECTION('ref_axis',(-1.,2.66453525910038E-15,7.3899220076613E-16));
#8355=DIRECTION('',(-2.66453525910038E-15,-1.,0.));
#8356=DIRECTION('center_axis',(0.,1.,0.));
#8357=DIRECTION('ref_axis',(-1.,2.66453525910038E-15,7.3899220076613E-16));
#8358=DIRECTION('center_axis',(-2.66453525910038E-15,-1.,0.));
#8359=DIRECTION('ref_axis',(-1.,2.66453525910038E-15,7.3899220076613E-16));
#8360=DIRECTION('center_axis',(0.,-1.,0.));
#8361=DIRECTION('ref_axis',(-1.,2.66453525910038E-15,7.3899220076613E-16));
#8362=DIRECTION('',(-2.66453525910038E-15,-1.,0.));
#8363=DIRECTION('center_axis',(0.,1.,0.));
#8364=DIRECTION('ref_axis',(-1.,2.66453525910038E-15,7.3899220076613E-16));
#8365=DIRECTION('center_axis',(-2.66453525910038E-15,-1.,0.));
#8366=DIRECTION('ref_axis',(-1.,2.66453525910038E-15,7.3899220076613E-16));
#8367=DIRECTION('center_axis',(0.,-1.,0.));
#8368=DIRECTION('ref_axis',(-1.,2.66453525910038E-15,7.3899220076613E-16));
#8369=DIRECTION('',(-2.66453525910038E-15,-1.,0.));
#8370=DIRECTION('center_axis',(0.,1.,0.));
#8371=DIRECTION('ref_axis',(-1.,2.66453525910038E-15,7.3899220076613E-16));
#8372=DIRECTION('center_axis',(-2.66453525910038E-15,-1.,0.));
#8373=DIRECTION('ref_axis',(-1.,2.66453525910038E-15,7.3899220076613E-16));
#8374=DIRECTION('center_axis',(0.,-1.,0.));
#8375=DIRECTION('ref_axis',(-1.,2.66453525910038E-15,7.3899220076613E-16));
#8376=DIRECTION('',(-2.66453525910038E-15,-1.,0.));
#8377=DIRECTION('center_axis',(0.,1.,0.));
#8378=DIRECTION('ref_axis',(-1.,2.66453525910038E-15,7.3899220076613E-16));
#8379=DIRECTION('center_axis',(-1.,0.,0.));
#8380=DIRECTION('ref_axis',(0.,1.,0.));
#8381=DIRECTION('center_axis',(1.,0.,0.));
#8382=DIRECTION('ref_axis',(0.,0.707106781186548,0.707106781186547));
#8383=DIRECTION('',(0.,1.,0.));
#8384=DIRECTION('',(0.,0.,-1.));
#8385=DIRECTION('',(0.,-1.,0.));
#8386=DIRECTION('center_axis',(1.,0.,0.));
#8387=DIRECTION('ref_axis',(0.,0.707106781186548,-0.707106781186547));
#8388=DIRECTION('',(1.,0.,0.));
#8389=DIRECTION('center_axis',(-1.,0.,0.));
#8390=DIRECTION('ref_axis',(0.,0.707106781186548,-0.707106781186547));
#8391=DIRECTION('',(-1.,0.,0.));
#8392=DIRECTION('center_axis',(0.,0.,-1.));
#8393=DIRECTION('ref_axis',(-1.,0.,0.));
#8394=DIRECTION('',(0.,-1.,0.));
#8395=DIRECTION('',(1.,0.,0.));
#8396=DIRECTION('',(0.,1.,0.));
#8397=DIRECTION('',(-1.,0.,0.));
#8398=DIRECTION('',(0.,-1.,0.));
#8399=DIRECTION('',(-0.544988350595413,-0.838443616300638,0.));
#8400=DIRECTION('',(0.,-1.,0.));
#8401=DIRECTION('',(0.544988350595413,-0.838443616300638,0.));
#8402=DIRECTION('',(0.,-1.,0.));
#8403=DIRECTION('',(1.,0.,0.));
#8404=DIRECTION('',(0.,-1.,0.));
#8405=DIRECTION('',(-1.,0.,0.));
#8406=DIRECTION('',(0.,-1.,0.));
#8407=DIRECTION('',(1.,0.,0.));
#8408=DIRECTION('',(0.,-1.,0.));
#8409=DIRECTION('',(0.544988350595414,0.838443616300637,0.));
#8410=DIRECTION('',(0.,1.,0.));
#8411=DIRECTION('',(-0.544988350595414,0.838443616300637,0.));
#8412=DIRECTION('',(-0.544988350595413,0.838443616300638,0.));
#8413=DIRECTION('',(-1.,0.,0.));
#8414=DIRECTION('',(-0.544988350595414,-0.838443616300637,0.));
#8415=DIRECTION('',(1.,0.,0.));
#8416=DIRECTION('',(0.544988350595414,-0.838443616300637,0.));
#8417=DIRECTION('',(1.,0.,0.));
#8418=DIRECTION('',(0.544988350595413,0.838443616300638,0.));
#8419=DIRECTION('',(-1.,0.,0.));
#8420=DIRECTION('',(0.,-1.,0.));
#8421=DIRECTION('',(1.,0.,0.));
#8422=DIRECTION('',(0.,1.,0.));
#8423=DIRECTION('',(-1.,0.,0.));
#8424=DIRECTION('center_axis',(1.,0.,0.));
#8425=DIRECTION('ref_axis',(0.,-1.,0.));
#8426=DIRECTION('',(0.,1.,0.));
#8427=DIRECTION('',(0.,0.,-1.));
#8428=DIRECTION('center_axis',(1.,0.,0.));
#8429=DIRECTION('ref_axis',(0.,-1.,0.));
#8430=DIRECTION('center_axis',(-1.,0.,0.));
#8431=DIRECTION('ref_axis',(0.,0.707106781186548,-0.707106781186547));
#8432=DIRECTION('',(0.,-1.,0.));
#8433=DIRECTION('',(0.,0.,-1.));
#8434=DIRECTION('center_axis',(1.,0.,0.));
#8435=DIRECTION('ref_axis',(0.,0.707106781186548,0.707106781186547));
#8436=DIRECTION('center_axis',(1.,0.,0.));
#8437=DIRECTION('ref_axis',(0.,0.707106781186548,-0.707106781186547));
#8438=DIRECTION('',(1.,0.,0.));
#8439=DIRECTION('center_axis',(1.,0.,0.));
#8440=DIRECTION('ref_axis',(0.,-1.,0.));
#8441=DIRECTION('center_axis',(-1.,0.,0.));
#8442=DIRECTION('ref_axis',(0.,-0.707106781186547,0.707106781186548));
#8443=DIRECTION('',(0.,0.,-1.));
#8444=DIRECTION('',(0.,-1.,0.));
#8445=DIRECTION('center_axis',(1.,0.,0.));
#8446=DIRECTION('ref_axis',(0.,-0.707106781186547,-0.707106781186547));
#8447=DIRECTION('center_axis',(1.,0.,0.));
#8448=DIRECTION('ref_axis',(0.,-0.707106781186547,0.707106781186548));
#8449=DIRECTION('',(-1.,0.,0.));
#8450=DIRECTION('center_axis',(-1.,0.,0.));
#8451=DIRECTION('ref_axis',(0.,1.,0.));
#8452=DIRECTION('',(0.,1.,0.));
#8453=DIRECTION('',(0.,0.,-1.));
#8454=DIRECTION('center_axis',(-1.,0.,0.));
#8455=DIRECTION('ref_axis',(0.,1.,0.));
#8456=DIRECTION('center_axis',(1.,0.,0.));
#8457=DIRECTION('ref_axis',(0.,-0.707106781186547,-0.707106781186547));
#8458=DIRECTION('',(0.,1.,0.));
#8459=DIRECTION('',(0.,0.,-1.));
#8460=DIRECTION('center_axis',(-1.,0.,0.));
#8461=DIRECTION('ref_axis',(0.,-0.707106781186547,0.707106781186548));
#8462=DIRECTION('center_axis',(-1.,0.,0.));
#8463=DIRECTION('ref_axis',(0.,-0.707106781186547,-0.707106781186547));
#8464=DIRECTION('',(-1.,0.,0.));
#8465=DIRECTION('center_axis',(1.,0.,0.));
#8466=DIRECTION('ref_axis',(0.,-1.,0.));
#8467=DIRECTION('',(0.,0.,-1.));
#8468=DIRECTION('',(0.,1.,0.));
#8469=DIRECTION('center_axis',(0.,1.,0.));
#8470=DIRECTION('ref_axis',(1.,0.,0.));
#8471=DIRECTION('',(1.,0.,0.));
#8472=DIRECTION('',(0.,0.,-1.));
#8473=DIRECTION('',(0.,0.,-1.));
#8474=DIRECTION('center_axis',(0.838443616300637,-0.544988350595414,0.));
#8475=DIRECTION('ref_axis',(-0.544988350595414,-0.838443616300637,0.));
#8476=DIRECTION('',(-0.544988350595414,-0.838443616300637,0.));
#8477=DIRECTION('',(0.,0.,-1.));
#8478=DIRECTION('center_axis',(0.,-1.,0.));
#8479=DIRECTION('ref_axis',(-1.,0.,0.));
#8480=DIRECTION('',(-1.,0.,0.));
#8481=DIRECTION('',(0.,0.,-1.));
#8482=DIRECTION('center_axis',(-0.838443616300638,-0.544988350595413,0.));
#8483=DIRECTION('ref_axis',(-0.544988350595413,0.838443616300638,0.));
#8484=DIRECTION('',(-0.544988350595413,0.838443616300638,0.));
#8485=DIRECTION('center_axis',(0.,-1.,0.));
#8486=DIRECTION('ref_axis',(-1.,0.,0.));
#8487=DIRECTION('',(-1.,0.,0.));
#8488=DIRECTION('',(0.,0.,-1.));
#8489=DIRECTION('',(0.,0.,-1.));
#8490=DIRECTION('center_axis',(-0.838443616300638,0.544988350595413,0.));
#8491=DIRECTION('ref_axis',(0.544988350595413,0.838443616300638,0.));
#8492=DIRECTION('',(0.544988350595413,0.838443616300638,0.));
#8493=DIRECTION('',(0.,0.,-1.));
#8494=DIRECTION('center_axis',(0.,1.,0.));
#8495=DIRECTION('ref_axis',(1.,0.,0.));
#8496=DIRECTION('',(1.,0.,0.));
#8497=DIRECTION('',(0.,0.,-1.));
#8498=DIRECTION('center_axis',(0.838443616300637,0.544988350595414,0.));
#8499=DIRECTION('ref_axis',(0.544988350595414,-0.838443616300637,0.));
#8500=DIRECTION('',(0.544988350595414,-0.838443616300637,0.));
#8501=DIRECTION('center_axis',(0.,-1.,0.));
#8502=DIRECTION('ref_axis',(-1.,0.,0.));
#8503=DIRECTION('',(-1.,0.,0.));
#8504=DIRECTION('',(0.,0.,-1.));
#8505=DIRECTION('',(0.,0.,-1.));
#8506=DIRECTION('center_axis',(-1.,0.,0.));
#8507=DIRECTION('ref_axis',(0.,1.,0.));
#8508=DIRECTION('',(0.,1.,0.));
#8509=DIRECTION('',(0.,0.,-1.));
#8510=DIRECTION('center_axis',(0.,1.,0.));
#8511=DIRECTION('ref_axis',(1.,0.,0.));
#8512=DIRECTION('',(1.,0.,0.));
#8513=DIRECTION('',(0.,0.,-1.));
#8514=DIRECTION('center_axis',(1.,0.,0.));
#8515=DIRECTION('ref_axis',(0.,-1.,0.));
#8516=DIRECTION('',(0.,-1.,0.));
#8517=DIRECTION('center_axis',(-1.,0.,0.));
#8518=DIRECTION('ref_axis',(0.,1.,0.));
#8519=DIRECTION('',(0.,1.,0.));
#8520=DIRECTION('',(0.,0.,-1.));
#8521=DIRECTION('',(0.,0.,-1.));
#8522=DIRECTION('center_axis',(-0.838443616300637,0.544988350595414,0.));
#8523=DIRECTION('ref_axis',(0.544988350595414,0.838443616300637,0.));
#8524=DIRECTION('',(-0.544988350595414,-0.838443616300637,0.));
#8525=DIRECTION('center_axis',(0.,-1.,0.));
#8526=DIRECTION('ref_axis',(-1.,0.,0.));
#8527=DIRECTION('',(-1.,0.,0.));
#8528=DIRECTION('center_axis',(0.838443616300638,0.544988350595413,0.));
#8529=DIRECTION('ref_axis',(0.544988350595413,-0.838443616300638,0.));
#8530=DIRECTION('',(-0.544988350595413,0.838443616300638,0.));
#8531=DIRECTION('',(0.,0.,-1.));
#8532=DIRECTION('center_axis',(1.,0.,0.));
#8533=DIRECTION('ref_axis',(0.,-1.,0.));
#8534=DIRECTION('',(0.,-1.,0.));
#8535=DIRECTION('',(0.,0.,-1.));
#8536=DIRECTION('center_axis',(0.838443616300638,-0.544988350595413,0.));
#8537=DIRECTION('ref_axis',(-0.544988350595413,-0.838443616300638,0.));
#8538=DIRECTION('',(-0.544988350595413,-0.838443616300638,0.));
#8539=DIRECTION('center_axis',(-1.,0.,0.));
#8540=DIRECTION('ref_axis',(0.,1.,0.));
#8541=DIRECTION('',(0.,0.,-1.));
#8542=DIRECTION('',(0.,1.,0.));
#8543=DIRECTION('center_axis',(0.,1.,0.));
#8544=DIRECTION('ref_axis',(1.,0.,0.));
#8545=DIRECTION('',(-1.,0.,0.));
#8546=DIRECTION('center_axis',(-0.838443616300637,-0.544988350595414,0.));
#8547=DIRECTION('ref_axis',(-0.544988350595414,0.838443616300637,0.));
#8548=DIRECTION('',(-0.544988350595414,0.838443616300637,0.));
#8549=DIRECTION('center_axis',(0.,0.,-1.));
#8550=DIRECTION('ref_axis',(-1.,0.,0.));
#8551=DIRECTION('',(0.,8.67361737988404E-19,1.));
#8552=DIRECTION('',(1.,-4.20093469119466E-33,0.));
#8553=DIRECTION('axis',(0.,0.,1.));
#8554=DIRECTION('refdir',(1.,0.,0.));
#8555=DIRECTION('axis',(0.,0.,1.));
#8556=DIRECTION('refdir',(1.,0.,0.));
#8557=DIRECTION('axis',(0.,0.,1.));
#8558=DIRECTION('refdir',(1.,0.,0.));
#8559=DIRECTION('center_axis',(0.,-3.49763620843824E-16,1.));
#8560=DIRECTION('ref_axis',(0.,-1.,-3.49763620843824E-16));
#8561=DIRECTION('',(-1.85144257062071E-16,-1.,-3.49763620843824E-16));
#8562=DIRECTION('',(-1.,0.,0.));
#8563=DIRECTION('',(0.,-1.,-3.49763620843824E-16));
#8564=DIRECTION('',(1.,0.,0.));
#8565=DIRECTION('center_axis',(1.,0.,0.));
#8566=DIRECTION('ref_axis',(0.,0.,-1.));
#8567=DIRECTION('',(0.,1.,-1.8996089423684E-14));
#8568=DIRECTION('',(0.,0.,-1.));
#8569=DIRECTION('',(0.,0.,1.));
#8570=DIRECTION('center_axis',(0.,1.,0.));
#8571=DIRECTION('ref_axis',(1.,0.,0.));
#8572=DIRECTION('',(1.,0.,0.));
#8573=DIRECTION('',(0.,0.,-1.));
#8574=DIRECTION('',(1.,0.,0.));
#8575=DIRECTION('',(0.,0.,1.));
#8576=DIRECTION('',(-1.,0.,0.));
#8577=DIRECTION('',(0.,0.,1.));
#8578=DIRECTION('',(1.,0.,0.));
#8579=DIRECTION('',(0.,0.,-1.));
#8580=DIRECTION('',(0.769987678786304,1.25990363974982E-13,0.638058754753259));
#8581=DIRECTION('',(-1.,6.96394470953341E-17,-3.19126591784965E-31));
#8582=DIRECTION('',(8.66668474974256E-34,5.54591095269785E-15,-1.));
#8583=DIRECTION('',(-1.,0.,0.));
#8584=DIRECTION('',(0.,1.96023752785378E-15,-1.));
#8585=DIRECTION('',(-0.544988350595405,-2.617697725249E-15,-0.838443616300643));
#8586=DIRECTION('',(1.,0.,0.));
#8587=DIRECTION('',(0.,0.,-1.));
#8588=DIRECTION('',(-1.,0.,0.));
#8589=DIRECTION('',(0.,0.,1.));
#8590=DIRECTION('',(-1.,0.,0.));
#8591=DIRECTION('',(0.,-3.33066907387547E-16,1.));
#8592=DIRECTION('',(-1.,0.,0.));
#8593=DIRECTION('',(0.,-4.44089209850063E-16,1.));
#8594=DIRECTION('',(0.544988350595405,2.617697725249E-15,0.838443616300643));
#8595=DIRECTION('',(-1.,0.,0.));
#8596=DIRECTION('',(-5.55111512312578E-16,0.,1.));
#8597=DIRECTION('',(-1.,-8.95341148891002E-17,0.));
#8598=DIRECTION('',(0.707106781186546,0.,-0.707106781186549));
#8599=DIRECTION('',(0.,0.,1.));
#8600=DIRECTION('center_axis',(0.,1.8996089423684E-14,1.));
#8601=DIRECTION('ref_axis',(1.,0.,0.));
#8602=DIRECTION('',(0.,-1.,1.8996089423684E-14));
#8603=DIRECTION('',(1.,0.,0.));
#8604=DIRECTION('center_axis',(0.707106781186549,-2.84756394081759E-16,
0.707106781186546));
#8605=DIRECTION('ref_axis',(0.707106781186546,0.,-0.707106781186549));
#8606=DIRECTION('',(-0.707106781186546,0.,0.707106781186549));
#8607=DIRECTION('',(-6.96394470953342E-17,-1.,-3.33066907387547E-16));
#8608=DIRECTION('',(6.96394470953342E-17,1.,3.33066907387547E-16));
#8609=DIRECTION('center_axis',(1.,-6.96394470953342E-17,0.));
#8610=DIRECTION('ref_axis',(6.96394470953342E-17,1.,8.67361737988403E-19));
#8611=DIRECTION('',(0.,0.,1.));
#8612=DIRECTION('',(6.96374830829876E-17,0.999971797416141,-0.00751028443750363));
#8613=DIRECTION('center_axis',(-1.,0.,0.));
#8614=DIRECTION('ref_axis',(0.,0.,1.));
#8615=DIRECTION('',(6.96394470953342E-17,1.,1.39471767468535E-15));
#8616=DIRECTION('',(-6.96394470953342E-17,-1.,2.03421509028093E-13));
#8617=DIRECTION('',(0.,0.,-1.));
#8618=DIRECTION('center_axis',(-1.,0.,0.));
#8619=DIRECTION('ref_axis',(0.,0.,1.));
#8620=DIRECTION('',(6.96394470953342E-17,1.,-8.67361737988403E-19));
#8621=DIRECTION('',(0.,0.,-1.));
#8622=DIRECTION('',(1.2307346859889E-30,1.,2.86509167645202E-15));
#8623=DIRECTION('center_axis',(-1.,0.,0.));
#8624=DIRECTION('ref_axis',(0.,0.,1.));
#8625=DIRECTION('',(0.,0.,1.));
#8626=DIRECTION('',(0.,1.,0.));
#8627=DIRECTION('center_axis',(-1.,0.,0.));
#8628=DIRECTION('ref_axis',(0.,0.00105671442526399,0.999999441677156));
#8629=DIRECTION('center_axis',(-1.,0.,0.));
#8630=DIRECTION('ref_axis',(0.,0.,1.));
#8631=DIRECTION('',(0.,-1.,0.));
#8632=DIRECTION('',(0.,0.,-1.));
#8633=DIRECTION('',(0.,1.,0.));
#8634=DIRECTION('center_axis',(-1.,2.48723896507707E-17,0.));
#8635=DIRECTION('ref_axis',(2.48723896507707E-17,1.,8.67361737988403E-19));
#8636=DIRECTION('',(2.48723896507707E-17,1.,-2.03421509028093E-13));
#8637=DIRECTION('',(-2.48723896507707E-17,-1.,-1.39471767468535E-15));
#8638=DIRECTION('',(0.,0.,-1.));
#8639=DIRECTION('center_axis',(0.,0.,-1.));
#8640=DIRECTION('ref_axis',(-1.,0.,0.));
#8641=DIRECTION('',(-2.50854229192247E-13,-1.,0.));
#8642=DIRECTION('',(1.,-6.96394470953341E-17,3.19126591784965E-31));
#8643=DIRECTION('',(-2.48723896507707E-17,-1.,-8.67361737988403E-19));
#8644=DIRECTION('center_axis',(0.638058754753259,-1.60059737102994E-13,
-0.769987678786304));
#8645=DIRECTION('ref_axis',(0.769987678786304,1.25990363974982E-13,0.638058754753259));
#8646=DIRECTION('',(6.9637825131921E-16,1.,8.67361737988403E-19));
#8647=DIRECTION('',(0.769987678786304,1.25990363974982E-13,0.638058754753259));
#8648=DIRECTION('center_axis',(0.,1.39471767468535E-15,-1.));
#8649=DIRECTION('ref_axis',(8.4801855180185E-32,1.,1.39471767468535E-15));
#8650=DIRECTION('',(-1.,0.,0.));
#8651=DIRECTION('center_axis',(1.,0.,0.));
#8652=DIRECTION('ref_axis',(0.,0.,-1.));
#8653=DIRECTION('',(-8.4816149191491E-32,-1.,-1.37303363123564E-15));
#8654=DIRECTION('',(0.,0.,-1.));
#8655=DIRECTION('center_axis',(0.,0.,1.));
#8656=DIRECTION('ref_axis',(1.,0.,0.));
#8657=DIRECTION('',(1.,0.,0.));
#8658=DIRECTION('center_axis',(0.,-0.00751028443750363,-0.999971797416141));
#8659=DIRECTION('ref_axis',(-4.93038065763132E-32,-0.999971797416141,0.00751028443750363));
#8660=DIRECTION('',(-1.,0.,0.));
#8661=DIRECTION('',(7.38065284349878E-17,0.999971797416141,-0.00751028443750363));
#8662=DIRECTION('center_axis',(-1.,6.96394470953342E-17,-5.55111512312578E-16));
#8663=DIRECTION('ref_axis',(-6.96394470953342E-17,-1.,-8.67361737988403E-19));
#8664=DIRECTION('',(-5.55111512312578E-16,0.,1.));
#8665=DIRECTION('',(6.9639447095334E-17,1.,3.33066907387547E-16));
#8666=DIRECTION('center_axis',(-2.77323045260912E-15,2.03421509028093E-13,
1.));
#8667=DIRECTION('ref_axis',(-1.,7.76658213093374E-29,-2.77323045260912E-15));
#8668=DIRECTION('',(-1.,7.76658213093374E-29,-2.77323045260912E-15));
#8669=DIRECTION('center_axis',(0.,-3.33066907387547E-16,1.));
#8670=DIRECTION('ref_axis',(1.,0.,0.));
#8671=DIRECTION('',(-1.,5.34758494390845E-14,4.92741079836879E-17));
#8672=DIRECTION('center_axis',(0.838443616300643,1.56144158705421E-15,-0.544988350595405));
#8673=DIRECTION('ref_axis',(0.544988350595405,2.617697725249E-15,0.838443616300643));
#8674=DIRECTION('',(0.544988350595405,2.617697725249E-15,0.838443616300643));
#8675=DIRECTION('',(-1.80099795683971E-15,1.,9.43255890062389E-17));
#8676=DIRECTION('',(-1.85144257062071E-16,-1.,-3.49763620843824E-16));
#8677=DIRECTION('center_axis',(-0.838443616300643,-1.56144158705421E-15,
0.544988350595405));
#8678=DIRECTION('ref_axis',(-0.544988350595405,-2.617697725249E-15,-0.838443616300643));
#8679=DIRECTION('',(0.544988350595405,2.617697725249E-15,0.838443616300643));
#8680=DIRECTION('center_axis',(0.,1.,0.));
#8681=DIRECTION('ref_axis',(0.,0.,1.));
#8682=DIRECTION('',(0.,-3.33066907387547E-16,1.));
#8683=DIRECTION('',(-1.,0.,0.));
#8684=DIRECTION('',(1.,0.,0.));
#8685=DIRECTION('',(0.,0.,-1.));
#8686=DIRECTION('',(-1.,0.,0.));
#8687=DIRECTION('',(0.,-4.44089209850063E-16,1.));
#8688=DIRECTION('',(1.,0.,0.));
#8689=DIRECTION('',(0.,-3.33066907387547E-16,1.));
#8690=DIRECTION('',(-1.,-8.95341148891002E-17,0.));
#8691=DIRECTION('center_axis',(-8.44535812306664E-33,9.43255890062389E-17,
-1.));
#8692=DIRECTION('ref_axis',(8.97483354084452E-31,-1.,-9.43255890062389E-17));
#8693=DIRECTION('',(4.57580087356264E-14,1.,9.43255890062389E-17));
#8694=DIRECTION('center_axis',(-1.,4.57580087356264E-14,1.52404784577874E-29));
#8695=DIRECTION('ref_axis',(-4.57580087356264E-14,-1.,-3.49763620843824E-16));
#8696=DIRECTION('',(4.57580087356264E-14,1.,0.));
#8697=DIRECTION('center_axis',(1.,-1.85144257062071E-16,-8.22205668269718E-32));
#8698=DIRECTION('ref_axis',(1.85144257062071E-16,1.,3.49763620843824E-16));
#8699=DIRECTION('',(-1.85144257062071E-16,-1.,0.));
#8700=DIRECTION('center_axis',(1.,0.,0.));
#8701=DIRECTION('ref_axis',(0.,0.00105671442526399,0.999999441677156));
#8702=DIRECTION('center_axis',(1.,8.90935192273535E-31,1.72563323017096E-30));
#8703=DIRECTION('ref_axis',(-1.74013434975223E-30,0.00105671442526399,0.999999441677156));
#8704=DIRECTION('',(-1.,0.,0.));
#8705=DIRECTION('center_axis',(-1.,-8.90935192273535E-31,-1.72563323017096E-30));
#8706=DIRECTION('ref_axis',(-1.74013434975223E-30,0.00105671442526399,0.999999441677156));
#8707=DIRECTION('center_axis',(-1.,-8.90935192273535E-31,-1.72563323017096E-30));
#8708=DIRECTION('ref_axis',(-1.72563323017096E-30,0.00105671442526399,0.999999441677156));
#8709=DIRECTION('center_axis',(1.,8.90935192273535E-31,1.72563323017096E-30));
#8710=DIRECTION('ref_axis',(0.,0.00105671442526399,0.999999441677156));
#8711=DIRECTION('center_axis',(-1.,0.,0.));
#8712=DIRECTION('ref_axis',(0.,0.00105671442526399,0.999999441677156));
#8713=DIRECTION('',(1.,0.,0.));
#8714=DIRECTION('center_axis',(-1.,-1.0877170843413E-30,-1.33120277756046E-30));
#8715=DIRECTION('ref_axis',(-1.33120277756046E-30,0.00105671442526399,0.999999441677156));
#8716=DIRECTION('center_axis',(0.,0.,1.));
#8717=DIRECTION('ref_axis',(1.,0.,0.));
#8718=DIRECTION('center_axis',(0.,0.,-1.));
#8719=DIRECTION('ref_axis',(-1.,0.,0.));
#8720=DIRECTION('',(0.,1.,0.));
#8721=DIRECTION('center_axis',(1.,0.,0.));
#8722=DIRECTION('ref_axis',(0.,0.,-1.));
#8723=DIRECTION('',(0.,1.,0.));
#8724=DIRECTION('center_axis',(0.,0.,1.));
#8725=DIRECTION('ref_axis',(1.,0.,0.));
#8726=DIRECTION('center_axis',(0.,0.,-1.));
#8727=DIRECTION('ref_axis',(-1.,0.,0.));
#8728=DIRECTION('',(0.,1.,0.));
#8729=DIRECTION('center_axis',(1.,0.,0.));
#8730=DIRECTION('ref_axis',(0.,0.,-1.));
#8731=DIRECTION('axis',(0.,0.,1.));
#8732=DIRECTION('refdir',(1.,0.,0.));
#8733=DIRECTION('axis',(0.,0.,1.));
#8734=DIRECTION('refdir',(1.,0.,0.));
#8735=DIRECTION('axis',(0.,0.,1.));
#8736=DIRECTION('refdir',(1.,0.,0.));
#8737=DIRECTION('center_axis',(0.,-1.,-1.280044E-16));
#8738=DIRECTION('ref_axis',(0.963014203577897,3.44908666265306E-17,-0.269450633154256));
#8739=DIRECTION('center_axis',(0.655251061441386,0.741275412641183,-0.145453803984567));
#8740=DIRECTION('ref_axis',(0.741247678354191,-0.66804509509069,-0.0653271020311776));
#8741=DIRECTION('center_axis',(-4.213516E-18,-1.,1.178939E-18));
#8742=DIRECTION('ref_axis',(0.963014203577897,-4.37534161500297E-18,-0.269450633154256));
#8743=DIRECTION('center_axis',(-2.660327E-31,1.,7.443574E-32));
#8744=DIRECTION('ref_axis',(0.963014203577897,2.76250025988483E-31,-0.269450633154256));
#8745=DIRECTION('center_axis',(3.600536E-31,-1.,2.615943E-31));
#8746=DIRECTION('ref_axis',(0.963014203577897,2.7624998108481E-31,-0.269450633154256));
#8747=DIRECTION('',(0.,-1.,0.));
#8748=DIRECTION('center_axis',(-1.004114E-18,-1.,2.809504E-19));
#8749=DIRECTION('ref_axis',(0.963014203577897,-1.04267830717636E-18,-0.269450633154256));
#8750=DIRECTION('',(0.,-1.,0.));
#8751=DIRECTION('center_axis',(-4.19679465865469E-12,1.,-4.13620073085658E-12));
#8752=DIRECTION('ref_axis',(0.736596263783803,2.9389538678433E-13,-0.676332717070335));
#8753=DIRECTION('',(0.,-1.,0.));
#8754=DIRECTION('center_axis',(0.,-1.,0.));
#8755=DIRECTION('ref_axis',(0.741830053367327,0.,-0.670587930044248));
#8756=DIRECTION('center_axis',(0.,-1.,0.));
#8757=DIRECTION('ref_axis',(0.999630427084933,0.,-0.0271847244973098));
#8758=DIRECTION('',(0.,-1.,0.));
#8759=DIRECTION('center_axis',(0.,1.,0.));
#8760=DIRECTION('ref_axis',(0.999721118323231,0.,0.0236153674235407));
#8761=DIRECTION('center_axis',(3.600536E-31,-1.,2.615943E-31));
#8762=DIRECTION('ref_axis',(0.088144196889803,-2.28839467735163E-31,-0.996107725376453));
#8763=DIRECTION('center_axis',(-5.507808E-18,1.,6.224313E-17));
#8764=DIRECTION('ref_axis',(0.088144196889803,6.24863439573941E-17,-0.996107725376453));
#8765=DIRECTION('center_axis',(5.507808E-18,-1.,-6.224313E-17));
#8766=DIRECTION('ref_axis',(0.088144196889803,6.24863439573941E-17,-0.996107725376453));
#8767=DIRECTION('',(0.,-1.,0.));
#8768=DIRECTION('center_axis',(3.600536E-31,-1.,2.615943E-31));
#8769=DIRECTION('ref_axis',(0.898126115058145,2.08340594775807E-31,-0.439737969079956));
#8770=DIRECTION('center_axis',(1.002966E-17,-1.,-4.910696E-18));
#8771=DIRECTION('ref_axis',(0.898126115058145,1.11673190569631E-17,-0.439737969079956));
#8772=DIRECTION('center_axis',(-1.002966E-17,1.,4.910696E-18));
#8773=DIRECTION('ref_axis',(0.898126115058145,1.11673190569631E-17,-0.439737969079956));
#8774=DIRECTION('',(3.600536E-31,-1.,2.615943E-31));
#8775=DIRECTION('center_axis',(3.600536E-31,-1.,2.615943E-31));
#8776=DIRECTION('ref_axis',(0.627871958586659,4.29670757583224E-31,0.778316647400371));
#8777=DIRECTION('center_axis',(-3.901434E-17,-1.,-4.836259E-17));
#8778=DIRECTION('ref_axis',(0.627871958586659,-6.21374189771645E-17,0.778316647400371));
#8779=DIRECTION('',(3.600536E-31,-1.,2.615943E-31));
#8780=DIRECTION('center_axis',(3.901434E-17,1.,4.836259E-17));
#8781=DIRECTION('ref_axis',(0.627871958586659,-6.21374189771645E-17,0.778316647400371));
#8782=DIRECTION('',(0.,-1.,0.));
#8783=DIRECTION('center_axis',(3.600536E-31,-1.,2.615943E-31));
#8784=DIRECTION('ref_axis',(0.627871958586655,4.29670757583224E-31,0.778316647400374));
#8785=DIRECTION('center_axis',(3.901434E-17,1.,4.836259E-17));
#8786=DIRECTION('ref_axis',(0.627871958586655,-6.21374189771645E-17,0.778316647400374));
#8787=DIRECTION('center_axis',(-3.901434E-17,-1.,-4.836259E-17));
#8788=DIRECTION('ref_axis',(0.627871958586655,-6.21374189771645E-17,0.778316647400374));
#8789=DIRECTION('center_axis',(0.,-1.,0.));
#8790=DIRECTION('ref_axis',(0.951056516295154,0.,-0.309016994374947));
#8791=DIRECTION('center_axis',(0.,-1.,0.));
#8792=DIRECTION('ref_axis',(-1.,0.,0.));
#8793=DIRECTION('center_axis',(0.,-1.,-7.983536E-17));
#8794=DIRECTION('ref_axis',(0.620715748130033,6.25937714025834E-17,-0.784035687978152));
#8795=DIRECTION('center_axis',(0.444613643416417,0.741275412641252,-0.502821509784059));
#8796=DIRECTION('ref_axis',(-0.561283661721738,0.668045095086798,0.488545189327158));
#8797=DIRECTION('center_axis',(-2.715843E-18,-1.,3.430424E-18));
#8798=DIRECTION('ref_axis',(0.620715748130033,-4.37534136044548E-18,-0.784035687978152));
#8799=DIRECTION('center_axis',(-5.054921E-32,1.,6.384949E-32));
#8800=DIRECTION('ref_axis',(0.620715748130033,8.14369695217362E-32,-0.784035687978152));
#8801=DIRECTION('center_axis',(2.225254E-31,-1.,7.230288E-32));
#8802=DIRECTION('ref_axis',(0.620715748130033,8.14369818753331E-32,-0.784035687978152));
#8803=DIRECTION('',(0.,-1.,0.));
#8804=DIRECTION('center_axis',(-6.47207E-19,-1.,8.174972E-19));
#8805=DIRECTION('ref_axis',(0.620715748130033,-1.04267855682221E-18,-0.784035687978152));
#8806=DIRECTION('',(0.,-1.,0.));
#8807=DIRECTION('center_axis',(0.,1.,0.));
#8808=DIRECTION('ref_axis',(-0.198380498704161,0.,0.980125082698065));
#8809=DIRECTION('',(0.,-1.,0.));
#8810=DIRECTION('center_axis',(0.,-1.,0.));
#8811=DIRECTION('ref_axis',(0.205991424468725,0.,-0.978553796704783));
#8812=DIRECTION('center_axis',(0.,-1.,0.));
#8813=DIRECTION('ref_axis',(0.792739223456648,0.,-0.609560926891932));
#8814=DIRECTION('',(0.,-1.,0.));
#8815=DIRECTION('center_axis',(0.,1.,0.));
#8816=DIRECTION('ref_axis',(0.822672139262955,0.,-0.568516095885168));
#8817=DIRECTION('center_axis',(2.225254E-31,-1.,7.230288E-32));
#8818=DIRECTION('ref_axis',(-0.514187277431499,-1.76432314547593E-31,-0.857677937064714));
#8819=DIRECTION('center_axis',(3.212968E-17,1.,5.359316E-17));
#8820=DIRECTION('ref_axis',(-0.514187277431499,6.24863435935244E-17,-0.857677937064714));
#8821=DIRECTION('center_axis',(-3.212968E-17,-1.,-5.359316E-17));
#8822=DIRECTION('ref_axis',(-0.514187277431499,6.24863435935244E-17,-0.857677937064714));
#8823=DIRECTION('',(0.,-1.,0.));
#8824=DIRECTION('center_axis',(2.225254E-31,-1.,7.230288E-32));
#8825=DIRECTION('ref_axis',(0.468127797075746,4.0279106306309E-32,-0.88366077518752));
#8826=DIRECTION('center_axis',(5.227735E-18,-1.,-9.868126E-18));
#8827=DIRECTION('ref_axis',(0.468127797075746,1.11673239400539E-17,-0.88366077518752));
#8828=DIRECTION('center_axis',(-5.227735E-18,1.,9.868126E-18));
#8829=DIRECTION('ref_axis',(0.468127797075746,1.11673239400539E-17,-0.88366077518752));
#8830=DIRECTION('',(2.225254E-31,-1.,7.230288E-32));
#8831=DIRECTION('center_axis',(2.225254E-31,-1.,7.230288E-32));
#8832=DIRECTION('ref_axis',(0.965442131743749,2.33678793612725E-31,0.260617517166605));
#8833=DIRECTION('center_axis',(-5.999008E-17,-1.,-1.61941E-17));
#8834=DIRECTION('ref_axis',(0.965442131743749,-6.21374168534258E-17,0.260617517166605));
#8835=DIRECTION('',(2.225254E-31,-1.,7.230288E-32));
#8836=DIRECTION('center_axis',(5.999008E-17,1.,1.61941E-17));
#8837=DIRECTION('ref_axis',(0.965442131743749,-6.21374168534258E-17,0.260617517166605));
#8838=DIRECTION('',(0.,-1.,0.));
#8839=DIRECTION('center_axis',(2.225254E-31,-1.,7.230288E-32));
#8840=DIRECTION('ref_axis',(0.965442131743748,2.33678793612725E-31,0.26061751716661));
#8841=DIRECTION('center_axis',(5.999008E-17,1.,1.61941E-17));
#8842=DIRECTION('ref_axis',(0.965442131743748,-6.21374168534258E-17,0.26061751716661));
#8843=DIRECTION('center_axis',(-5.999008E-17,-1.,-1.61941E-17));
#8844=DIRECTION('ref_axis',(0.965442131743748,-6.21374168534258E-17,0.26061751716661));
#8845=DIRECTION('center_axis',(0.,-1.,0.));
#8846=DIRECTION('ref_axis',(0.587785252292473,0.,-0.809016994374947));
#8847=DIRECTION('center_axis',(0.,-1.,0.));
#8848=DIRECTION('ref_axis',(-1.,0.,0.));
#8849=DIRECTION('center_axis',(0.,-1.,1.171926E-18));
#8850=DIRECTION('ref_axis',(-0.041324974248815,1.1709248920438E-18,0.999145758387301));
#8851=DIRECTION('center_axis',(-0.0641489254679125,0.741275412641134,0.668128489120939));
#8852=DIRECTION('ref_axis',(-0.166928363498851,-0.668045095095756,0.725155619421168));
#8853=DIRECTION('center_axis',(1.808109E-19,-1.,-4.371604E-18));
#8854=DIRECTION('ref_axis',(-0.041324974248815,-4.37534159973536E-18,0.999145758387301));
#8855=DIRECTION('center_axis',(3.126312E-32,1.,-7.558725E-31));
#8856=DIRECTION('ref_axis',(-0.041324974248815,7.56518749885543E-31,0.999145758387301));
#8857=DIRECTION('center_axis',(-8.758115E-47,-1.,7.571656E-31));
#8858=DIRECTION('ref_axis',(-0.041324974248815,7.56518797636776E-31,0.999145758387301));
#8859=DIRECTION('',(0.,-1.,0.));
#8860=DIRECTION('center_axis',(4.308867E-20,-1.,-1.041788E-18));
#8861=DIRECTION('ref_axis',(-0.041324974248815,-1.04267869951696E-18,0.999145758387301));
#8862=DIRECTION('',(0.,-1.,0.));
#8863=DIRECTION('center_axis',(0.,1.,0.));
#8864=DIRECTION('ref_axis',(0.415609874400926,0.,0.909542979908287));
#8865=DIRECTION('',(0.,-1.,0.));
#8866=DIRECTION('center_axis',(0.,-1.,0.));
#8867=DIRECTION('ref_axis',(-0.408528927193915,0.,-0.912745372842716));
#8868=DIRECTION('center_axis',(0.,-1.,0.));
#8869=DIRECTION('ref_axis',(0.283048580689921,0.,-0.959105573422145));
#8870=DIRECTION('',(0.,-1.,0.));
#8871=DIRECTION('center_axis',(0.,1.,0.));
#8872=DIRECTION('ref_axis',(-0.33139036499663,0.,0.943493733941779));
#8873=DIRECTION('center_axis',(-8.758115E-47,-1.,7.571656E-31));
#8874=DIRECTION('ref_axis',(0.920116688356739,2.96539612744475E-31,0.391644328195147));
#8875=DIRECTION('center_axis',(-5.749473E-17,1.,-2.447242E-17));
#8876=DIRECTION('ref_axis',(0.920116688356739,6.24863450557743E-17,0.391644328195147));
#8877=DIRECTION('center_axis',(5.749473E-17,-1.,2.447242E-17));
#8878=DIRECTION('ref_axis',(0.920116688356739,6.24863450557743E-17,0.391644328195147));
#8879=DIRECTION('',(0.,-1.,0.));
#8880=DIRECTION('center_axis',(-8.758115E-47,-1.,7.571656E-31));
#8881=DIRECTION('ref_axis',(0.140679428310973,7.49635739312858E-31,0.990055199698531));
#8882=DIRECTION('center_axis',(1.571013E-18,-1.,1.105627E-17));
#8883=DIRECTION('ref_axis',(0.140679428310973,1.116732681348E-17,0.990055199698531));
#8884=DIRECTION('center_axis',(-1.571013E-18,1.,-1.105627E-17));
#8885=DIRECTION('ref_axis',(0.140679428310973,1.116732681348E-17,0.990055199698531));
#8886=DIRECTION('',(-8.758115E-47,-1.,7.571656E-31));
#8887=DIRECTION('center_axis',(-8.758115E-47,-1.,7.571656E-31));
#8888=DIRECTION('ref_axis',(-0.934246224745881,2.70026943150695E-31,0.356628646561195));
#8889=DIRECTION('center_axis',(5.805165E-17,-1.,-2.215998E-17));
#8890=DIRECTION('ref_axis',(-0.934246224745881,-6.21374185279923E-17,0.356628646561195));
#8891=DIRECTION('',(-8.758115E-47,-1.,7.571656E-31));
#8892=DIRECTION('center_axis',(-5.805165E-17,1.,2.215998E-17));
#8893=DIRECTION('ref_axis',(-0.934246224745881,-6.21374185279923E-17,0.356628646561195));
#8894=DIRECTION('',(0.,-1.,0.));
#8895=DIRECTION('center_axis',(-8.758115E-47,-1.,7.571656E-31));
#8896=DIRECTION('ref_axis',(-0.934246224745882,2.70026943150692E-31,0.35662864656119));
#8897=DIRECTION('center_axis',(-5.805165E-17,1.,2.215998E-17));
#8898=DIRECTION('ref_axis',(-0.934246224745882,-6.21374185279923E-17,0.35662864656119));
#8899=DIRECTION('center_axis',(5.805165E-17,-1.,-2.215998E-17));
#8900=DIRECTION('ref_axis',(-0.934246224745882,-6.21374185279923E-17,0.35662864656119));
#8901=DIRECTION('center_axis',(0.,-1.,0.));
#8902=DIRECTION('ref_axis',(0.,0.,1.));
#8903=DIRECTION('center_axis',(0.,-1.,0.));
#8904=DIRECTION('ref_axis',(-1.,0.,0.));
#8905=DIRECTION('center_axis',(0.,-1.,1.34211E-16));
#8906=DIRECTION('ref_axis',(-0.999145758387301,-5.54626611890771E-18,-0.041324974248815));
#8907=DIRECTION('center_axis',(-0.668128489120791,0.741275412641238,-0.0641489254682597));
#8908=DIRECTION('ref_axis',(0.725155619378546,0.668045095079004,0.166928363751047));
#8909=DIRECTION('center_axis',(4.371604E-18,-1.,1.808109E-19));
#8910=DIRECTION('ref_axis',(-0.999145758387301,-4.37534159973536E-18,-0.041324974248815));
#8911=DIRECTION('center_axis',(3.623047E-31,1.,1.498503E-32));
#8912=DIRECTION('ref_axis',(-0.999145758387301,3.62614460227651E-31,-0.041324974248815));
#8913=DIRECTION('center_axis',(-3.785828E-31,-1.,3.785828E-31));
#8914=DIRECTION('ref_axis',(-0.999145758387301,3.62614474357344E-31,-0.041324974248815));
#8915=DIRECTION('',(0.,-1.,0.));
#8916=DIRECTION('center_axis',(1.041788E-18,-1.,4.308867E-20));
#8917=DIRECTION('ref_axis',(-0.999145758387301,-1.04267869951696E-18,-0.041324974248815));
#8918=DIRECTION('',(0.,-1.,0.));
#8919=DIRECTION('center_axis',(0.,1.,0.));
#8920=DIRECTION('ref_axis',(0.909542979969938,0.,-0.415609874266005));
#8921=DIRECTION('',(0.,-1.,0.));
#8922=DIRECTION('center_axis',(0.,-1.,0.));
#8923=DIRECTION('ref_axis',(0.91274537284339,0.,-0.408528927192409));
#8924=DIRECTION('center_axis',(0.,-1.,0.));
#8925=DIRECTION('ref_axis',(0.959105573425426,0.,0.283048580678803));
#8926=DIRECTION('',(0.,-1.,0.));
#8927=DIRECTION('center_axis',(0.,1.,0.));
#8928=DIRECTION('ref_axis',(0.943493734019405,0.,0.331390364775623));
#8929=DIRECTION('center_axis',(-3.785828E-31,-1.,3.785828E-31));
#8930=DIRECTION('ref_axis',(-0.391644328195147,4.96610158577059E-31,0.920116688356739));
#8931=DIRECTION('center_axis',(2.447242E-17,1.,-5.749473E-17));
#8932=DIRECTION('ref_axis',(-0.391644328195147,6.24863450557743E-17,0.920116688356739));
#8933=DIRECTION('center_axis',(-2.447242E-17,-1.,5.749473E-17));
#8934=DIRECTION('ref_axis',(-0.391644328195147,6.24863450557743E-17,0.920116688356739));
#8935=DIRECTION('',(0.,-1.,0.));
#8936=DIRECTION('center_axis',(-3.785828E-31,-1.,3.785828E-31));
#8937=DIRECTION('ref_axis',(-0.990055199698531,4.28076681528797E-31,0.140679428310974));
#8938=DIRECTION('center_axis',(-1.105627E-17,-1.,1.571013E-18));
#8939=DIRECTION('ref_axis',(-0.990055199698531,1.116732681348E-17,0.140679428310974));
#8940=DIRECTION('center_axis',(1.105627E-17,1.,-1.571013E-18));
#8941=DIRECTION('ref_axis',(-0.990055199698531,1.116732681348E-17,0.140679428310974));
#8942=DIRECTION('',(-3.785828E-31,-1.,3.785828E-31));
#8943=DIRECTION('center_axis',(-3.785828E-31,-1.,3.785828E-31));
#8944=DIRECTION('ref_axis',(-0.356628646561195,-2.18676080078377E-31,-0.934246224745881));
#8945=DIRECTION('center_axis',(2.215998E-17,-1.,5.805165E-17));
#8946=DIRECTION('ref_axis',(-0.356628646561195,-6.21374185279923E-17,-0.934246224745881));
#8947=DIRECTION('',(-3.785828E-31,-1.,3.785828E-31));
#8948=DIRECTION('center_axis',(-2.215998E-17,1.,-5.805165E-17));
#8949=DIRECTION('ref_axis',(-0.356628646561195,-6.21374185279923E-17,-0.934246224745881));
#8950=DIRECTION('',(0.,-1.,0.));
#8951=DIRECTION('center_axis',(-3.785828E-31,-1.,3.785828E-31));
#8952=DIRECTION('ref_axis',(-0.35662864656119,-2.1867608007838E-31,-0.934246224745882));
#8953=DIRECTION('center_axis',(-2.215998E-17,1.,-5.805165E-17));
#8954=DIRECTION('ref_axis',(-0.35662864656119,-6.21374185279923E-17,-0.934246224745882));
#8955=DIRECTION('center_axis',(2.215998E-17,-1.,5.805165E-17));
#8956=DIRECTION('ref_axis',(-0.35662864656119,-6.21374185279923E-17,-0.934246224745882));
#8957=DIRECTION('center_axis',(0.,-1.,0.));
#8958=DIRECTION('ref_axis',(-1.,0.,0.));
#8959=DIRECTION('center_axis',(0.,-1.,0.));
#8960=DIRECTION('ref_axis',(-1.,0.,0.));
#8961=DIRECTION('center_axis',(0.,-1.,-1.272801E-16));
#8962=DIRECTION('ref_axis',(0.937473964907915,-4.4300526785046E-17,0.348055405244386));
#8963=DIRECTION('center_axis',(0.615604845159847,0.741275412641364,0.267472311144718));
#8964=DIRECTION('ref_axis',(0.638080275879995,-0.668045095076677,0.38284371808468));
#8965=DIRECTION('center_axis',(-4.101769E-18,-1.,-1.522861E-18));
#8966=DIRECTION('ref_axis',(0.937473964907915,-4.37534165005224E-18,0.348055405244386));
#8967=DIRECTION('center_axis',(-4.781372E-31,1.,-1.775177E-31));
#8968=DIRECTION('ref_axis',(0.937473964907915,5.1002717166552E-31,0.348055405244386));
#8969=DIRECTION('center_axis',(3.600536E-31,-1.,4.955713E-31));
#8970=DIRECTION('ref_axis',(0.937473964907915,5.10027145620356E-31,0.348055405244386));
#8971=DIRECTION('',(0.,-1.,0.));
#8972=DIRECTION('center_axis',(-9.774841E-19,-1.,-3.629099E-19));
#8973=DIRECTION('ref_axis',(0.937473964907915,-1.04267864717314E-18,0.348055405244386));
#8974=DIRECTION('',(0.,-1.,0.));
#8975=DIRECTION('center_axis',(0.,1.,0.));
#8976=DIRECTION('ref_axis',(0.993457292123171,0.,-0.114204241284185));
#8977=DIRECTION('',(0.,-1.,0.));
#8978=DIRECTION('center_axis',(0.,-1.,0.));
#8979=DIRECTION('ref_axis',(0.994314815757343,0.,-0.106480266554138));
#8980=DIRECTION('center_axis',(0.,-1.,0.));
#8981=DIRECTION('ref_axis',(0.824696783750741,0.,0.565575118681138));
#8982=DIRECTION('',(0.,-1.,0.));
#8983=DIRECTION('center_axis',(0.,1.,0.));
#8984=DIRECTION('ref_axis',(0.794910609145694,0.,0.606726564003606));
#8985=DIRECTION('center_axis',(3.600536E-31,-1.,4.955713E-31));
#8986=DIRECTION('ref_axis',(0.656807583910262,-1.37203676796465E-31,-0.754058219050734));
#8987=DIRECTION('center_axis',(-4.10415E-17,1.,4.711834E-17));
#8988=DIRECTION('ref_axis',(0.656807583910262,6.24863400000799E-17,-0.754058219050734));
#8989=DIRECTION('center_axis',(4.10415E-17,-1.,-4.711834E-17));
#8990=DIRECTION('ref_axis',(0.656807583910262,6.24863400000799E-17,-0.754058219050734));
#8991=DIRECTION('',(0.,-1.,0.));
#8992=DIRECTION('center_axis',(3.600536E-31,-1.,4.955713E-31));
#8993=DIRECTION('ref_axis',(0.98507078327223,4.399907795107E-31,0.1721497950723));
#8994=DIRECTION('center_axis',(1.10006E-17,-1.,1.922452E-18));
#8995=DIRECTION('ref_axis',(0.98507078327223,1.11673193763008E-17,0.1721497950723));
#8996=DIRECTION('center_axis',(-1.10006E-17,1.,-1.922452E-18));
#8997=DIRECTION('ref_axis',(0.98507078327223,1.11673193763008E-17,0.1721497950723));
#8998=DIRECTION('',(3.600536E-31,-1.,4.955713E-31));
#8999=DIRECTION('center_axis',(3.600536E-31,-1.,4.955713E-31));
#9000=DIRECTION('ref_axis',(0.050476037832431,5.13113660690235E-31,0.998725272337062));
#9001=DIRECTION('center_axis',(-3.136451E-18,-1.,-6.205821E-17));
#9002=DIRECTION('ref_axis',(0.050476037832431,-6.21374183023362E-17,0.998725272337062));
#9003=DIRECTION('',(3.600536E-31,-1.,4.955713E-31));
#9004=DIRECTION('center_axis',(3.136451E-18,1.,6.205821E-17));
#9005=DIRECTION('ref_axis',(0.050476037832431,-6.21374183023362E-17,0.998725272337062));
#9006=DIRECTION('',(0.,-1.,0.));
#9007=DIRECTION('center_axis',(3.600536E-31,-1.,4.955713E-31));
#9008=DIRECTION('ref_axis',(0.050476037832427,5.13113660690234E-31,0.998725272337062));
#9009=DIRECTION('center_axis',(3.136451E-18,1.,6.205821E-17));
#9010=DIRECTION('ref_axis',(0.050476037832427,-6.21374183023362E-17,0.998725272337062));
#9011=DIRECTION('center_axis',(-3.136451E-18,-1.,-6.205821E-17));
#9012=DIRECTION('ref_axis',(0.050476037832427,-6.21374183023362E-17,0.998725272337062));
#9013=DIRECTION('center_axis',(0.,-1.,0.));
#9014=DIRECTION('ref_axis',(0.951056516295154,0.,0.309016994374948));
#9015=DIRECTION('center_axis',(0.,-1.,0.));
#9016=DIRECTION('ref_axis',(-1.,0.,0.));
#9017=DIRECTION('center_axis',(0.,-1.,7.983536E-17));
#9018=DIRECTION('ref_axis',(-0.620715748130033,6.25937714025834E-17,0.784035687978152));
#9019=DIRECTION('center_axis',(-0.444613643416458,0.741275412641268,0.502821509784001));
#9020=DIRECTION('ref_axis',(-0.561283661720634,-0.668045095086889,0.488545189328301));
#9021=DIRECTION('center_axis',(2.715843E-18,-1.,-3.430424E-18));
#9022=DIRECTION('ref_axis',(-0.620715748130033,-4.37534136044548E-18,0.784035687978152));
#9023=DIRECTION('center_axis',(4.190339E-31,1.,-5.292882E-31));
#9024=DIRECTION('ref_axis',(-0.620715748130033,6.75081778756063E-31,0.784035687978152));
#9025=DIRECTION('center_axis',(-2.225254E-31,-1.,6.848627E-31));
#9026=DIRECTION('ref_axis',(-0.620715748130033,6.75081818304009E-31,0.784035687978152));
#9027=DIRECTION('',(0.,-1.,0.));
#9028=DIRECTION('center_axis',(6.47207E-19,-1.,-8.174972E-19));
#9029=DIRECTION('ref_axis',(-0.620715748130033,-1.04267855682221E-18,0.784035687978152));
#9030=DIRECTION('',(0.,-1.,0.));
#9031=DIRECTION('center_axis',(0.,1.,0.));
#9032=DIRECTION('ref_axis',(-0.198380498659307,0.,0.980125082707143));
#9033=DIRECTION('',(0.,-1.,0.));
#9034=DIRECTION('center_axis',(0.,-1.,0.));
#9035=DIRECTION('ref_axis',(0.205991424468842,0.,-0.978553796704758));
#9036=DIRECTION('center_axis',(0.,-1.,0.));
#9037=DIRECTION('ref_axis',(0.792739223458925,0.,-0.60956092688897));
#9038=DIRECTION('',(0.,-1.,0.));
#9039=DIRECTION('center_axis',(0.,1.,0.));
#9040=DIRECTION('ref_axis',(0.822672139340102,0.,-0.568516095773531));
#9041=DIRECTION('center_axis',(-2.225254E-31,-1.,6.848627E-31));
#9042=DIRECTION('ref_axis',(0.514187277431499,4.72971898123215E-31,0.857677937064714));
#9043=DIRECTION('center_axis',(-3.212968E-17,1.,-5.359316E-17));
#9044=DIRECTION('ref_axis',(0.514187277431499,6.24863435935244E-17,0.857677937064714));
#9045=DIRECTION('center_axis',(3.212968E-17,-1.,5.359316E-17));
#9046=DIRECTION('ref_axis',(0.514187277431499,6.24863435935244E-17,0.857677937064714));
#9047=DIRECTION('',(0.,-1.,0.));
#9048=DIRECTION('center_axis',(-2.225254E-31,-1.,6.848627E-31));
#9049=DIRECTION('ref_axis',(-0.468127797075746,7.09356629674417E-31,0.88366077518752));
#9050=DIRECTION('center_axis',(-5.227735E-18,-1.,9.868126E-18));
#9051=DIRECTION('ref_axis',(-0.468127797075746,1.11673239400539E-17,0.88366077518752));
#9052=DIRECTION('center_axis',(5.227735E-18,1.,-9.868126E-18));
#9053=DIRECTION('ref_axis',(-0.468127797075746,1.11673239400539E-17,0.88366077518752));
#9054=DIRECTION('',(-2.225254E-31,-1.,6.848627E-31));
#9055=DIRECTION('center_axis',(-2.225254E-31,-1.,6.848627E-31));
#9056=DIRECTION('ref_axis',(-0.965442131743749,3.6348180069113E-32,-0.260617517166605));
#9057=DIRECTION('center_axis',(5.999008E-17,-1.,1.61941E-17));
#9058=DIRECTION('ref_axis',(-0.965442131743749,-6.21374168534258E-17,-0.260617517166605));
#9059=DIRECTION('',(-2.225254E-31,-1.,6.848627E-31));
#9060=DIRECTION('center_axis',(-5.999008E-17,1.,-1.61941E-17));
#9061=DIRECTION('ref_axis',(-0.965442131743749,-6.21374168534258E-17,-0.260617517166605));
#9062=DIRECTION('',(0.,-1.,0.));
#9063=DIRECTION('center_axis',(-2.225254E-31,-1.,6.848627E-31));
#9064=DIRECTION('ref_axis',(-0.965442131743748,3.63481800691091E-32,-0.26061751716661));
#9065=DIRECTION('center_axis',(-5.999008E-17,1.,-1.61941E-17));
#9066=DIRECTION('ref_axis',(-0.965442131743748,-6.21374168534258E-17,-0.26061751716661));
#9067=DIRECTION('center_axis',(5.999008E-17,-1.,1.61941E-17));
#9068=DIRECTION('ref_axis',(-0.965442131743748,-6.21374168534258E-17,-0.26061751716661));
#9069=DIRECTION('center_axis',(0.,-1.,0.));
#9070=DIRECTION('ref_axis',(-0.587785252292473,0.,0.809016994374947));
#9071=DIRECTION('center_axis',(0.,-1.,0.));
#9072=DIRECTION('ref_axis',(-1.,0.,0.));
#9073=DIRECTION('center_axis',(0.,-1.,-1.34211E-16));
#9074=DIRECTION('ref_axis',(0.999145758387301,-5.54626611890771E-18,0.041324974248815));
#9075=DIRECTION('center_axis',(0.668128489120863,0.741275412641181,0.0641489254681612));
#9076=DIRECTION('ref_axis',(0.725155619406387,-0.668045095089943,0.166928363586325));
#9077=DIRECTION('center_axis',(-4.371604E-18,-1.,-1.808109E-19));
#9078=DIRECTION('ref_axis',(0.999145758387301,-4.37534159973536E-18,0.041324974248815));
#9079=DIRECTION('center_axis',(-3.935678E-31,1.,-1.627809E-32));
#9080=DIRECTION('ref_axis',(0.999145758387301,3.93904289657892E-31,0.041324974248815));
#9081=DIRECTION('center_axis',(3.785828E-31,-1.,3.785828E-31));
#9082=DIRECTION('ref_axis',(0.999145758387301,3.93904323279432E-31,0.041324974248815));
#9083=DIRECTION('',(0.,-1.,0.));
#9084=DIRECTION('center_axis',(-1.041788E-18,-1.,-4.308867E-20));
#9085=DIRECTION('ref_axis',(0.999145758387301,-1.04267869951696E-18,0.041324974248815));
#9086=DIRECTION('',(0.,-1.,0.));
#9087=DIRECTION('center_axis',(0.,1.,0.));
#9088=DIRECTION('ref_axis',(0.909542979946437,0.,-0.415609874317437));
#9089=DIRECTION('',(0.,-1.,0.));
#9090=DIRECTION('center_axis',(0.,-1.,0.));
#9091=DIRECTION('ref_axis',(0.912745372843644,0.,-0.408528927191841));
#9092=DIRECTION('center_axis',(0.,-1.,0.));
#9093=DIRECTION('ref_axis',(0.95910557342303,0.,0.283048580686921));
#9094=DIRECTION('',(0.,-1.,0.));
#9095=DIRECTION('center_axis',(0.,1.,0.));
#9096=DIRECTION('ref_axis',(0.943493734057117,0.,0.331390364668255));
#9097=DIRECTION('center_axis',(3.785828E-31,-1.,3.785828E-31));
#9098=DIRECTION('ref_axis',(0.391644328195147,-2.00070545832584E-31,-0.920116688356739));
#9099=DIRECTION('center_axis',(-2.447242E-17,1.,5.749473E-17));
#9100=DIRECTION('ref_axis',(0.391644328195147,6.24863450557743E-17,-0.920116688356739));
#9101=DIRECTION('center_axis',(2.447242E-17,-1.,-5.749473E-17));
#9102=DIRECTION('ref_axis',(0.391644328195147,6.24863450557743E-17,-0.920116688356739));
#9103=DIRECTION('',(0.,-1.,0.));
#9104=DIRECTION('center_axis',(3.785828E-31,-1.,3.785828E-31));
#9105=DIRECTION('ref_axis',(0.990055199698531,3.21559057784062E-31,-0.140679428310973));
#9106=DIRECTION('center_axis',(1.105627E-17,-1.,-1.571013E-18));
#9107=DIRECTION('ref_axis',(0.990055199698531,1.116732681348E-17,-0.140679428310973));
#9108=DIRECTION('center_axis',(-1.105627E-17,1.,1.571013E-18));
#9109=DIRECTION('ref_axis',(0.990055199698531,1.116732681348E-17,-0.140679428310973));
#9110=DIRECTION('',(3.785828E-31,-1.,3.785828E-31));
#9111=DIRECTION('center_axis',(3.785828E-31,-1.,3.785828E-31));
#9112=DIRECTION('ref_axis',(0.356628646561194,4.88703023229072E-31,0.934246224745881));
#9113=DIRECTION('center_axis',(-2.215998E-17,-1.,-5.805165E-17));
#9114=DIRECTION('ref_axis',(0.356628646561194,-6.21374185279923E-17,0.934246224745881));
#9115=DIRECTION('',(3.785828E-31,-1.,3.785828E-31));
#9116=DIRECTION('center_axis',(2.215998E-17,1.,5.805165E-17));
#9117=DIRECTION('ref_axis',(0.356628646561194,-6.21374185279923E-17,0.934246224745881));
#9118=DIRECTION('',(0.,-1.,0.));
#9119=DIRECTION('center_axis',(3.785828E-31,-1.,3.785828E-31));
#9120=DIRECTION('ref_axis',(0.35662864656119,4.88703023229071E-31,0.934246224745882));
#9121=DIRECTION('center_axis',(2.215998E-17,1.,5.805165E-17));
#9122=DIRECTION('ref_axis',(0.35662864656119,-6.21374185279923E-17,0.934246224745882));
#9123=DIRECTION('center_axis',(-2.215998E-17,-1.,-5.805165E-17));
#9124=DIRECTION('ref_axis',(0.35662864656119,-6.21374185279923E-17,0.934246224745882));
#9125=DIRECTION('center_axis',(0.,-1.,0.));
#9126=DIRECTION('ref_axis',(1.,0.,0.));
#9127=DIRECTION('center_axis',(0.,-1.,0.));
#9128=DIRECTION('ref_axis',(-1.,0.,0.));
#9129=DIRECTION('center_axis',(0.,-1.,0.));
#9130=DIRECTION('ref_axis',(-1.,0.,0.));
#9131=DIRECTION('center_axis',(0.,-1.,1.280044E-16));
#9132=DIRECTION('ref_axis',(-0.963014203577897,3.44908666265306E-17,0.269450633154256));
#9133=DIRECTION('center_axis',(-0.655251061441371,0.741275412641177,0.145453803984661));
#9134=DIRECTION('ref_axis',(0.741247678365917,0.668045095085454,-0.0653271019516748));
#9135=DIRECTION('center_axis',(4.213516E-18,-1.,-1.178939E-18));
#9136=DIRECTION('ref_axis',(-0.963014203577897,-4.37534161500297E-18,0.269450633154256));
#9137=DIRECTION('center_axis',(4.625057E-31,1.,-1.294087E-31));
#9138=DIRECTION('ref_axis',(-0.963014203577897,4.80268814486407E-31,0.269450633154256));
#9139=DIRECTION('center_axis',(-3.600536E-31,-1.,4.955713E-31));
#9140=DIRECTION('ref_axis',(-0.963014203577897,4.80268731407432E-31,0.269450633154256));
#9141=DIRECTION('',(0.,-1.,0.));
#9142=DIRECTION('center_axis',(1.004114E-18,-1.,-2.809504E-19));
#9143=DIRECTION('ref_axis',(-0.963014203577897,-1.04267830717636E-18,0.269450633154256));
#9144=DIRECTION('',(0.,-1.,0.));
#9145=DIRECTION('center_axis',(0.,1.,0.));
#9146=DIRECTION('ref_axis',(0.736596263726282,0.,-0.676332717132981));
#9147=DIRECTION('',(0.,-1.,0.));
#9148=DIRECTION('center_axis',(0.,-1.,0.));
#9149=DIRECTION('ref_axis',(0.741830053366049,0.,-0.670587930045661));
#9150=DIRECTION('center_axis',(0.,-1.,0.));
#9151=DIRECTION('ref_axis',(0.999630427084968,0.,-0.0271847244960355));
#9152=DIRECTION('',(0.,-1.,0.));
#9153=DIRECTION('center_axis',(0.,1.,0.));
#9154=DIRECTION('ref_axis',(0.999721118317551,0.,0.0236153676640087));
#9155=DIRECTION('center_axis',(-3.600536E-31,-1.,4.955713E-31));
#9156=DIRECTION('ref_axis',(-0.088144196889802,5.25379035814134E-31,0.996107725376453));
#9157=DIRECTION('center_axis',(5.507808E-18,1.,-6.224313E-17));
#9158=DIRECTION('ref_axis',(-0.088144196889802,6.24863439573941E-17,0.996107725376453));
#9159=DIRECTION('center_axis',(-5.507808E-18,-1.,6.224313E-17));
#9160=DIRECTION('ref_axis',(-0.088144196889802,6.24863439573941E-17,0.996107725376453));
#9161=DIRECTION('',(0.,-1.,0.));
#9162=DIRECTION('center_axis',(-3.600536E-31,-1.,4.955713E-31));
#9163=DIRECTION('ref_axis',(-0.898126115058144,5.41295057977013E-31,0.439737969079957));
#9164=DIRECTION('center_axis',(-1.002966E-17,-1.,4.910696E-18));
#9165=DIRECTION('ref_axis',(-0.898126115058144,1.11673190569631E-17,0.439737969079957));
#9166=DIRECTION('center_axis',(1.002966E-17,1.,-4.910696E-18));
#9167=DIRECTION('ref_axis',(-0.898126115058144,1.11673190569631E-17,0.439737969079957));
#9168=DIRECTION('',(-3.600536E-31,-1.,4.955713E-31));
#9169=DIRECTION('center_axis',(-3.600536E-31,-1.,4.955713E-31));
#9170=DIRECTION('ref_axis',(-0.627871958586659,-1.59643833735666E-31,-0.778316647400371));
#9171=DIRECTION('center_axis',(3.901434E-17,-1.,4.836259E-17));
#9172=DIRECTION('ref_axis',(-0.627871958586659,-6.21374189771645E-17,-0.778316647400371));
#9173=DIRECTION('',(-3.600536E-31,-1.,4.955713E-31));
#9174=DIRECTION('center_axis',(-3.901434E-17,1.,-4.836259E-17));
#9175=DIRECTION('ref_axis',(-0.627871958586659,-6.21374189771645E-17,-0.778316647400371));
#9176=DIRECTION('',(0.,-1.,0.));
#9177=DIRECTION('center_axis',(-3.600536E-31,-1.,4.955713E-31));
#9178=DIRECTION('ref_axis',(-0.627871958586655,-1.59643833735669E-31,-0.778316647400374));
#9179=DIRECTION('center_axis',(-3.901434E-17,1.,-4.836259E-17));
#9180=DIRECTION('ref_axis',(-0.627871958586655,-6.21374189771645E-17,-0.778316647400374));
#9181=DIRECTION('center_axis',(3.901434E-17,-1.,4.836259E-17));
#9182=DIRECTION('ref_axis',(-0.627871958586655,-6.21374189771645E-17,-0.778316647400374));
#9183=DIRECTION('center_axis',(0.,-1.,0.));
#9184=DIRECTION('ref_axis',(-0.951056516295154,0.,0.309016994374947));
#9185=DIRECTION('center_axis',(0.,-1.,0.));
#9186=DIRECTION('ref_axis',(-1.,0.,0.));
#9187=DIRECTION('center_axis',(0.,-1.,-1.092678E-16));
#9188=DIRECTION('ref_axis',(0.832616108807792,6.05180295113542E-17,-0.553850535211235));
#9189=DIRECTION('center_axis',(0.57823309446558,0.741275412641368,-0.340818501666398));
#9190=DIRECTION('ref_axis',(0.684781250068958,-0.668045095075534,-0.291187895523692));
#9191=DIRECTION('center_axis',(-3.64298E-18,-1.,2.423285E-18));
#9192=DIRECTION('ref_axis',(0.832616108807791,-4.37534152628397E-18,-0.553850535211236));
#9193=DIRECTION('center_axis',(-1.403634E-31,1.,9.336874E-32));
#9194=DIRECTION('ref_axis',(0.832616108807792,1.6858115454803E-31,-0.553850535211235));
#9195=DIRECTION('center_axis',(3.062799E-31,-1.,1.560574E-31));
#9196=DIRECTION('ref_axis',(0.832616108807792,1.68581104030366E-31,-0.553850535211235));
#9197=DIRECTION('',(0.,-1.,0.));
#9198=DIRECTION('center_axis',(-8.68151E-19,-1.,5.774881E-19));
#9199=DIRECTION('ref_axis',(0.832616108807792,-1.04267860074071E-18,-0.553850535211235));
#9200=DIRECTION('',(0.,-1.,0.));
#9201=DIRECTION('center_axis',(0.,1.,0.));
#9202=DIRECTION('ref_axis',(-0.491546373078283,0.,0.870851401281289));
#9203=DIRECTION('',(0.,-1.,0.));
#9204=DIRECTION('center_axis',(0.,-1.,0.));
#9205=DIRECTION('ref_axis',(0.498299239631871,0.,-0.86700511404622));
#9206=DIRECTION('center_axis',(0.,-1.,0.));
#9207=DIRECTION('ref_axis',(0.942304489709175,0.,-0.33475699943979));
#9208=DIRECTION('',(0.,-1.,0.));
#9209=DIRECTION('center_axis',(0.,1.,0.));
#9210=DIRECTION('ref_axis',(0.958088834083175,0.,-0.286471265583728));
#9211=DIRECTION('center_axis',(3.062799E-31,-1.,1.560574E-31));
#9212=DIRECTION('ref_axis',(-0.223984102543847,-2.2069424663485E-31,-0.9745927979457));
#9213=DIRECTION('center_axis',(1.399595E-17,1.,6.089874E-17));
#9214=DIRECTION('ref_axis',(-0.223984102543847,6.24863437079663E-17,-0.9745927979457));
#9215=DIRECTION('center_axis',(-1.399595E-17,-1.,-6.089874E-17));
#9216=DIRECTION('ref_axis',(-0.223984102543847,6.24863437079663E-17,-0.9745927979457));
#9217=DIRECTION('',(0.,-1.,0.));
#9218=DIRECTION('center_axis',(3.062799E-31,-1.,1.560574E-31));
#9219=DIRECTION('ref_axis',(0.718282188663267,1.11418165355148E-31,-0.695751893600805));
#9220=DIRECTION('center_axis',(8.02129E-18,-1.,-7.769686E-18));
#9221=DIRECTION('ref_axis',(0.718282188663267,1.11673234842864E-17,-0.695751893600805));
#9222=DIRECTION('center_axis',(-8.02129E-18,1.,7.769686E-18));
#9223=DIRECTION('ref_axis',(0.718282188663267,1.11673234842864E-17,-0.695751893600805));
#9224=DIRECTION('',(3.062799E-31,-1.,1.560574E-31));
#9225=DIRECTION('center_axis',(3.062799E-31,-1.,1.560574E-31));
#9226=DIRECTION('ref_axis',(0.837654788664491,3.41795378933463E-31,0.546200013756359));
#9227=DIRECTION('center_axis',(-5.204971E-17,-1.,-3.393946E-17));
#9228=DIRECTION('ref_axis',(0.837654788664491,-6.21374223489814E-17,0.546200013756359));
#9229=DIRECTION('',(3.062799E-31,-1.,1.560574E-31));
#9230=DIRECTION('center_axis',(5.204971E-17,1.,3.393946E-17));
#9231=DIRECTION('ref_axis',(0.837654788664491,-6.21374223489814E-17,0.546200013756359));
#9232=DIRECTION('',(0.,-1.,0.));
#9233=DIRECTION('center_axis',(3.062799E-31,-1.,1.560574E-31));
#9234=DIRECTION('ref_axis',(0.837654788664488,3.41795378933463E-31,0.546200013756363));
#9235=DIRECTION('center_axis',(5.204971E-17,1.,3.393946E-17));
#9236=DIRECTION('ref_axis',(0.837654788664488,-6.21374223489814E-17,0.546200013756363));
#9237=DIRECTION('center_axis',(-5.204971E-17,-1.,-3.393946E-17));
#9238=DIRECTION('ref_axis',(0.837654788664488,-6.21374223489814E-17,0.546200013756363));
#9239=DIRECTION('center_axis',(0.,-1.,0.));
#9240=DIRECTION('ref_axis',(0.809016994374948,0.,-0.587785252292473));
#9241=DIRECTION('center_axis',(0.,-1.,0.));
#9242=DIRECTION('ref_axis',(-1.,0.,0.));
#9243=DIRECTION('center_axis',(0.,-1.,-4.258805E-17));
#9244=DIRECTION('ref_axis',(0.348055405244386,3.99251880911965E-17,-0.937473964907915));
#9245=DIRECTION('center_axis',(0.267472311144518,0.741275412641298,-0.615604845160013));
#9246=DIRECTION('ref_axis',(-0.382843717965168,0.668045095085517,0.638080275942447));
#9247=DIRECTION('center_axis',(-1.522861E-18,-1.,4.101769E-18));
#9248=DIRECTION('ref_axis',(0.348055405244386,-4.37534165005224E-18,-0.937473964907915));
#9249=DIRECTION('center_axis',(-8.126356E-33,1.,2.188803E-32));
#9250=DIRECTION('ref_axis',(0.348055405244386,2.33478803988635E-32,-0.937473964907915));
#9251=DIRECTION('center_axis',(1.169885E-31,-1.,1.852916E-32));
#9252=DIRECTION('ref_axis',(0.348055405244386,2.33478746848197E-32,-0.937473964907915));
#9253=DIRECTION('',(0.,-1.,0.));
#9254=DIRECTION('center_axis',(-3.629099E-19,-1.,9.774841E-19));
#9255=DIRECTION('ref_axis',(0.348055405244386,-1.04267864717314E-18,-0.937473964907915));
#9256=DIRECTION('',(0.,-1.,0.));
#9257=DIRECTION('center_axis',(0.,1.,0.));
#9258=DIRECTION('ref_axis',(0.114204241203275,0.,0.993457292132472));
#9259=DIRECTION('',(0.,-1.,0.));
#9260=DIRECTION('center_axis',(0.,-1.,0.));
#9261=DIRECTION('ref_axis',(-0.106480266554478,0.,-0.994314815757307));
#9262=DIRECTION('center_axis',(0.,-1.,0.));
#9263=DIRECTION('ref_axis',(0.565575118678111,0.,-0.824696783752817));
#9264=DIRECTION('',(0.,-1.,0.));
#9265=DIRECTION('center_axis',(0.,1.,0.));
#9266=DIRECTION('ref_axis',(-0.606726563200206,0.,0.7949106097589));
#9267=DIRECTION('center_axis',(1.169885E-31,-1.,1.852916E-32));
#9268=DIRECTION('ref_axis',(-0.754058219050734,-1.00386232770903E-31,-0.656807583910262));
#9269=DIRECTION('center_axis',(4.711834E-17,1.,4.10415E-17));
#9270=DIRECTION('ref_axis',(-0.754058219050734,6.24863400000799E-17,-0.656807583910262));
#9271=DIRECTION('center_axis',(-4.711834E-17,-1.,-4.10415E-17));
#9272=DIRECTION('ref_axis',(-0.754058219050734,6.24863400000799E-17,-0.656807583910262));
#9273=DIRECTION('',(0.,-1.,0.));
#9274=DIRECTION('center_axis',(1.169885E-31,-1.,1.852916E-32));
#9275=DIRECTION('ref_axis',(0.1721497950723,1.8870121462393E-33,-0.98507078327223));
#9276=DIRECTION('center_axis',(1.922452E-18,-1.,-1.10006E-17));
#9277=DIRECTION('ref_axis',(0.1721497950723,1.11673193763008E-17,-0.98507078327223));
#9278=DIRECTION('center_axis',(-1.922452E-18,1.,1.10006E-17));
#9279=DIRECTION('ref_axis',(0.1721497950723,1.11673193763008E-17,-0.98507078327223));
#9280=DIRECTION('',(1.169885E-31,-1.,1.852916E-32));
#9281=DIRECTION('center_axis',(1.169885E-31,-1.,1.852916E-32));
#9282=DIRECTION('ref_axis',(0.998725272337062,1.15904092941641E-31,-0.050476037832431));
#9283=DIRECTION('center_axis',(-6.205821E-17,-1.,3.136451E-18));
#9284=DIRECTION('ref_axis',(0.998725272337062,-6.21374183023362E-17,-0.050476037832431));
#9285=DIRECTION('',(1.169885E-31,-1.,1.852916E-32));
#9286=DIRECTION('center_axis',(6.205821E-17,1.,-3.136451E-18));
#9287=DIRECTION('ref_axis',(0.998725272337062,-6.21374183023362E-17,-0.050476037832431));
#9288=DIRECTION('',(0.,-1.,0.));
#9289=DIRECTION('center_axis',(1.169885E-31,-1.,1.852916E-32));
#9290=DIRECTION('ref_axis',(0.998725272337062,1.15904092941641E-31,-0.050476037832427));
#9291=DIRECTION('center_axis',(6.205821E-17,1.,-3.136451E-18));
#9292=DIRECTION('ref_axis',(0.998725272337062,-6.21374183023362E-17,-0.050476037832427));
#9293=DIRECTION('center_axis',(-6.205821E-17,-1.,3.136451E-18));
#9294=DIRECTION('ref_axis',(0.998725272337062,-6.21374183023362E-17,-0.050476037832427));
#9295=DIRECTION('center_axis',(0.,-1.,0.));
#9296=DIRECTION('ref_axis',(0.309016994374948,0.,-0.951056516295154));
#9297=DIRECTION('center_axis',(0.,-1.,0.));
#9298=DIRECTION('ref_axis',(-1.,0.,0.));
#9299=DIRECTION('center_axis',(0.,-1.,1.078901E-16));
#9300=DIRECTION('ref_axis',(-0.784035687978152,-6.6969084137324E-17,-0.620715748130033));
#9301=DIRECTION('center_axis',(-0.502821509783998,0.741275412641256,-0.444613643416481));
#9302=DIRECTION('ref_axis',(0.488545189459493,0.668045095098865,0.56128366159219));
#9303=DIRECTION('center_axis',(3.430424E-18,-1.,2.715843E-18));
#9304=DIRECTION('ref_axis',(-0.784035687978152,-4.37534136044548E-18,-0.620715748130032));
#9305=DIRECTION('center_axis',(1.123265E-31,1.,8.892814E-32));
#9306=DIRECTION('ref_axis',(-0.784035687978152,1.4326708165559E-31,-0.620715748130033));
#9307=DIRECTION('center_axis',(-3.062799E-31,-1.,1.560574E-31));
#9308=DIRECTION('ref_axis',(-0.784035687978152,1.43267086318152E-31,-0.620715748130033));
#9309=DIRECTION('',(0.,-1.,0.));
#9310=DIRECTION('center_axis',(8.174972E-19,-1.,6.47207E-19));
#9311=DIRECTION('ref_axis',(-0.784035687978152,-1.04267855682221E-18,-0.620715748130033));
#9312=DIRECTION('',(0.,-1.,0.));
#9313=DIRECTION('center_axis',(0.,1.,0.));
#9314=DIRECTION('ref_axis',(0.980125082727872,0.,0.198380498556896));
#9315=DIRECTION('',(0.,-1.,0.));
#9316=DIRECTION('center_axis',(0.,-1.,0.));
#9317=DIRECTION('ref_axis',(0.978553796705725,0.,0.20599142446425));
#9318=DIRECTION('center_axis',(0.,-1.,0.));
#9319=DIRECTION('ref_axis',(-0.609560926906591,0.,-0.792739223445376));
#9320=DIRECTION('',(0.,-1.,0.));
#9321=DIRECTION('center_axis',(0.,1.,0.));
#9322=DIRECTION('ref_axis',(0.568516096170048,0.,0.822672139066085));
#9323=DIRECTION('center_axis',(-3.062799E-31,-1.,1.560574E-31));
#9324=DIRECTION('ref_axis',(-0.857677937064714,3.42932242425425E-31,0.514187277431499));
#9325=DIRECTION('center_axis',(5.359316E-17,1.,-3.212968E-17));
#9326=DIRECTION('ref_axis',(-0.857677937064714,6.24863435935244E-17,0.514187277431499));
#9327=DIRECTION('center_axis',(-5.359316E-17,-1.,3.212968E-17));
#9328=DIRECTION('ref_axis',(-0.857677937064714,6.24863435935244E-17,0.514187277431499));
#9329=DIRECTION('',(0.,-1.,0.));
#9330=DIRECTION('center_axis',(-3.062799E-31,-1.,1.560574E-31));
#9331=DIRECTION('ref_axis',(-0.88366077518752,1.97592726978988E-31,-0.468127797075746));
#9332=DIRECTION('center_axis',(-9.868126E-18,-1.,-5.227735E-18));
#9333=DIRECTION('ref_axis',(-0.88366077518752,1.11673239400539E-17,-0.468127797075746));
#9334=DIRECTION('center_axis',(9.868126E-18,1.,5.227735E-18));
#9335=DIRECTION('ref_axis',(-0.88366077518752,1.11673239400539E-17,-0.468127797075746));
#9336=DIRECTION('',(-3.062799E-31,-1.,1.560574E-31));
#9337=DIRECTION('center_axis',(-3.062799E-31,-1.,1.560574E-31));
#9338=DIRECTION('ref_axis',(0.260617517166605,-2.30486296026423E-31,-0.965442131743749));
#9339=DIRECTION('center_axis',(-1.61941E-17,-1.,5.999008E-17));
#9340=DIRECTION('ref_axis',(0.260617517166605,-6.21374168534258E-17,-0.965442131743749));
#9341=DIRECTION('',(-3.062799E-31,-1.,1.560574E-31));
#9342=DIRECTION('center_axis',(1.61941E-17,1.,-5.999008E-17));
#9343=DIRECTION('ref_axis',(0.260617517166605,-6.21374168534258E-17,-0.965442131743749));
#9344=DIRECTION('',(0.,-1.,0.));
#9345=DIRECTION('center_axis',(-3.062799E-31,-1.,1.560574E-31));
#9346=DIRECTION('ref_axis',(0.260617517166609,-2.30486296026424E-31,-0.965442131743748));
#9347=DIRECTION('center_axis',(1.61941E-17,1.,-5.999008E-17));
#9348=DIRECTION('ref_axis',(0.260617517166609,-6.21374168534258E-17,-0.965442131743748));
#9349=DIRECTION('center_axis',(-1.61941E-17,-1.,5.999008E-17));
#9350=DIRECTION('ref_axis',(0.260617517166609,-6.21374168534258E-17,-0.965442131743748));
#9351=DIRECTION('center_axis',(0.,-1.,0.));
#9352=DIRECTION('ref_axis',(-0.809016994374947,0.,-0.587785252292473));
#9353=DIRECTION('center_axis',(0.,-1.,0.));
#9354=DIRECTION('ref_axis',(-1.,0.,0.));
#9355=DIRECTION('center_axis',(0.,-1.,1.272801E-16));
#9356=DIRECTION('ref_axis',(-0.937473964907915,-4.4300526785046E-17,-0.348055405244386));
#9357=DIRECTION('center_axis',(-0.615604845160008,0.741275412641303,-0.267472311144516));
#9358=DIRECTION('ref_axis',(0.638080275897344,0.668045095079171,0.382843718051414));
#9359=DIRECTION('center_axis',(4.101769E-18,-1.,1.522861E-18));
#9360=DIRECTION('ref_axis',(-0.937473964907915,-4.37534165005224E-18,-0.348055405244386));
#9361=DIRECTION('center_axis',(2.310795E-31,1.,8.579274E-32));
#9362=DIRECTION('ref_axis',(-0.937473964907915,2.46491641961665E-31,-0.348055405244386));
#9363=DIRECTION('center_axis',(-3.600536E-31,-1.,2.615943E-31));
#9364=DIRECTION('ref_axis',(-0.937473964907915,2.46491565875247E-31,-0.348055405244386));
#9365=DIRECTION('',(0.,-1.,0.));
#9366=DIRECTION('center_axis',(9.774841E-19,-1.,3.629099E-19));
#9367=DIRECTION('ref_axis',(-0.937473964907915,-1.04267864717314E-18,-0.348055405244386));
#9368=DIRECTION('',(0.,-1.,0.));
#9369=DIRECTION('center_axis',(0.,1.,0.));
#9370=DIRECTION('ref_axis',(0.993457292123557,0.,-0.114204241280832));
#9371=DIRECTION('',(0.,-1.,0.));
#9372=DIRECTION('center_axis',(0.,-1.,0.));
#9373=DIRECTION('ref_axis',(0.994314815757362,0.,-0.106480266553969));
#9374=DIRECTION('center_axis',(0.,-1.,0.));
#9375=DIRECTION('ref_axis',(0.824696783742658,0.,0.565575118692925));
#9376=DIRECTION('',(0.,-1.,0.));
#9377=DIRECTION('center_axis',(0.,1.,0.));
#9378=DIRECTION('ref_axis',(0.794910609789258,0.,0.606726563160432));
#9379=DIRECTION('center_axis',(-3.600536E-31,-1.,2.615943E-31));
#9380=DIRECTION('ref_axis',(-0.656807583910262,4.33743267066015E-31,0.754058219050734));
#9381=DIRECTION('center_axis',(4.10415E-17,1.,-4.711834E-17));
#9382=DIRECTION('ref_axis',(-0.656807583910262,6.24863400000799E-17,0.754058219050734));
#9383=DIRECTION('center_axis',(-4.10415E-17,-1.,4.711834E-17));
#9384=DIRECTION('ref_axis',(-0.656807583910262,6.24863400000799E-17,0.754058219050734));
#9385=DIRECTION('',(0.,-1.,0.));
#9386=DIRECTION('center_axis',(-3.600536E-31,-1.,2.615943E-31));
#9387=DIRECTION('ref_axis',(-0.98507078327223,3.09644876634905E-31,-0.1721497950723));
#9388=DIRECTION('center_axis',(-1.10006E-17,-1.,-1.922452E-18));
#9389=DIRECTION('ref_axis',(-0.98507078327223,1.11673193763008E-17,-0.1721497950723));
#9390=DIRECTION('center_axis',(1.10006E-17,1.,1.922452E-18));
#9391=DIRECTION('ref_axis',(-0.98507078327223,1.11673193763008E-17,-0.1721497950723));
#9392=DIRECTION('',(-3.600536E-31,-1.,2.615943E-31));
#9393=DIRECTION('center_axis',(-3.600536E-31,-1.,2.615943E-31));
#9394=DIRECTION('ref_axis',(-0.050476037832432,-2.4308675937402E-31,-0.998725272337062));
#9395=DIRECTION('center_axis',(3.136451E-18,-1.,6.205821E-17));
#9396=DIRECTION('ref_axis',(-0.050476037832432,-6.21374183023362E-17,-0.998725272337062));
#9397=DIRECTION('',(-3.600536E-31,-1.,2.615943E-31));
#9398=DIRECTION('center_axis',(-3.136451E-18,1.,-6.205821E-17));
#9399=DIRECTION('ref_axis',(-0.050476037832432,-6.21374183023362E-17,-0.998725272337062));
#9400=DIRECTION('',(0.,-1.,0.));
#9401=DIRECTION('center_axis',(-3.600536E-31,-1.,2.615943E-31));
#9402=DIRECTION('ref_axis',(-0.050476037832427,-2.43086759374022E-31,-0.998725272337062));
#9403=DIRECTION('center_axis',(-3.136451E-18,1.,-6.205821E-17));
#9404=DIRECTION('ref_axis',(-0.050476037832427,-6.21374183023362E-17,-0.998725272337062));
#9405=DIRECTION('center_axis',(3.136451E-18,-1.,6.205821E-17));
#9406=DIRECTION('ref_axis',(-0.050476037832427,-6.21374183023362E-17,-0.998725272337062));
#9407=DIRECTION('center_axis',(0.,-1.,0.));
#9408=DIRECTION('ref_axis',(-0.951056516295154,0.,-0.309016994374948));
#9409=DIRECTION('center_axis',(0.,-1.,0.));
#9410=DIRECTION('ref_axis',(-1.,0.,0.));
#9411=DIRECTION('center_axis',(0.,1.,0.));
#9412=DIRECTION('ref_axis',(-1.,0.,0.));
#9413=DIRECTION('center_axis',(0.,1.,0.));
#9414=DIRECTION('ref_axis',(1.,0.,0.));
#9415=DIRECTION('center_axis',(0.,1.,0.));
#9416=DIRECTION('ref_axis',(-1.,0.,0.));
#9417=DIRECTION('center_axis',(0.,1.,0.));
#9418=DIRECTION('ref_axis',(-1.,0.,0.));
#9419=DIRECTION('center_axis',(0.,1.,0.));
#9420=DIRECTION('ref_axis',(-1.,0.,0.));
#9421=DIRECTION('center_axis',(0.,-1.,0.));
#9422=DIRECTION('ref_axis',(-0.707106781186548,0.,0.707106781186548));
#9423=DIRECTION('center_axis',(0.,1.,0.));
#9424=DIRECTION('ref_axis',(-0.707106781186548,0.,0.707106781186548));
#9425=DIRECTION('',(0.,1.,0.));
#9426=DIRECTION('center_axis',(0.,1.,0.));
#9427=DIRECTION('ref_axis',(-0.707106781186548,0.,0.707106781186548));
#9428=DIRECTION('',(0.,-1.,0.));
#9429=DIRECTION('center_axis',(0.,0.,1.));
#9430=DIRECTION('ref_axis',(1.,0.,0.));
#9431=DIRECTION('',(1.,0.,0.));
#9432=DIRECTION('',(1.,0.,0.));
#9433=DIRECTION('',(0.,-1.,0.));
#9434=DIRECTION('',(-1.,0.,0.));
#9435=DIRECTION('',(0.,1.,0.));
#9436=DIRECTION('',(-1.,0.,0.));
#9437=DIRECTION('',(0.,1.,0.));
#9438=DIRECTION('',(-1.,0.,0.));
#9439=DIRECTION('',(0.,-1.,0.));
#9440=DIRECTION('',(-1.,0.,0.));
#9441=DIRECTION('',(0.,-1.,0.));
#9442=DIRECTION('center_axis',(0.,-1.,0.));
#9443=DIRECTION('ref_axis',(1.,0.,0.));
#9444=DIRECTION('',(0.,0.,1.));
#9445=DIRECTION('center_axis',(0.,1.,0.));
#9446=DIRECTION('ref_axis',(-0.707106781186548,0.,-0.707106781186548));
#9447=DIRECTION('',(-1.,0.,0.));
#9448=DIRECTION('center_axis',(0.,1.,0.));
#9449=DIRECTION('ref_axis',(0.707106781186548,0.,-0.707106781186548));
#9450=DIRECTION('',(0.,0.,1.));
#9451=DIRECTION('center_axis',(0.,1.,0.));
#9452=DIRECTION('ref_axis',(0.707106781186548,0.,0.707106781186548));
#9453=DIRECTION('center_axis',(0.,1.,0.));
#9454=DIRECTION('ref_axis',(-0.707106781186548,0.,-0.707106781186548));
#9455=DIRECTION('',(0.,1.,0.));
#9456=DIRECTION('center_axis',(0.,1.,0.));
#9457=DIRECTION('ref_axis',(-0.707106781186548,0.,-0.707106781186548));
#9458=DIRECTION('',(0.,-1.,0.));
#9459=DIRECTION('center_axis',(0.,0.,1.));
#9460=DIRECTION('ref_axis',(1.,0.,0.));
#9461=DIRECTION('',(1.,0.,0.));
#9462=DIRECTION('',(0.,1.,0.));
#9463=DIRECTION('',(1.,0.,0.));
#9464=DIRECTION('',(0.,1.,0.));
#9465=DIRECTION('',(1.,0.,0.));
#9466=DIRECTION('',(0.,-1.,0.));
#9467=DIRECTION('',(1.,0.,0.));
#9468=DIRECTION('',(0.,-1.,0.));
#9469=DIRECTION('',(-1.,0.,0.));
#9470=DIRECTION('',(0.,1.,0.));
#9471=DIRECTION('center_axis',(0.,-1.,0.));
#9472=DIRECTION('ref_axis',(0.707106781186548,0.,-0.707106781186548));
#9473=DIRECTION('center_axis',(0.,1.,0.));
#9474=DIRECTION('ref_axis',(0.707106781186548,0.,-0.707106781186548));
#9475=DIRECTION('',(0.,-1.,0.));
#9476=DIRECTION('center_axis',(1.,0.,0.));
#9477=DIRECTION('ref_axis',(0.,1.,0.));
#9478=DIRECTION('',(0.,0.,1.));
#9479=DIRECTION('',(0.,1.,0.));
#9480=DIRECTION('center_axis',(0.,1.,0.));
#9481=DIRECTION('ref_axis',(0.707106781186548,0.,0.707106781186548));
#9482=DIRECTION('center_axis',(0.,1.,0.));
#9483=DIRECTION('ref_axis',(0.707106781186548,0.,0.707106781186548));
#9484=DIRECTION('center_axis',(1.,0.,2.323021E-15));
#9485=DIRECTION('ref_axis',(-1.64262390193877E-15,-0.70710678118654,0.707106781186555));
#9486=DIRECTION('',(1.,0.,0.));
#9487=DIRECTION('center_axis',(1.,0.,0.));
#9488=DIRECTION('ref_axis',(0.,0.,1.));
#9489=DIRECTION('',(-1.,0.,0.));
#9490=DIRECTION('center_axis',(0.,-1.,0.));
#9491=DIRECTION('ref_axis',(0.,0.,-1.));
#9492=DIRECTION('center_axis',(-1.,0.,0.));
#9493=DIRECTION('ref_axis',(0.,0.,-1.));
#9494=DIRECTION('center_axis',(0.,1.,0.));
#9495=DIRECTION('ref_axis',(1.,0.,0.));
#9496=DIRECTION('center_axis',(0.,-1.,0.));
#9497=DIRECTION('ref_axis',(1.,0.,0.));
#9498=DIRECTION('center_axis',(-1.,0.,1.16151E-15));
#9499=DIRECTION('ref_axis',(-8.21311597415996E-16,-0.70710678118654,-0.707106781186555));
#9500=DIRECTION('',(1.,0.,0.));
#9501=DIRECTION('',(-1.,0.,0.));
#9502=DIRECTION('center_axis',(0.,-1.,0.));
#9503=DIRECTION('ref_axis',(0.,0.,-1.));
#9504=DIRECTION('center_axis',(0.,1.,0.));
#9505=DIRECTION('ref_axis',(-0.217037900627752,0.,-0.976163177799234));
#9506=DIRECTION('center_axis',(-0.253966121062782,0.,0.967213114754098));
#9507=DIRECTION('ref_axis',(0.,-1.,0.));
#9508=DIRECTION('center_axis',(0.,-1.,0.));
#9509=DIRECTION('ref_axis',(-0.217037900627752,0.,-0.976163177799234));
#9510=DIRECTION('center_axis',(0.,-1.,0.));
#9511=DIRECTION('ref_axis',(-0.0902666624896523,0.,0.995917631957071));
#9512=DIRECTION('center_axis',(0.,-1.,0.));
#9513=DIRECTION('ref_axis',(-0.217037900627752,0.,0.976163177799234));
#9514=DIRECTION('center_axis',(-0.253966121062782,-2.684556E-15,-0.967213114754098));
#9515=DIRECTION('ref_axis',(0.967213114754098,0.,-0.253966121062782));
#9516=DIRECTION('center_axis',(0.,1.,0.));
#9517=DIRECTION('ref_axis',(-0.217037900627752,0.,0.976163177799234));
#9518=DIRECTION('',(0.,0.,1.));
#9519=DIRECTION('',(0.,0.,1.));
#9520=DIRECTION('',(0.,0.,1.));
#9521=DIRECTION('center_axis',(0.,1.,0.));
#9522=DIRECTION('ref_axis',(0.,0.,1.));
#9523=DIRECTION('',(0.,1.,0.));
#9524=DIRECTION('center_axis',(0.,1.,0.));
#9525=DIRECTION('ref_axis',(0.,0.,1.));
#9526=DIRECTION('',(0.,1.,0.));
#9527=DIRECTION('center_axis',(0.,0.,-1.));
#9528=DIRECTION('ref_axis',(-1.,0.,0.));
#9529=DIRECTION('',(0.,1.,0.));
#9530=DIRECTION('',(-1.,0.,0.));
#9531=DIRECTION('center_axis',(0.,0.,1.));
#9532=DIRECTION('ref_axis',(-1.,0.,0.));
#9533=DIRECTION('',(-1.,0.,0.));
#9534=DIRECTION('',(0.,-1.,0.));
#9535=DIRECTION('',(1.,0.,0.));
#9536=DIRECTION('',(0.,1.,0.));
#9537=DIRECTION('center_axis',(0.,0.,-1.));
#9538=DIRECTION('ref_axis',(1.,0.,0.));
#9539=DIRECTION('',(1.,0.,0.));
#9540=DIRECTION('',(0.,-1.,0.));
#9541=DIRECTION('',(-1.,0.,0.));
#9542=DIRECTION('',(0.,1.,0.));
#9543=DIRECTION('center_axis',(0.,-1.,0.));
#9544=DIRECTION('ref_axis',(1.,0.,7.6571373978539E-16));
#9545=DIRECTION('center_axis',(0.,1.,0.));
#9546=DIRECTION('ref_axis',(-1.,0.,0.));
#9547=DIRECTION('center_axis',(0.,-1.,0.));
#9548=DIRECTION('ref_axis',(-1.,0.,0.));
#9549=DIRECTION('center_axis',(0.,1.,0.));
#9550=DIRECTION('ref_axis',(-1.,0.,0.));
#9551=DIRECTION('',(0.,0.,1.));
#9552=DIRECTION('',(0.,0.,1.));
#9553=DIRECTION('',(0.,0.,1.));
#9554=DIRECTION('center_axis',(0.,-1.,0.));
#9555=DIRECTION('ref_axis',(1.,0.,0.));
#9556=DIRECTION('',(0.,0.,-1.));
#9557=DIRECTION('',(0.,0.,1.));
#9558=DIRECTION('',(0.,0.,-1.));
#9559=DIRECTION('center_axis',(-1.,0.,0.));
#9560=DIRECTION('ref_axis',(0.,-1.,0.));
#9561=DIRECTION('center_axis',(0.,0.,-1.));
#9562=DIRECTION('ref_axis',(1.,0.,0.));
#9563=DIRECTION('',(-1.,0.,0.));
#9564=DIRECTION('',(0.,-1.,0.));
#9565=DIRECTION('',(1.,0.,0.));
#9566=DIRECTION('',(0.,1.,0.));
#9567=DIRECTION('center_axis',(0.,0.,1.));
#9568=DIRECTION('ref_axis',(-1.,0.,0.));
#9569=DIRECTION('',(1.,0.,0.));
#9570=DIRECTION('',(0.,-1.,0.));
#9571=DIRECTION('',(-1.,0.,0.));
#9572=DIRECTION('',(0.,1.,0.));
#9573=DIRECTION('center_axis',(1.,0.,0.));
#9574=DIRECTION('ref_axis',(0.,1.,0.));
#9575=DIRECTION('',(0.,0.,1.));
#9576=DIRECTION('',(0.,0.,1.));
#9577=DIRECTION('center_axis',(1.,0.,0.));
#9578=DIRECTION('ref_axis',(0.,1.,0.));
#9579=DIRECTION('',(0.,0.,1.));
#9580=DIRECTION('',(0.,0.,1.));
#9581=DIRECTION('center_axis',(0.,1.,0.));
#9582=DIRECTION('ref_axis',(-1.,0.,7.6571373978539E-16));
#9583=DIRECTION('center_axis',(0.,-1.,0.));
#9584=DIRECTION('ref_axis',(1.,0.,0.));
#9585=DIRECTION('center_axis',(0.,1.,0.));
#9586=DIRECTION('ref_axis',(1.,0.,0.));
#9587=DIRECTION('center_axis',(0.,1.,0.));
#9588=DIRECTION('ref_axis',(-1.,0.,0.));
#9589=DIRECTION('',(0.,1.,0.));
#9590=DIRECTION('center_axis',(0.,-1.,0.));
#9591=DIRECTION('ref_axis',(-1.,0.,0.));
#9592=DIRECTION('center_axis',(0.,0.,1.));
#9593=DIRECTION('ref_axis',(1.,0.,0.));
#9594=DIRECTION('',(1.,0.,0.));
#9595=DIRECTION('',(0.,1.,0.));
#9596=DIRECTION('center_axis',(0.,1.,0.));
#9597=DIRECTION('ref_axis',(-1.,0.,-4.70433485010659E-16));
#9598=DIRECTION('center_axis',(0.,1.,0.));
#9599=DIRECTION('ref_axis',(0.905789099382196,0.,-0.423728813559322));
#9600=DIRECTION('center_axis',(0.,-1.,0.));
#9601=DIRECTION('ref_axis',(0.,0.,-1.));
#9602=DIRECTION('center_axis',(0.,1.,0.));
#9603=DIRECTION('ref_axis',(-1.,0.,0.));
#9604=DIRECTION('',(0.,0.,1.));
#9605=DIRECTION('',(0.,0.,1.));
#9606=DIRECTION('',(0.,0.,1.));
#9607=DIRECTION('center_axis',(-1.,0.,0.));
#9608=DIRECTION('ref_axis',(0.,-1.,0.));
#9609=DIRECTION('center_axis',(-1.,0.,0.));
#9610=DIRECTION('ref_axis',(0.,-1.,0.));
#9611=DIRECTION('center_axis',(1.,0.,0.));
#9612=DIRECTION('ref_axis',(0.,1.,0.));
#9613=DIRECTION('',(0.,0.,1.));
#9614=DIRECTION('center_axis',(0.,1.,0.));
#9615=DIRECTION('ref_axis',(-1.,0.,0.));
#9616=DIRECTION('center_axis',(0.,-1.,0.));
#9617=DIRECTION('ref_axis',(1.,0.,0.));
#9618=DIRECTION('center_axis',(-1.,0.,0.));
#9619=DIRECTION('ref_axis',(0.,-1.,0.));
#9620=DIRECTION('center_axis',(0.,-1.,-1.078901E-16));
#9621=DIRECTION('ref_axis',(0.784035687978152,-6.6969084137324E-17,0.620715748130032));
#9622=DIRECTION('center_axis',(0.502821509783519,0.741275412641388,0.444613643416801));
#9623=DIRECTION('ref_axis',(0.488545189249948,-0.668045095079649,0.561283661797451));
#9624=DIRECTION('center_axis',(-3.430424E-18,-1.,-2.715843E-18));
#9625=DIRECTION('ref_axis',(0.784035687978152,-4.37534136044548E-18,0.620715748130033));
#9626=DIRECTION('center_axis',(-4.808112E-31,1.,-3.80655E-31));
#9627=DIRECTION('ref_axis',(0.784035687978152,6.13251693084038E-31,0.620715748130033));
#9628=DIRECTION('center_axis',(3.062799E-31,-1.,6.011082E-31));
#9629=DIRECTION('ref_axis',(0.784035687978152,6.13251698180477E-31,0.620715748130033));
#9630=DIRECTION('',(0.,-1.,0.));
#9631=DIRECTION('center_axis',(-8.174972E-19,-1.,-6.47207E-19));
#9632=DIRECTION('ref_axis',(0.784035687978152,-1.04267855682221E-18,0.620715748130033));
#9633=DIRECTION('',(0.,-1.,0.));
#9634=DIRECTION('center_axis',(0.,1.,0.));
#9635=DIRECTION('ref_axis',(0.980125082732531,0.,0.198380498533874));
#9636=DIRECTION('',(0.,-1.,0.));
#9637=DIRECTION('center_axis',(0.,-1.,0.));
#9638=DIRECTION('ref_axis',(0.978553796705384,0.,0.205991424465869));
#9639=DIRECTION('center_axis',(0.,-1.,0.));
#9640=DIRECTION('ref_axis',(-0.609560926881741,0.,-0.792739223464484));
#9641=DIRECTION('',(0.,-1.,0.));
#9642=DIRECTION('center_axis',(0.,1.,0.));
#9643=DIRECTION('ref_axis',(0.568516095361115,0.,0.822672139625107));
#9644=DIRECTION('center_axis',(3.062799E-31,-1.,6.011082E-31));
#9645=DIRECTION('ref_axis',(0.857677937064714,-4.6392676003362E-32,-0.514187277431499));
#9646=DIRECTION('center_axis',(-5.359316E-17,1.,3.212968E-17));
#9647=DIRECTION('ref_axis',(0.857677937064714,6.24863435935244E-17,-0.514187277431499));
#9648=DIRECTION('center_axis',(5.359316E-17,-1.,-3.212968E-17));
#9649=DIRECTION('ref_axis',(0.857677937064714,6.24863435935244E-17,-0.514187277431499));
#9650=DIRECTION('',(0.,-1.,0.));
#9651=DIRECTION('center_axis',(3.062799E-31,-1.,6.011082E-31));
#9652=DIRECTION('ref_axis',(0.88366077518752,5.52042991328523E-31,0.468127797075746));
#9653=DIRECTION('center_axis',(9.868126E-18,-1.,5.227735E-18));
#9654=DIRECTION('ref_axis',(0.88366077518752,1.11673239400539E-17,0.468127797075746));
#9655=DIRECTION('center_axis',(-9.868126E-18,1.,-5.227735E-18));
#9656=DIRECTION('ref_axis',(0.88366077518752,1.11673239400539E-17,0.468127797075746));
#9657=DIRECTION('',(3.062799E-31,-1.,6.011082E-31));
#9658=DIRECTION('center_axis',(3.062799E-31,-1.,6.011082E-31));
#9659=DIRECTION('ref_axis',(-0.260617517166605,5.00513274920612E-31,0.965442131743749));
#9660=DIRECTION('center_axis',(1.61941E-17,-1.,-5.999008E-17));
#9661=DIRECTION('ref_axis',(-0.260617517166605,-6.21374168534258E-17,0.965442131743749));
#9662=DIRECTION('',(3.062799E-31,-1.,6.011082E-31));
#9663=DIRECTION('center_axis',(-1.61941E-17,1.,5.999008E-17));
#9664=DIRECTION('ref_axis',(-0.260617517166605,-6.21374168534258E-17,0.965442131743749));
#9665=DIRECTION('',(0.,-1.,0.));
#9666=DIRECTION('center_axis',(3.062799E-31,-1.,6.011082E-31));
#9667=DIRECTION('ref_axis',(-0.26061751716661,5.00513274920609E-31,0.965442131743748));
#9668=DIRECTION('center_axis',(-1.61941E-17,1.,5.999008E-17));
#9669=DIRECTION('ref_axis',(-0.26061751716661,-6.21374168534258E-17,0.965442131743748));
#9670=DIRECTION('center_axis',(1.61941E-17,-1.,-5.999008E-17));
#9671=DIRECTION('ref_axis',(-0.26061751716661,-6.21374168534258E-17,0.965442131743748));
#9672=DIRECTION('center_axis',(0.,-1.,0.));
#9673=DIRECTION('ref_axis',(0.809016994374947,0.,0.587785252292473));
#9674=DIRECTION('center_axis',(0.,-1.,0.));
#9675=DIRECTION('ref_axis',(-1.,0.,0.));
#9676=DIRECTION('center_axis',(0.,1.,-3.785828E-31));
#9677=DIRECTION('ref_axis',(-1.,0.,0.));
#9678=DIRECTION('',(0.,-1.,3.785828E-31));
#9679=DIRECTION('center_axis',(0.,1.,0.));
#9680=DIRECTION('ref_axis',(-1.,0.,0.));
#9681=DIRECTION('center_axis',(0.,1.,0.));
#9682=DIRECTION('ref_axis',(-1.,0.,0.));
#9683=DIRECTION('center_axis',(0.,1.,0.));
#9684=DIRECTION('ref_axis',(-1.,0.,0.));
#9685=DIRECTION('',(0.,-1.,0.));
#9686=DIRECTION('center_axis',(3.619742E-18,1.,6.8328E-18));
#9687=DIRECTION('ref_axis',(-0.468127797075755,7.73237919314384E-18,-0.883660775187515));
#9688=DIRECTION('',(0.,-1.,0.));
#9689=DIRECTION('center_axis',(0.,1.,0.));
#9690=DIRECTION('ref_axis',(-1.,0.,0.));
#9691=DIRECTION('',(0.,-1.,0.));
#9692=DIRECTION('center_axis',(1.331128E-18,1.,7.616941E-18));
#9693=DIRECTION('ref_axis',(-0.17214979507231,7.73237944942337E-18,-0.985070783272228));
#9694=DIRECTION('',(0.,-1.,0.));
#9695=DIRECTION('center_axis',(0.,1.,0.));
#9696=DIRECTION('ref_axis',(-1.,0.,0.));
#9697=DIRECTION('center_axis',(0.,1.,0.));
#9698=DIRECTION('ref_axis',(-1.,0.,0.));
#9699=DIRECTION('',(0.,-1.,0.));
#9700=DIRECTION('center_axis',(-3.400221E-18,1.,6.944652E-18));
#9701=DIRECTION('ref_axis',(0.439737969079947,7.73237959815379E-18,-0.898126115058149));
#9702=DIRECTION('',(0.,-1.,0.));
#9703=DIRECTION('center_axis',(0.,1.,0.));
#9704=DIRECTION('ref_axis',(-1.,0.,0.));
#9705=DIRECTION('center_axis',(0.,1.,0.));
#9706=DIRECTION('ref_axis',(-1.,0.,0.));
#9707=DIRECTION('',(0.,-1.,0.));
#9708=DIRECTION('center_axis',(-6.8328E-18,1.,3.619742E-18));
#9709=DIRECTION('ref_axis',(0.883660775187515,7.73237919314384E-18,-0.468127797075755));
#9710=DIRECTION('',(0.,-1.,0.));
#9711=DIRECTION('center_axis',(0.,1.,0.));
#9712=DIRECTION('ref_axis',(-1.,0.,0.));
#9713=DIRECTION('center_axis',(0.,1.,0.));
#9714=DIRECTION('ref_axis',(-1.,0.,0.));
#9715=DIRECTION('center_axis',(0.,1.,0.));
#9716=DIRECTION('ref_axis',(-1.,0.,0.));
#9717=DIRECTION('center_axis',(0.,1.,0.));
#9718=DIRECTION('ref_axis',(-1.,0.,0.));
#9719=DIRECTION('center_axis',(0.,1.,0.));
#9720=DIRECTION('ref_axis',(-1.,0.,0.));
#9721=DIRECTION('',(0.,-1.,0.));
#9722=DIRECTION('center_axis',(-3.619742E-18,1.,-6.8328E-18));
#9723=DIRECTION('ref_axis',(0.468127797075755,7.73237919314384E-18,0.883660775187515));
#9724=DIRECTION('',(0.,-1.,0.));
#9725=DIRECTION('center_axis',(0.,1.,0.));
#9726=DIRECTION('ref_axis',(-1.,0.,0.));
#9727=DIRECTION('',(0.,-1.,0.));
#9728=DIRECTION('center_axis',(-1.331128E-18,1.,-7.616941E-18));
#9729=DIRECTION('ref_axis',(0.17214979507231,7.73237944942337E-18,0.985070783272228));
#9730=DIRECTION('',(0.,-1.,0.));
#9731=DIRECTION('center_axis',(0.,1.,0.));
#9732=DIRECTION('ref_axis',(-1.,0.,0.));
#9733=DIRECTION('',(0.,-1.,0.));
#9734=DIRECTION('center_axis',(1.087787E-18,1.,-7.655483E-18));
#9735=DIRECTION('ref_axis',(-0.140679428310963,7.73238000363782E-18,0.990055199698532));
#9736=DIRECTION('',(0.,-1.,0.));
#9737=DIRECTION('center_axis',(0.,1.,0.));
#9738=DIRECTION('ref_axis',(-1.,0.,0.));
#9739=DIRECTION('center_axis',(0.,1.,0.));
#9740=DIRECTION('ref_axis',(-1.,0.,0.));
#9741=DIRECTION('center_axis',(0.,1.,0.));
#9742=DIRECTION('ref_axis',(-1.,0.,0.));
#9743=DIRECTION('center_axis',(0.,1.,0.));
#9744=DIRECTION('ref_axis',(-1.,0.,0.));
#9745=DIRECTION('center_axis',(0.,1.,0.));
#9746=DIRECTION('ref_axis',(-1.,0.,0.));
#9747=DIRECTION('center_axis',(6.717294E-17,1.,1.734723E-18));
#9748=DIRECTION('ref_axis',(1.,-6.717294E-17,-1.1652644399562E-34));
#9749=DIRECTION('',(6.717294E-17,1.,1.734723E-18));
#9750=DIRECTION('center_axis',(0.,-1.,0.));
#9751=DIRECTION('ref_axis',(1.,0.,0.));
#9752=DIRECTION('center_axis',(0.,-1.,4.035892E-17));
#9753=DIRECTION('ref_axis',(-0.269450633154256,-3.8866213201064E-17,-0.963014203577897));
#9754=DIRECTION('center_axis',(-0.145453803984369,0.741275412641248,-0.655251061441356));
#9755=DIRECTION('ref_axis',(0.0653271019998542,0.668045095088569,0.741247678358864));
#9756=DIRECTION('center_axis',(1.178939E-18,-1.,4.213516E-18));
#9757=DIRECTION('ref_axis',(-0.269450633154256,-4.37534161500297E-18,-0.963014203577897));
#9758=DIRECTION('center_axis',(3.685757E-33,1.,1.317286E-32));
#9759=DIRECTION('ref_axis',(-0.269450633154256,1.36787808390459E-32,-0.963014203577897));
#9760=DIRECTION('center_axis',(-1.169885E-31,-1.,1.852916E-32));
#9761=DIRECTION('ref_axis',(-0.269450633154256,1.36787811363992E-32,-0.963014203577897));
#9762=DIRECTION('',(0.,-1.,0.));
#9763=DIRECTION('center_axis',(2.809504E-19,-1.,1.004114E-18));
#9764=DIRECTION('ref_axis',(-0.269450633154256,-1.04267830717636E-18,-0.963014203577897));
#9765=DIRECTION('',(0.,-1.,0.));
#9766=DIRECTION('center_axis',(0.,1.,0.));
#9767=DIRECTION('ref_axis',(0.676332717131625,0.,0.736596263727528));
#9768=DIRECTION('',(0.,-1.,0.));
#9769=DIRECTION('center_axis',(0.,-1.,0.));
#9770=DIRECTION('ref_axis',(-0.670587930045692,0.,-0.741830053366021));
#9771=DIRECTION('center_axis',(0.,-1.,0.));
#9772=DIRECTION('ref_axis',(-0.0271847244984499,0.,-0.999630427084902));
#9773=DIRECTION('',(0.,-1.,0.));
#9774=DIRECTION('center_axis',(0.,1.,0.));
#9775=DIRECTION('ref_axis',(-0.0236153667006527,0.,0.999721118340307));
#9776=DIRECTION('center_axis',(-1.169885E-31,-1.,1.852916E-32));
#9777=DIRECTION('ref_axis',(-0.996107725376453,1.14899910702961E-31,-0.088144196889802));
#9778=DIRECTION('center_axis',(6.224313E-17,1.,5.507808E-18));
#9779=DIRECTION('ref_axis',(-0.996107725376453,6.24863439573941E-17,-0.088144196889802));
#9780=DIRECTION('center_axis',(-6.224313E-17,-1.,-5.507808E-18));
#9781=DIRECTION('ref_axis',(-0.996107725376453,6.24863439573941E-17,-0.088144196889802));
#9782=DIRECTION('',(0.,-1.,0.));
#9783=DIRECTION('center_axis',(-1.169885E-31,-1.,1.852916E-32));
#9784=DIRECTION('ref_axis',(-0.439737969079957,3.48027629096198E-32,-0.898126115058144));
#9785=DIRECTION('center_axis',(-4.910696E-18,-1.,-1.002966E-17));
#9786=DIRECTION('ref_axis',(-0.439737969079957,1.11673190569631E-17,-0.898126115058144));
#9787=DIRECTION('center_axis',(4.910696E-18,1.,1.002966E-17));
#9788=DIRECTION('ref_axis',(-0.439737969079957,1.11673190569631E-17,-0.898126115058144));
#9789=DIRECTION('center_axis',(-1.169885E-31,-1.,1.852916E-32));
#9790=DIRECTION('ref_axis',(0.778316647400371,-1.02688037084564E-31,-0.627871958586659));
#9791=DIRECTION('center_axis',(-4.836259E-17,-1.,3.901434E-17));
#9792=DIRECTION('ref_axis',(0.778316647400371,-6.21374189771645E-17,-0.627871958586659));
#9793=DIRECTION('center_axis',(4.836259E-17,1.,-3.901434E-17));
#9794=DIRECTION('ref_axis',(0.778316647400371,-6.21374189771645E-17,-0.627871958586659));
#9795=DIRECTION('',(0.,-1.,0.));
#9796=DIRECTION('center_axis',(-1.169885E-31,-1.,1.852916E-32));
#9797=DIRECTION('ref_axis',(0.778316647400374,-1.02688037084564E-31,-0.627871958586655));
#9798=DIRECTION('center_axis',(4.836259E-17,1.,-3.901434E-17));
#9799=DIRECTION('ref_axis',(0.778316647400374,-6.21374189771645E-17,-0.627871958586655));
#9800=DIRECTION('center_axis',(-4.836259E-17,-1.,3.901434E-17));
#9801=DIRECTION('ref_axis',(0.778316647400374,-6.21374189771645E-17,-0.627871958586655));
#9802=DIRECTION('center_axis',(0.,-1.,0.));
#9803=DIRECTION('ref_axis',(-0.309016994374947,0.,-0.951056516295154));
#9804=DIRECTION('center_axis',(0.,-1.,-4.035892E-17));
#9805=DIRECTION('ref_axis',(0.269450633154256,-3.8866213201064E-17,0.963014203577897));
#9806=DIRECTION('center_axis',(0.145453803984465,0.741275412641225,0.655251061441361));
#9807=DIRECTION('ref_axis',(0.0653271020729542,-0.668045095093401,0.741247678348066));
#9808=DIRECTION('center_axis',(-1.178939E-18,-1.,-4.213516E-18));
#9809=DIRECTION('ref_axis',(0.269450633154256,-4.37534161500297E-18,0.963014203577897));
#9810=DIRECTION('center_axis',(-2.001587E-31,1.,-7.153655E-31));
#9811=DIRECTION('ref_axis',(0.269450633154256,7.42840025695937E-31,0.963014203577897));
#9812=DIRECTION('center_axis',(1.169885E-31,-1.,7.386364E-31));
#9813=DIRECTION('ref_axis',(0.269450633154256,7.42839969876411E-31,0.963014203577897));
#9814=DIRECTION('',(0.,-1.,0.));
#9815=DIRECTION('center_axis',(-2.809504E-19,-1.,-1.004114E-18));
#9816=DIRECTION('ref_axis',(0.269450633154256,-1.04267830717636E-18,0.963014203577897));
#9817=DIRECTION('',(0.,-1.,0.));
#9818=DIRECTION('center_axis',(0.,1.,0.));
#9819=DIRECTION('ref_axis',(0.676332717246255,0.,0.736596263622275));
#9820=DIRECTION('',(0.,-1.,0.));
#9821=DIRECTION('center_axis',(0.,-1.,0.));
#9822=DIRECTION('ref_axis',(-0.670587930045016,0.,-0.741830053366632));
#9823=DIRECTION('center_axis',(0.,-1.,0.));
#9824=DIRECTION('ref_axis',(-0.0271847244921764,0.,-0.999630427085072));
#9825=DIRECTION('',(0.,-1.,0.));
#9826=DIRECTION('center_axis',(0.,1.,0.));
#9827=DIRECTION('ref_axis',(-0.0236153679263453,0.,0.999721118311354));
#9828=DIRECTION('center_axis',(1.169885E-31,-1.,7.386364E-31));
#9829=DIRECTION('ref_axis',(0.996107725376453,1.81639660901778E-31,0.088144196889802));
#9830=DIRECTION('center_axis',(-6.224313E-17,1.,-5.507808E-18));
#9831=DIRECTION('ref_axis',(0.996107725376453,6.24863439573941E-17,0.088144196889802));
#9832=DIRECTION('center_axis',(6.224313E-17,-1.,5.507808E-18));
#9833=DIRECTION('ref_axis',(0.996107725376453,6.24863439573941E-17,0.088144196889802));
#9834=DIRECTION('',(0.,-1.,0.));
#9835=DIRECTION('center_axis',(1.169885E-31,-1.,7.386364E-31));
#9836=DIRECTION('ref_axis',(0.439737969079957,7.14832925768244E-31,0.898126115058144));
#9837=DIRECTION('center_axis',(4.910696E-18,-1.,1.002966E-17));
#9838=DIRECTION('ref_axis',(0.439737969079957,1.11673190569631E-17,0.898126115058144));
#9839=DIRECTION('center_axis',(-4.910696E-18,1.,-1.002966E-17));
#9840=DIRECTION('ref_axis',(0.439737969079957,1.11673190569631E-17,0.898126115058144));
#9841=DIRECTION('center_axis',(1.169885E-31,-1.,7.386364E-31));
#9842=DIRECTION('ref_axis',(-0.778316647400371,3.72714986047001E-31,0.627871958586659));
#9843=DIRECTION('center_axis',(4.836259E-17,-1.,-3.901434E-17));
#9844=DIRECTION('ref_axis',(-0.778316647400371,-6.21374189771645E-17,0.627871958586659));
#9845=DIRECTION('center_axis',(-4.836259E-17,1.,3.901434E-17));
#9846=DIRECTION('ref_axis',(-0.778316647400371,-6.21374189771645E-17,0.627871958586659));
#9847=DIRECTION('',(0.,-1.,0.));
#9848=DIRECTION('center_axis',(1.169885E-31,-1.,7.386364E-31));
#9849=DIRECTION('ref_axis',(-0.778316647400374,3.72714986046997E-31,0.627871958586655));
#9850=DIRECTION('center_axis',(-4.836259E-17,1.,3.901434E-17));
#9851=DIRECTION('ref_axis',(-0.778316647400374,-6.21374189771645E-17,0.627871958586655));
#9852=DIRECTION('center_axis',(4.836259E-17,-1.,-3.901434E-17));
#9853=DIRECTION('ref_axis',(-0.778316647400374,-6.21374189771645E-17,0.627871958586655));
#9854=DIRECTION('center_axis',(0.,-1.,0.));
#9855=DIRECTION('ref_axis',(0.309016994374947,0.,0.951056516295154));
#9856=DIRECTION('center_axis',(0.,-1.,-7.793914E-17));
#9857=DIRECTION('ref_axis',(0.553850535211236,-6.48933834706256E-17,0.832616108807791));
#9858=DIRECTION('center_axis',(0.340818501666528,0.741275412641333,0.578233094465549));
#9859=DIRECTION('ref_axis',(0.291187895802196,-0.668045095095819,0.68478124993074));
#9860=DIRECTION('center_axis',(-2.423285E-18,-1.,-3.64298E-18));
#9861=DIRECTION('ref_axis',(0.553850535211236,-4.37534152628397E-18,0.832616108807791));
#9862=DIRECTION('center_axis',(-3.840807E-31,1.,-5.773972E-31));
#9863=DIRECTION('ref_axis',(0.553850535211236,6.9347351115982E-31,0.832616108807791));
#9864=DIRECTION('center_axis',(2.225254E-31,-1.,6.848627E-31));
#9865=DIRECTION('ref_axis',(0.553850535211236,6.93473528229692E-31,0.832616108807791));
#9866=DIRECTION('',(0.,-1.,0.));
#9867=DIRECTION('center_axis',(-5.774881E-19,-1.,-8.68151E-19));
#9868=DIRECTION('ref_axis',(0.553850535211236,-1.04267860074071E-18,0.832616108807791));
#9869=DIRECTION('',(0.,-1.,0.));
#9870=DIRECTION('center_axis',(0.,1.,0.));
#9871=DIRECTION('ref_axis',(0.870851401316916,0.,0.491546373015164));
#9872=DIRECTION('',(0.,-1.,0.));
#9873=DIRECTION('center_axis',(0.,-1.,0.));
#9874=DIRECTION('ref_axis',(0.867005114047077,0.,0.49829923963038));
#9875=DIRECTION('center_axis',(0.,-1.,0.));
#9876=DIRECTION('ref_axis',(-0.334756999446636,0.,-0.942304489706743));
#9877=DIRECTION('',(0.,-1.,0.));
#9878=DIRECTION('center_axis',(0.,1.,0.));
#9879=DIRECTION('ref_axis',(0.28647126716692,0.,0.958088833609796));
#9880=DIRECTION('center_axis',(2.225254E-31,-1.,6.848627E-31));
#9881=DIRECTION('ref_axis',(0.9745927979457,6.34732949747292E-32,-0.223984102543848));
#9882=DIRECTION('center_axis',(-6.089874E-17,1.,1.399595E-17));
#9883=DIRECTION('ref_axis',(0.9745927979457,6.24863437079663E-17,-0.223984102543848));
#9884=DIRECTION('center_axis',(6.089874E-17,-1.,-1.399595E-17));
#9885=DIRECTION('ref_axis',(0.9745927979457,6.24863437079663E-17,-0.223984102543848));
#9886=DIRECTION('',(0.,-1.,0.));
#9887=DIRECTION('center_axis',(2.225254E-31,-1.,6.848627E-31));
#9888=DIRECTION('ref_axis',(0.695751893600805,6.46747147514111E-31,0.718282188663267));
#9889=DIRECTION('center_axis',(7.769686E-18,-1.,8.02129E-18));
#9890=DIRECTION('ref_axis',(0.695751893600805,1.11673234842864E-17,0.718282188663267));
#9891=DIRECTION('center_axis',(-7.769686E-18,1.,-8.02129E-18));
#9892=DIRECTION('ref_axis',(0.695751893600805,1.11673234842864E-17,0.718282188663267));
#9893=DIRECTION('center_axis',(2.225254E-31,-1.,6.848627E-31));
#9894=DIRECTION('ref_axis',(-0.546200013756359,4.52135143691553E-31,0.837654788664491));
#9895=DIRECTION('center_axis',(3.393946E-17,-1.,-5.204971E-17));
#9896=DIRECTION('ref_axis',(-0.546200013756359,-6.21374223489814E-17,0.837654788664491));
#9897=DIRECTION('center_axis',(-3.393946E-17,1.,5.204971E-17));
#9898=DIRECTION('ref_axis',(-0.546200013756359,-6.21374223489814E-17,0.837654788664491));
#9899=DIRECTION('',(0.,-1.,0.));
#9900=DIRECTION('center_axis',(2.225254E-31,-1.,6.848627E-31));
#9901=DIRECTION('ref_axis',(-0.546200013756363,4.52135143691551E-31,0.837654788664488));
#9902=DIRECTION('center_axis',(-3.393946E-17,1.,5.204971E-17));
#9903=DIRECTION('ref_axis',(-0.546200013756363,-6.21374223489814E-17,0.837654788664488));
#9904=DIRECTION('center_axis',(3.393946E-17,-1.,-5.204971E-17));
#9905=DIRECTION('ref_axis',(-0.546200013756363,-6.21374223489814E-17,0.837654788664488));
#9906=DIRECTION('center_axis',(0.,-1.,0.));
#9907=DIRECTION('ref_axis',(0.587785252292473,0.,0.809016994374948));
#9908=DIRECTION('center_axis',(0.,-1.,7.793914E-17));
#9909=DIRECTION('ref_axis',(-0.553850535211236,-6.48933834706256E-17,-0.832616108807791));
#9910=DIRECTION('center_axis',(-0.340818501666711,0.741275412641285,-0.578233094465502));
#9911=DIRECTION('ref_axis',(0.291187895617774,0.668045095082447,0.684781250022207));
#9912=DIRECTION('center_axis',(2.423285E-18,-1.,3.64298E-18));
#9913=DIRECTION('ref_axis',(-0.553850535211236,-4.37534152628397E-18,-0.832616108807791));
#9914=DIRECTION('center_axis',(3.491765E-32,1.,5.24925E-32));
#9915=DIRECTION('ref_axis',(-0.553850535211236,6.30452602324116E-32,-0.832616108807791));
#9916=DIRECTION('center_axis',(-2.225254E-31,-1.,7.230288E-32));
#9917=DIRECTION('ref_axis',(-0.553850535211236,6.30452692868977E-32,-0.832616108807791));
#9918=DIRECTION('',(0.,-1.,0.));
#9919=DIRECTION('center_axis',(5.774881E-19,-1.,8.68151E-19));
#9920=DIRECTION('ref_axis',(-0.553850535211236,-1.04267860074071E-18,-0.832616108807791));
#9921=DIRECTION('',(0.,-1.,0.));
#9922=DIRECTION('center_axis',(0.,1.,0.));
#9923=DIRECTION('ref_axis',(0.87085140130153,0.,0.491546373042423));
#9924=DIRECTION('',(0.,-1.,0.));
#9925=DIRECTION('center_axis',(0.,-1.,0.));
#9926=DIRECTION('ref_axis',(0.867005114047738,0.,0.49829923962923));
#9927=DIRECTION('center_axis',(0.,-1.,0.));
#9928=DIRECTION('ref_axis',(-0.334756999434941,0.,-0.942304489710897));
#9929=DIRECTION('',(0.,-1.,0.));
#9930=DIRECTION('center_axis',(0.,1.,0.));
#9931=DIRECTION('ref_axis',(0.286471267857831,0.,0.958088833403211));
#9932=DIRECTION('center_axis',(-2.225254E-31,-1.,7.230288E-32));
#9933=DIRECTION('ref_axis',(-0.9745927979457,2.33066347888122E-31,0.223984102543848));
#9934=DIRECTION('center_axis',(6.089874E-17,1.,-1.399595E-17));
#9935=DIRECTION('ref_axis',(-0.9745927979457,6.24863437079663E-17,0.223984102543848));
#9936=DIRECTION('center_axis',(-6.089874E-17,-1.,1.399595E-17));
#9937=DIRECTION('ref_axis',(-0.9745927979457,6.24863437079663E-17,0.223984102543848));
#9938=DIRECTION('',(0.,-1.,0.));
#9939=DIRECTION('center_axis',(-2.225254E-31,-1.,7.230288E-32));
#9940=DIRECTION('ref_axis',(-0.695751893600805,1.02888597531219E-31,-0.718282188663267));
#9941=DIRECTION('center_axis',(-7.769686E-18,-1.,-8.02129E-18));
#9942=DIRECTION('ref_axis',(-0.695751893600805,1.11673234842864E-17,-0.718282188663267));
#9943=DIRECTION('center_axis',(7.769686E-18,1.,8.02129E-18));
#9944=DIRECTION('ref_axis',(-0.695751893600805,1.11673234842864E-17,-0.718282188663267));
#9945=DIRECTION('center_axis',(-2.225254E-31,-1.,7.230288E-32));
#9946=DIRECTION('ref_axis',(0.546200013756359,-1.82108230207373E-31,-0.837654788664491));
#9947=DIRECTION('center_axis',(-3.393946E-17,-1.,5.204971E-17));
#9948=DIRECTION('ref_axis',(0.546200013756359,-6.21374223489814E-17,-0.837654788664491));
#9949=DIRECTION('center_axis',(3.393946E-17,1.,-5.204971E-17));
#9950=DIRECTION('ref_axis',(0.546200013756359,-6.21374223489814E-17,-0.837654788664491));
#9951=DIRECTION('',(0.,-1.,0.));
#9952=DIRECTION('center_axis',(-2.225254E-31,-1.,7.230288E-32));
#9953=DIRECTION('ref_axis',(0.546200013756363,-1.82108230207374E-31,-0.837654788664488));
#9954=DIRECTION('center_axis',(3.393946E-17,1.,-5.204971E-17));
#9955=DIRECTION('ref_axis',(0.546200013756363,-6.21374223489814E-17,-0.837654788664488));
#9956=DIRECTION('center_axis',(-3.393946E-17,-1.,5.204971E-17));
#9957=DIRECTION('ref_axis',(0.546200013756363,-6.21374223489814E-17,-0.837654788664488));
#9958=DIRECTION('center_axis',(0.,-1.,0.));
#9959=DIRECTION('ref_axis',(-0.587785252292473,0.,-0.809016994374948));
#9960=DIRECTION('center_axis',(0.,-1.,-1.171926E-18));
#9961=DIRECTION('ref_axis',(0.041324974248815,1.1709248920438E-18,-0.999145758387301));
#9962=DIRECTION('center_axis',(0.0641489254695058,0.741275412641587,-0.668128489120283));
#9963=DIRECTION('ref_axis',(-0.166928363810526,0.668045095074784,0.725155619368742));
#9964=DIRECTION('center_axis',(-1.808109E-19,-1.,4.371604E-18));
#9965=DIRECTION('ref_axis',(0.041324974248815,-4.37534159973536E-18,-0.999145758387301));
#9966=DIRECTION('center_axis',(0.,1.,0.));
#9967=DIRECTION('ref_axis',(0.041324974248815,0.,-0.999145758387301));
#9968=DIRECTION('center_axis',(0.,-1.,0.));
#9969=DIRECTION('ref_axis',(0.041324974248815,0.,-0.999145758387301));
#9970=DIRECTION('',(0.,-1.,0.));
#9971=DIRECTION('center_axis',(-4.308867E-20,-1.,1.041788E-18));
#9972=DIRECTION('ref_axis',(0.041324974248815,-1.04267869951696E-18,-0.999145758387301));
#9973=DIRECTION('',(0.,-1.,0.));
#9974=DIRECTION('center_axis',(0.,1.,0.));
#9975=DIRECTION('ref_axis',(0.415609874324203,0.,0.909542979943345));
#9976=DIRECTION('',(0.,-1.,0.));
#9977=DIRECTION('center_axis',(0.,-1.,0.));
#9978=DIRECTION('ref_axis',(-0.408528927192238,0.,-0.912745372843467));
#9979=DIRECTION('center_axis',(0.,-1.,0.));
#9980=DIRECTION('ref_axis',(0.28304858069142,0.,-0.959105573421702));
#9981=DIRECTION('',(0.,-1.,0.));
#9982=DIRECTION('center_axis',(0.,1.,0.));
#9983=DIRECTION('ref_axis',(-0.331390364975317,0.,0.943493733949265));
#9984=DIRECTION('center_axis',(0.,-1.,0.));
#9985=DIRECTION('ref_axis',(-0.920116688356739,0.,-0.391644328195147));
#9986=DIRECTION('center_axis',(5.749473E-17,1.,2.447242E-17));
#9987=DIRECTION('ref_axis',(-0.920116688356739,6.24863450557743E-17,-0.391644328195147));
#9988=DIRECTION('center_axis',(-5.749473E-17,-1.,-2.447242E-17));
#9989=DIRECTION('ref_axis',(-0.920116688356739,6.24863450557743E-17,-0.391644328195147));
#9990=DIRECTION('',(0.,-1.,0.));
#9991=DIRECTION('center_axis',(0.,-1.,0.));
#9992=DIRECTION('ref_axis',(-0.140679428310974,0.,-0.990055199698531));
#9993=DIRECTION('center_axis',(-1.571013E-18,-1.,-1.105627E-17));
#9994=DIRECTION('ref_axis',(-0.140679428310974,1.116732681348E-17,-0.990055199698531));
#9995=DIRECTION('center_axis',(1.571013E-18,1.,1.105627E-17));
#9996=DIRECTION('ref_axis',(-0.140679428310974,1.116732681348E-17,-0.990055199698531));
#9997=DIRECTION('center_axis',(0.,-1.,0.));
#9998=DIRECTION('ref_axis',(0.934246224745881,0.,-0.356628646561195));
#9999=DIRECTION('center_axis',(-5.805165E-17,-1.,2.215998E-17));
#10000=DIRECTION('ref_axis',(0.934246224745881,-6.21374185279923E-17,-0.356628646561195));
#10001=DIRECTION('center_axis',(5.805165E-17,1.,-2.215998E-17));
#10002=DIRECTION('ref_axis',(0.934246224745881,-6.21374185279923E-17,-0.356628646561195));
#10003=DIRECTION('',(0.,-1.,0.));
#10004=DIRECTION('center_axis',(0.,-1.,0.));
#10005=DIRECTION('ref_axis',(0.934246224745882,0.,-0.35662864656119));
#10006=DIRECTION('center_axis',(5.805165E-17,1.,-2.215998E-17));
#10007=DIRECTION('ref_axis',(0.934246224745882,-6.21374185279923E-17,-0.35662864656119));
#10008=DIRECTION('center_axis',(-5.805165E-17,-1.,2.215998E-17));
#10009=DIRECTION('ref_axis',(0.934246224745882,-6.21374185279923E-17,-0.35662864656119));
#10010=DIRECTION('center_axis',(0.,-1.,0.));
#10011=DIRECTION('ref_axis',(0.,0.,-1.));
#10012=DIRECTION('center_axis',(0.,-1.,1.092678E-16));
#10013=DIRECTION('ref_axis',(-0.832616108807791,6.05180295113543E-17,0.553850535211236));
#10014=DIRECTION('center_axis',(-0.578233094465461,0.741275412641216,0.340818501666932));
#10015=DIRECTION('ref_axis',(0.684781249943093,0.668045095094098,-0.291187895777096));
#10016=DIRECTION('center_axis',(3.64298E-18,-1.,-2.423285E-18));
#10017=DIRECTION('ref_axis',(-0.832616108807791,-4.37534152628397E-18,0.553850535211236));
#10018=DIRECTION('center_axis',(4.895264E-31,1.,-3.256296E-31));
#10019=DIRECTION('ref_axis',(-0.832616108807791,5.87937694567307E-31,0.553850535211236));
#10020=DIRECTION('center_axis',(-3.062799E-31,-1.,6.011082E-31));
#10021=DIRECTION('ref_axis',(-0.832616108807791,5.87937676833902E-31,0.553850535211236));
#10022=DIRECTION('',(0.,-1.,0.));
#10023=DIRECTION('center_axis',(8.68151E-19,-1.,-5.774881E-19));
#10024=DIRECTION('ref_axis',(-0.832616108807791,-1.04267860074071E-18,0.553850535211236));
#10025=DIRECTION('',(0.,-1.,0.));
#10026=DIRECTION('center_axis',(0.,1.,0.));
#10027=DIRECTION('ref_axis',(-0.491546373049591,0.,0.870851401297485));
#10028=DIRECTION('',(0.,-1.,0.));
#10029=DIRECTION('center_axis',(0.,-1.,0.));
#10030=DIRECTION('ref_axis',(0.498299239629106,0.,-0.867005114047809));
#10031=DIRECTION('center_axis',(0.,-1.,0.));
#10032=DIRECTION('ref_axis',(0.942304489710966,0.,-0.334756999434749));
#10033=DIRECTION('',(0.,-1.,0.));
#10034=DIRECTION('center_axis',(0.,1.,0.));
#10035=DIRECTION('ref_axis',(0.958088833953656,0.,-0.286471266016896));
#10036=DIRECTION('center_axis',(-3.062799E-31,-1.,6.011082E-31));
#10037=DIRECTION('ref_axis',(0.223984102543848,5.17233893977383E-31,0.9745927979457));
#10038=DIRECTION('center_axis',(-1.399595E-17,1.,-6.089874E-17));
#10039=DIRECTION('ref_axis',(0.223984102543848,6.24863437079663E-17,0.9745927979457));
#10040=DIRECTION('center_axis',(1.399595E-17,-1.,6.089874E-17));
#10041=DIRECTION('ref_axis',(0.223984102543848,6.24863437079663E-17,0.9745927979457));
#10042=DIRECTION('',(0.,-1.,0.));
#10043=DIRECTION('center_axis',(-3.062799E-31,-1.,6.011082E-31));
#10044=DIRECTION('ref_axis',(-0.718282188663267,6.38217565324538E-31,0.695751893600805));
#10045=DIRECTION('center_axis',(-8.02129E-18,-1.,7.769686E-18));
#10046=DIRECTION('ref_axis',(-0.718282188663267,1.11673234842864E-17,0.695751893600805));
#10047=DIRECTION('center_axis',(8.02129E-18,1.,-7.769686E-18));
#10048=DIRECTION('ref_axis',(-0.718282188663267,1.11673234842864E-17,0.695751893600805));
#10049=DIRECTION('center_axis',(-3.062799E-31,-1.,6.011082E-31));
#10050=DIRECTION('ref_axis',(-0.837654788664491,-7.17684822023787E-32,-0.546200013756359));
#10051=DIRECTION('center_axis',(5.204971E-17,-1.,3.393946E-17));
#10052=DIRECTION('ref_axis',(-0.837654788664491,-6.21374223489814E-17,-0.546200013756359));
#10053=DIRECTION('center_axis',(-5.204971E-17,1.,-3.393946E-17));
#10054=DIRECTION('ref_axis',(-0.837654788664491,-6.21374223489814E-17,-0.546200013756359));
#10055=DIRECTION('',(0.,-1.,0.));
#10056=DIRECTION('center_axis',(-3.062799E-31,-1.,6.011082E-31));
#10057=DIRECTION('ref_axis',(-0.837654788664488,-7.17684822023821E-32,-0.546200013756363));
#10058=DIRECTION('center_axis',(-5.204971E-17,1.,-3.393946E-17));
#10059=DIRECTION('ref_axis',(-0.837654788664488,-6.21374223489814E-17,-0.546200013756363));
#10060=DIRECTION('center_axis',(5.204971E-17,-1.,3.393946E-17));
#10061=DIRECTION('ref_axis',(-0.837654788664488,-6.21374223489814E-17,-0.546200013756363));
#10062=DIRECTION('center_axis',(0.,-1.,0.));
#10063=DIRECTION('ref_axis',(-0.809016994374948,0.,0.587785252292473));
#10064=DIRECTION('center_axis',(0.,-1.,4.258805E-17));
#10065=DIRECTION('ref_axis',(-0.348055405244386,3.99251880911965E-17,0.937473964907915));
#10066=DIRECTION('center_axis',(-0.26747231114431,0.741275412641235,0.615604845160179));
#10067=DIRECTION('ref_axis',(-0.382843717997968,-0.668045095083155,0.63808027592524));
#10068=DIRECTION('center_axis',(1.522861E-18,-1.,-4.101769E-18));
#10069=DIRECTION('ref_axis',(-0.348055405244386,-4.37534165005224E-18,0.937473964907915));
#10070=DIRECTION('center_axis',(2.551841E-31,1.,-6.873286E-31));
#10071=DIRECTION('ref_axis',(-0.348055405244386,7.3317087317403E-31,0.937473964907915));
#10072=DIRECTION('center_axis',(-1.169885E-31,-1.,7.386364E-31));
#10073=DIRECTION('ref_axis',(-0.348055405244386,7.33170874309741E-31,0.937473964907915));
#10074=DIRECTION('',(0.,-1.,0.));
#10075=DIRECTION('center_axis',(3.629099E-19,-1.,-9.774841E-19));
#10076=DIRECTION('ref_axis',(-0.348055405244386,-1.04267864717314E-18,0.937473964907915));
#10077=DIRECTION('',(0.,-1.,0.));
#10078=DIRECTION('center_axis',(0.,1.,0.));
#10079=DIRECTION('ref_axis',(0.114204241213323,0.,0.993457292131317));
#10080=DIRECTION('',(0.,-1.,0.));
#10081=DIRECTION('center_axis',(0.,-1.,0.));
#10082=DIRECTION('ref_axis',(-0.106480266561492,0.,-0.994314815756556));
#10083=DIRECTION('center_axis',(0.,-1.,0.));
#10084=DIRECTION('ref_axis',(0.565575118680243,0.,-0.824696783751355));
#10085=DIRECTION('',(0.,-1.,0.));
#10086=DIRECTION('center_axis',(0.,1.,0.));
#10087=DIRECTION('ref_axis',(-0.606726562771675,0.,0.794910610085983));
#10088=DIRECTION('center_axis',(-1.169885E-31,-1.,7.386364E-31));
#10089=DIRECTION('ref_axis',(0.754058219050734,3.96925849312757E-31,0.656807583910262));
#10090=DIRECTION('center_axis',(-4.711834E-17,1.,-4.10415E-17));
#10091=DIRECTION('ref_axis',(0.754058219050734,6.24863400000799E-17,0.656807583910262));
#10092=DIRECTION('center_axis',(4.711834E-17,-1.,4.10415E-17));
#10093=DIRECTION('ref_axis',(0.754058219050734,6.24863400000799E-17,0.656807583910262));
#10094=DIRECTION('',(0.,-1.,0.));
#10095=DIRECTION('center_axis',(-1.169885E-31,-1.,7.386364E-31));
#10096=DIRECTION('ref_axis',(-0.1721497950723,7.47748683402196E-31,0.98507078327223));
#10097=DIRECTION('center_axis',(-1.922452E-18,-1.,1.10006E-17));
#10098=DIRECTION('ref_axis',(-0.1721497950723,1.11673193763008E-17,0.98507078327223));
#10099=DIRECTION('center_axis',(1.922452E-18,1.,-1.10006E-17));
#10100=DIRECTION('ref_axis',(-0.1721497950723,1.11673193763008E-17,0.98507078327223));
#10101=DIRECTION('center_axis',(-1.169885E-31,-1.,7.386364E-31));
#10102=DIRECTION('ref_axis',(-0.998725272337062,1.54122810393616E-31,0.050476037832432));
#10103=DIRECTION('center_axis',(6.205821E-17,-1.,-3.136451E-18));
#10104=DIRECTION('ref_axis',(-0.998725272337062,-6.21374183023362E-17,0.050476037832432));
#10105=DIRECTION('center_axis',(-6.205821E-17,1.,3.136451E-18));
#10106=DIRECTION('ref_axis',(-0.998725272337062,-6.21374183023362E-17,0.050476037832432));
#10107=DIRECTION('',(0.,-1.,0.));
#10108=DIRECTION('center_axis',(-1.169885E-31,-1.,7.386364E-31));
#10109=DIRECTION('ref_axis',(-0.998725272337062,1.54122810393612E-31,0.050476037832427));
#10110=DIRECTION('center_axis',(-6.205821E-17,1.,3.136451E-18));
#10111=DIRECTION('ref_axis',(-0.998725272337062,-6.21374183023362E-17,0.050476037832427));
#10112=DIRECTION('center_axis',(6.205821E-17,-1.,-3.136451E-18));
#10113=DIRECTION('ref_axis',(-0.998725272337062,-6.21374183023362E-17,0.050476037832427));
#10114=DIRECTION('center_axis',(0.,-1.,0.));
#10115=DIRECTION('ref_axis',(-0.309016994374948,0.,0.951056516295154));
#10116=DIRECTION('center_axis',(0.,-1.,0.));
#10117=DIRECTION('ref_axis',(-0.309016994374948,0.,0.951056516295154));
#10118=DIRECTION('',(0.,9.48971186174765E-33,1.));
#10119=DIRECTION('',(1.,0.,1.23259516440783E-32));
#10120=DIRECTION('',(0.,9.48971186174765E-33,1.));
#10121=DIRECTION('',(1.,0.,1.23259516440783E-32));
#10122=DIRECTION('',(0.,0.,1.));
#10123=DIRECTION('',(1.,0.,0.));
#10124=DIRECTION('',(0.,0.,1.));
#10125=DIRECTION('',(1.,0.,0.));
#10126=DIRECTION('',(-8.67361737988404E-19,-1.69481835106077E-32,1.));
#10127=DIRECTION('',(1.,0.,8.67361737988404E-19));
#10128=DIRECTION('',(-8.67361737988404E-19,-1.69481835106077E-32,1.));
#10129=DIRECTION('',(1.,0.,8.67361737988404E-19));
#10130=DIRECTION('',(0.,1.55575381946529E-61,1.));
#10131=DIRECTION('',(1.,0.,0.));
#10132=DIRECTION('',(0.,1.55575381946529E-61,1.));
#10133=DIRECTION('',(1.,0.,0.));
#10134=DIRECTION('axis',(0.,0.,1.));
#10135=DIRECTION('refdir',(1.,0.,0.));
#10136=DIRECTION('center_axis',(0.,1.,0.));
#10137=DIRECTION('ref_axis',(0.,0.,1.));
#10138=DIRECTION('center_axis',(0.,-1.,0.));
#10139=DIRECTION('ref_axis',(0.,0.,1.));
#10140=DIRECTION('',(-8.65956056235493E-17,-0.707106781186548,0.707106781186547));
#10141=DIRECTION('center_axis',(0.,-1.,0.));
#10142=DIRECTION('ref_axis',(0.,0.,1.));
#10143=DIRECTION('center_axis',(0.,-1.,0.));
#10144=DIRECTION('ref_axis',(0.,0.,1.));
#10145=DIRECTION('',(0.,-1.,0.));
#10146=DIRECTION('center_axis',(0.,1.,0.));
#10147=DIRECTION('ref_axis',(0.,0.,1.));
#10148=DIRECTION('center_axis',(0.,1.,0.));
#10149=DIRECTION('ref_axis',(0.,0.,1.));
#10150=DIRECTION('center_axis',(0.,-1.,0.));
#10151=DIRECTION('ref_axis',(0.,0.,1.));
#10152=DIRECTION('',(-8.65956056235493E-17,-0.707106781186548,0.707106781186547));
#10153=DIRECTION('center_axis',(0.,-1.,0.));
#10154=DIRECTION('ref_axis',(0.,0.,1.));
#10155=DIRECTION('center_axis',(0.,-1.,0.));
#10156=DIRECTION('ref_axis',(0.,0.,1.));
#10157=DIRECTION('',(0.,-1.,0.));
#10158=DIRECTION('center_axis',(0.,1.,0.));
#10159=DIRECTION('ref_axis',(0.,0.,1.));
#10160=DIRECTION('center_axis',(0.,1.,0.));
#10161=DIRECTION('ref_axis',(0.,0.,1.));
#10162=DIRECTION('center_axis',(0.,-1.,0.));
#10163=DIRECTION('ref_axis',(0.,0.,1.));
#10164=DIRECTION('',(-8.65956056235493E-17,-0.707106781186548,0.707106781186547));
#10165=DIRECTION('center_axis',(0.,-1.,0.));
#10166=DIRECTION('ref_axis',(0.,0.,1.));
#10167=DIRECTION('center_axis',(0.,-1.,0.));
#10168=DIRECTION('ref_axis',(0.,0.,1.));
#10169=DIRECTION('',(0.,-1.,0.));
#10170=DIRECTION('center_axis',(0.,1.,0.));
#10171=DIRECTION('ref_axis',(0.,0.,1.));
#10172=DIRECTION('center_axis',(0.,1.,0.));
#10173=DIRECTION('ref_axis',(0.,0.,1.));
#10174=DIRECTION('center_axis',(0.,-1.,0.));
#10175=DIRECTION('ref_axis',(0.,0.,1.));
#10176=DIRECTION('',(-8.65956056235493E-17,-0.707106781186548,0.707106781186547));
#10177=DIRECTION('center_axis',(0.,-1.,0.));
#10178=DIRECTION('ref_axis',(0.,0.,1.));
#10179=DIRECTION('center_axis',(0.,-1.,0.));
#10180=DIRECTION('ref_axis',(0.,0.,1.));
#10181=DIRECTION('',(0.,-1.,0.));
#10182=DIRECTION('center_axis',(0.,1.,0.));
#10183=DIRECTION('ref_axis',(0.,0.,1.));
#10184=DIRECTION('center_axis',(0.,-1.,0.));
#10185=DIRECTION('ref_axis',(-8.94301653695862E-15,0.,1.));
#10186=DIRECTION('center_axis',(0.,-1.,0.));
#10187=DIRECTION('ref_axis',(-1.,0.,0.));
#10188=DIRECTION('center_axis',(0.,1.,0.));
#10189=DIRECTION('ref_axis',(-1.,0.,0.));
#10190=DIRECTION('center_axis',(-0.692339674901321,0.707106781186547,0.143755954859387));
#10191=DIRECTION('ref_axis',(0.203301621034039,0.,0.979116158014427));
#10192=DIRECTION('',(-0.203301621034039,0.,-0.979116158014427));
#10193=DIRECTION('',(0.203301621034039,0.,0.979116158014427));
#10194=DIRECTION('center_axis',(0.,-1.,0.));
#10195=DIRECTION('ref_axis',(-1.,0.,0.));
#10196=DIRECTION('center_axis',(0.,-1.,0.));
#10197=DIRECTION('ref_axis',(-1.,0.,0.));
#10198=DIRECTION('center_axis',(0.,1.,0.));
#10199=DIRECTION('ref_axis',(-1.,0.,0.));
#10200=DIRECTION('center_axis',(-0.143755954859387,0.707106781186548,0.69233967490132));
#10201=DIRECTION('ref_axis',(0.979116158014427,0.,0.20330162103404));
#10202=DIRECTION('',(-0.979116158014427,0.,-0.20330162103404));
#10203=DIRECTION('',(0.979116158014427,0.,0.20330162103404));
#10204=DIRECTION('center_axis',(0.,-1.,0.));
#10205=DIRECTION('ref_axis',(-1.,0.,8.82055185704388E-15));
#10206=DIRECTION('center_axis',(0.,-1.,0.));
#10207=DIRECTION('ref_axis',(0.,0.,-1.));
#10208=DIRECTION('center_axis',(0.,1.,0.));
#10209=DIRECTION('ref_axis',(0.,0.,-1.));
#10210=DIRECTION('center_axis',(-0.143755954859387,0.707106781186547,-0.692339674901321));
#10211=DIRECTION('ref_axis',(-0.979116158014427,0.,0.20330162103404));
#10212=DIRECTION('',(0.979116158014427,0.,-0.20330162103404));
#10213=DIRECTION('',(-0.979116158014427,0.,0.20330162103404));
#10214=DIRECTION('center_axis',(0.,-1.,0.));
#10215=DIRECTION('ref_axis',(-1.,0.,0.));
#10216=DIRECTION('center_axis',(0.,-1.,0.));
#10217=DIRECTION('ref_axis',(-1.,0.,0.));
#10218=DIRECTION('center_axis',(0.,1.,0.));
#10219=DIRECTION('ref_axis',(-1.,0.,0.));
#10220=DIRECTION('center_axis',(-0.69233967490132,0.707106781186548,-0.143755954859387));
#10221=DIRECTION('ref_axis',(-0.20330162103404,0.,0.979116158014427));
#10222=DIRECTION('',(0.20330162103404,0.,-0.979116158014427));
#10223=DIRECTION('',(-0.20330162103404,0.,0.979116158014427));
#10224=DIRECTION('center_axis',(0.,-1.,0.));
#10225=DIRECTION('ref_axis',(1.39349996950756E-15,0.,-1.));
#10226=DIRECTION('center_axis',(0.,-1.,0.));
#10227=DIRECTION('ref_axis',(1.,0.,0.));
#10228=DIRECTION('center_axis',(0.,1.,0.));
#10229=DIRECTION('ref_axis',(1.,0.,0.));
#10230=DIRECTION('center_axis',(0.69233967490132,0.707106781186548,-0.143755954859387));
#10231=DIRECTION('ref_axis',(-0.203301621034039,0.,-0.979116158014427));
#10232=DIRECTION('',(-0.20330162103404,0.,-0.979116158014427));
#10233=DIRECTION('',(0.20330162103404,0.,0.979116158014427));
#10234=DIRECTION('center_axis',(0.,-1.,0.));
#10235=DIRECTION('ref_axis',(1.,0.,0.));
#10236=DIRECTION('center_axis',(0.,1.,0.));
#10237=DIRECTION('ref_axis',(1.,0.,0.));
#10238=DIRECTION('center_axis',(0.,-1.,0.));
#10239=DIRECTION('ref_axis',(1.,0.,0.));
#10240=DIRECTION('center_axis',(0.143755954859574,0.707106781186548,-0.692339674901281));
#10241=DIRECTION('ref_axis',(-0.979116158014372,0.,-0.203301621034304));
#10242=DIRECTION('',(-0.979116158014372,0.,-0.203301621034304));
#10243=DIRECTION('',(0.979116158014372,0.,0.203301621034304));
#10244=DIRECTION('center_axis',(0.,-1.,0.));
#10245=DIRECTION('ref_axis',(0.0864098881508344,0.,-0.996259670582806));
#10246=DIRECTION('center_axis',(0.,1.,0.));
#10247=DIRECTION('ref_axis',(0.0864098881508344,0.,-0.996259670582806));
#10248=DIRECTION('center_axis',(0.,-1.,0.));
#10249=DIRECTION('ref_axis',(0.0864098881508344,0.,-0.996259670582806));
#10250=DIRECTION('center_axis',(0.143755954859574,0.707106781186549,0.69233967490128));
#10251=DIRECTION('ref_axis',(0.979116158014372,0.,-0.203301621034304));
#10252=DIRECTION('',(0.979116158014372,0.,-0.203301621034304));
#10253=DIRECTION('',(-0.979116158014372,0.,0.203301621034304));
#10254=DIRECTION('center_axis',(0.,-1.,0.));
#10255=DIRECTION('ref_axis',(1.,0.,0.));
#10256=DIRECTION('center_axis',(0.,1.,0.));
#10257=DIRECTION('ref_axis',(1.,0.,0.));
#10258=DIRECTION('center_axis',(0.,-1.,0.));
#10259=DIRECTION('ref_axis',(1.,0.,0.));
#10260=DIRECTION('center_axis',(0.692339674901321,0.707106781186547,0.143755954859387));
#10261=DIRECTION('ref_axis',(0.203301621034039,0.,-0.979116158014427));
#10262=DIRECTION('',(0.203301621034039,0.,-0.979116158014427));
#10263=DIRECTION('',(-0.203301621034039,0.,0.979116158014427));
#10264=DIRECTION('center_axis',(0.979116158014427,0.,-0.20330162103404));
#10265=DIRECTION('ref_axis',(-0.20330162103404,0.,-0.979116158014427));
#10266=DIRECTION('',(0.,1.,0.));
#10267=DIRECTION('',(0.20330162103404,0.,0.979116158014427));
#10268=DIRECTION('',(0.,1.,0.));
#10269=DIRECTION('center_axis',(0.,1.,0.));
#10270=DIRECTION('ref_axis',(1.,0.,0.));
#10271=DIRECTION('',(0.,1.,0.));
#10272=DIRECTION('center_axis',(0.,1.,0.));
#10273=DIRECTION('ref_axis',(1.,0.,0.));
#10274=DIRECTION('center_axis',(0.203301621034304,0.,-0.979116158014372));
#10275=DIRECTION('ref_axis',(-0.979116158014372,0.,-0.203301621034304));
#10276=DIRECTION('',(0.,1.,0.));
#10277=DIRECTION('',(0.979116158014372,0.,0.203301621034304));
#10278=DIRECTION('center_axis',(0.,1.,0.));
#10279=DIRECTION('ref_axis',(1.,0.,9.71445146547012E-17));
#10280=DIRECTION('',(0.,1.,0.));
#10281=DIRECTION('center_axis',(0.,1.,0.));
#10282=DIRECTION('ref_axis',(-0.0864098881508344,0.,0.996259670582806));
#10283=DIRECTION('center_axis',(0.203301621034304,0.,0.979116158014372));
#10284=DIRECTION('ref_axis',(0.979116158014372,0.,-0.203301621034304));
#10285=DIRECTION('',(0.,1.,0.));
#10286=DIRECTION('',(-0.979116158014372,0.,0.203301621034304));
#10287=DIRECTION('center_axis',(0.,1.,0.));
#10288=DIRECTION('ref_axis',(1.,0.,0.));
#10289=DIRECTION('',(0.,1.,0.));
#10290=DIRECTION('center_axis',(0.,1.,0.));
#10291=DIRECTION('ref_axis',(1.,0.,0.));
#10292=DIRECTION('center_axis',(0.979116158014427,0.,0.203301621034039));
#10293=DIRECTION('ref_axis',(0.203301621034039,0.,-0.979116158014427));
#10294=DIRECTION('',(0.,1.,0.));
#10295=DIRECTION('',(0.203301621034039,0.,-0.979116158014427));
#10296=DIRECTION('center_axis',(0.,1.,0.));
#10297=DIRECTION('ref_axis',(-1.,0.,0.));
#10298=DIRECTION('',(0.,1.,0.));
#10299=DIRECTION('center_axis',(0.,1.,0.));
#10300=DIRECTION('ref_axis',(-1.,0.,0.));
#10301=DIRECTION('center_axis',(0.,1.,0.));
#10302=DIRECTION('ref_axis',(1.,0.,0.));
#10303=DIRECTION('center_axis',(0.,-1.,0.));
#10304=DIRECTION('ref_axis',(1.,0.,0.));
#10305=DIRECTION('',(1.,0.,0.));
#10306=DIRECTION('center_axis',(0.,1.,0.));
#10307=DIRECTION('ref_axis',(1.,0.,0.));
#10308=DIRECTION('',(-1.11022302462516E-17,0.,1.));
#10309=DIRECTION('center_axis',(0.,-1.,0.));
#10310=DIRECTION('ref_axis',(1.,0.,0.));
#10311=DIRECTION('',(-1.11022302462516E-17,0.,1.));
#10312=DIRECTION('center_axis',(0.,1.,0.));
#10313=DIRECTION('ref_axis',(1.,0.,0.));
#10314=DIRECTION('',(-1.,0.,0.));
#10315=DIRECTION('',(1.11022302462516E-17,0.,-1.));
#10316=DIRECTION('center_axis',(0.,1.,0.));
#10317=DIRECTION('ref_axis',(1.,0.,0.));
#10318=DIRECTION('',(1.,0.,0.));
#10319=DIRECTION('center_axis',(0.,-1.,0.));
#10320=DIRECTION('ref_axis',(1.,0.,0.));
#10321=DIRECTION('',(1.11022302462516E-17,0.,-1.));
#10322=DIRECTION('center_axis',(0.,-1.,0.));
#10323=DIRECTION('ref_axis',(1.,0.,0.));
#10324=DIRECTION('',(-1.,0.,0.));
#10325=DIRECTION('center_axis',(0.,1.,0.));
#10326=DIRECTION('ref_axis',(1.,0.,0.));
#10327=DIRECTION('center_axis',(0.,1.,0.));
#10328=DIRECTION('ref_axis',(1.,0.,0.));
#10329=DIRECTION('center_axis',(0.,1.,0.));
#10330=DIRECTION('ref_axis',(1.,0.,0.));
#10331=DIRECTION('',(0.,1.,0.));
#10332=DIRECTION('',(0.,1.,0.));
#10333=DIRECTION('center_axis',(0.,0.,-1.));
#10334=DIRECTION('ref_axis',(-1.,0.,0.));
#10335=DIRECTION('',(-1.,0.,0.));
#10336=DIRECTION('',(0.,1.,0.));
#10337=DIRECTION('center_axis',(0.,1.,0.));
#10338=DIRECTION('ref_axis',(1.,0.,0.));
#10339=DIRECTION('center_axis',(0.,-1.,0.));
#10340=DIRECTION('ref_axis',(1.,0.,0.));
#10341=DIRECTION('',(0.,1.,0.));
#10342=DIRECTION('center_axis',(1.,0.,1.11022302462516E-17));
#10343=DIRECTION('ref_axis',(1.11022302462516E-17,0.,-1.));
#10344=DIRECTION('',(1.11022302462516E-17,0.,-1.));
#10345=DIRECTION('center_axis',(0.,1.,0.));
#10346=DIRECTION('ref_axis',(1.,0.,0.));
#10347=DIRECTION('center_axis',(0.,-1.,0.));
#10348=DIRECTION('ref_axis',(1.,0.,0.));
#10349=DIRECTION('',(0.,1.,0.));
#10350=DIRECTION('',(0.,1.,0.));
#10351=DIRECTION('center_axis',(0.,0.,1.));
#10352=DIRECTION('ref_axis',(1.,0.,0.));
#10353=DIRECTION('',(1.,0.,0.));
#10354=DIRECTION('',(0.,1.,0.));
#10355=DIRECTION('center_axis',(0.,1.,0.));
#10356=DIRECTION('ref_axis',(1.,0.,0.));
#10357=DIRECTION('center_axis',(0.,1.,0.));
#10358=DIRECTION('ref_axis',(1.,0.,0.));
#10359=DIRECTION('',(0.,1.,0.));
#10360=DIRECTION('center_axis',(1.,0.,1.11022302462516E-17));
#10361=DIRECTION('ref_axis',(1.11022302462516E-17,0.,-1.));
#10362=DIRECTION('',(1.11022302462516E-17,0.,-1.));
#10363=DIRECTION('center_axis',(0.,0.,-1.));
#10364=DIRECTION('ref_axis',(-1.,0.,0.));
#10365=DIRECTION('',(-1.,0.,0.));
#10366=DIRECTION('',(0.,1.,0.));
#10367=DIRECTION('',(0.,1.,0.));
#10368=DIRECTION('center_axis',(0.,1.,0.));
#10369=DIRECTION('ref_axis',(1.,0.,0.));
#10370=DIRECTION('center_axis',(0.,1.,0.));
#10371=DIRECTION('ref_axis',(1.,0.,0.));
#10372=DIRECTION('',(0.,1.,0.));
#10373=DIRECTION('center_axis',(-1.,0.,-1.11022302462516E-17));
#10374=DIRECTION('ref_axis',(-1.11022302462516E-17,0.,1.));
#10375=DIRECTION('',(-1.11022302462516E-17,0.,1.));
#10376=DIRECTION('',(0.,1.,0.));
#10377=DIRECTION('center_axis',(0.,1.,0.));
#10378=DIRECTION('ref_axis',(1.,0.,0.));
#10379=DIRECTION('center_axis',(0.,-1.,0.));
#10380=DIRECTION('ref_axis',(1.,0.,0.));
#10381=DIRECTION('center_axis',(-1.,0.,-1.11022302462516E-17));
#10382=DIRECTION('ref_axis',(-1.11022302462516E-17,0.,1.));
#10383=DIRECTION('',(-1.11022302462516E-17,0.,1.));
#10384=DIRECTION('',(0.,1.,0.));
#10385=DIRECTION('',(0.,1.,0.));
#10386=DIRECTION('center_axis',(0.,1.,0.));
#10387=DIRECTION('ref_axis',(1.,0.,0.));
#10388=DIRECTION('center_axis',(0.,1.,0.));
#10389=DIRECTION('ref_axis',(1.,0.,0.));
#10390=DIRECTION('',(0.,1.,0.));
#10391=DIRECTION('center_axis',(0.,0.,1.));
#10392=DIRECTION('ref_axis',(1.,0.,0.));
#10393=DIRECTION('',(1.,0.,0.));
#10394=DIRECTION('',(0.,1.,0.));
#10395=DIRECTION('center_axis',(0.,1.,0.));
#10396=DIRECTION('ref_axis',(1.,0.,0.));
#10397=DIRECTION('center_axis',(0.,-1.,0.));
#10398=DIRECTION('ref_axis',(1.,0.,0.));
#10399=DIRECTION('center_axis',(-0.979116158014427,0.,0.203301621034039));
#10400=DIRECTION('ref_axis',(0.203301621034039,0.,0.979116158014427));
#10401=DIRECTION('',(0.,1.,0.));
#10402=DIRECTION('',(0.203301621034039,0.,0.979116158014427));
#10403=DIRECTION('center_axis',(0.,1.,0.));
#10404=DIRECTION('ref_axis',(1.,0.,0.));
#10405=DIRECTION('',(0.,1.,0.));
#10406=DIRECTION('center_axis',(0.,1.,0.));
#10407=DIRECTION('ref_axis',(1.,0.,0.));
#10408=DIRECTION('center_axis',(-0.20330162103404,0.,0.979116158014427));
#10409=DIRECTION('ref_axis',(0.979116158014427,0.,0.20330162103404));
#10410=DIRECTION('',(0.,1.,0.));
#10411=DIRECTION('',(0.979116158014427,0.,0.20330162103404));
#10412=DIRECTION('center_axis',(0.,1.,0.));
#10413=DIRECTION('ref_axis',(0.,0.,-1.));
#10414=DIRECTION('',(0.,1.,0.));
#10415=DIRECTION('center_axis',(0.,1.,0.));
#10416=DIRECTION('ref_axis',(0.,0.,-1.));
#10417=DIRECTION('center_axis',(-0.20330162103404,0.,-0.979116158014427));
#10418=DIRECTION('ref_axis',(-0.979116158014427,0.,0.20330162103404));
#10419=DIRECTION('',(0.,1.,0.));
#10420=DIRECTION('',(-0.979116158014427,0.,0.20330162103404));
#10421=DIRECTION('center_axis',(0.,1.,0.));
#10422=DIRECTION('ref_axis',(1.,0.,0.));
#10423=DIRECTION('',(0.,1.,0.));
#10424=DIRECTION('center_axis',(0.,1.,0.));
#10425=DIRECTION('ref_axis',(1.,0.,0.));
#10426=DIRECTION('center_axis',(-0.979116158014427,0.,-0.20330162103404));
#10427=DIRECTION('ref_axis',(-0.20330162103404,0.,0.979116158014427));
#10428=DIRECTION('',(0.,1.,0.));
#10429=DIRECTION('',(0.20330162103404,0.,-0.979116158014427));
#10430=DIRECTION('center_axis',(0.,1.,0.));
#10431=DIRECTION('ref_axis',(1.,0.,0.));
#10432=DIRECTION('center_axis',(0.,1.,0.));
#10433=DIRECTION('ref_axis',(1.,0.,0.));
#10434=DIRECTION('center_axis',(0.,1.,0.));
#10435=DIRECTION('ref_axis',(1.,0.,0.));
#10436=DIRECTION('center_axis',(-1.22464679914735E-16,1.,-1.68898269993403E-32));
#10437=DIRECTION('ref_axis',(2.75831807360287E-16,1.68898269993403E-32,
-1.));
#10438=DIRECTION('',(1.,1.22464679914735E-16,2.75831807360287E-16));
#10439=DIRECTION('',(-1.37915903680144E-16,-2.73691106313441E-48,1.));
#10440=DIRECTION('',(-1.,-1.22464679914735E-16,-2.75831807360287E-16));
#10441=DIRECTION('',(2.75831807360287E-16,1.68898269993403E-32,-1.));
#10442=DIRECTION('center_axis',(1.,1.22464679914735E-16,2.75831807360287E-16));
#10443=DIRECTION('ref_axis',(2.75831807360287E-16,1.68898269993403E-32,
-1.));
#10444=DIRECTION('',(1.22464679914735E-16,-1.,1.68898269993403E-32));
#10445=DIRECTION('',(-1.22464679914735E-16,1.,-1.68898269993403E-32));
#10446=DIRECTION('',(-2.75831807360287E-16,-1.68898269993403E-32,1.));
#10447=DIRECTION('center_axis',(-2.75831807360287E-16,-1.68898269993403E-32,
1.));
#10448=DIRECTION('ref_axis',(-1.,-1.22464679914735E-16,-2.75831807360287E-16));
#10449=DIRECTION('',(-1.,-1.22464679914735E-16,-2.75831807360287E-16));
#10450=DIRECTION('',(-1.22464679914735E-16,1.,-1.68898269993403E-32));
#10451=DIRECTION('',(1.,1.22464679914735E-16,2.75831807360287E-16));
#10452=DIRECTION('',(1.22464679914735E-16,-1.,1.68898269993403E-32));
#10453=DIRECTION('',(1.,1.22464679914735E-16,2.75831807360287E-16));
#10454=DIRECTION('',(1.22464679914735E-16,-1.,1.68898269993403E-32));
#10455=DIRECTION('',(-1.,-1.22464679914735E-16,-2.75831807360287E-16));
#10456=DIRECTION('',(-1.22464679914735E-16,1.,-1.68898269993403E-32));
#10457=DIRECTION('',(1.,1.22464679914735E-16,2.75831807360287E-16));
#10458=DIRECTION('',(1.22464679914735E-16,-1.,1.68898269993403E-32));
#10459=DIRECTION('center_axis',(1.22464679914735E-16,-1.,1.68898269993403E-32));
#10460=DIRECTION('ref_axis',(-2.75831807360287E-16,-1.68898269993403E-32,
1.));
#10461=DIRECTION('',(2.75831807360287E-16,1.68898269993403E-32,-1.));
#10462=DIRECTION('',(1.,1.22464679914735E-16,2.75831807360287E-16));
#10463=DIRECTION('',(-2.75831807360287E-16,-1.68898269993403E-32,1.));
#10464=DIRECTION('',(-1.,-1.22464679914735E-16,-2.75831807360287E-16));
#10465=DIRECTION('',(1.,1.22464679914735E-16,2.75831807360287E-16));
#10466=DIRECTION('',(2.75831807360287E-16,1.68898269993403E-32,-1.));
#10467=DIRECTION('center_axis',(2.75831807360287E-16,1.68898269993403E-32,
-1.));
#10468=DIRECTION('ref_axis',(1.,1.22464679914735E-16,2.75831807360287E-16));
#10469=DIRECTION('',(1.22464679914735E-16,-1.,1.68898269993403E-32));
#10470=DIRECTION('',(1.,1.22464679914735E-16,2.75831807360287E-16));
#10471=DIRECTION('',(1.22464679914735E-16,-1.,1.68898269993403E-32));
#10472=DIRECTION('',(1.,1.22464679914735E-16,2.75831807360287E-16));
#10473=DIRECTION('',(-1.22464679914735E-16,1.,-1.68898269993403E-32));
#10474=DIRECTION('',(1.,1.22464679914735E-16,2.75831807360287E-16));
#10475=DIRECTION('',(1.22464679914735E-16,-1.,1.68898269993403E-32));
#10476=DIRECTION('',(-1.,-1.22464679914735E-16,-2.75831807360287E-16));
#10477=DIRECTION('',(1.22464679914735E-16,-1.,1.68898269993403E-32));
#10478=DIRECTION('center_axis',(-1.,-1.22464679914735E-16,-2.75831807360287E-16));
#10479=DIRECTION('ref_axis',(2.75831807360287E-16,1.68898269993403E-32,
-1.));
#10480=DIRECTION('',(2.75831807360287E-16,1.68898269993403E-32,-1.));
#10481=DIRECTION('center_axis',(1.22464679914735E-16,-1.,1.68898269993403E-32));
#10482=DIRECTION('ref_axis',(1.,1.22464679914735E-16,2.75831807360287E-16));
#10483=DIRECTION('',(-2.75831807360287E-16,-1.68898269993403E-32,1.));
#10484=DIRECTION('center_axis',(1.,1.22464679914735E-16,2.75831807360287E-16));
#10485=DIRECTION('ref_axis',(-2.75831807360287E-16,-1.68898269993403E-32,
1.));
#10486=DIRECTION('',(2.75831807360287E-16,1.68898269993403E-32,-1.));
#10487=DIRECTION('',(1.22464679914735E-16,-1.,1.68898269993403E-32));
#10488=DIRECTION('',(1.22464679914735E-16,-1.,1.68898269993403E-32));
#10489=DIRECTION('center_axis',(-1.22464679914735E-16,1.,-1.68898269993403E-32));
#10490=DIRECTION('ref_axis',(2.75831807360287E-16,1.68898269993403E-32,
-1.));
#10491=DIRECTION('',(-1.,-1.22464679914735E-16,-2.75831807360287E-16));
#10492=DIRECTION('',(2.75831807360287E-16,1.68898269993403E-32,-1.));
#10493=DIRECTION('',(1.,1.22464679914735E-16,2.75831807360287E-16));
#10494=DIRECTION('center_axis',(2.75831807360287E-16,1.68898269993403E-32,
-1.));
#10495=DIRECTION('ref_axis',(1.,1.22464679914735E-16,2.75831807360287E-16));
#10496=DIRECTION('',(1.22464679914735E-16,-1.,1.68898269993403E-32));
#10497=DIRECTION('',(-1.,-1.22464679914735E-16,-2.75831807360287E-16));
#10498=DIRECTION('',(1.22464679914735E-16,-1.,1.68898269993403E-32));
#10499=DIRECTION('',(1.,1.22464679914735E-16,2.75831807360287E-16));
#10500=DIRECTION('',(-1.22464679914735E-16,1.,-1.68898269993403E-32));
#10501=DIRECTION('',(-1.,-1.22464679914735E-16,-2.75831807360287E-16));
#10502=DIRECTION('',(1.22464679914735E-16,-1.,1.68898269993403E-32));
#10503=DIRECTION('center_axis',(-1.,-1.22464679914735E-16,-2.75831807360287E-16));
#10504=DIRECTION('ref_axis',(2.75831807360287E-16,1.68898269993403E-32,
-1.));
#10505=DIRECTION('',(2.75831807360287E-16,1.68898269993403E-32,-1.));
#10506=DIRECTION('center_axis',(-1.,-1.22464679914735E-16,-2.75831807360287E-16));
#10507=DIRECTION('ref_axis',(2.75831807360287E-16,1.68898269993403E-32,
-1.));
#10508=DIRECTION('',(2.75831807360287E-16,1.68898269993403E-32,-1.));
#10509=DIRECTION('',(2.75831807360287E-16,1.68898269993403E-32,-1.));
#10510=DIRECTION('center_axis',(1.,1.22464679914735E-16,2.75831807360287E-16));
#10511=DIRECTION('ref_axis',(-2.75831807360287E-16,-1.68898269993403E-32,
1.));
#10512=DIRECTION('',(-2.75831807360287E-16,-1.68898269993403E-32,1.));
#10513=DIRECTION('',(-2.75831807360287E-16,-1.68898269993403E-32,1.));
#10514=DIRECTION('center_axis',(1.22464679914735E-16,-1.,1.68898269993403E-32));
#10515=DIRECTION('ref_axis',(-2.75831807360287E-16,-1.68898269993403E-32,
1.));
#10516=DIRECTION('center_axis',(-1.,-1.22464679914735E-16,-2.75831807360287E-16));
#10517=DIRECTION('ref_axis',(2.75831807360287E-16,1.68898269993403E-32,
-1.));
#10518=DIRECTION('',(2.75831807360287E-16,1.68898269993403E-32,-1.));
#10519=DIRECTION('',(-1.22464679914735E-16,1.,-1.68898269993403E-32));
#10520=DIRECTION('',(2.75831807360287E-16,1.68898269993403E-32,-1.));
#10521=DIRECTION('center_axis',(1.,1.22464679914735E-16,2.75831807360287E-16));
#10522=DIRECTION('ref_axis',(-2.75831807360287E-16,-1.68898269993403E-32,
1.));
#10523=DIRECTION('',(-2.75831807360287E-16,-1.68898269993403E-32,1.));
#10524=DIRECTION('',(-2.75831807360287E-16,-1.68898269993403E-32,1.));
#10525=DIRECTION('',(1.22464679914735E-16,-1.,1.68898269993403E-32));
#10526=DIRECTION('center_axis',(1.22464679914735E-16,-1.,1.68898269993403E-32));
#10527=DIRECTION('ref_axis',(-2.75831807360287E-16,-1.68898269993403E-32,
1.));
#10528=DIRECTION('',(-1.,-1.22464679914735E-16,-2.75831807360287E-16));
#10529=DIRECTION('center_axis',(1.22464679914735E-16,-1.,1.68898269993403E-32));
#10530=DIRECTION('ref_axis',(-1.,-1.22464679914735E-16,-2.75831807360287E-16));
#10531=DIRECTION('',(2.75831807360287E-16,1.68898269993403E-32,-1.));
#10532=DIRECTION('',(-1.,-1.22464679914735E-16,-2.75831807360287E-16));
#10533=DIRECTION('center_axis',(1.22464679914735E-16,-1.,1.68898269993403E-32));
#10534=DIRECTION('ref_axis',(-1.,-1.22464679914735E-16,-2.75831807360287E-16));
#10535=DIRECTION('',(-1.,-1.22464679914735E-16,-2.75831807360287E-16));
#10536=DIRECTION('',(2.75831807360287E-16,1.68898269993403E-32,-1.));
#10537=DIRECTION('center_axis',(1.22464679914735E-16,-1.,1.68898269993403E-32));
#10538=DIRECTION('ref_axis',(-1.,-1.22464679914735E-16,-2.75831807360287E-16));
#10539=DIRECTION('',(-2.75831807360287E-16,-1.68898269993403E-32,1.));
#10540=DIRECTION('center_axis',(-2.75831807360287E-16,-1.68898269993403E-32,
1.));
#10541=DIRECTION('ref_axis',(-1.,-1.22464679914735E-16,-2.75831807360287E-16));
#10542=DIRECTION('',(1.22464679914735E-16,-1.,1.68898269993403E-32));
#10543=DIRECTION('',(1.22464679914735E-16,-1.,1.68898269993403E-32));
#10544=DIRECTION('center_axis',(1.,1.22464679914735E-16,2.75831807360287E-16));
#10545=DIRECTION('ref_axis',(-2.75831807360287E-16,-1.68898269993403E-32,
1.));
#10546=DIRECTION('center_axis',(-1.,-1.22464679914735E-16,-2.75831807360287E-16));
#10547=DIRECTION('ref_axis',(2.75831807360287E-16,1.68898269993403E-32,
-1.));
#10548=DIRECTION('',(-1.,-1.66533453693774E-16,-6.12323399573677E-17));
#10549=DIRECTION('',(7.53305084201097E-17,5.57574888917768E-16,-1.));
#10550=DIRECTION('',(4.85722573273506E-16,-1.,-7.39557098644698E-32));
#10551=DIRECTION('',(2.46519032881566E-31,-2.46519032881565E-32,1.));
#10552=DIRECTION('',(5.39718732101676E-15,-0.00751028443750393,0.99997179741618));
#10553=DIRECTION('',(0.999999999999966,1.22919337056396E-16,-2.10919575387107E-18));
#10554=DIRECTION('',(-4.59791243386073E-16,0.999971797416202,0.00751028443750407));
#10555=DIRECTION('',(-1.35114897638852E-15,-0.00751028443750377,0.999971797416158));
#10556=DIRECTION('',(1.19521017211053E-18,-0.00751028443750362,0.999971797416141));
#10557=DIRECTION('',(1.,6.96374830829875E-17,-6.72231825320192E-19));
#10558=DIRECTION('',(1.,-2.97228541456396E-45,-2.2065682614425E-15));
#10559=DIRECTION('',(-2.2065682614425E-15,1.97215226305253E-31,-1.));
#10560=DIRECTION('',(-8.26911460222993E-46,-9.61052424291268E-31,1.));
#10561=DIRECTION('',(1.,0.,8.26911460222993E-46));
#10562=CARTESIAN_POINT('',(0.,0.,0.));
#10563=CARTESIAN_POINT('',(0.,0.,0.));
#10564=CARTESIAN_POINT('',(0.,0.,0.));
#10565=CARTESIAN_POINT('',(0.,0.,0.));
#10566=CARTESIAN_POINT('',(0.,0.,0.));
#10567=CARTESIAN_POINT('',(0.,0.,0.));
#10568=CARTESIAN_POINT('',(0.,0.,0.));
#10569=CARTESIAN_POINT('Origin',(-120.607589881234,160.776392738558,-16.2395807011199));
#10570=CARTESIAN_POINT('',(-122.607589881235,160.776392738558,-13.7395807011199));
#10571=CARTESIAN_POINT('Origin',(-122.607589881235,160.776392738558,-16.2395807011199));
#10572=CARTESIAN_POINT('',(-120.607589881235,160.776392738558,-13.7395807011199));
#10573=CARTESIAN_POINT('',(-120.607589881234,160.776392738558,-13.7395807011199));
#10574=CARTESIAN_POINT('Origin',(-120.607589881235,160.776392738558,-16.2395807011199));
#10575=CARTESIAN_POINT('Origin',(-99.6075898812342,138.776392738558,-16.2395807011199));
#10576=CARTESIAN_POINT('',(-96.1075898812343,94.7763927385593,-16.2395807011199));
#10577=CARTESIAN_POINT('Origin',(-99.6075898812343,94.7763927385593,-16.2395807011199));
#10578=CARTESIAN_POINT('',(-96.1075898812343,92.7763927385593,-16.2395807011199));
#10579=CARTESIAN_POINT('',(-96.1075898812342,138.776392738558,-16.2395807011199));
#10580=CARTESIAN_POINT('Origin',(-99.6075898812343,92.7763927385593,-16.2395807011199));
#10581=CARTESIAN_POINT('Origin',(-99.6075898812342,138.776392738558,-16.2395807011199));
#10582=CARTESIAN_POINT('',(-96.1075898812342,116.776392738559,-16.2395807011199));
#10583=CARTESIAN_POINT('Origin',(-99.6075898812342,116.776392738559,-16.2395807011199));
#10584=CARTESIAN_POINT('',(-96.1075898812343,114.776392738559,-16.2395807011199));
#10585=CARTESIAN_POINT('',(-96.1075898812342,138.776392738558,-16.2395807011199));
#10586=CARTESIAN_POINT('Origin',(-99.6075898812343,114.776392738559,-16.2395807011199));
#10587=CARTESIAN_POINT('Origin',(-99.6075898812342,138.776392738558,-16.2395807011199));
#10588=CARTESIAN_POINT('',(-96.1075898812342,138.776392738558,-16.2395807011199));
#10589=CARTESIAN_POINT('Origin',(-99.6075898812342,138.776392738559,-16.2395807011199));
#10590=CARTESIAN_POINT('',(-96.1075898812342,136.776392738559,-16.2395807011199));
#10591=CARTESIAN_POINT('',(-96.1075898812342,138.776392738558,-16.2395807011199));
#10592=CARTESIAN_POINT('Origin',(-99.6075898812342,136.776392738559,-16.2395807011199));
#10593=CARTESIAN_POINT('Origin',(-99.6075898812342,138.776392738558,-16.2395807011199));
#10594=CARTESIAN_POINT('',(-96.1075898812344,72.7763927385592,-16.2395807011199));
#10595=CARTESIAN_POINT('Origin',(-99.6075898812344,72.7763927385593,-16.2395807011199));
#10596=CARTESIAN_POINT('',(-96.1075898812344,70.7763927385594,-16.2395807011199));
#10597=CARTESIAN_POINT('',(-96.1075898812342,138.776392738558,-16.2395807011199));
#10598=CARTESIAN_POINT('Origin',(-99.6075898812344,70.7763927385594,-16.2395807011199));
#10599=CARTESIAN_POINT('Origin',(-122.607589881235,136.776392738559,-10.23958070112));
#10600=CARTESIAN_POINT('',(-122.607589881235,160.776392738559,-22.23958070112));
#10601=CARTESIAN_POINT('',(-122.607589881235,160.776392738559,-10.23958070112));
#10602=CARTESIAN_POINT('Origin',(-122.607589881235,160.776392738559,-16.23958070112));
#10603=CARTESIAN_POINT('',(-122.607589881235,136.776392738559,-22.23958070112));
#10604=CARTESIAN_POINT('',(-122.607589881235,166.776392738559,-22.23958070112));
#10605=CARTESIAN_POINT('',(-122.607589881235,136.776392738559,-10.23958070112));
#10606=CARTESIAN_POINT('',(-122.607589881235,136.776392738559,-10.23958070112));
#10607=CARTESIAN_POINT('',(-122.607589881235,166.776392738559,-10.23958070112));
#10608=CARTESIAN_POINT('Origin',(-111.107589881235,160.776392738559,-16.23958070112));
#10609=CARTESIAN_POINT('',(-120.607589881235,160.776392738559,-10.23958070112));
#10610=CARTESIAN_POINT('',(-111.107589881235,160.776392738559,-10.23958070112));
#10611=CARTESIAN_POINT('',(-120.607589881235,160.776392738559,-22.23958070112));
#10612=CARTESIAN_POINT('Origin',(-120.607589881235,160.776392738559,-16.23958070112));
#10613=CARTESIAN_POINT('',(-111.107589881235,160.776392738559,-22.23958070112));
#10614=CARTESIAN_POINT('Origin',(-99.6075898812348,104.776392738559,-22.23958070112));
#10615=CARTESIAN_POINT('',(-120.607589881235,138.776392738559,-22.23958070112));
#10616=CARTESIAN_POINT('',(-120.607589881235,136.776392738559,-22.23958070112));
#10617=CARTESIAN_POINT('',(-78.6075898812348,138.776392738559,-22.23958070112));
#10618=CARTESIAN_POINT('',(-78.6075898812348,138.776392738559,-22.23958070112));
#10619=CARTESIAN_POINT('',(-78.6075898812348,160.776392738559,-22.23958070112));
#10620=CARTESIAN_POINT('',(-78.6075898812348,136.776392738559,-22.23958070112));
#10621=CARTESIAN_POINT('',(-76.6075898812348,160.776392738559,-22.23958070112));
#10622=CARTESIAN_POINT('',(-89.1075898812348,160.776392738559,-22.23958070112));
#10623=CARTESIAN_POINT('',(-76.6075898812348,136.776392738559,-22.23958070112));
#10624=CARTESIAN_POINT('',(-76.6075898812348,166.776392738559,-22.23958070112));
#10625=CARTESIAN_POINT('',(-89.6075898812348,116.776392738559,-22.23958070112));
#10626=CARTESIAN_POINT('',(-76.6075898812348,136.776392738559,-22.23958070112));
#10627=CARTESIAN_POINT('',(-89.6075898812348,92.7763927385593,-22.23958070112));
#10628=CARTESIAN_POINT('',(-89.6075898812348,116.776392738559,-22.23958070112));
#10629=CARTESIAN_POINT('',(-76.6075898812348,72.7763927385593,-22.23958070112));
#10630=CARTESIAN_POINT('',(-76.6075898812348,72.7763927385593,-22.23958070112));
#10631=CARTESIAN_POINT('',(-76.6075898812348,42.7763927385593,-22.23958070112));
#10632=CARTESIAN_POINT('',(-76.6075898812348,42.7763927385593,-22.23958070112));
#10633=CARTESIAN_POINT('',(-78.6075898812348,42.7763927385593,-22.23958070112));
#10634=CARTESIAN_POINT('',(-88.1075898812348,42.7763927385593,-22.23958070112));
#10635=CARTESIAN_POINT('',(-78.6075898812348,70.7763927385593,-22.23958070112));
#10636=CARTESIAN_POINT('',(-78.6075898812348,36.7763927385593,-22.23958070112));
#10637=CARTESIAN_POINT('',(-120.607589881235,70.7763927385593,-22.23958070112));
#10638=CARTESIAN_POINT('',(-78.6075898812348,70.7763927385593,-22.23958070112));
#10639=CARTESIAN_POINT('',(-120.607589881235,42.7763927385593,-22.23958070112));
#10640=CARTESIAN_POINT('',(-120.607589881235,72.7763927385593,-22.23958070112));
#10641=CARTESIAN_POINT('',(-122.607589881235,42.7763927385593,-22.23958070112));
#10642=CARTESIAN_POINT('',(-111.107589881235,42.7763927385593,-22.23958070112));
#10643=CARTESIAN_POINT('',(-122.607589881235,72.7763927385593,-22.23958070112));
#10644=CARTESIAN_POINT('',(-122.607589881235,42.7763927385593,-22.23958070112));
#10645=CARTESIAN_POINT('',(-109.607589881235,92.7763927385593,-22.23958070112));
#10646=CARTESIAN_POINT('',(-109.607589881235,92.7763927385593,-22.23958070112));
#10647=CARTESIAN_POINT('',(-109.607589881235,116.776392738559,-22.23958070112));
#10648=CARTESIAN_POINT('',(-109.607589881235,92.7763927385593,-22.23958070112));
#10649=CARTESIAN_POINT('',(-109.607589881235,116.776392738559,-22.23958070112));
#10650=CARTESIAN_POINT('',(-78.6075898812348,72.7763927385593,-22.23958070112));
#10651=CARTESIAN_POINT('',(-91.6075898812348,92.7763927385593,-22.23958070112));
#10652=CARTESIAN_POINT('',(-91.6075898812348,92.7763927385593,-22.23958070112));
#10653=CARTESIAN_POINT('',(-107.607589881235,92.7763927385593,-22.23958070112));
#10654=CARTESIAN_POINT('',(-89.6075898812348,92.7763927385593,-22.23958070112));
#10655=CARTESIAN_POINT('',(-120.607589881235,72.7763927385593,-22.23958070112));
#10656=CARTESIAN_POINT('',(-107.607589881235,92.7763927385593,-22.23958070112));
#10657=CARTESIAN_POINT('',(-78.6075898812348,72.7763927385593,-22.23958070112));
#10658=CARTESIAN_POINT('',(-120.607589881235,136.776392738559,-22.23958070112));
#10659=CARTESIAN_POINT('',(-107.607589881235,116.776392738559,-22.23958070112));
#10660=CARTESIAN_POINT('',(-107.607589881235,116.776392738559,-22.23958070112));
#10661=CARTESIAN_POINT('',(-91.6075898812348,116.776392738559,-22.23958070112));
#10662=CARTESIAN_POINT('',(-89.6075898812348,116.776392738559,-22.23958070112));
#10663=CARTESIAN_POINT('',(-78.6075898812348,136.776392738559,-22.23958070112));
#10664=CARTESIAN_POINT('',(-91.6075898812348,116.776392738559,-22.23958070112));
#10665=CARTESIAN_POINT('',(-78.6075898812348,136.776392738559,-22.23958070112));
#10666=CARTESIAN_POINT('',(-107.607589881235,114.776392738559,-22.23958070112));
#10667=CARTESIAN_POINT('',(-107.607589881235,94.7763927385593,-22.23958070112));
#10668=CARTESIAN_POINT('',(-107.607589881235,104.776392738559,-22.23958070112));
#10669=CARTESIAN_POINT('',(-91.6075898812348,94.7763927385593,-22.23958070112));
#10670=CARTESIAN_POINT('',(-109.607589881235,94.7763927385593,-22.23958070112));
#10671=CARTESIAN_POINT('',(-91.6075898812348,114.776392738559,-22.23958070112));
#10672=CARTESIAN_POINT('',(-91.6075898812348,104.776392738559,-22.23958070112));
#10673=CARTESIAN_POINT('',(-109.607589881235,114.776392738559,-22.23958070112));
#10674=CARTESIAN_POINT('Origin',(-120.607589881235,166.776392738559,-10.23958070112));
#10675=CARTESIAN_POINT('',(-120.607589881235,138.776392738559,-10.23958070112));
#10676=CARTESIAN_POINT('',(-120.607589881235,136.776392738559,-10.23958070112));
#10677=CARTESIAN_POINT('',(-120.607589881235,138.776392738559,-10.23958070112));
#10678=CARTESIAN_POINT('Origin',(-76.6075898812348,166.776392738559,-10.23958070112));
#10679=CARTESIAN_POINT('',(-76.6075898812348,160.776392738559,-10.23958070112));
#10680=CARTESIAN_POINT('Origin',(-76.6075898812348,160.776392738559,-16.23958070112));
#10681=CARTESIAN_POINT('',(-76.6075898812348,136.776392738559,-10.23958070112));
#10682=CARTESIAN_POINT('',(-76.6075898812348,166.776392738559,-10.23958070112));
#10683=CARTESIAN_POINT('',(-76.6075898812348,136.776392738559,-10.23958070112));
#10684=CARTESIAN_POINT('Origin',(-89.1075898812348,160.776392738559,-16.23958070112));
#10685=CARTESIAN_POINT('',(-78.6075898812348,160.776392738559,-10.23958070112));
#10686=CARTESIAN_POINT('Origin',(-78.6075898812348,160.776392738559,-16.23958070112));
#10687=CARTESIAN_POINT('',(-89.1075898812348,160.776392738559,-10.23958070112));
#10688=CARTESIAN_POINT('Origin',(-120.607589881235,70.7763927385593,-10.23958070112));
#10689=CARTESIAN_POINT('',(-120.607589881235,42.7763927385593,-10.23958070112));
#10690=CARTESIAN_POINT('Origin',(-120.607589881235,42.7763927385593,-16.23958070112));
#10691=CARTESIAN_POINT('',(-120.607589881235,70.7763927385593,-10.23958070112));
#10692=CARTESIAN_POINT('',(-120.607589881235,70.7763927385593,-10.23958070112));
#10693=CARTESIAN_POINT('',(-120.607589881235,72.7763927385593,-10.23958070112));
#10694=CARTESIAN_POINT('Origin',(-111.107589881235,42.7763927385593,-16.23958070112));
#10695=CARTESIAN_POINT('',(-122.607589881235,42.7763927385593,-10.23958070112));
#10696=CARTESIAN_POINT('Origin',(-122.607589881235,42.7763927385593,-16.23958070112));
#10697=CARTESIAN_POINT('',(-111.107589881235,42.7763927385593,-10.23958070112));
#10698=CARTESIAN_POINT('Origin',(-122.607589881235,42.7763927385593,-10.23958070112));
#10699=CARTESIAN_POINT('',(-122.607589881235,72.7763927385593,-10.23958070112));
#10700=CARTESIAN_POINT('',(-122.607589881235,36.7763927385593,-10.23958070112));
#10701=CARTESIAN_POINT('',(-122.607589881235,72.7763927385593,-10.23958070112));
#10702=CARTESIAN_POINT('Origin',(-78.6075898812348,42.7763927385593,-10.23958070112));
#10703=CARTESIAN_POINT('',(-78.6075898812348,42.7763927385593,-10.23958070112));
#10704=CARTESIAN_POINT('Origin',(-78.6075898812348,42.7763927385593,-16.23958070112));
#10705=CARTESIAN_POINT('',(-78.6075898812348,70.7763927385593,-10.23958070112));
#10706=CARTESIAN_POINT('',(-78.6075898812348,42.7763927385593,-10.23958070112));
#10707=CARTESIAN_POINT('',(-78.6075898812348,70.7763927385593,-10.23958070112));
#10708=CARTESIAN_POINT('Origin',(-88.1075898812348,42.7763927385593,-16.23958070112));
#10709=CARTESIAN_POINT('',(-76.6075898812348,42.7763927385593,-10.23958070112));
#10710=CARTESIAN_POINT('Origin',(-76.6075898812348,42.7763927385593,-16.23958070112));
#10711=CARTESIAN_POINT('',(-88.1075898812348,42.7763927385593,-10.23958070112));
#10712=CARTESIAN_POINT('Origin',(-76.6075898812348,72.7763927385593,-10.23958070112));
#10713=CARTESIAN_POINT('',(-76.6075898812348,72.7763927385593,-10.23958070112));
#10714=CARTESIAN_POINT('',(-76.6075898812348,72.7763927385593,-10.23958070112));
#10715=CARTESIAN_POINT('',(-76.6075898812348,42.7763927385593,-10.23958070112));
#10716=CARTESIAN_POINT('Origin',(-120.607589881235,72.7763927385593,-10.23958070112));
#10717=CARTESIAN_POINT('',(-120.607589881235,72.7763927385593,-10.23958070112));
#10718=CARTESIAN_POINT('',(-78.6075898812348,72.7763927385593,-10.23958070112));
#10719=CARTESIAN_POINT('',(-78.6075898812348,72.7763927385593,-10.23958070112));
#10720=CARTESIAN_POINT('',(-78.6075898812348,72.7763927385593,-10.23958070112));
#10721=CARTESIAN_POINT('',(-120.607589881235,72.7763927385593,-10.23958070112));
#10722=CARTESIAN_POINT('Origin',(-107.607589881235,92.7763927385593,-10.23958070112));
#10723=CARTESIAN_POINT('',(-107.607589881235,92.7763927385593,-10.23958070112));
#10724=CARTESIAN_POINT('',(-107.607589881235,92.7763927385593,-10.23958070112));
#10725=CARTESIAN_POINT('',(-107.607589881235,92.7763927385593,-10.23958070112));
#10726=CARTESIAN_POINT('Origin',(-91.6075898812348,92.7763927385593,-10.23958070112));
#10727=CARTESIAN_POINT('',(-91.6075898812348,92.7763927385593,-10.23958070112));
#10728=CARTESIAN_POINT('',(-89.6075898812348,92.7763927385593,-10.23958070112));
#10729=CARTESIAN_POINT('',(-91.6075898812348,92.7763927385593,-10.23958070112));
#10730=CARTESIAN_POINT('Origin',(-78.6075898812348,72.7763927385593,-10.23958070112));
#10731=CARTESIAN_POINT('',(-91.6075898812348,92.7763927385593,-10.23958070112));
#10732=CARTESIAN_POINT('Origin',(-78.6075898812348,136.776392738559,-10.23958070112));
#10733=CARTESIAN_POINT('',(-78.6075898812348,136.776392738559,-10.23958070112));
#10734=CARTESIAN_POINT('',(-120.607589881235,136.776392738559,-10.23958070112));
#10735=CARTESIAN_POINT('',(-78.6075898812348,136.776392738559,-10.23958070112));
#10736=CARTESIAN_POINT('',(-120.607589881235,136.776392738559,-10.23958070112));
#10737=CARTESIAN_POINT('',(-78.6075898812348,136.776392738559,-10.23958070112));
#10738=CARTESIAN_POINT('Origin',(-91.6075898812348,116.776392738559,-10.23958070112));
#10739=CARTESIAN_POINT('',(-91.6075898812348,116.776392738559,-10.23958070112));
#10740=CARTESIAN_POINT('',(-91.6075898812348,116.776392738559,-10.23958070112));
#10741=CARTESIAN_POINT('',(-91.6075898812348,116.776392738559,-10.23958070112));
#10742=CARTESIAN_POINT('Origin',(-107.607589881235,116.776392738559,-10.23958070112));
#10743=CARTESIAN_POINT('',(-107.607589881235,116.776392738559,-10.23958070112));
#10744=CARTESIAN_POINT('',(-89.6075898812348,116.776392738559,-10.23958070112));
#10745=CARTESIAN_POINT('',(-107.607589881235,116.776392738559,-10.23958070112));
#10746=CARTESIAN_POINT('Origin',(-120.607589881235,136.776392738559,-10.23958070112));
#10747=CARTESIAN_POINT('',(-107.607589881235,116.776392738559,-10.23958070112));
#10748=CARTESIAN_POINT('Origin',(-91.6075898812348,114.776392738559,-10.23958070112));
#10749=CARTESIAN_POINT('',(-91.6075898812348,114.776392738559,-10.23958070112));
#10750=CARTESIAN_POINT('',(-107.607589881235,114.776392738559,-10.23958070112));
#10751=CARTESIAN_POINT('',(-109.607589881235,114.776392738559,-10.23958070112));
#10752=CARTESIAN_POINT('',(-107.607589881235,114.776392738559,-10.23958070112));
#10753=CARTESIAN_POINT('',(-91.6075898812348,114.776392738559,-10.23958070112));
#10754=CARTESIAN_POINT('Origin',(-91.6075898812348,94.7763927385593,-10.23958070112));
#10755=CARTESIAN_POINT('',(-91.6075898812348,94.7763927385593,-10.23958070112));
#10756=CARTESIAN_POINT('',(-91.6075898812348,104.776392738559,-10.23958070112));
#10757=CARTESIAN_POINT('',(-91.6075898812348,94.7763927385593,-10.23958070112));
#10758=CARTESIAN_POINT('Origin',(-107.607589881235,94.7763927385593,-10.23958070112));
#10759=CARTESIAN_POINT('',(-107.607589881235,94.7763927385593,-10.23958070112));
#10760=CARTESIAN_POINT('',(-109.607589881235,94.7763927385593,-10.23958070112));
#10761=CARTESIAN_POINT('',(-107.607589881235,94.7763927385593,-10.23958070112));
#10762=CARTESIAN_POINT('Origin',(-107.607589881235,114.776392738559,-10.23958070112));
#10763=CARTESIAN_POINT('',(-107.607589881235,104.776392738559,-10.23958070112));
#10764=CARTESIAN_POINT('Origin',(-109.607589881235,92.7763927385593,-10.23958070112));
#10765=CARTESIAN_POINT('',(-109.607589881235,92.7763927385593,-10.23958070112));
#10766=CARTESIAN_POINT('',(-109.607589881235,116.776392738559,-10.23958070112));
#10767=CARTESIAN_POINT('',(-109.607589881235,92.7763927385593,-10.23958070112));
#10768=CARTESIAN_POINT('',(-109.607589881235,116.776392738559,-10.23958070112));
#10769=CARTESIAN_POINT('',(-109.607589881235,92.7763927385593,-10.23958070112));
#10770=CARTESIAN_POINT('Origin',(-122.607589881235,72.7763927385593,-10.23958070112));
#10771=CARTESIAN_POINT('',(-109.607589881235,92.7763927385593,-10.23958070112));
#10772=CARTESIAN_POINT('Origin',(-78.6075898812348,70.7763927385593,-10.23958070112));
#10773=CARTESIAN_POINT('',(-78.6075898812348,70.7763927385593,-10.23958070112));
#10774=CARTESIAN_POINT('Origin',(-89.6075898812348,92.7763927385593,-10.23958070112));
#10775=CARTESIAN_POINT('',(-89.6075898812348,92.7763927385593,-10.23958070112));
#10776=CARTESIAN_POINT('',(-76.6075898812348,72.7763927385593,-10.23958070112));
#10777=CARTESIAN_POINT('',(-89.6075898812348,92.7763927385593,-10.23958070112));
#10778=CARTESIAN_POINT('Origin',(-89.6075898812348,116.776392738559,-10.23958070112));
#10779=CARTESIAN_POINT('',(-89.6075898812348,116.776392738559,-10.23958070112));
#10780=CARTESIAN_POINT('',(-89.6075898812348,116.776392738559,-10.23958070112));
#10781=CARTESIAN_POINT('',(-89.6075898812348,116.776392738559,-10.23958070112));
#10782=CARTESIAN_POINT('Origin',(-76.6075898812348,136.776392738559,-10.23958070112));
#10783=CARTESIAN_POINT('',(-76.6075898812348,136.776392738559,-10.23958070112));
#10784=CARTESIAN_POINT('Origin',(-78.6075898812348,138.776392738559,-10.23958070112));
#10785=CARTESIAN_POINT('',(-78.6075898812348,138.776392738559,-10.23958070112));
#10786=CARTESIAN_POINT('',(-78.6075898812348,138.776392738559,-10.23958070112));
#10787=CARTESIAN_POINT('',(-78.6075898812348,136.776392738559,-10.23958070112));
#10788=CARTESIAN_POINT('Origin',(-120.607589881235,138.776392738559,-10.23958070112));
#10789=CARTESIAN_POINT('',(-78.6075898812348,138.776392738559,-10.23958070112));
#10790=CARTESIAN_POINT('Origin',(-109.607589881235,116.776392738559,-10.23958070112));
#10791=CARTESIAN_POINT('',(-109.607589881235,116.776392738559,-10.23958070112));
#10792=CARTESIAN_POINT('Origin',(-99.6075898812348,104.776392738559,-10.23958070112));
#10793=CARTESIAN_POINT('',(-1.77635683940025E-15,-2.22044604925031E-16,
0.));
#10794=CARTESIAN_POINT('',(0.,0.,0.));
#10795=CARTESIAN_POINT('',(0.,0.,0.));
#10796=CARTESIAN_POINT('',(0.,0.,0.));
#10797=CARTESIAN_POINT('Origin',(-51.548944835367,12.4000000000007,174.168502365164));
#10798=CARTESIAN_POINT('',(-51.4489448353668,12.4000000000009,174.168502365164));
#10799=CARTESIAN_POINT('',(-51.4489448353668,8.12683254025615E-13,174.168502365164));
#10800=CARTESIAN_POINT('',(-51.4489448353668,12.4000000000009,174.168502365164));
#10801=CARTESIAN_POINT('',(-51.348944835367,12.4000000000007,174.168502365164));
#10802=CARTESIAN_POINT('',(-46.123944835367,12.4,174.168502365164));
#10803=CARTESIAN_POINT('',(-51.348944835367,7.105427357601E-13,174.168502365164));
#10804=CARTESIAN_POINT('',(-51.348944835367,3.10000000000075,174.168502365164));
#10805=CARTESIAN_POINT('',(-46.123944835367,0.,174.168502365164));
#10806=CARTESIAN_POINT('Origin',(-51.348944835367,6.20000000000068,167.894112800038));
#10807=CARTESIAN_POINT('',(-51.348944835367,5.19584375524573E-13,164.619723234911));
#10808=CARTESIAN_POINT('',(-51.348944835367,12.4000000000008,164.619723234911));
#10809=CARTESIAN_POINT('',(-51.348944835367,3.10000000000057,164.619723234911));
#10810=CARTESIAN_POINT('',(-51.348944835367,0.,157.981307582601));
#10811=CARTESIAN_POINT('',(-51.348944835367,12.4,157.981307582601));
#10812=CARTESIAN_POINT('Origin',(-40.698944835367,0.,148.068502365164));
#10813=CARTESIAN_POINT('',(-53.448944835367,5.18841046515117E-13,164.619723234911));
#10814=CARTESIAN_POINT('',(-47.073944835367,5.69882682710521E-14,164.619723234911));
#10815=CARTESIAN_POINT('',(-53.448944835367,0.,131.968502365164));
#10816=CARTESIAN_POINT('',(-53.448944835367,0.,140.018502365164));
#10817=CARTESIAN_POINT('',(-29.948944835367,0.,131.968502365164));
#10818=CARTESIAN_POINT('',(-51.448944835367,0.,131.968502365164));
#10819=CARTESIAN_POINT('',(-29.948944835367,0.,136.668502365164));
#10820=CARTESIAN_POINT('',(-29.948944835367,0.,131.968502365164));
#10821=CARTESIAN_POINT('',(-51.448944835367,0.,136.668502365164));
#10822=CARTESIAN_POINT('',(-44.073944835367,0.,136.668502365164));
#10823=CARTESIAN_POINT('',(-51.448944835367,0.,159.468502365164));
#10824=CARTESIAN_POINT('',(-51.448944835367,0.,153.768502365164));
#10825=CARTESIAN_POINT('',(-29.948944835367,0.,159.468502365164));
#10826=CARTESIAN_POINT('',(-47.448944835367,0.,159.468502365164));
#10827=CARTESIAN_POINT('',(-29.9489448353669,8.88178419700125E-13,192.168502365164));
#10828=CARTESIAN_POINT('',(-29.948944835367,0.,164.168502365164));
#10829=CARTESIAN_POINT('',(-26.559122855281,7.46251643902232E-13,194.977515614389));
#10830=CARTESIAN_POINT('',(-29.948944835367,1.55431223447522E-14,192.168502365166));
#10831=CARTESIAN_POINT('',(-23.9489448353669,7.46069872548105E-13,194.977515614389));
#10832=CARTESIAN_POINT('',(-23.9489448353669,7.46069872548105E-13,194.977515614389));
#10833=CARTESIAN_POINT('',(-23.9489448353669,6.03961325396085E-13,227.677515614389));
#10834=CARTESIAN_POINT('',(-23.9489448353669,6.03961325396085E-13,227.677515614389));
#10835=CARTESIAN_POINT('',(-46.9489448353669,5.6843418860808E-13,227.677515614389));
#10836=CARTESIAN_POINT('',(-44.9489448353668,5.6843418860808E-13,227.677515614389));
#10837=CARTESIAN_POINT('',(-46.948944835367,3.71576022703336E-14,181.091579288241));
#10838=CARTESIAN_POINT('',(-46.948944835367,8.17124146124115E-13,184.168502365164));
#10839=CARTESIAN_POINT('',(-51.4489448353668,1.55431223447522E-14,174.168502365164));
#10840=CARTESIAN_POINT('',(-43.9489448353669,6.3948846218409E-13,222.977515614389));
#10841=CARTESIAN_POINT('',(-27.2489448353669,7.46069872548105E-13,222.977515614389));
#10842=CARTESIAN_POINT('',(-41.9489448353669,6.3948846218409E-13,222.977515614389));
#10843=CARTESIAN_POINT('',(-27.2489448353669,6.19504447740837E-13,199.177515614355));
#10844=CARTESIAN_POINT('',(-27.2489448353669,7.46069872548105E-13,222.977515614389));
#10845=CARTESIAN_POINT('',(-43.9489448353669,6.3948846218409E-13,199.177515614389));
#10846=CARTESIAN_POINT('',(-41.3239448353669,0.,199.177515614355));
#10847=CARTESIAN_POINT('',(-43.9489448353669,0.,173.623008989776));
#10848=CARTESIAN_POINT('',(-31.9489448353664,1.24344978758018E-12,182.168502365164));
#10849=CARTESIAN_POINT('',(-42.8839448353669,5.10702591327572E-14,182.168502365164));
#10850=CARTESIAN_POINT('',(-29.948944835367,7.46069872548105E-13,182.168502365164));
#10851=CARTESIAN_POINT('',(-31.9489448353669,8.17124146124115E-13,164.168502365164));
#10852=CARTESIAN_POINT('',(-31.9489448353669,8.17124146124115E-13,164.168502365164));
#10853=CARTESIAN_POINT('',(-49.4489448353668,8.17124146124115E-13,164.168502365164));
#10854=CARTESIAN_POINT('',(-29.948944835367,0.,164.168502365164));
#10855=CARTESIAN_POINT('',(-49.4489448353668,8.23415409930325E-13,172.068502365164));
#10856=CARTESIAN_POINT('',(-49.4489448353668,8.17124146124115E-13,164.168502365164));
#10857=CARTESIAN_POINT('',(-49.4489448353668,1.55431223447522E-14,172.068502365164));
#10858=CARTESIAN_POINT('',(-31.9489448353668,6.75015598972095E-13,194.666995065335));
#10859=CARTESIAN_POINT('',(-42.948944835367,8.5265128291212E-13,194.666995065335));
#10860=CARTESIAN_POINT('',(-31.9489448353668,6.75015598972095E-13,194.666995065335));
#10861=CARTESIAN_POINT('',(-31.9489448353668,8.88178419700125E-13,184.168502365164));
#10862=CARTESIAN_POINT('',(-31.9489448353668,8.88178419700125E-13,184.168502365164));
#10863=CARTESIAN_POINT('',(-39.948944835367,1.24273351466106E-12,184.168502365164));
#10864=CARTESIAN_POINT('',(-31.9489448353664,1.24344978758018E-12,184.168502365164));
#10865=CARTESIAN_POINT('',(-42.948944835367,8.5265128291212E-13,187.168502365164));
#10866=CARTESIAN_POINT('',(-31.861444835367,0.,176.081002365164));
#10867=CARTESIAN_POINT('',(-42.948944835367,8.5265128291212E-13,184.168502365164));
#10868=CARTESIAN_POINT('Origin',(-53.448944835367,5.18841046515117E-13,
164.619723234911));
#10869=CARTESIAN_POINT('',(-53.448944835367,12.4000000000008,164.619723234911));
#10870=CARTESIAN_POINT('',(-53.448944835367,5.61771717802274E-13,164.619723234911));
#10871=CARTESIAN_POINT('',(-46.273944835367,12.4,164.619723234911));
#10872=CARTESIAN_POINT('Origin',(-41.448944835367,3.10000000000087,185.668502365164));
#10873=CARTESIAN_POINT('',(-39.948944835367,12.4000000000014,184.168502365164));
#10874=CARTESIAN_POINT('',(-42.948944835367,12.4000000000009,187.168502365164));
#10875=CARTESIAN_POINT('',(-31.861444835367,12.4,176.081002365164));
#10876=CARTESIAN_POINT('',(-42.948944835367,3.10000000000087,187.168502365164));
#10877=CARTESIAN_POINT('',(-39.948944835367,3.10000000000087,184.168502365164));
#10878=CARTESIAN_POINT('Origin',(-42.948944835367,8.5265128291212E-13,184.168502365164));
#10879=CARTESIAN_POINT('',(-42.948944835367,12.4000000000009,194.573864911799));
#10880=CARTESIAN_POINT('',(-42.948944835367,12.4000000000009,184.168502365164));
#10881=CARTESIAN_POINT('',(-42.948944835367,6.23942222133209,194.620133908121));
#10882=CARTESIAN_POINT('Origin',(-43.9489448353669,6.01740879346835E-13,
199.177515614389));
#10883=CARTESIAN_POINT('',(-43.9489448353669,12.4000000000004,222.977515614389));
#10884=CARTESIAN_POINT('',(-43.9489448353669,6.04017530436707E-13,222.977515614389));
#10885=CARTESIAN_POINT('',(-43.9489448353669,12.4000000000005,199.177515614389));
#10886=CARTESIAN_POINT('',(-43.9489448353669,6.20000000000061,199.177515614354));
#10887=CARTESIAN_POINT('',(-43.9489448353669,12.4,173.623008989776));
#10888=CARTESIAN_POINT('Origin',(-46.948944835367,6.20034970710861,196.92225271337));
#10889=CARTESIAN_POINT('',(-46.9489448353669,12.4000000000005,227.677515614389));
#10890=CARTESIAN_POINT('',(-46.9489448353669,12.4000000000005,227.677515614389));
#10891=CARTESIAN_POINT('',(-46.948944835367,12.4000000000009,181.091579288241));
#10892=CARTESIAN_POINT('',(-46.9489448353669,12.4000000000005,199.177515614389));
#10893=CARTESIAN_POINT('',(-46.948944835367,6.20000000000044,181.091579288241));
#10894=CARTESIAN_POINT('Origin',(-53.448944835367,0.,131.968502365164));
#10895=CARTESIAN_POINT('',(-53.448944835367,12.4,131.968502365164));
#10896=CARTESIAN_POINT('',(-53.448944835367,12.4,140.018502365164));
#10897=CARTESIAN_POINT('',(-53.448944835367,0.,131.968502365164));
#10898=CARTESIAN_POINT('',(-53.4489448353668,6.19735821393558,140.068503760971));
#10899=CARTESIAN_POINT('Origin',(-53.448944835367,6.19999999999873,142.568502365164));
#10900=CARTESIAN_POINT('Origin',(-51.448944835367,0.,159.468502365164));
#10901=CARTESIAN_POINT('',(-51.448944835367,12.4,136.668502365164));
#10902=CARTESIAN_POINT('',(-51.448944835367,0.,136.668502365164));
#10903=CARTESIAN_POINT('',(-51.448944835367,12.4,159.468502365164));
#10904=CARTESIAN_POINT('',(-51.448944835367,12.4,153.768502365164));
#10905=CARTESIAN_POINT('',(-51.448944835367,0.,159.468502365164));
#10906=CARTESIAN_POINT('Origin',(-27.2489448353669,7.46069872548105E-13,
222.977515614389));
#10907=CARTESIAN_POINT('',(-27.2489448353669,12.4000000000006,199.177515614353));
#10908=CARTESIAN_POINT('',(-27.2489448353669,6.19999999999826,199.177515614354));
#10909=CARTESIAN_POINT('',(-27.2489448353669,12.4000000000006,222.977515614389));
#10910=CARTESIAN_POINT('',(-27.2489448353669,6.92596355302165E-13,222.977515614389));
#10911=CARTESIAN_POINT('',(-27.2489448353669,12.4000000000006,222.977515614389));
#10912=CARTESIAN_POINT('Origin',(-25.5989448353669,6.20000000000068,194.977515614389));
#10913=CARTESIAN_POINT('',(-26.5591228552778,12.4000000000006,194.977515614389));
#10914=CARTESIAN_POINT('',(-26.5591228552786,9.30000000000005,194.977515614389));
#10915=CARTESIAN_POINT('',(-23.9489448353669,12.4000000000006,194.977515614389));
#10916=CARTESIAN_POINT('',(-23.9489448353669,12.4000000000006,194.977515614389));
#10917=CARTESIAN_POINT('',(-23.9489448353669,12.4000000000006,194.977515614389));
#10918=CARTESIAN_POINT('Origin',(-29.9489448353669,12.4,192.168502365164));
#10919=CARTESIAN_POINT('',(-29.9489448353668,12.4000000000009,192.168502365164));
#10920=CARTESIAN_POINT('',(-29.9489448353668,12.4000000000009,192.168502365164));
#10921=CARTESIAN_POINT('',(-29.9489448353669,12.4,192.168502365164));
#10922=CARTESIAN_POINT('Origin',(-41.9489448353669,6.3948846218409E-13,
222.977515614389));
#10923=CARTESIAN_POINT('',(-41.3239448353669,12.4,222.977515614389));
#10924=CARTESIAN_POINT('Origin',(-23.9489448353669,6.20000000000051,225.327515614389));
#10925=CARTESIAN_POINT('',(-23.9489448353669,12.4000000000005,227.677515614389));
#10926=CARTESIAN_POINT('',(-23.9489448353669,12.4000000000005,227.677515614389));
#10927=CARTESIAN_POINT('',(-23.9489448353669,12.4000000000006,222.977515614389));
#10928=CARTESIAN_POINT('Origin',(-43.4489448353668,6.20000000000058,227.677515614389));
#10929=CARTESIAN_POINT('',(-41.9489448353669,12.4000000000005,227.677515614389));
#10930=CARTESIAN_POINT('Origin',(-31.9489448353668,12.3999999999997,194.573864911799));
#10931=CARTESIAN_POINT('',(-31.9489448353668,12.3999999999997,194.573864911799));
#10932=CARTESIAN_POINT('',(-31.9489448353668,12.3999999999997,194.573864911799));
#10933=CARTESIAN_POINT('',(-31.9489448353668,12.4390725142237,194.573571457827));
#10934=CARTESIAN_POINT('Origin',(-31.9489448353668,12.4000000000009,184.168502365164));
#10935=CARTESIAN_POINT('',(-31.9489448353668,12.4000000000009,184.168502365164));
#10936=CARTESIAN_POINT('',(-31.9489448353668,12.4000000000009,184.168502365164));
#10937=CARTESIAN_POINT('',(-31.9489448353668,9.30000000000092,184.168502365164));
#10938=CARTESIAN_POINT('Origin',(-26.4824347154508,12.4000000000006,199.177515614353));
#10939=CARTESIAN_POINT('',(-26.4824347154508,12.4000000000006,199.177515614353));
#10940=CARTESIAN_POINT('Origin',(-30.9489448353668,6.20000000000089,184.168502365164));
#10941=CARTESIAN_POINT('',(-29.9489448353668,12.4000000000009,184.168502365164));
#10942=CARTESIAN_POINT('Origin',(-49.4489448353668,12.4,172.068502365164));
#10943=CARTESIAN_POINT('',(-49.4489448353668,12.4000000000009,172.068502365164));
#10944=CARTESIAN_POINT('',(-42.8839448353669,12.4000000000001,182.168502365164));
#10945=CARTESIAN_POINT('',(-49.4489448353668,12.4,172.068502365164));
#10946=CARTESIAN_POINT('',(-42.8839448353668,12.4000000000007,182.168502365164));
#10947=CARTESIAN_POINT('',(-49.4489448353668,8.13704241317356E-13,172.068502365164));
#10948=CARTESIAN_POINT('Origin',(-44.948944835367,12.4000000000001,184.168502365164));
#10949=CARTESIAN_POINT('',(-51.4489448353668,12.4,174.168502365164));
#10950=CARTESIAN_POINT('Origin',(-40.698944835367,12.4,148.068502365164));
#10951=CARTESIAN_POINT('',(-29.948944835367,12.4,159.468502365164));
#10952=CARTESIAN_POINT('',(-29.9489448353668,12.4000000000009,164.168502365164));
#10953=CARTESIAN_POINT('',(-47.448944835367,12.4,159.468502365164));
#10954=CARTESIAN_POINT('',(-29.948944835367,12.4,136.668502365164));
#10955=CARTESIAN_POINT('',(-44.073944835367,12.4,136.668502365164));
#10956=CARTESIAN_POINT('',(-29.948944835367,12.4,131.968502365164));
#10957=CARTESIAN_POINT('',(-29.948944835367,12.4,131.968502365164));
#10958=CARTESIAN_POINT('',(-51.448944835367,12.4,131.968502365164));
#10959=CARTESIAN_POINT('',(-49.4489448353668,12.4000000000009,164.168502365164));
#10960=CARTESIAN_POINT('',(-49.4489448353668,12.4000000000009,164.168502365164));
#10961=CARTESIAN_POINT('',(-31.9489448353663,12.400000000001,164.168502365164));
#10962=CARTESIAN_POINT('',(-29.948944835367,12.4,164.168502365164));
#10963=CARTESIAN_POINT('',(-31.9489448353664,12.4000000000014,182.168502365164));
#10964=CARTESIAN_POINT('',(-31.9489448353663,12.400000000001,164.168502365164));
#10965=CARTESIAN_POINT('',(-31.9489448353664,12.4000000000014,182.168502365164));
#10966=CARTESIAN_POINT('Origin',(-31.9489448353664,12.4000000000014,182.168502365164));
#10967=CARTESIAN_POINT('',(-31.9489448353663,12.4000000000012,182.168502365164));
#10968=CARTESIAN_POINT('Origin',(-31.9489448353663,12.400000000001,164.168502365164));
#10969=CARTESIAN_POINT('',(-31.9489448353666,6.20000000000004,164.168502365164));
#10970=CARTESIAN_POINT('Origin',(-49.4489448353668,8.17124146124115E-13,
164.168502365164));
#10971=CARTESIAN_POINT('',(-49.4489448353668,4.08376928804995E-13,164.168502365164));
#10972=CARTESIAN_POINT('Origin',(-65.4489448353666,6.19999999999958,142.568502365164));
#10973=CARTESIAN_POINT('',(-62.9489448353666,6.19550896369223,138.318504738036));
#10974=CARTESIAN_POINT('Origin',(-62.9489448353666,6.19999999999958,142.568502365164));
#10975=CARTESIAN_POINT('',(-65.4489448353666,6.19550896369223,138.318504738036));
#10976=CARTESIAN_POINT('',(-65.4489448353666,6.19550896369221,138.318504738036));
#10977=CARTESIAN_POINT('Origin',(-65.4489448353666,6.19999999999958,142.568502365164));
#10978=CARTESIAN_POINT('Origin',(-62.9489448353666,6.19999999999958,142.568502365164));
#10979=CARTESIAN_POINT('',(-62.9489448353666,6.19735821393643,140.068503760971));
#10980=CARTESIAN_POINT('Origin',(-62.9489448353666,6.19999999999873,142.568502365164));
#10981=CARTESIAN_POINT('Origin',(-51.4489448353668,6.19999999999873,142.568502365164));
#10982=CARTESIAN_POINT('',(-51.4489448353668,6.19735821393557,140.068503760971));
#10983=CARTESIAN_POINT('Origin',(-65.4489448353668,6.19999999999873,142.568502365164));
#10984=CARTESIAN_POINT('Origin',(-51.448944835367,0.,164.168502365164));
#10985=CARTESIAN_POINT('Origin',(-29.948944835367,0.,131.968502365164));
#10986=CARTESIAN_POINT('',(-29.948944835367,0.,131.968502365164));
#10987=CARTESIAN_POINT('Origin',(-29.948944835367,0.,136.668502365164));
#10988=CARTESIAN_POINT('',(-29.948944835367,0.,136.668502365164));
#10989=CARTESIAN_POINT('Origin',(-47.448944835367,0.,136.668502365164));
#10990=CARTESIAN_POINT('Origin',(-29.948944835367,0.,159.468502365164));
#10991=CARTESIAN_POINT('',(-29.948944835367,0.,159.468502365164));
#10992=CARTESIAN_POINT('Origin',(-29.948944835367,0.,164.168502365164));
#10993=CARTESIAN_POINT('',(0.,0.,0.));
#10994=CARTESIAN_POINT('',(0.,0.,0.));
#10995=CARTESIAN_POINT('',(0.,0.,0.));
#10996=CARTESIAN_POINT('Origin',(-5.5,32.125,9.60033E-18));
#10997=CARTESIAN_POINT('',(-3.17975193685291,32.05,-0.861437127979869));
#10998=CARTESIAN_POINT('',(-3.35994018667691,32.2,-0.908718325665077));
#10999=CARTESIAN_POINT('Origin',(-3.82597540495887,32.6860975331253,-0.53085211318148));
#11000=CARTESIAN_POINT('',(-3.23430712877367,32.2,-0.521786175817445));
#11001=CARTESIAN_POINT('Origin',(-5.5,32.2,1.920066E-17));
#11002=CARTESIAN_POINT('',(-3.1165398461447,32.05,-0.666890317056785));
#11003=CARTESIAN_POINT('Ctrl Pts',(-3.23430712877367,32.2,-0.521786175817444));
#11004=CARTESIAN_POINT('Ctrl Pts',(-3.2125330991252,32.1736489812116,-0.544655418974073));
#11005=CARTESIAN_POINT('Ctrl Pts',(-3.19131749661425,32.1473939946241,-0.568648949462197));
#11006=CARTESIAN_POINT('Ctrl Pts',(-3.17110669407244,32.1216598940242,-0.593548342255897));
#11007=CARTESIAN_POINT('Ctrl Pts',(-3.1531442840825,32.0987886366983,-0.615677750572833));
#11008=CARTESIAN_POINT('Ctrl Pts',(-3.13573065254376,32.0760166434304,-0.638824808248379));
#11009=CARTESIAN_POINT('Ctrl Pts',(-3.11933096013045,32.0537908063878,-0.662789280831616));
#11010=CARTESIAN_POINT('Ctrl Pts',(-3.11839726435736,32.0525254064292,-0.664153667808613));
#11011=CARTESIAN_POINT('Ctrl Pts',(-3.11746686348756,32.0512617768089,-0.665520693476849));
#11012=CARTESIAN_POINT('Ctrl Pts',(-3.1165398461447,32.05,-0.666890317056785));
#11013=CARTESIAN_POINT('Origin',(-5.5,32.05,3.923914E-32));
#11014=CARTESIAN_POINT('Origin',(-5.5,32.2,0.));
#11015=CARTESIAN_POINT('',(-3.1165398461447,29.2,-0.666890317056785));
#11016=CARTESIAN_POINT('',(-3.1165398461447,32.05,-0.666890317056785));
#11017=CARTESIAN_POINT('',(-3.17975193685291,29.2,-0.861437127979869));
#11018=CARTESIAN_POINT('Origin',(-5.5,29.2,0.));
#11019=CARTESIAN_POINT('',(-3.17975193685291,32.05,-0.861437127979869));
#11020=CARTESIAN_POINT('Ctrl Pts',(-3.1165398461447,32.2,-0.666890317056785));
#11021=CARTESIAN_POINT('Ctrl Pts',(-3.1165398461447,27.88,-0.666890317056785));
#11022=CARTESIAN_POINT('Ctrl Pts',(-3.15419241857741,32.2,-0.611260450532438));
#11023=CARTESIAN_POINT('Ctrl Pts',(-3.15419241857741,27.88,-0.611260450532438));
#11024=CARTESIAN_POINT('Ctrl Pts',(-3.19798345825142,32.2,-0.557701619797323));
#11025=CARTESIAN_POINT('Ctrl Pts',(-3.19798345825142,27.88,-0.557701619797323));
#11026=CARTESIAN_POINT('Ctrl Pts',(-3.2460409732632,32.2,-0.50696701513751));
#11027=CARTESIAN_POINT('Ctrl Pts',(-3.2460409732632,27.88,-0.50696701513751));
#11028=CARTESIAN_POINT('Ctrl Pts',(-3.29738862167221,32.2,-0.459927889697326));
#11029=CARTESIAN_POINT('Ctrl Pts',(-3.29738862167221,27.88,-0.459927889697326));
#11030=CARTESIAN_POINT('',(-3.29738862167221,32.2,-0.459927889697326));
#11031=CARTESIAN_POINT('Origin',(-3.45647189733792,32.1999999999986,-0.635385304156723));
#11032=CARTESIAN_POINT('',(-3.29738862167221,29.2,-0.459927889697326));
#11033=CARTESIAN_POINT('',(-3.29738862167221,32.2,-0.459927889697326));
#11034=CARTESIAN_POINT('Origin',(-3.47662394080037,29.2,-0.645155885953151));
#11035=CARTESIAN_POINT('Ctrl Pts',(-3.4477111322471,32.2,-0.922573005760528));
#11036=CARTESIAN_POINT('Ctrl Pts',(-3.4477111322471,27.88,-0.922573005760528));
#11037=CARTESIAN_POINT('Ctrl Pts',(-3.37750951459073,32.2,-0.913469882577778));
#11038=CARTESIAN_POINT('Ctrl Pts',(-3.37750951459073,27.88,-0.913469882577778));
#11039=CARTESIAN_POINT('Ctrl Pts',(-3.30865727078056,32.2,-0.900500962050086));
#11040=CARTESIAN_POINT('Ctrl Pts',(-3.30865727078056,27.88,-0.900500962050086));
#11041=CARTESIAN_POINT('Ctrl Pts',(-3.2421503434244,32.2,-0.883421942000915));
#11042=CARTESIAN_POINT('Ctrl Pts',(-3.2421503434244,27.88,-0.883421942000915));
#11043=CARTESIAN_POINT('Ctrl Pts',(-3.17975193685291,32.2,-0.86143712797987));
#11044=CARTESIAN_POINT('Ctrl Pts',(-3.17975193685291,27.88,-0.86143712797987));
#11045=CARTESIAN_POINT('',(-3.4477111322471,29.2,-0.922573005760527));
#11046=CARTESIAN_POINT('Origin',(-3.72951193768471,29.2,-0.593488019622003));
#11047=CARTESIAN_POINT('',(-3.4477111322471,32.2,-0.922573005760527));
#11048=CARTESIAN_POINT('',(-3.4477111322471,32.2,-0.922573005760527));
#11049=CARTESIAN_POINT('Origin',(-3.64045499726926,32.2,-0.670722100667623));
#11050=CARTESIAN_POINT('Origin',(-3.53722238360255,32.2,0.088983649463744));
#11051=CARTESIAN_POINT('',(-3.48596349794393,32.2,-0.925231149032496));
#11052=CARTESIAN_POINT('Origin',(-3.53722238360255,32.2,0.088983649463744));
#11053=CARTESIAN_POINT('',(-3.48596349794393,29.2,-0.925231149032496));
#11054=CARTESIAN_POINT('Origin',(-3.53722238360255,29.2,0.088983649463744));
#11055=CARTESIAN_POINT('',(-3.48596349794393,32.2,-0.925231149032496));
#11056=CARTESIAN_POINT('Origin',(-3.4828087455794,32.2,-0.987651478553563));
#11057=CARTESIAN_POINT('',(-3.53894162777053,32.2,-0.960167855486065));
#11058=CARTESIAN_POINT('Origin',(-3.4828087455794,32.2,-0.987651478553563));
#11059=CARTESIAN_POINT('',(-3.53894162777053,29.2,-0.960167855486065));
#11060=CARTESIAN_POINT('Origin',(-3.4828087455794,29.2,-0.987651478553563));
#11061=CARTESIAN_POINT('',(-3.53894162777053,32.2,-0.960167855486066));
#11062=CARTESIAN_POINT('Origin',(-3.28753102077057,32.2,-0.386648439732409));
#11063=CARTESIAN_POINT('',(-3.34909794472509,32.2,-0.37588907754039));
#11064=CARTESIAN_POINT('',(-3.32677301818224,32.2,-0.435293230194932));
#11065=CARTESIAN_POINT('Origin',(-3.28753102077057,32.2,-0.386648439732409));
#11066=CARTESIAN_POINT('',(-3.34909794472509,29.2,-0.37588907754039));
#11067=CARTESIAN_POINT('',(-3.34909794472509,32.2,-0.37588907754039));
#11068=CARTESIAN_POINT('',(-3.32677301818224,29.2,-0.435293230194932));
#11069=CARTESIAN_POINT('Origin',(-3.28753102077057,29.2,-0.386648439732409));
#11070=CARTESIAN_POINT('',(-3.32677301818224,32.2,-0.435293230194932));
#11071=CARTESIAN_POINT('Origin',(-3.96438282900566,32.2,-1.22568102108587));
#11072=CARTESIAN_POINT('Origin',(-3.96438282900566,32.2,-1.22568102108587));
#11073=CARTESIAN_POINT('Origin',(-3.96438282900566,29.2,-1.22568102108587));
#11074=CARTESIAN_POINT('Origin',(-3.33148054595788,29.2,-0.704492126009149));
#11075=CARTESIAN_POINT('Origin',(-5.5,29.2,-1.89291400000001E-31));
#11076=CARTESIAN_POINT('Origin',(-5.5,32.125,-8.266796E-16));
#11077=CARTESIAN_POINT('',(-4.1292199253522,32.05,-2.06072486929929));
#11078=CARTESIAN_POINT('',(-4.30278647235658,32.2,-1.99306416585809));
#11079=CARTESIAN_POINT('Origin',(-4.45771269680464,32.6860975329369,-1.41343535020881));
#11080=CARTESIAN_POINT('',(-3.97371418213931,32.2,-1.75387473959725));
#11081=CARTESIAN_POINT('Origin',(-5.5,32.2,-8.20692E-16));
#11082=CARTESIAN_POINT('',(-3.96372852337817,32.05,-1.94048832774593));
#11083=CARTESIAN_POINT('Ctrl Pts',(-3.97371418213931,32.2,-1.75387473959725));
#11084=CARTESIAN_POINT('Ctrl Pts',(-3.96954082597622,32.1736489812116,-1.78517479946984));
#11085=CARTESIAN_POINT('Ctrl Pts',(-3.96648008637031,32.1473939946241,-1.81705619166422));
#11086=CARTESIAN_POINT('Ctrl Pts',(-3.9647646995192,32.1216598940242,-1.84907983525503));
#11087=CARTESIAN_POINT('Ctrl Pts',(-3.96324014442807,32.0987886366982,-1.87754094234664));
#11088=CARTESIAN_POINT('Ctrl Pts',(-3.9627577197151,32.0760166434303,-1.90650278118331));
#11089=CARTESIAN_POINT('Ctrl Pts',(-3.96357605341362,32.0537908063876,-1.93552994410711));
#11090=CARTESIAN_POINT('Ctrl Pts',(-3.9636226442091,32.0525254064291,-1.9371825689639));
#11091=CARTESIAN_POINT('Ctrl Pts',(-3.96367345162115,32.0512617768089,-1.93883539187117));
#11092=CARTESIAN_POINT('Ctrl Pts',(-3.96372852337817,32.05,-1.94048832774593));
#11093=CARTESIAN_POINT('Origin',(-5.5,32.05,-8.326673E-16));
#11094=CARTESIAN_POINT('Origin',(-5.5,32.2,-8.326673E-16));
#11095=CARTESIAN_POINT('',(-3.96372852337817,29.2,-1.94048832774593));
#11096=CARTESIAN_POINT('',(-3.96372852337817,32.05,-1.94048832774593));
#11097=CARTESIAN_POINT('',(-4.1292199253522,29.2,-2.06072486929929));
#11098=CARTESIAN_POINT('Origin',(-5.5,29.2,-8.326673E-16));
#11099=CARTESIAN_POINT('',(-4.1292199253522,32.05,-2.06072486929929));
#11100=CARTESIAN_POINT('Ctrl Pts',(-3.96372852337817,32.2,-1.94048832774593));
#11101=CARTESIAN_POINT('Ctrl Pts',(-3.96372852337817,27.88,-1.94048832774593));
#11102=CARTESIAN_POINT('Ctrl Pts',(-3.96149167922815,32.2,-1.8733511935461));
#11103=CARTESIAN_POINT('Ctrl Pts',(-3.96149167922815,27.88,-1.8733511935461));
#11104=CARTESIAN_POINT('Ctrl Pts',(-3.96543828368964,32.2,-1.80428146197961));
#11105=CARTESIAN_POINT('Ctrl Pts',(-3.96543828368964,27.88,-1.80428146197961));
#11106=CARTESIAN_POINT('Ctrl Pts',(-3.97449657764167,32.2,-1.73498880602118));
#11107=CARTESIAN_POINT('Ctrl Pts',(-3.97449657764167,27.88,-1.73498880602118));
#11108=CARTESIAN_POINT('Ctrl Pts',(-3.98838879361128,32.2,-1.66675196366481));
#11109=CARTESIAN_POINT('Ctrl Pts',(-3.98838879361128,27.88,-1.66675196366481));
#11110=CARTESIAN_POINT('',(-3.98838879361128,32.2,-1.66675196366481));
#11111=CARTESIAN_POINT('Origin',(-4.2202211480954,32.2,-1.7151931904425));
#11112=CARTESIAN_POINT('',(-3.98838879361128,29.2,-1.66675196366481));
#11113=CARTESIAN_POINT('',(-3.98838879361128,32.2,-1.66675196366481));
#11114=CARTESIAN_POINT('Origin',(-4.24226749729293,29.2,-1.71125268319508));
#11115=CARTESIAN_POINT('Ctrl Pts',(-4.38193823557056,32.2,-1.95268237012102));
#11116=CARTESIAN_POINT('Ctrl Pts',(-4.38193823557056,27.88,-1.95268237012102));
#11117=CARTESIAN_POINT('Ctrl Pts',(-4.31979325229732,32.2,-1.98658126430977));
#11118=CARTESIAN_POINT('Ctrl Pts',(-4.31979325229732,27.88,-1.98658126430977));
#11119=CARTESIAN_POINT('Ctrl Pts',(-4.25646767672972,32.2,-2.01655952070303));
#11120=CARTESIAN_POINT('Ctrl Pts',(-4.25646767672972,27.88,-2.01655952070303));
#11121=CARTESIAN_POINT('Ctrl Pts',(-4.19262364614642,32.2,-2.04183409431122));
#11122=CARTESIAN_POINT('Ctrl Pts',(-4.19262364614642,27.88,-2.04183409431122));
#11123=CARTESIAN_POINT('Ctrl Pts',(-4.1292199253522,32.2,-2.06072486929929));
#11124=CARTESIAN_POINT('Ctrl Pts',(-4.1292199253522,27.88,-2.06072486929929));
#11125=CARTESIAN_POINT('',(-4.38193823557056,29.2,-1.95268237012102));
#11126=CARTESIAN_POINT('Origin',(-4.41648857459742,29.2,-1.52080866621294));
#11127=CARTESIAN_POINT('',(-4.38193823557056,32.2,-1.95268237012102));
#11128=CARTESIAN_POINT('',(-4.38193823557056,32.2,-1.95268237012102));
#11129=CARTESIAN_POINT('Origin',(-4.38983705002015,32.2,-1.6356387073936));
#11130=CARTESIAN_POINT('Origin',(-3.85977627530576,32.2,-1.08170245181052));
#11131=CARTESIAN_POINT('',(-4.41444746690808,32.2,-1.93234867677963));
#11132=CARTESIAN_POINT('Origin',(-3.85977627530576,32.2,-1.08170245181052));
#11133=CARTESIAN_POINT('',(-4.41444746690808,29.2,-1.93234867677963));
#11134=CARTESIAN_POINT('Origin',(-3.85977627530576,29.2,-1.08170245181052));
#11135=CARTESIAN_POINT('',(-4.41444746690808,32.2,-1.93234867677963));
#11136=CARTESIAN_POINT('Origin',(-4.44858496776785,32.2,-1.98470210107116));
#11137=CARTESIAN_POINT('',(-4.47784295508509,32.2,-1.92947330262194));
#11138=CARTESIAN_POINT('Origin',(-4.44858496776785,32.2,-1.98470210107116));
#11139=CARTESIAN_POINT('',(-4.47784295508509,29.2,-1.92947330262194));
#11140=CARTESIAN_POINT('Origin',(-4.44858496776785,29.2,-1.98470210107116));
#11141=CARTESIAN_POINT('',(-4.47784295508509,32.2,-1.92947330262194));
#11142=CARTESIAN_POINT('Origin',(-3.93734124697261,32.2,-1.61326179573772));
#11143=CARTESIAN_POINT('',(-3.98082574032266,32.2,-1.56836915894626));
#11144=CARTESIAN_POINT('',(-3.99768138020659,32.2,-1.62955039056063));
#11145=CARTESIAN_POINT('Origin',(-3.93734124697261,32.2,-1.61326179573772));
#11146=CARTESIAN_POINT('',(-3.98082574032266,29.2,-1.56836915894626));
#11147=CARTESIAN_POINT('',(-3.98082574032266,32.2,-1.56836915894626));
#11148=CARTESIAN_POINT('',(-3.99768138020659,29.2,-1.62955039056063));
#11149=CARTESIAN_POINT('Origin',(-3.93734124697261,29.2,-1.61326179573772));
#11150=CARTESIAN_POINT('',(-3.99768138020659,32.2,-1.62955039056063));
#11151=CARTESIAN_POINT('Origin',(-4.97809684002065,32.2,-1.89420990201887));
#11152=CARTESIAN_POINT('Origin',(-4.97809684002065,32.2,-1.89420990201887));
#11153=CARTESIAN_POINT('Origin',(-4.97809684002065,29.2,-1.89420990201887));
#11154=CARTESIAN_POINT('Origin',(-4.15972099107159,29.2,-1.84456985674002));
#11155=CARTESIAN_POINT('Origin',(-5.5,29.2,-1.89291400000001E-31));
#11156=CARTESIAN_POINT('Origin',(-5.5,32.125,1.110135E-15));
#11157=CARTESIAN_POINT('',(-5.39772068873417,32.05,2.47288575200857));
#11158=CARTESIAN_POINT('',(-5.29707236619512,32.2,2.31612723645277));
#11159=CARTESIAN_POINT('Origin',(-5.5124316875115,32.6860975333716,1.75613432374513));
#11160=CARTESIAN_POINT('',(-5.70388945861919,32.2,2.31604276486078));
#11161=CARTESIAN_POINT('Origin',(-5.5,32.2,1.110047E-15));
#11162=CARTESIAN_POINT('',(-5.60227931126582,32.05,2.47288575200857));
#11163=CARTESIAN_POINT('Ctrl Pts',(-5.7038894586192,32.2,2.31604276486078));
#11164=CARTESIAN_POINT('Ctrl Pts',(-5.68886806108975,32.1736489812116,2.34381808242785));
#11165=CARTESIAN_POINT('Ctrl Pts',(-5.67260483929188,32.1473939946241,2.3714097281189));
#11166=CARTESIAN_POINT('Ctrl Pts',(-5.65516959097901,32.1216598940242,2.39832567909873));
#11167=CARTESIAN_POINT('Ctrl Pts',(-5.63967396294408,32.098788636698,2.42224730941368));
#11168=CARTESIAN_POINT('Ctrl Pts',(-5.62304091098771,32.0760166434298,2.44596149135281));
#11169=CARTESIAN_POINT('Ctrl Pts',(-5.6053171268358,32.0537908063869,2.46896395497747));
#11170=CARTESIAN_POINT('Ctrl Pts',(-5.60430804557227,32.0525254064286,2.4702735711892));
#11171=CARTESIAN_POINT('Ctrl Pts',(-5.60329543658313,32.0512617768086,2.47158086916212));
#11172=CARTESIAN_POINT('Ctrl Pts',(-5.60227931126582,32.05,2.47288575200857));
#11173=CARTESIAN_POINT('Origin',(-5.5,32.05,1.110223E-15));
#11174=CARTESIAN_POINT('Origin',(-5.5,32.2,1.110223E-15));
#11175=CARTESIAN_POINT('',(-5.60227931126582,29.2,2.47288575200857));
#11176=CARTESIAN_POINT('',(-5.60227931126582,32.05,2.47288575200857));
#11177=CARTESIAN_POINT('',(-5.39772068873417,29.2,2.47288575200857));
#11178=CARTESIAN_POINT('Origin',(-5.5,29.2,1.110223E-15));
#11179=CARTESIAN_POINT('',(-5.39772068873417,32.05,2.47288575200857));
#11180=CARTESIAN_POINT('Ctrl Pts',(-5.60227931126582,32.2,2.47288575200857));
#11181=CARTESIAN_POINT('Ctrl Pts',(-5.60227931126582,27.88,2.47288575200857));
#11182=CARTESIAN_POINT('Ctrl Pts',(-5.64355117356079,32.2,2.41988545349034));
#11183=CARTESIAN_POINT('Ctrl Pts',(-5.64355117356079,27.88,2.41988545349034));
#11184=CARTESIAN_POINT('Ctrl Pts',(-5.68095647307595,32.2,2.36168711095703));
#11185=CARTESIAN_POINT('Ctrl Pts',(-5.68095647307595,27.88,2.36168711095703));
#11186=CARTESIAN_POINT('Ctrl Pts',(-5.71435736059326,32.2,2.30030384310535));
#11187=CARTESIAN_POINT('Ctrl Pts',(-5.71435736059326,27.88,2.30030384310535));
#11188=CARTESIAN_POINT('Ctrl Pts',(-5.74322693138439,32.2,2.23693343832797));
#11189=CARTESIAN_POINT('Ctrl Pts',(-5.74322693138439,27.88,2.23693343832797));
#11190=CARTESIAN_POINT('',(-5.74322693138439,32.2,2.23693343832797));
#11191=CARTESIAN_POINT('Origin',(-5.52719757930758,32.2,2.13985557587055));
#11192=CARTESIAN_POINT('',(-5.74322693138439,29.2,2.23693343832797));
#11193=CARTESIAN_POINT('',(-5.74322693138439,32.2,2.23693343832797));
#11194=CARTESIAN_POINT('Origin',(-5.51167787894919,29.2,2.12370911880751));
#11195=CARTESIAN_POINT('Ctrl Pts',(-5.25677306861561,32.2,2.23693343832798));
#11196=CARTESIAN_POINT('Ctrl Pts',(-5.25677306861561,27.88,2.23693343832798));
#11197=CARTESIAN_POINT('Ctrl Pts',(-5.28712414612563,32.2,2.30088612448917));
#11198=CARTESIAN_POINT('Ctrl Pts',(-5.28712414612563,27.88,2.30088612448917));
#11199=CARTESIAN_POINT('Ctrl Pts',(-5.320734835941,32.2,2.36236088278462));
#11200=CARTESIAN_POINT('Ctrl Pts',(-5.320734835941,27.88,2.36236088278462));
#11201=CARTESIAN_POINT('Ctrl Pts',(-5.35752972004741,32.2,2.420335021983));
#11202=CARTESIAN_POINT('Ctrl Pts',(-5.35752972004741,27.88,2.420335021983));
#11203=CARTESIAN_POINT('Ctrl Pts',(-5.39772068873417,32.2,2.47288575200857));
#11204=CARTESIAN_POINT('Ctrl Pts',(-5.39772068873417,27.88,2.47288575200857));
#11205=CARTESIAN_POINT('',(-5.25677306861561,29.2,2.23693343832798));
#11206=CARTESIAN_POINT('Origin',(-5.48267025118648,29.2,1.86723209271621));
#11207=CARTESIAN_POINT('',(-5.25677306861561,32.2,2.23693343832798));
#11208=CARTESIAN_POINT('',(-5.25677306861561,32.2,2.23693343832798));
#11209=CARTESIAN_POINT('Origin',(-5.43673638233511,32.2,1.97579692145677));
#11210=CARTESIAN_POINT('Origin',(-6.19116011931178,32.2,1.83921498220727));
#11211=CARTESIAN_POINT('',(-5.24242439306019,32.2,2.20137468811283));
#11212=CARTESIAN_POINT('Origin',(-6.19116011931178,32.2,1.83921498220727));
#11213=CARTESIAN_POINT('',(-5.24242439306019,29.2,2.20137468811283));
#11214=CARTESIAN_POINT('Origin',(-6.19116011931178,29.2,1.83921498220727));
#11215=CARTESIAN_POINT('',(-5.24242439306019,32.2,2.20137468811283));
#11216=CARTESIAN_POINT('Origin',(-5.18403400401357,32.2,2.2236639785229));
#11217=CARTESIAN_POINT('',(-5.19282646828301,32.2,2.16178552854175));
#11218=CARTESIAN_POINT('Origin',(-5.18403400401357,32.2,2.2236639785229));
#11219=CARTESIAN_POINT('',(-5.19282646828301,29.2,2.16178552854175));
#11220=CARTESIAN_POINT('Origin',(-5.18403400401357,29.2,2.2236639785229));
#11221=CARTESIAN_POINT('',(-5.19282646828301,32.2,2.16178552854175));
#11222=CARTESIAN_POINT('Origin',(-5.81596599598642,32.2,2.22366397852291));
#11223=CARTESIAN_POINT('',(-5.80717353171699,32.2,2.16178552854175));
#11224=CARTESIAN_POINT('',(-5.75757560693981,32.2,2.20137468811283));
#11225=CARTESIAN_POINT('Origin',(-5.81596599598642,32.2,2.22366397852291));
#11226=CARTESIAN_POINT('',(-5.80717353171699,29.2,2.16178552854175));
#11227=CARTESIAN_POINT('',(-5.80717353171699,32.2,2.16178552854175));
#11228=CARTESIAN_POINT('',(-5.75757560693981,29.2,2.20137468811283));
#11229=CARTESIAN_POINT('Origin',(-5.81596599598642,29.2,2.22366397852291));
#11230=CARTESIAN_POINT('',(-5.75757560693981,32.2,2.20137468811283));
#11231=CARTESIAN_POINT('Origin',(-4.80883988068822,32.2,1.83921498220727));
#11232=CARTESIAN_POINT('Origin',(-4.80883988068822,32.2,1.83921498220727));
#11233=CARTESIAN_POINT('Origin',(-4.80883988068822,29.2,1.83921498220727));
#11234=CARTESIAN_POINT('Origin',(-5.50009753681207,29.2,2.28008459681973));
#11235=CARTESIAN_POINT('Origin',(-5.5,29.2,-1.89291400000001E-31));
#11236=CARTESIAN_POINT('Origin',(-5.5,32.125,5.450457E-16));
#11237=CARTESIAN_POINT('',(-7.97288575200857,32.05,0.102279311265832));
#11238=CARTESIAN_POINT('',(-7.81612723645277,32.2,0.202927633804882));
#11239=CARTESIAN_POINT('Origin',(-7.25613432467352,32.6860975325553,-0.0124316872711087));
#11240=CARTESIAN_POINT('',(-7.81604276486078,32.2,-0.203889458619196));
#11241=CARTESIAN_POINT('Origin',(-5.5,32.2,5.349799E-16));
#11242=CARTESIAN_POINT('',(-7.97288575200858,32.05,-0.102279311265816));
#11243=CARTESIAN_POINT('Ctrl Pts',(-7.81604276486078,32.2,-0.203889458619196));
#11244=CARTESIAN_POINT('Ctrl Pts',(-7.84381808242784,32.1736489812117,-0.188868061089759));
#11245=CARTESIAN_POINT('Ctrl Pts',(-7.87140972811886,32.1473939946242,-0.172604839291905));
#11246=CARTESIAN_POINT('Ctrl Pts',(-7.89832567909866,32.1216598940243,-0.155169590979055));
#11247=CARTESIAN_POINT('Ctrl Pts',(-7.9222473094134,32.0987886366983,-0.139673962944268));
#11248=CARTESIAN_POINT('Ctrl Pts',(-7.94596149135227,32.0760166434304,-0.123040910988088));
#11249=CARTESIAN_POINT('Ctrl Pts',(-7.96896395497669,32.0537908063876,-0.105317126836404));
#11250=CARTESIAN_POINT('Ctrl Pts',(-7.97027357118869,32.0525254064291,-0.104308045572676));
#11251=CARTESIAN_POINT('Ctrl Pts',(-7.97158086916187,32.0512617768089,-0.103295436583337));
#11252=CARTESIAN_POINT('Ctrl Pts',(-7.97288575200857,32.05,-0.102279311265821));
#11253=CARTESIAN_POINT('Origin',(-5.5,32.05,5.551115E-16));
#11254=CARTESIAN_POINT('Origin',(-5.5,32.2,5.551115E-16));
#11255=CARTESIAN_POINT('',(-7.97288575200858,29.2,-0.102279311265816));
#11256=CARTESIAN_POINT('',(-7.97288575200858,32.05,-0.102279311265816));
#11257=CARTESIAN_POINT('',(-7.97288575200857,29.2,0.102279311265832));
#11258=CARTESIAN_POINT('Origin',(-5.5,29.2,5.551115E-16));
#11259=CARTESIAN_POINT('',(-7.97288575200857,32.05,0.102279311265832));
#11260=CARTESIAN_POINT('Ctrl Pts',(-7.97288575200858,32.2,-0.102279311265816));
#11261=CARTESIAN_POINT('Ctrl Pts',(-7.97288575200858,27.88,-0.102279311265816));
#11262=CARTESIAN_POINT('Ctrl Pts',(-7.91988545349034,32.2,-0.143551173560786));
#11263=CARTESIAN_POINT('Ctrl Pts',(-7.91988545349034,27.88,-0.143551173560786));
#11264=CARTESIAN_POINT('Ctrl Pts',(-7.86168711095703,32.2,-0.180956473075952));
#11265=CARTESIAN_POINT('Ctrl Pts',(-7.86168711095703,27.88,-0.180956473075952));
#11266=CARTESIAN_POINT('Ctrl Pts',(-7.80030384310535,32.2,-0.214357360593255));
#11267=CARTESIAN_POINT('Ctrl Pts',(-7.80030384310535,27.88,-0.214357360593255));
#11268=CARTESIAN_POINT('Ctrl Pts',(-7.73693343832797,32.2,-0.243226931384393));
#11269=CARTESIAN_POINT('Ctrl Pts',(-7.73693343832797,27.88,-0.243226931384393));
#11270=CARTESIAN_POINT('',(-7.73693343832798,32.2,-0.243226931384392));
#11271=CARTESIAN_POINT('Origin',(-7.63985557527196,32.2,-0.0271975783793657));
#11272=CARTESIAN_POINT('',(-7.73693343832798,29.2,-0.243226931384392));
#11273=CARTESIAN_POINT('',(-7.73693343832798,32.2,-0.243226931384392));
#11274=CARTESIAN_POINT('Origin',(-7.6237091188043,29.2,-0.0116778789461878));
#11275=CARTESIAN_POINT('Ctrl Pts',(-7.73693343832798,32.2,0.243226931384391));
#11276=CARTESIAN_POINT('Ctrl Pts',(-7.73693343832798,27.88,0.243226931384391));
#11277=CARTESIAN_POINT('Ctrl Pts',(-7.80088612448917,32.2,0.212875853874368));
#11278=CARTESIAN_POINT('Ctrl Pts',(-7.80088612448917,27.88,0.212875853874368));
#11279=CARTESIAN_POINT('Ctrl Pts',(-7.86236088278462,32.2,0.179265164059003));
#11280=CARTESIAN_POINT('Ctrl Pts',(-7.86236088278462,27.88,0.179265164059003));
#11281=CARTESIAN_POINT('Ctrl Pts',(-7.920335021983,32.2,0.142470279952591));
#11282=CARTESIAN_POINT('Ctrl Pts',(-7.920335021983,27.88,0.142470279952591));
#11283=CARTESIAN_POINT('Ctrl Pts',(-7.97288575200857,32.2,0.102279311265832));
#11284=CARTESIAN_POINT('Ctrl Pts',(-7.97288575200857,27.88,0.102279311265832));
#11285=CARTESIAN_POINT('',(-7.73693343832798,29.2,0.24322693138439));
#11286=CARTESIAN_POINT('Origin',(-7.36723209269099,29.2,0.0173297488054146));
#11287=CARTESIAN_POINT('',(-7.73693343832798,32.2,0.24322693138439));
#11288=CARTESIAN_POINT('',(-7.73693343832798,32.2,0.24322693138439));
#11289=CARTESIAN_POINT('Origin',(-7.47579692095568,32.2,0.0632636174195966));
#11290=CARTESIAN_POINT('Origin',(-7.33921498220727,32.2,-0.69116011931178));
#11291=CARTESIAN_POINT('',(-7.70137468811283,32.2,0.257575606939807));
#11292=CARTESIAN_POINT('Origin',(-7.33921498220727,32.2,-0.69116011931178));
#11293=CARTESIAN_POINT('',(-7.70137468811283,29.2,0.257575606939807));
#11294=CARTESIAN_POINT('Origin',(-7.33921498220727,29.2,-0.69116011931178));
#11295=CARTESIAN_POINT('',(-7.70137468811283,32.2,0.257575606939807));
#11296=CARTESIAN_POINT('Origin',(-7.72366397852291,32.2,0.315965995986425));
#11297=CARTESIAN_POINT('',(-7.66178552854174,32.2,0.307173531716989));
#11298=CARTESIAN_POINT('Origin',(-7.72366397852291,32.2,0.315965995986425));
#11299=CARTESIAN_POINT('',(-7.66178552854174,29.2,0.307173531716989));
#11300=CARTESIAN_POINT('Origin',(-7.72366397852291,29.2,0.315965995986425));
#11301=CARTESIAN_POINT('',(-7.66178552854175,32.2,0.30717353171699));
#11302=CARTESIAN_POINT('Origin',(-7.72366397852291,32.2,-0.315965995986424));
#11303=CARTESIAN_POINT('',(-7.66178552854175,32.2,-0.307173531716987));
#11304=CARTESIAN_POINT('',(-7.70137468811283,32.2,-0.257575606939806));
#11305=CARTESIAN_POINT('Origin',(-7.72366397852291,32.2,-0.315965995986424));
#11306=CARTESIAN_POINT('',(-7.66178552854175,29.2,-0.307173531716987));
#11307=CARTESIAN_POINT('',(-7.66178552854175,32.2,-0.307173531716989));
#11308=CARTESIAN_POINT('',(-7.70137468811283,29.2,-0.257575606939806));
#11309=CARTESIAN_POINT('Origin',(-7.72366397852291,29.2,-0.315965995986424));
#11310=CARTESIAN_POINT('',(-7.70137468811283,32.2,-0.257575606939806));
#11311=CARTESIAN_POINT('Origin',(-7.33921498220727,32.2,0.691160119311781));
#11312=CARTESIAN_POINT('Origin',(-7.33921498220727,32.2,0.691160119311781));
#11313=CARTESIAN_POINT('Origin',(-7.33921498220727,29.2,0.691160119311781));
#11314=CARTESIAN_POINT('Origin',(-7.78008459681973,29.2,-9.753681207E-5));
#11315=CARTESIAN_POINT('Origin',(-5.5,29.2,-1.89291400000001E-31));
#11316=CARTESIAN_POINT('Origin',(-5.5,32.125,5.646575E-16));
#11317=CARTESIAN_POINT('',(-3.1165398461447,32.05,0.666890317056772));
#11318=CARTESIAN_POINT('',(-3.2345240117289,32.2,0.522727028732102));
#11319=CARTESIAN_POINT('Origin',(-3.83365860953932,32.686097532449,0.554498587920809));
#11320=CARTESIAN_POINT('',(-3.36031774414815,32.2,0.9096069722648));
#11321=CARTESIAN_POINT('Origin',(-5.5,32.2,5.742035E-16));
#11322=CARTESIAN_POINT('',(-3.17975193685291,32.05,0.861437127979857));
#11323=CARTESIAN_POINT('Ctrl Pts',(-3.36031774414815,32.2,0.909606972264801));
#11324=CARTESIAN_POINT('Ctrl Pts',(-3.32925998026793,32.1736489812116,0.903903819412944));
#11325=CARTESIAN_POINT('Ctrl Pts',(-3.29799315391931,32.1473939946241,0.896962863767428));
#11326=CARTESIAN_POINT('Ctrl Pts',(-3.26700677531783,32.1216598940242,0.888698443518774));
#11327=CARTESIAN_POINT('Ctrl Pts',(-3.23946754052566,32.0987886366985,0.881353415802694));
#11328=CARTESIAN_POINT('Ctrl Pts',(-3.21177411754166,32.0760166434308,0.872862528580819));
#11329=CARTESIAN_POINT('Ctrl Pts',(-3.18442052411363,32.0537908063883,0.863114360342536));
#11330=CARTESIAN_POINT('Ctrl Pts',(-3.18286318182188,32.0525254064296,0.862559360696709));
#11331=CARTESIAN_POINT('Ctrl Pts',(-3.18130695417909,32.0512617768091,0.862000289609259));
#11332=CARTESIAN_POINT('Ctrl Pts',(-3.17975193685291,32.05,0.861437127979857));
#11333=CARTESIAN_POINT('Origin',(-5.5,32.05,5.551115E-16));
#11334=CARTESIAN_POINT('Origin',(-5.5,32.2,5.551115E-16));
#11335=CARTESIAN_POINT('',(-3.17975193685291,29.2,0.861437127979857));
#11336=CARTESIAN_POINT('',(-3.17975193685291,32.05,0.861437127979857));
#11337=CARTESIAN_POINT('',(-3.1165398461447,29.2,0.666890317056772));
#11338=CARTESIAN_POINT('Origin',(-5.5,29.2,5.551115E-16));
#11339=CARTESIAN_POINT('',(-3.1165398461447,32.05,0.666890317056772));
#11340=CARTESIAN_POINT('Ctrl Pts',(-3.17975193685291,32.2,0.861437127979857));
#11341=CARTESIAN_POINT('Ctrl Pts',(-3.17975193685291,27.88,0.861437127979857));
#11342=CARTESIAN_POINT('Ctrl Pts',(-3.24291192296291,32.2,0.884311008606044));
#11343=CARTESIAN_POINT('Ctrl Pts',(-3.24291192296291,27.88,0.884311008606044));
#11344=CARTESIAN_POINT('Ctrl Pts',(-3.30982070909666,32.2,0.901901285566668));
#11345=CARTESIAN_POINT('Ctrl Pts',(-3.30982070909666,27.88,0.901901285566668));
#11346=CARTESIAN_POINT('Ctrl Pts',(-3.37852110784854,32.2,0.914698944353603));
#11347=CARTESIAN_POINT('Ctrl Pts',(-3.37852110784854,27.88,0.914698944353603));
#11348=CARTESIAN_POINT('Ctrl Pts',(-3.44771113224711,32.2,0.922573005760528));
#11349=CARTESIAN_POINT('Ctrl Pts',(-3.44771113224711,27.88,0.922573005760528));
#11350=CARTESIAN_POINT('',(-3.44771113224711,32.2,0.922573005760528));
#11351=CARTESIAN_POINT('Origin',(-3.47328092503331,32.2,0.687118172780771));
#11352=CARTESIAN_POINT('',(-3.44771113224711,29.2,0.922573005760528));
#11353=CARTESIAN_POINT('',(-3.44771113224711,32.2,0.922573005760528));
#11354=CARTESIAN_POINT('Origin',(-3.48384126690031,29.2,0.667368531685507));
#11355=CARTESIAN_POINT('Ctrl Pts',(-3.29738862167221,32.2,0.459927889697332));
#11356=CARTESIAN_POINT('Ctrl Pts',(-3.29738862167221,27.88,0.459927889697332));
#11357=CARTESIAN_POINT('Ctrl Pts',(-3.24594500151221,32.2,0.508555946599554));
#11358=CARTESIAN_POINT('Ctrl Pts',(-3.24594500151221,27.88,0.508555946599554));
#11359=CARTESIAN_POINT('Ctrl Pts',(-3.19786530639327,32.2,0.559518357204018));
#11360=CARTESIAN_POINT('Ctrl Pts',(-3.19786530639327,27.88,0.559518357204018));
#11361=CARTESIAN_POINT('Ctrl Pts',(-3.15409886802699,32.2,0.612427365746302));
#11362=CARTESIAN_POINT('Ctrl Pts',(-3.15409886802699,27.88,0.612427365746302));
#11363=CARTESIAN_POINT('Ctrl Pts',(-3.1165398461447,32.2,0.666890317056772));
#11364=CARTESIAN_POINT('Ctrl Pts',(-3.1165398461447,27.88,0.666890317056772));
#11365=CARTESIAN_POINT('',(-3.29738862167221,29.2,0.459927889697332));
#11366=CARTESIAN_POINT('Origin',(-3.71880156389311,29.2,0.560524878556916));
#11367=CARTESIAN_POINT('',(-3.29738862167221,32.2,0.459927889697332));
#11368=CARTESIAN_POINT('',(-3.29738862167221,32.2,0.459927889697332));
#11369=CARTESIAN_POINT('Origin',(-3.60135592978947,32.2,0.550387550286375));
#11370=CARTESIAN_POINT('Origin',(-3.96438282900566,32.2,1.22568102108587));
#11371=CARTESIAN_POINT('',(-3.32677301818224,32.2,0.435293230194932));
#11372=CARTESIAN_POINT('Origin',(-3.96438282900566,32.2,1.22568102108587));
#11373=CARTESIAN_POINT('',(-3.32677301818224,29.2,0.435293230194932));
#11374=CARTESIAN_POINT('Origin',(-3.96438282900566,29.2,1.22568102108587));
#11375=CARTESIAN_POINT('',(-3.32677301818224,32.2,0.435293230194932));
#11376=CARTESIAN_POINT('Origin',(-3.28753102077058,32.2,0.386648439732409));
#11377=CARTESIAN_POINT('',(-3.34909794472509,32.2,0.37588907754039));
#11378=CARTESIAN_POINT('Origin',(-3.28753102077058,32.2,0.386648439732409));
#11379=CARTESIAN_POINT('',(-3.34909794472509,29.2,0.37588907754039));
#11380=CARTESIAN_POINT('Origin',(-3.28753102077058,29.2,0.386648439732409));
#11381=CARTESIAN_POINT('',(-3.34909794472509,32.2,0.37588907754039));
#11382=CARTESIAN_POINT('Origin',(-3.4828087455794,32.2,0.987651478553563));
#11383=CARTESIAN_POINT('',(-3.53894162777053,32.2,0.960167855486066));
#11384=CARTESIAN_POINT('',(-3.48596349794392,32.2,0.925231149032496));
#11385=CARTESIAN_POINT('Origin',(-3.4828087455794,32.2,0.987651478553563));
#11386=CARTESIAN_POINT('',(-3.53894162777053,29.2,0.960167855486066));
#11387=CARTESIAN_POINT('',(-3.53894162777053,32.2,0.960167855486066));
#11388=CARTESIAN_POINT('',(-3.48596349794392,29.2,0.925231149032496));
#11389=CARTESIAN_POINT('Origin',(-3.4828087455794,29.2,0.987651478553563));
#11390=CARTESIAN_POINT('',(-3.48596349794392,32.2,0.925231149032496));
#11391=CARTESIAN_POINT('Origin',(-3.53722238360255,32.2,-0.088983649463743));
#11392=CARTESIAN_POINT('Origin',(-3.53722238360255,32.2,-0.088983649463743));
#11393=CARTESIAN_POINT('Origin',(-3.53722238360255,29.2,-0.088983649463743));
#11394=CARTESIAN_POINT('Origin',(-3.3315408270229,29.2,0.704677652050546));
#11395=CARTESIAN_POINT('Origin',(-5.5,29.2,-1.89291400000001E-31));
#11396=CARTESIAN_POINT('Origin',(-5.5,32.125,2.715681E-16));
#11397=CARTESIAN_POINT('',(-6.8707800746478,32.05,2.06072486929929));
#11398=CARTESIAN_POINT('',(-6.69721352764342,32.2,1.99306416585809));
#11399=CARTESIAN_POINT('Origin',(-6.54228730319302,32.6860975329419,1.41343535020348));
#11400=CARTESIAN_POINT('',(-7.02628581786069,32.2,1.75387473959725));
#11401=CARTESIAN_POINT('Origin',(-5.5,32.2,2.655805E-16));
#11402=CARTESIAN_POINT('',(-7.03627147662183,32.05,1.94048832774593));
#11403=CARTESIAN_POINT('Ctrl Pts',(-7.02628581786069,32.2,1.75387473959725));
#11404=CARTESIAN_POINT('Ctrl Pts',(-7.03045917402378,32.1736489812116,1.78517479946984));
#11405=CARTESIAN_POINT('Ctrl Pts',(-7.03351991362968,32.1473939946241,1.81705619166419));
#11406=CARTESIAN_POINT('Ctrl Pts',(-7.03523530048079,32.1216598940242,1.84907983525498));
#11407=CARTESIAN_POINT('Ctrl Pts',(-7.03675985557195,32.0987886366979,1.87754094234698));
#11408=CARTESIAN_POINT('Ctrl Pts',(-7.03724228028492,32.0760166434297,1.9065027811841));
#11409=CARTESIAN_POINT('Ctrl Pts',(-7.03642394658635,32.0537908063867,1.93552994410835));
#11410=CARTESIAN_POINT('Ctrl Pts',(-7.03637735579087,32.0525254064285,1.93718256896472));
#11411=CARTESIAN_POINT('Ctrl Pts',(-7.03632654837884,32.0512617768086,1.93883539187158));
#11412=CARTESIAN_POINT('Ctrl Pts',(-7.03627147662183,32.05,1.94048832774593));
#11413=CARTESIAN_POINT('Origin',(-5.5,32.05,2.775558E-16));
#11414=CARTESIAN_POINT('Origin',(-5.5,32.2,2.775558E-16));
#11415=CARTESIAN_POINT('',(-7.03627147662183,29.2,1.94048832774593));
#11416=CARTESIAN_POINT('',(-7.03627147662183,32.05,1.94048832774593));
#11417=CARTESIAN_POINT('',(-6.8707800746478,29.2,2.06072486929929));
#11418=CARTESIAN_POINT('Origin',(-5.5,29.2,2.775558E-16));
#11419=CARTESIAN_POINT('',(-6.8707800746478,32.05,2.06072486929929));
#11420=CARTESIAN_POINT('Ctrl Pts',(-7.03627147662183,32.2,1.94048832774593));
#11421=CARTESIAN_POINT('Ctrl Pts',(-7.03627147662183,27.88,1.94048832774593));
#11422=CARTESIAN_POINT('Ctrl Pts',(-7.03850832077185,32.2,1.8733511935461));
#11423=CARTESIAN_POINT('Ctrl Pts',(-7.03850832077185,27.88,1.8733511935461));
#11424=CARTESIAN_POINT('Ctrl Pts',(-7.03456171631036,32.2,1.80428146197961));
#11425=CARTESIAN_POINT('Ctrl Pts',(-7.03456171631036,27.88,1.80428146197961));
#11426=CARTESIAN_POINT('Ctrl Pts',(-7.02550342235833,32.2,1.73498880602118));
#11427=CARTESIAN_POINT('Ctrl Pts',(-7.02550342235833,27.88,1.73498880602118));
#11428=CARTESIAN_POINT('Ctrl Pts',(-7.01161120638872,32.2,1.66675196366481));
#11429=CARTESIAN_POINT('Ctrl Pts',(-7.01161120638872,27.88,1.66675196366481));
#11430=CARTESIAN_POINT('',(-7.01161120638872,32.2,1.66675196366481));
#11431=CARTESIAN_POINT('Origin',(-6.77977885218406,32.2,1.71519319043586));
#11432=CARTESIAN_POINT('',(-7.01161120638872,29.2,1.66675196366481));
#11433=CARTESIAN_POINT('',(-7.01161120638872,32.2,1.66675196366481));
#11434=CARTESIAN_POINT('Origin',(-6.75773250270687,29.2,1.71125268319498));
#11435=CARTESIAN_POINT('Ctrl Pts',(-6.61806176442944,32.2,1.95268237012102));
#11436=CARTESIAN_POINT('Ctrl Pts',(-6.61806176442944,27.88,1.95268237012102));
#11437=CARTESIAN_POINT('Ctrl Pts',(-6.68020674770268,32.2,1.98658126430977));
#11438=CARTESIAN_POINT('Ctrl Pts',(-6.68020674770268,27.88,1.98658126430977));
#11439=CARTESIAN_POINT('Ctrl Pts',(-6.74353232327029,32.2,2.01655952070304));
#11440=CARTESIAN_POINT('Ctrl Pts',(-6.74353232327029,27.88,2.01655952070304));
#11441=CARTESIAN_POINT('Ctrl Pts',(-6.80737635385358,32.2,2.04183409431122));
#11442=CARTESIAN_POINT('Ctrl Pts',(-6.80737635385358,27.88,2.04183409431122));
#11443=CARTESIAN_POINT('Ctrl Pts',(-6.8707800746478,32.2,2.06072486929929));
#11444=CARTESIAN_POINT('Ctrl Pts',(-6.8707800746478,27.88,2.06072486929929));
#11445=CARTESIAN_POINT('',(-6.61806176442944,29.2,1.95268237012102));
#11446=CARTESIAN_POINT('Origin',(-6.58351142540482,29.2,1.52080866622134));
#11447=CARTESIAN_POINT('',(-6.61806176442944,32.2,1.95268237012102));
#11448=CARTESIAN_POINT('',(-6.61806176442944,32.2,1.95268237012102));
#11449=CARTESIAN_POINT('Origin',(-6.61016295002957,32.2,1.63563870771872));
#11450=CARTESIAN_POINT('Origin',(-7.14022372469424,32.2,1.08170245181052));
#11451=CARTESIAN_POINT('',(-6.58555253309192,32.2,1.93234867677963));
#11452=CARTESIAN_POINT('Origin',(-7.14022372469424,32.2,1.08170245181052));
#11453=CARTESIAN_POINT('',(-6.58555253309192,29.2,1.93234867677963));
#11454=CARTESIAN_POINT('Origin',(-7.14022372469424,29.2,1.08170245181052));
#11455=CARTESIAN_POINT('',(-6.58555253309192,32.2,1.93234867677963));
#11456=CARTESIAN_POINT('Origin',(-6.55141503223215,32.2,1.98470210107116));
#11457=CARTESIAN_POINT('',(-6.52215704491491,32.2,1.92947330262194));
#11458=CARTESIAN_POINT('Origin',(-6.55141503223215,32.2,1.98470210107116));
#11459=CARTESIAN_POINT('',(-6.52215704491491,29.2,1.92947330262194));
#11460=CARTESIAN_POINT('Origin',(-6.55141503223215,29.2,1.98470210107116));
#11461=CARTESIAN_POINT('',(-6.52215704491491,32.2,1.92947330262194));
#11462=CARTESIAN_POINT('Origin',(-7.06265875302739,32.2,1.61326179573772));
#11463=CARTESIAN_POINT('',(-7.01917425967734,32.2,1.56836915894626));
#11464=CARTESIAN_POINT('',(-7.00231861979341,32.2,1.62955039056063));
#11465=CARTESIAN_POINT('Origin',(-7.06265875302739,32.2,1.61326179573772));
#11466=CARTESIAN_POINT('',(-7.01917425967734,29.2,1.56836915894626));
#11467=CARTESIAN_POINT('',(-7.01917425967734,32.2,1.56836915894626));
#11468=CARTESIAN_POINT('',(-7.00231861979341,29.2,1.62955039056063));
#11469=CARTESIAN_POINT('Origin',(-7.06265875302739,29.2,1.61326179573772));
#11470=CARTESIAN_POINT('',(-7.00231861979341,32.2,1.62955039056063));
#11471=CARTESIAN_POINT('Origin',(-6.02190315997935,32.2,1.89420990201887));
#11472=CARTESIAN_POINT('Origin',(-6.02190315997935,32.2,1.89420990201887));
#11473=CARTESIAN_POINT('Origin',(-6.02190315997935,29.2,1.89420990201887));
#11474=CARTESIAN_POINT('Origin',(-6.84027900892841,29.2,1.84456985674002));
#11475=CARTESIAN_POINT('Origin',(-5.5,29.2,-1.89291400000001E-31));
#11476=CARTESIAN_POINT('Origin',(-5.5,32.125,1.120289E-15));
#11477=CARTESIAN_POINT('',(-3.02711424799143,32.05,-0.10227931126583));
#11478=CARTESIAN_POINT('',(-3.18387276354723,32.2,-0.202927633804879));
#11479=CARTESIAN_POINT('Origin',(-3.7438656759337,32.6860975330892,0.0124316874270577));
#11480=CARTESIAN_POINT('',(-3.18395723513922,32.2,0.203889458619197));
#11481=CARTESIAN_POINT('Origin',(-5.5,32.2,1.130355E-15));
#11482=CARTESIAN_POINT('',(-3.02711424799143,32.05,0.102279311265819));
#11483=CARTESIAN_POINT('Ctrl Pts',(-3.18395723513922,32.2,0.203889458619196));
#11484=CARTESIAN_POINT('Ctrl Pts',(-3.15618191757215,32.1736489812116,0.188868061089755));
#11485=CARTESIAN_POINT('Ctrl Pts',(-3.12859027188112,32.1473939946241,0.172604839291897));
#11486=CARTESIAN_POINT('Ctrl Pts',(-3.10167432090132,32.1216598940243,0.155169590979045));
#11487=CARTESIAN_POINT('Ctrl Pts',(-3.07775269058663,32.0987886366983,0.139673962944284));
#11488=CARTESIAN_POINT('Ctrl Pts',(-3.0540385086478,32.0760166434304,0.123040910988131));
#11489=CARTESIAN_POINT('Ctrl Pts',(-3.03103604502341,32.0537908063877,0.105317126836475));
#11490=CARTESIAN_POINT('Ctrl Pts',(-3.02972642881138,32.0525254064292,0.104308045572723));
#11491=CARTESIAN_POINT('Ctrl Pts',(-3.02841913083817,32.0512617768089,0.103295436583359));
#11492=CARTESIAN_POINT('Ctrl Pts',(-3.02711424799143,32.05,0.102279311265819));
#11493=CARTESIAN_POINT('Origin',(-5.5,32.05,1.110223E-15));
#11494=CARTESIAN_POINT('Origin',(-5.5,32.2,1.110223E-15));
#11495=CARTESIAN_POINT('',(-3.02711424799143,29.2,0.102279311265819));
#11496=CARTESIAN_POINT('',(-3.02711424799143,32.05,0.102279311265819));
#11497=CARTESIAN_POINT('',(-3.02711424799143,29.2,-0.10227931126583));
#11498=CARTESIAN_POINT('Origin',(-5.5,29.2,1.110223E-15));
#11499=CARTESIAN_POINT('',(-3.02711424799143,32.05,-0.10227931126583));
#11500=CARTESIAN_POINT('Ctrl Pts',(-3.02711424799143,32.2,0.102279311265819));
#11501=CARTESIAN_POINT('Ctrl Pts',(-3.02711424799143,27.88,0.102279311265819));
#11502=CARTESIAN_POINT('Ctrl Pts',(-3.08011454650966,32.2,0.143551173560788));
#11503=CARTESIAN_POINT('Ctrl Pts',(-3.08011454650966,27.88,0.143551173560788));
#11504=CARTESIAN_POINT('Ctrl Pts',(-3.13831288904297,32.2,0.180956473075952));
#11505=CARTESIAN_POINT('Ctrl Pts',(-3.13831288904297,27.88,0.180956473075952));
#11506=CARTESIAN_POINT('Ctrl Pts',(-3.19969615689465,32.2,0.214357360593257));
#11507=CARTESIAN_POINT('Ctrl Pts',(-3.19969615689465,27.88,0.214357360593257));
#11508=CARTESIAN_POINT('Ctrl Pts',(-3.26306656167203,32.2,0.243226931384394));
#11509=CARTESIAN_POINT('Ctrl Pts',(-3.26306656167203,27.88,0.243226931384394));
#11510=CARTESIAN_POINT('',(-3.26306656167203,32.2,0.243226931384394));
#11511=CARTESIAN_POINT('Origin',(-3.36014442450485,32.2,0.0271975787220933));
#11512=CARTESIAN_POINT('',(-3.26306656167203,29.2,0.243226931384394));
#11513=CARTESIAN_POINT('',(-3.26306656167203,32.2,0.243226931384394));
#11514=CARTESIAN_POINT('Origin',(-3.37629088119649,29.2,0.0116778789461126));
#11515=CARTESIAN_POINT('Ctrl Pts',(-3.26306656167202,32.2,-0.243226931384389));
#11516=CARTESIAN_POINT('Ctrl Pts',(-3.26306656167202,27.88,-0.243226931384389));
#11517=CARTESIAN_POINT('Ctrl Pts',(-3.19911387551083,32.2,-0.212875853874367));
#11518=CARTESIAN_POINT('Ctrl Pts',(-3.19911387551083,27.88,-0.212875853874367));
#11519=CARTESIAN_POINT('Ctrl Pts',(-3.13763911721538,32.2,-0.179265164059001));
#11520=CARTESIAN_POINT('Ctrl Pts',(-3.13763911721538,27.88,-0.179265164059001));
#11521=CARTESIAN_POINT('Ctrl Pts',(-3.079664978017,32.2,-0.14247027995259));
#11522=CARTESIAN_POINT('Ctrl Pts',(-3.079664978017,27.88,-0.14247027995259));
#11523=CARTESIAN_POINT('Ctrl Pts',(-3.02711424799143,32.2,-0.10227931126583));
#11524=CARTESIAN_POINT('Ctrl Pts',(-3.02711424799143,27.88,-0.10227931126583));
#11525=CARTESIAN_POINT('',(-3.26306656167202,29.2,-0.243226931384388));
#11526=CARTESIAN_POINT('Origin',(-3.63276790729061,29.2,-0.0173297488114693));
#11527=CARTESIAN_POINT('',(-3.26306656167202,32.2,-0.243226931384388));
#11528=CARTESIAN_POINT('',(-3.26306656167202,32.2,-0.243226931384388));
#11529=CARTESIAN_POINT('Origin',(-3.52420307928925,32.2,-0.0632636172935818));
#11530=CARTESIAN_POINT('Origin',(-3.66078501779273,32.2,0.691160119311782));
#11531=CARTESIAN_POINT('',(-3.29862531188717,32.2,-0.257575606939806));
#11532=CARTESIAN_POINT('Origin',(-3.66078501779273,32.2,0.691160119311782));
#11533=CARTESIAN_POINT('',(-3.29862531188717,29.2,-0.257575606939806));
#11534=CARTESIAN_POINT('Origin',(-3.66078501779273,29.2,0.691160119311782));
#11535=CARTESIAN_POINT('',(-3.29862531188717,32.2,-0.257575606939806));
#11536=CARTESIAN_POINT('Origin',(-3.2763360214771,32.2,-0.315965995986423));
#11537=CARTESIAN_POINT('',(-3.33821447145826,32.2,-0.307173531716987));
#11538=CARTESIAN_POINT('Origin',(-3.2763360214771,32.2,-0.315965995986423));
#11539=CARTESIAN_POINT('',(-3.33821447145826,29.2,-0.307173531716987));
#11540=CARTESIAN_POINT('Origin',(-3.2763360214771,29.2,-0.315965995986423));
#11541=CARTESIAN_POINT('',(-3.33821447145825,32.2,-0.307173531716988));
#11542=CARTESIAN_POINT('Origin',(-3.2763360214771,32.2,0.315965995986425));
#11543=CARTESIAN_POINT('',(-3.33821447145826,32.2,0.30717353171699));
#11544=CARTESIAN_POINT('',(-3.29862531188717,32.2,0.257575606939807));
#11545=CARTESIAN_POINT('Origin',(-3.2763360214771,32.2,0.315965995986425));
#11546=CARTESIAN_POINT('',(-3.33821447145826,29.2,0.30717353171699));
#11547=CARTESIAN_POINT('',(-3.33821447145825,32.2,0.30717353171699));
#11548=CARTESIAN_POINT('',(-3.29862531188717,29.2,0.257575606939807));
#11549=CARTESIAN_POINT('Origin',(-3.2763360214771,29.2,0.315965995986425));
#11550=CARTESIAN_POINT('',(-3.29862531188717,32.2,0.257575606939807));
#11551=CARTESIAN_POINT('Origin',(-3.66078501779273,32.2,-0.691160119311781));
#11552=CARTESIAN_POINT('Origin',(-3.66078501779273,32.2,-0.691160119311781));
#11553=CARTESIAN_POINT('Origin',(-3.66078501779273,29.2,-0.691160119311781));
#11554=CARTESIAN_POINT('Origin',(-3.21991540318027,29.2,9.7536812072E-5));
#11555=CARTESIAN_POINT('',(-3.3165,29.2,-2.67401628593825E-16));
#11556=CARTESIAN_POINT('Origin',(-5.5,29.2,-1.89291400000001E-31));
#11557=CARTESIAN_POINT('Origin',(-5.5,29.2,-1.89291400000001E-31));
#11558=CARTESIAN_POINT('Origin',(-5.5,32.125,-9.60033E-18));
#11559=CARTESIAN_POINT('',(-7.82024806314709,32.05,0.861437127979869));
#11560=CARTESIAN_POINT('',(-7.64005981332309,32.2,0.908718325665077));
#11561=CARTESIAN_POINT('Origin',(-7.17402459529507,32.686097532869,0.530852113343797));
#11562=CARTESIAN_POINT('',(-7.76569287122633,32.2,0.521786175817444));
#11563=CARTESIAN_POINT('Origin',(-5.5,32.2,-1.920066E-17));
#11564=CARTESIAN_POINT('',(-7.8834601538553,32.05,0.666890317056784));
#11565=CARTESIAN_POINT('Ctrl Pts',(-7.76569287122633,32.2,0.52178617581744));
#11566=CARTESIAN_POINT('Ctrl Pts',(-7.78746690087474,32.1736489812117,0.544655418974001));
#11567=CARTESIAN_POINT('Ctrl Pts',(-7.80868250338568,32.1473939946242,0.568648949462113));
#11568=CARTESIAN_POINT('Ctrl Pts',(-7.82889330592749,32.1216598940243,0.5935483422558));
#11569=CARTESIAN_POINT('Ctrl Pts',(-7.84685571591689,32.098788636699,0.615677750572079));
#11570=CARTESIAN_POINT('Ctrl Pts',(-7.86426934745506,32.0760166434319,0.638824808246816));
#11571=CARTESIAN_POINT('Ctrl Pts',(-7.88066903986789,32.05379080639,0.662789280829201));
#11572=CARTESIAN_POINT('Ctrl Pts',(-7.88160273564155,32.0525254064307,0.664153667806999));
#11573=CARTESIAN_POINT('Ctrl Pts',(-7.88253313651189,32.0512617768097,0.665520693476039));
#11574=CARTESIAN_POINT('Ctrl Pts',(-7.8834601538553,32.05,0.666890317056783));
#11575=CARTESIAN_POINT('Origin',(-5.5,32.05,7.43357E-32));
#11576=CARTESIAN_POINT('Origin',(-5.5,32.2,0.));
#11577=CARTESIAN_POINT('',(-7.8834601538553,29.2,0.666890317056784));
#11578=CARTESIAN_POINT('',(-7.8834601538553,32.05,0.666890317056784));
#11579=CARTESIAN_POINT('',(-7.82024806314709,29.2,0.861437127979869));
#11580=CARTESIAN_POINT('Origin',(-5.5,29.2,0.));
#11581=CARTESIAN_POINT('',(-7.82024806314709,32.05,0.861437127979869));
#11582=CARTESIAN_POINT('Ctrl Pts',(-7.8834601538553,32.2,0.666890317056784));
#11583=CARTESIAN_POINT('Ctrl Pts',(-7.8834601538553,27.88,0.666890317056784));
#11584=CARTESIAN_POINT('Ctrl Pts',(-7.84580758142259,32.2,0.611260450532438));
#11585=CARTESIAN_POINT('Ctrl Pts',(-7.84580758142259,27.88,0.611260450532438));
#11586=CARTESIAN_POINT('Ctrl Pts',(-7.80201654174858,32.2,0.557701619797323));
#11587=CARTESIAN_POINT('Ctrl Pts',(-7.80201654174858,27.88,0.557701619797323));
#11588=CARTESIAN_POINT('Ctrl Pts',(-7.75395902673681,32.2,0.50696701513751));
#11589=CARTESIAN_POINT('Ctrl Pts',(-7.75395902673681,27.88,0.50696701513751));
#11590=CARTESIAN_POINT('Ctrl Pts',(-7.70261137832779,32.2,0.459927889697325));
#11591=CARTESIAN_POINT('Ctrl Pts',(-7.70261137832779,27.88,0.459927889697325));
#11592=CARTESIAN_POINT('',(-7.70261137832779,32.2,0.459927889697325));
#11593=CARTESIAN_POINT('Origin',(-7.54352810314221,32.2,0.63538530376839));
#11594=CARTESIAN_POINT('',(-7.70261137832779,29.2,0.459927889697325));
#11595=CARTESIAN_POINT('',(-7.70261137832779,32.2,0.459927889697325));
#11596=CARTESIAN_POINT('Origin',(-7.52337605920322,29.2,0.645155885952194));
#11597=CARTESIAN_POINT('Ctrl Pts',(-7.5522888677529,32.2,0.922573005760528));
#11598=CARTESIAN_POINT('Ctrl Pts',(-7.5522888677529,27.88,0.922573005760528));
#11599=CARTESIAN_POINT('Ctrl Pts',(-7.62249048540927,32.2,0.913469882577777));
#11600=CARTESIAN_POINT('Ctrl Pts',(-7.62249048540927,27.88,0.913469882577777));
#11601=CARTESIAN_POINT('Ctrl Pts',(-7.69134272921944,32.2,0.900500962050086));
#11602=CARTESIAN_POINT('Ctrl Pts',(-7.69134272921944,27.88,0.900500962050086));
#11603=CARTESIAN_POINT('Ctrl Pts',(-7.7578496565756,32.2,0.883421942000915));
#11604=CARTESIAN_POINT('Ctrl Pts',(-7.7578496565756,27.88,0.883421942000915));
#11605=CARTESIAN_POINT('Ctrl Pts',(-7.82024806314709,32.2,0.86143712797987));
#11606=CARTESIAN_POINT('Ctrl Pts',(-7.82024806314709,27.88,0.86143712797987));
#11607=CARTESIAN_POINT('',(-7.5522888677529,29.2,0.922573005760527));
#11608=CARTESIAN_POINT('Origin',(-7.2704880623176,29.2,0.593488019623833));
#11609=CARTESIAN_POINT('',(-7.5522888677529,32.2,0.922573005760527));
#11610=CARTESIAN_POINT('',(-7.5522888677529,32.2,0.922573005760527));
#11611=CARTESIAN_POINT('Origin',(-7.35954500314076,32.2,0.670722101079999));
#11612=CARTESIAN_POINT('Origin',(-7.46277761639745,32.2,-0.088983649463744));
#11613=CARTESIAN_POINT('',(-7.51403650205608,32.2,0.925231149032496));
#11614=CARTESIAN_POINT('Origin',(-7.46277761639745,32.2,-0.088983649463744));
#11615=CARTESIAN_POINT('',(-7.51403650205608,29.2,0.925231149032496));
#11616=CARTESIAN_POINT('Origin',(-7.46277761639745,29.2,-0.088983649463744));
#11617=CARTESIAN_POINT('',(-7.51403650205608,32.2,0.925231149032496));
#11618=CARTESIAN_POINT('Origin',(-7.5171912544206,32.2,0.987651478553563));
#11619=CARTESIAN_POINT('',(-7.46105837222947,32.2,0.960167855486065));
#11620=CARTESIAN_POINT('Origin',(-7.5171912544206,32.2,0.987651478553563));
#11621=CARTESIAN_POINT('',(-7.46105837222947,29.2,0.960167855486065));
#11622=CARTESIAN_POINT('Origin',(-7.5171912544206,29.2,0.987651478553563));
#11623=CARTESIAN_POINT('',(-7.46105837222947,32.2,0.960167855486066));
#11624=CARTESIAN_POINT('Origin',(-7.71246897922943,32.2,0.386648439732409));
#11625=CARTESIAN_POINT('',(-7.65090205527491,32.2,0.37588907754039));
#11626=CARTESIAN_POINT('',(-7.67322698181776,32.2,0.435293230194932));
#11627=CARTESIAN_POINT('Origin',(-7.71246897922943,32.2,0.386648439732409));
#11628=CARTESIAN_POINT('',(-7.65090205527491,29.2,0.37588907754039));
#11629=CARTESIAN_POINT('',(-7.65090205527491,32.2,0.37588907754039));
#11630=CARTESIAN_POINT('',(-7.67322698181776,29.2,0.435293230194932));
#11631=CARTESIAN_POINT('Origin',(-7.71246897922943,29.2,0.386648439732409));
#11632=CARTESIAN_POINT('',(-7.67322698181776,32.2,0.435293230194932));
#11633=CARTESIAN_POINT('Origin',(-7.03561717099434,32.2,1.22568102108587));
#11634=CARTESIAN_POINT('Origin',(-7.03561717099434,32.2,1.22568102108587));
#11635=CARTESIAN_POINT('Origin',(-7.03561717099434,29.2,1.22568102108587));
#11636=CARTESIAN_POINT('Origin',(-7.66851945404212,29.2,0.704492126009148));
#11637=CARTESIAN_POINT('Origin',(-5.5,29.2,-1.89291400000001E-31));
#11638=CARTESIAN_POINT('Origin',(-5.5,32.125,-2.693607E-16));
#11639=CARTESIAN_POINT('',(-3.55951167225408,32.05,-1.53627147662184));
#11640=CARTESIAN_POINT('',(-3.74549157500814,32.2,-1.52555733639631));
#11641=CARTESIAN_POINT('Origin',(-4.07195032437505,32.6860975323926,-1.02217241096643));
#11642=CARTESIAN_POINT('',(-3.50643882665423,32.2,-1.19638574386701));
#11643=CARTESIAN_POINT('Origin',(-5.5,32.2,-2.611656E-16));
#11644=CARTESIAN_POINT('',(-3.43927513070071,32.05,-1.37078007464781));
#11645=CARTESIAN_POINT('Ctrl Pts',(-3.50643882665423,32.2,-1.196385743867));
#11646=CARTESIAN_POINT('Ctrl Pts',(-3.49279747865493,32.1736489812116,-1.22486423179127));
#11647=CARTESIAN_POINT('Ctrl Pts',(-3.48003465031568,32.1473939946242,-1.25423941703263));
#11648=CARTESIAN_POINT('Ctrl Pts',(-3.46850737038163,32.1216598940243,-1.28416562825618));
#11649=CARTESIAN_POINT('Ctrl Pts',(-3.45826246655777,32.0987886366985,-1.31076263618447));
#11650=CARTESIAN_POINT('Ctrl Pts',(-3.44885395300203,32.0760166434307,-1.33815790429903));
#11651=CARTESIAN_POINT('Ctrl Pts',(-3.44066234795658,32.0537908063881,-1.36601725576704));
#11652=CARTESIAN_POINT('Ctrl Pts',(-3.4401959692701,32.0525254064294,-1.36760339275387));
#11653=CARTESIAN_POINT('Ctrl Pts',(-3.4397335396233,32.051261776809,-1.36919102110407));
#11654=CARTESIAN_POINT('Ctrl Pts',(-3.43927513070071,32.05,-1.37078007464781));
#11655=CARTESIAN_POINT('Origin',(-5.5,32.05,-2.775558E-16));
#11656=CARTESIAN_POINT('Origin',(-5.5,32.2,-2.775558E-16));
#11657=CARTESIAN_POINT('',(-3.43927513070071,29.2,-1.37078007464781));
#11658=CARTESIAN_POINT('',(-3.43927513070071,32.05,-1.37078007464781));
#11659=CARTESIAN_POINT('',(-3.55951167225408,29.2,-1.53627147662184));
#11660=CARTESIAN_POINT('Origin',(-5.5,29.2,-2.775558E-16));
#11661=CARTESIAN_POINT('',(-3.55951167225408,32.05,-1.53627147662184));
#11662=CARTESIAN_POINT('Ctrl Pts',(-3.43927513070071,32.2,-1.37078007464781));
#11663=CARTESIAN_POINT('Ctrl Pts',(-3.43927513070071,27.88,-1.37078007464781));
#11664=CARTESIAN_POINT('Ctrl Pts',(-3.45789428091728,32.2,-1.30623764282556));
#11665=CARTESIAN_POINT('Ctrl Pts',(-3.45789428091728,27.88,-1.30623764282556));
#11666=CARTESIAN_POINT('Ctrl Pts',(-3.48299144565858,32.2,-1.24176799238916));
#11667=CARTESIAN_POINT('Ctrl Pts',(-3.48299144565858,27.88,-1.24176799238916));
#11668=CARTESIAN_POINT('Ctrl Pts',(-3.51301900342471,32.2,-1.17866592717972));
#11669=CARTESIAN_POINT('Ctrl Pts',(-3.51301900342471,27.88,-1.17866592717972));
#11670=CARTESIAN_POINT('Ctrl Pts',(-3.54731762987899,32.2,-1.11806176442943));
#11671=CARTESIAN_POINT('Ctrl Pts',(-3.54731762987899,27.88,-1.11806176442943));
#11672=CARTESIAN_POINT('',(-3.54731762987899,32.2,-1.11806176442943));
#11673=CARTESIAN_POINT('Origin',(-3.75283413841551,32.2,-1.2357722459903));
#11674=CARTESIAN_POINT('',(-3.54731762987899,29.2,-1.11806176442943));
#11675=CARTESIAN_POINT('',(-3.54731762987899,32.2,-1.11806176442943));
#11676=CARTESIAN_POINT('Origin',(-3.77501914676239,29.2,-1.23883729766602));
#11677=CARTESIAN_POINT('Ctrl Pts',(-3.83324803633518,32.2,-1.51161120638872));
#11678=CARTESIAN_POINT('Ctrl Pts',(-3.83324803633518,27.88,-1.51161120638872));
#11679=CARTESIAN_POINT('Ctrl Pts',(-3.76366931064327,32.2,-1.52464711465556));
#11680=CARTESIAN_POINT('Ctrl Pts',(-3.76366931064327,27.88,-1.52464711465556));
#11681=CARTESIAN_POINT('Ctrl Pts',(-3.69417931866431,32.2,-1.53358945171657));
#11682=CARTESIAN_POINT('Ctrl Pts',(-3.69417931866431,27.88,-1.53358945171657));
#11683=CARTESIAN_POINT('Ctrl Pts',(-3.62564976458101,32.2,-1.53789810920359));
#11684=CARTESIAN_POINT('Ctrl Pts',(-3.62564976458101,27.88,-1.53789810920359));
#11685=CARTESIAN_POINT('Ctrl Pts',(-3.55951167225408,32.2,-1.53627147662184));
#11686=CARTESIAN_POINT('Ctrl Pts',(-3.55951167225408,27.88,-1.53627147662184));
#11687=CARTESIAN_POINT('',(-3.83324803633518,29.2,-1.51161120638872));
#11688=CARTESIAN_POINT('Origin',(-3.99956367533227,29.2,-1.11155154799883));
#11689=CARTESIAN_POINT('',(-3.83324803633518,32.2,-1.51161120638872));
#11690=CARTESIAN_POINT('',(-3.83324803633518,32.2,-1.51161120638872));
#11691=CARTESIAN_POINT('Origin',(-3.93873213481135,32.2,-1.21252563335252));
#11692=CARTESIAN_POINT('Origin',(-3.60579009798113,32.2,-0.521903159979348));
#11693=CARTESIAN_POINT('',(-3.87044960943937,32.2,-1.50231861979341));
#11694=CARTESIAN_POINT('Origin',(-3.60579009798113,32.2,-0.521903159979348));
#11695=CARTESIAN_POINT('',(-3.87044960943937,29.2,-1.50231861979341));
#11696=CARTESIAN_POINT('Origin',(-3.60579009798113,29.2,-0.521903159979348));
#11697=CARTESIAN_POINT('',(-3.87044960943937,32.2,-1.50231861979341));
#11698=CARTESIAN_POINT('Origin',(-3.88673820426229,32.2,-1.56265875302739));
#11699=CARTESIAN_POINT('',(-3.93163084105374,32.2,-1.51917425967734));
#11700=CARTESIAN_POINT('Origin',(-3.88673820426229,32.2,-1.56265875302739));
#11701=CARTESIAN_POINT('',(-3.93163084105374,29.2,-1.51917425967734));
#11702=CARTESIAN_POINT('Origin',(-3.88673820426229,29.2,-1.56265875302739));
#11703=CARTESIAN_POINT('',(-3.93163084105374,32.2,-1.51917425967734));
#11704=CARTESIAN_POINT('Origin',(-3.51529789892884,32.2,-1.05141503223215));
#11705=CARTESIAN_POINT('',(-3.57052669737806,32.2,-1.02215704491491));
#11706=CARTESIAN_POINT('',(-3.56765132322037,32.2,-1.08555253309192));
#11707=CARTESIAN_POINT('Origin',(-3.51529789892884,32.2,-1.05141503223215));
#11708=CARTESIAN_POINT('',(-3.57052669737806,29.2,-1.02215704491491));
#11709=CARTESIAN_POINT('',(-3.57052669737806,32.2,-1.02215704491491));
#11710=CARTESIAN_POINT('',(-3.56765132322037,29.2,-1.08555253309192));
#11711=CARTESIAN_POINT('Origin',(-3.51529789892884,29.2,-1.05141503223215));
#11712=CARTESIAN_POINT('',(-3.56765132322037,32.2,-1.08555253309192));
#11713=CARTESIAN_POINT('Origin',(-4.41829754818948,32.2,-1.64022372469424));
#11714=CARTESIAN_POINT('Origin',(-4.41829754818948,32.2,-1.64022372469424));
#11715=CARTESIAN_POINT('Origin',(-4.41829754818948,29.2,-1.64022372469424));
#11716=CARTESIAN_POINT('Origin',(-3.6553154818606,29.2,-1.34012119105133));
#11717=CARTESIAN_POINT('Origin',(-5.5,29.2,-1.89291400000001E-31));
#11718=CARTESIAN_POINT('Origin',(-5.5,32.125,-8.294732E-16));
#11719=CARTESIAN_POINT('',(-4.83310968294323,32.05,-2.3834601538553));
#11720=CARTESIAN_POINT('',(-4.9772729712679,32.2,-2.2654759882711));
#11721=CARTESIAN_POINT('Origin',(-4.94550141210183,32.6860975328735,-1.66634138995968));
#11722=CARTESIAN_POINT('',(-4.5903930277352,32.2,-2.13968225585185));
#11723=CARTESIAN_POINT('Origin',(-5.5,32.2,-8.262791E-16));
#11724=CARTESIAN_POINT('',(-4.63856287202014,32.05,-2.32024806314709));
#11725=CARTESIAN_POINT('Ctrl Pts',(-4.5903930277352,32.2,-2.13968225585185));
#11726=CARTESIAN_POINT('Ctrl Pts',(-4.59609618058706,32.1736489812116,-2.17074001973209));
#11727=CARTESIAN_POINT('Ctrl Pts',(-4.60303713623258,32.1473939946241,-2.20200684608073));
#11728=CARTESIAN_POINT('Ctrl Pts',(-4.61130155648124,32.1216598940241,-2.23299322468223));
#11729=CARTESIAN_POINT('Ctrl Pts',(-4.61864658419742,32.0987886366981,-2.26053245947477));
#11730=CARTESIAN_POINT('Ctrl Pts',(-4.62713747141945,32.0760166434301,-2.28822588245922));
#11731=CARTESIAN_POINT('Ctrl Pts',(-4.63688563965792,32.0537908063873,-2.31557947588766));
#11732=CARTESIAN_POINT('Ctrl Pts',(-4.6374406393036,32.0525254064289,-2.31713681817899));
#11733=CARTESIAN_POINT('Ctrl Pts',(-4.6379997103909,32.0512617768088,-2.31869304582134));
#11734=CARTESIAN_POINT('Ctrl Pts',(-4.63856287202014,32.05,-2.32024806314709));
#11735=CARTESIAN_POINT('Origin',(-5.5,32.05,-8.326673E-16));
#11736=CARTESIAN_POINT('Origin',(-5.5,32.2,-8.326673E-16));
#11737=CARTESIAN_POINT('',(-4.63856287202014,29.2,-2.32024806314709));
#11738=CARTESIAN_POINT('',(-4.63856287202014,32.05,-2.32024806314709));
#11739=CARTESIAN_POINT('',(-4.83310968294323,29.2,-2.3834601538553));
#11740=CARTESIAN_POINT('Origin',(-5.5,29.2,-8.326673E-16));
#11741=CARTESIAN_POINT('',(-4.83310968294323,32.05,-2.3834601538553));
#11742=CARTESIAN_POINT('Ctrl Pts',(-4.63856287202014,32.2,-2.32024806314709));
#11743=CARTESIAN_POINT('Ctrl Pts',(-4.63856287202014,27.88,-2.32024806314709));
#11744=CARTESIAN_POINT('Ctrl Pts',(-4.61568899139396,32.2,-2.25708807703709));
#11745=CARTESIAN_POINT('Ctrl Pts',(-4.61568899139396,27.88,-2.25708807703709));
#11746=CARTESIAN_POINT('Ctrl Pts',(-4.59809871443333,32.2,-2.19017929090334));
#11747=CARTESIAN_POINT('Ctrl Pts',(-4.59809871443333,27.88,-2.19017929090334));
#11748=CARTESIAN_POINT('Ctrl Pts',(-4.5853010556464,32.2,-2.12147889215146));
#11749=CARTESIAN_POINT('Ctrl Pts',(-4.5853010556464,27.88,-2.12147889215146));
#11750=CARTESIAN_POINT('Ctrl Pts',(-4.57742699423947,32.2,-2.05228886775289));
#11751=CARTESIAN_POINT('Ctrl Pts',(-4.57742699423947,27.88,-2.05228886775289));
#11752=CARTESIAN_POINT('',(-4.57742699423947,32.2,-2.05228886775289));
#11753=CARTESIAN_POINT('Origin',(-4.81288182774976,32.2,-2.02671907481793));
#11754=CARTESIAN_POINT('',(-4.57742699423947,29.2,-2.05228886775289));
#11755=CARTESIAN_POINT('',(-4.57742699423947,32.2,-2.05228886775289));
#11756=CARTESIAN_POINT('Origin',(-4.83263146831481,29.2,-2.01615873310005));
#11757=CARTESIAN_POINT('Ctrl Pts',(-5.04007211030267,32.2,-2.2026113783278));
#11758=CARTESIAN_POINT('Ctrl Pts',(-5.04007211030267,27.88,-2.2026113783278));
#11759=CARTESIAN_POINT('Ctrl Pts',(-4.99144405340045,32.2,-2.25405499848779));
#11760=CARTESIAN_POINT('Ctrl Pts',(-4.99144405340045,27.88,-2.25405499848779));
#11761=CARTESIAN_POINT('Ctrl Pts',(-4.94048164279598,32.2,-2.30213469360673));
#11762=CARTESIAN_POINT('Ctrl Pts',(-4.94048164279598,27.88,-2.30213469360673));
#11763=CARTESIAN_POINT('Ctrl Pts',(-4.8875726342537,32.2,-2.34590113197301));
#11764=CARTESIAN_POINT('Ctrl Pts',(-4.8875726342537,27.88,-2.34590113197301));
#11765=CARTESIAN_POINT('Ctrl Pts',(-4.83310968294323,32.2,-2.3834601538553));
#11766=CARTESIAN_POINT('Ctrl Pts',(-4.83310968294323,27.88,-2.3834601538553));
#11767=CARTESIAN_POINT('',(-5.04007211030267,29.2,-2.20261137832779));
#11768=CARTESIAN_POINT('Origin',(-4.93947512144355,29.2,-1.78119843609847));
#11769=CARTESIAN_POINT('',(-5.04007211030267,32.2,-2.20261137832779));
#11770=CARTESIAN_POINT('',(-5.04007211030267,32.2,-2.20261137832779));
#11771=CARTESIAN_POINT('Origin',(-4.94961244928679,32.2,-1.89864406777586));
#11772=CARTESIAN_POINT('Origin',(-4.27431897891413,32.2,-1.53561717099434));
#11773=CARTESIAN_POINT('',(-5.06470676980507,32.2,-2.17322698181776));
#11774=CARTESIAN_POINT('Origin',(-4.27431897891413,32.2,-1.53561717099434));
#11775=CARTESIAN_POINT('',(-5.06470676980507,29.2,-2.17322698181776));
#11776=CARTESIAN_POINT('Origin',(-4.27431897891413,29.2,-1.53561717099434));
#11777=CARTESIAN_POINT('',(-5.06470676980507,32.2,-2.17322698181776));
#11778=CARTESIAN_POINT('Origin',(-5.11335156026759,32.2,-2.21246897922942));
#11779=CARTESIAN_POINT('',(-5.12411092245961,32.2,-2.15090205527491));
#11780=CARTESIAN_POINT('Origin',(-5.11335156026759,32.2,-2.21246897922942));
#11781=CARTESIAN_POINT('',(-5.12411092245961,29.2,-2.15090205527491));
#11782=CARTESIAN_POINT('Origin',(-5.11335156026759,29.2,-2.21246897922942));
#11783=CARTESIAN_POINT('',(-5.12411092245961,32.2,-2.15090205527491));
#11784=CARTESIAN_POINT('Origin',(-4.51234852144644,32.2,-2.0171912544206));
#11785=CARTESIAN_POINT('',(-4.53983214451394,32.2,-1.96105837222947));
#11786=CARTESIAN_POINT('',(-4.5747688509675,32.2,-2.01403650205608));
#11787=CARTESIAN_POINT('Origin',(-4.51234852144644,32.2,-2.0171912544206));
#11788=CARTESIAN_POINT('',(-4.53983214451394,29.2,-1.96105837222947));
#11789=CARTESIAN_POINT('',(-4.53983214451393,32.2,-1.96105837222947));
#11790=CARTESIAN_POINT('',(-4.5747688509675,29.2,-2.01403650205608));
#11791=CARTESIAN_POINT('Origin',(-4.51234852144644,29.2,-2.0171912544206));
#11792=CARTESIAN_POINT('',(-4.5747688509675,32.2,-2.01403650205608));
#11793=CARTESIAN_POINT('Origin',(-5.58898364946374,32.2,-1.96277761639745));
#11794=CARTESIAN_POINT('Origin',(-5.58898364946374,32.2,-1.96277761639745));
#11795=CARTESIAN_POINT('Origin',(-5.58898364946374,29.2,-1.96277761639745));
#11796=CARTESIAN_POINT('Origin',(-4.79532234794945,29.2,-2.1684591729771));
#11797=CARTESIAN_POINT('Origin',(-5.5,29.2,-1.89291400000001E-31));
#11798=CARTESIAN_POINT('Origin',(-5.5,32.125,-8.40759E-16));
#11799=CARTESIAN_POINT('',(-7.56072486929929,32.05,-1.3707800746478));
#11800=CARTESIAN_POINT('',(-7.49306416585809,32.2,-1.19721352764342));
#11801=CARTESIAN_POINT('Origin',(-6.91343534956187,32.6860975335321,-1.04228730293456));
#11802=CARTESIAN_POINT('',(-7.25387473959725,32.2,-1.52628581786069));
#11803=CARTESIAN_POINT('Origin',(-5.5,32.2,-8.488508E-16));
#11804=CARTESIAN_POINT('',(-7.44048832774593,32.05,-1.53627147662183));
#11805=CARTESIAN_POINT('Ctrl Pts',(-7.25387473959725,32.2,-1.52628581786069));
#11806=CARTESIAN_POINT('Ctrl Pts',(-7.2851747994698,32.1736489812116,-1.53045917402377));
#11807=CARTESIAN_POINT('Ctrl Pts',(-7.31705619166417,32.1473939946241,-1.53351991362968));
#11808=CARTESIAN_POINT('Ctrl Pts',(-7.34907983525495,32.1216598940242,-1.53523530048079));
#11809=CARTESIAN_POINT('Ctrl Pts',(-7.37754094234664,32.0987886366982,-1.53675985557193));
#11810=CARTESIAN_POINT('Ctrl Pts',(-7.40650278118339,32.0760166434303,-1.5372422802849));
#11811=CARTESIAN_POINT('Ctrl Pts',(-7.43552994410726,32.0537908063875,-1.53642394658638));
#11812=CARTESIAN_POINT('Ctrl Pts',(-7.43718256896399,32.052525406429,-1.53637735579089));
#11813=CARTESIAN_POINT('Ctrl Pts',(-7.43883539187122,32.0512617768089,-1.53632654837885));
#11814=CARTESIAN_POINT('Ctrl Pts',(-7.44048832774593,32.05,-1.53627147662183));
#11815=CARTESIAN_POINT('Origin',(-5.5,32.05,-8.326673E-16));
#11816=CARTESIAN_POINT('Origin',(-5.5,32.2,-8.326673E-16));
#11817=CARTESIAN_POINT('',(-7.44048832774593,29.2,-1.53627147662183));
#11818=CARTESIAN_POINT('',(-7.44048832774593,32.05,-1.53627147662183));
#11819=CARTESIAN_POINT('',(-7.56072486929929,29.2,-1.3707800746478));
#11820=CARTESIAN_POINT('Origin',(-5.5,29.2,-8.326673E-16));
#11821=CARTESIAN_POINT('',(-7.56072486929929,32.05,-1.3707800746478));
#11822=CARTESIAN_POINT('Ctrl Pts',(-7.44048832774593,32.2,-1.53627147662183));
#11823=CARTESIAN_POINT('Ctrl Pts',(-7.44048832774593,27.88,-1.53627147662183));
#11824=CARTESIAN_POINT('Ctrl Pts',(-7.3733511935461,32.2,-1.53850832077185));
#11825=CARTESIAN_POINT('Ctrl Pts',(-7.3733511935461,27.88,-1.53850832077185));
#11826=CARTESIAN_POINT('Ctrl Pts',(-7.30428146197961,32.2,-1.53456171631036));
#11827=CARTESIAN_POINT('Ctrl Pts',(-7.30428146197961,27.88,-1.53456171631036));
#11828=CARTESIAN_POINT('Ctrl Pts',(-7.23498880602118,32.2,-1.52550342235833));
#11829=CARTESIAN_POINT('Ctrl Pts',(-7.23498880602118,27.88,-1.52550342235833));
#11830=CARTESIAN_POINT('Ctrl Pts',(-7.16675196366481,32.2,-1.51161120638872));
#11831=CARTESIAN_POINT('Ctrl Pts',(-7.16675196366481,27.88,-1.51161120638872));
#11832=CARTESIAN_POINT('',(-7.16675196366481,32.2,-1.51161120638872));
#11833=CARTESIAN_POINT('Origin',(-7.21519319040725,32.2,-1.27977885288997));
#11834=CARTESIAN_POINT('',(-7.16675196366481,29.2,-1.51161120638872));
#11835=CARTESIAN_POINT('',(-7.16675196366481,32.2,-1.51161120638872));
#11836=CARTESIAN_POINT('Origin',(-7.21125268319825,29.2,-1.25773250271591));
#11837=CARTESIAN_POINT('Ctrl Pts',(-7.45268237012102,32.2,-1.11806176442944));
#11838=CARTESIAN_POINT('Ctrl Pts',(-7.45268237012102,27.88,-1.11806176442944));
#11839=CARTESIAN_POINT('Ctrl Pts',(-7.48658126430977,32.2,-1.18020674770268));
#11840=CARTESIAN_POINT('Ctrl Pts',(-7.48658126430977,27.88,-1.18020674770268));
#11841=CARTESIAN_POINT('Ctrl Pts',(-7.51655952070304,32.2,-1.24353232327028));
#11842=CARTESIAN_POINT('Ctrl Pts',(-7.51655952070304,27.88,-1.24353232327028));
#11843=CARTESIAN_POINT('Ctrl Pts',(-7.54183409431122,32.2,-1.30737635385358));
#11844=CARTESIAN_POINT('Ctrl Pts',(-7.54183409431122,27.88,-1.30737635385358));
#11845=CARTESIAN_POINT('Ctrl Pts',(-7.56072486929929,32.2,-1.3707800746478));
#11846=CARTESIAN_POINT('Ctrl Pts',(-7.56072486929929,27.88,-1.3707800746478));
#11847=CARTESIAN_POINT('',(-7.45268237012102,29.2,-1.11806176442944));
#11848=CARTESIAN_POINT('Origin',(-7.0208086661727,29.2,-1.08351142538968));
#11849=CARTESIAN_POINT('',(-7.45268237012102,32.2,-1.11806176442944));
#11850=CARTESIAN_POINT('',(-7.45268237012102,32.2,-1.11806176442944));
#11851=CARTESIAN_POINT('Origin',(-7.13563870654739,32.2,-1.11016294986874));
#11852=CARTESIAN_POINT('Origin',(-6.58170245181052,32.2,-1.64022372469424));
#11853=CARTESIAN_POINT('',(-7.43234867677963,32.2,-1.08555253309192));
#11854=CARTESIAN_POINT('Origin',(-6.58170245181052,32.2,-1.64022372469424));
#11855=CARTESIAN_POINT('',(-7.43234867677963,29.2,-1.08555253309192));
#11856=CARTESIAN_POINT('Origin',(-6.58170245181052,29.2,-1.64022372469424));
#11857=CARTESIAN_POINT('',(-7.43234867677963,32.2,-1.08555253309192));
#11858=CARTESIAN_POINT('Origin',(-7.48470210107116,32.2,-1.05141503223214));
#11859=CARTESIAN_POINT('',(-7.42947330262194,32.2,-1.02215704491491));
#11860=CARTESIAN_POINT('Origin',(-7.48470210107116,32.2,-1.05141503223214));
#11861=CARTESIAN_POINT('',(-7.42947330262194,29.2,-1.02215704491491));
#11862=CARTESIAN_POINT('Origin',(-7.48470210107116,29.2,-1.05141503223214));
#11863=CARTESIAN_POINT('',(-7.42947330262194,32.2,-1.02215704491491));
#11864=CARTESIAN_POINT('Origin',(-7.11326179573772,32.2,-1.56265875302739));
#11865=CARTESIAN_POINT('',(-7.06836915894626,32.2,-1.51917425967734));
#11866=CARTESIAN_POINT('',(-7.12955039056063,32.2,-1.50231861979341));
#11867=CARTESIAN_POINT('Origin',(-7.11326179573772,32.2,-1.56265875302739));
#11868=CARTESIAN_POINT('',(-7.06836915894626,29.2,-1.51917425967734));
#11869=CARTESIAN_POINT('',(-7.06836915894626,32.2,-1.51917425967734));
#11870=CARTESIAN_POINT('',(-7.12955039056063,29.2,-1.50231861979341));
#11871=CARTESIAN_POINT('Origin',(-7.11326179573772,29.2,-1.56265875302739));
#11872=CARTESIAN_POINT('',(-7.12955039056063,32.2,-1.50231861979341));
#11873=CARTESIAN_POINT('Origin',(-7.39420990201887,32.2,-0.521903159979347));
#11874=CARTESIAN_POINT('Origin',(-7.39420990201887,32.2,-0.521903159979347));
#11875=CARTESIAN_POINT('Origin',(-7.39420990201887,29.2,-0.521903159979347));
#11876=CARTESIAN_POINT('Origin',(-7.34456985674002,29.2,-1.34027900892841));
#11877=CARTESIAN_POINT('Origin',(-5.5,29.2,-1.89291400000001E-31));
#11878=CARTESIAN_POINT('Origin',(-5.5,32.125,5.455655E-16));
#11879=CARTESIAN_POINT('',(-7.8834601538553,32.05,-0.666890317056771));
#11880=CARTESIAN_POINT('',(-7.7654759882711,32.2,-0.5227270287321));
#11881=CARTESIAN_POINT('Origin',(-7.16634139031957,32.6860975325696,-0.554498587911975));
#11882=CARTESIAN_POINT('',(-7.63968225585185,32.2,-0.909606972264799));
#11883=CARTESIAN_POINT('Origin',(-5.5,32.2,5.360195E-16));
#11884=CARTESIAN_POINT('',(-7.82024806314709,32.05,-0.861437127979856));
#11885=CARTESIAN_POINT('Ctrl Pts',(-7.63968225585185,32.2,-0.909606972264801));
#11886=CARTESIAN_POINT('Ctrl Pts',(-7.67074001973204,32.1736489812116,-0.903903819412948));
#11887=CARTESIAN_POINT('Ctrl Pts',(-7.70200684608066,32.1473939946241,-0.896962863767434));
#11888=CARTESIAN_POINT('Ctrl Pts',(-7.73299322468214,32.1216598940242,-0.888698443518781));
#11889=CARTESIAN_POINT('Ctrl Pts',(-7.76053245947416,32.0987886366986,-0.881353415802742));
#11890=CARTESIAN_POINT('Ctrl Pts',(-7.78822588245798,32.0760166434311,-0.872862528580929));
#11891=CARTESIAN_POINT('Ctrl Pts',(-7.81557947588583,32.0537908063888,-0.863114360342726));
#11892=CARTESIAN_POINT('Ctrl Pts',(-7.81713681817777,32.0525254064299,-0.862559360696837));
#11893=CARTESIAN_POINT('Ctrl Pts',(-7.81869304582073,32.0512617768093,-0.862000289609322));
#11894=CARTESIAN_POINT('Ctrl Pts',(-7.82024806314709,32.05,-0.861437127979856));
#11895=CARTESIAN_POINT('Origin',(-5.5,32.05,5.551115E-16));
#11896=CARTESIAN_POINT('Origin',(-5.5,32.2,5.551115E-16));
#11897=CARTESIAN_POINT('',(-7.82024806314709,29.2,-0.861437127979856));
#11898=CARTESIAN_POINT('',(-7.82024806314709,32.05,-0.861437127979856));
#11899=CARTESIAN_POINT('',(-7.8834601538553,29.2,-0.666890317056771));
#11900=CARTESIAN_POINT('Origin',(-5.5,29.2,5.551115E-16));
#11901=CARTESIAN_POINT('',(-7.8834601538553,32.05,-0.666890317056771));
#11902=CARTESIAN_POINT('Ctrl Pts',(-7.82024806314709,32.2,-0.861437127979856));
#11903=CARTESIAN_POINT('Ctrl Pts',(-7.82024806314709,27.88,-0.861437127979856));
#11904=CARTESIAN_POINT('Ctrl Pts',(-7.75708807703709,32.2,-0.884311008606043));
#11905=CARTESIAN_POINT('Ctrl Pts',(-7.75708807703709,27.88,-0.884311008606043));
#11906=CARTESIAN_POINT('Ctrl Pts',(-7.69017929090334,32.2,-0.901901285566668));
#11907=CARTESIAN_POINT('Ctrl Pts',(-7.69017929090334,27.88,-0.901901285566668));
#11908=CARTESIAN_POINT('Ctrl Pts',(-7.62147889215146,32.2,-0.914698944353602));
#11909=CARTESIAN_POINT('Ctrl Pts',(-7.62147889215146,27.88,-0.914698944353602));
#11910=CARTESIAN_POINT('Ctrl Pts',(-7.5522888677529,32.2,-0.922573005760527));
#11911=CARTESIAN_POINT('Ctrl Pts',(-7.5522888677529,27.88,-0.922573005760527));
#11912=CARTESIAN_POINT('',(-7.5522888677529,32.2,-0.922573005760527));
#11913=CARTESIAN_POINT('Origin',(-7.52671907495807,32.2,-0.6871181727374));
#11914=CARTESIAN_POINT('',(-7.5522888677529,29.2,-0.922573005760527));
#11915=CARTESIAN_POINT('',(-7.5522888677529,32.2,-0.922573005760527));
#11916=CARTESIAN_POINT('Origin',(-7.51615873309949,29.2,-0.667368531685309));
#11917=CARTESIAN_POINT('Ctrl Pts',(-7.7026113783278,32.2,-0.45992788969733));
#11918=CARTESIAN_POINT('Ctrl Pts',(-7.7026113783278,27.88,-0.45992788969733));
#11919=CARTESIAN_POINT('Ctrl Pts',(-7.75405499848779,32.2,-0.508555946599552));
#11920=CARTESIAN_POINT('Ctrl Pts',(-7.75405499848779,27.88,-0.508555946599552));
#11921=CARTESIAN_POINT('Ctrl Pts',(-7.80213469360674,32.2,-0.559518357204017));
#11922=CARTESIAN_POINT('Ctrl Pts',(-7.80213469360674,27.88,-0.559518357204017));
#11923=CARTESIAN_POINT('Ctrl Pts',(-7.84590113197301,32.2,-0.612427365746301));
#11924=CARTESIAN_POINT('Ctrl Pts',(-7.84590113197301,27.88,-0.612427365746301));
#11925=CARTESIAN_POINT('Ctrl Pts',(-7.8834601538553,32.2,-0.666890317056771));
#11926=CARTESIAN_POINT('Ctrl Pts',(-7.8834601538553,27.88,-0.666890317056771));
#11927=CARTESIAN_POINT('',(-7.7026113783278,29.2,-0.459927889697331));
#11928=CARTESIAN_POINT('Origin',(-7.28119843613952,29.2,-0.560524878556943));
#11929=CARTESIAN_POINT('',(-7.7026113783278,32.2,-0.459927889697331));
#11930=CARTESIAN_POINT('',(-7.7026113783278,32.2,-0.459927889697331));
#11931=CARTESIAN_POINT('Origin',(-7.39864406765081,32.2,-0.550387550740926));
#11932=CARTESIAN_POINT('Origin',(-7.03561717099434,32.2,-1.22568102108587));
#11933=CARTESIAN_POINT('',(-7.67322698181776,32.2,-0.435293230194931));
#11934=CARTESIAN_POINT('Origin',(-7.03561717099434,32.2,-1.22568102108587));
#11935=CARTESIAN_POINT('',(-7.67322698181776,29.2,-0.435293230194931));
#11936=CARTESIAN_POINT('Origin',(-7.03561717099434,29.2,-1.22568102108587));
#11937=CARTESIAN_POINT('',(-7.67322698181776,32.2,-0.435293230194931));
#11938=CARTESIAN_POINT('Origin',(-7.71246897922943,32.2,-0.386648439732407));
#11939=CARTESIAN_POINT('',(-7.65090205527491,32.2,-0.375889077540389));
#11940=CARTESIAN_POINT('Origin',(-7.71246897922943,32.2,-0.386648439732407));
#11941=CARTESIAN_POINT('',(-7.65090205527491,29.2,-0.375889077540389));
#11942=CARTESIAN_POINT('Origin',(-7.71246897922943,29.2,-0.386648439732407));
#11943=CARTESIAN_POINT('',(-7.65090205527491,32.2,-0.375889077540388));
#11944=CARTESIAN_POINT('Origin',(-7.5171912544206,32.2,-0.987651478553562));
#11945=CARTESIAN_POINT('',(-7.46105837222947,32.2,-0.960167855486065));
#11946=CARTESIAN_POINT('',(-7.51403650205608,32.2,-0.925231149032496));
#11947=CARTESIAN_POINT('Origin',(-7.5171912544206,32.2,-0.987651478553562));
#11948=CARTESIAN_POINT('',(-7.46105837222947,29.2,-0.960167855486065));
#11949=CARTESIAN_POINT('',(-7.46105837222947,32.2,-0.960167855486065));
#11950=CARTESIAN_POINT('',(-7.51403650205608,29.2,-0.925231149032496));
#11951=CARTESIAN_POINT('Origin',(-7.5171912544206,29.2,-0.987651478553562));
#11952=CARTESIAN_POINT('',(-7.51403650205608,32.2,-0.925231149032496));
#11953=CARTESIAN_POINT('Origin',(-7.46277761639745,32.2,0.088983649463744));
#11954=CARTESIAN_POINT('Origin',(-7.46277761639745,32.2,0.088983649463744));
#11955=CARTESIAN_POINT('Origin',(-7.46277761639745,29.2,0.088983649463744));
#11956=CARTESIAN_POINT('Origin',(-7.66845917297711,29.2,-0.704677652050545));
#11957=CARTESIAN_POINT('Origin',(-5.5,29.2,-1.89291400000001E-31));
#11958=CARTESIAN_POINT('Origin',(11.4,24.2,0.));
#11959=CARTESIAN_POINT('',(-6.5065,24.2,1.15454446634181E-16));
#11960=CARTESIAN_POINT('Origin',(-5.5,24.2,-7.806256E-18));
#11961=CARTESIAN_POINT('Origin',(11.4,24.2,0.));
#11962=CARTESIAN_POINT('',(-2.95,24.2,-3.122849E-16));
#11963=CARTESIAN_POINT('Origin',(-5.5,24.2,0.));
#11964=CARTESIAN_POINT('',(-3.3165,24.2,-2.67401628593823E-16));
#11965=CARTESIAN_POINT('Origin',(-5.5,24.2,1.7036226E-30));
#11966=CARTESIAN_POINT('Origin',(-11.,15.35,5.8));
#11967=CARTESIAN_POINT('',(-11.4,0.,5.8));
#11968=CARTESIAN_POINT('',(-11.,-1.558208E-18,6.2));
#11969=CARTESIAN_POINT('Origin',(-11.,0.,5.8));
#11970=CARTESIAN_POINT('',(-11.,17.5,6.2));
#11971=CARTESIAN_POINT('',(-11.,0.,6.2));
#11972=CARTESIAN_POINT('',(-11.4,17.5,5.8));
#11973=CARTESIAN_POINT('Origin',(-11.,17.5,5.8));
#11974=CARTESIAN_POINT('',(-11.4,17.5,5.8));
#11975=CARTESIAN_POINT('Origin',(0.,13.2,6.2));
#11976=CARTESIAN_POINT('',(-16.1,17.5,6.2));
#11977=CARTESIAN_POINT('',(-16.1,17.5,6.2));
#11978=CARTESIAN_POINT('',(11.,-8.725963E-17,6.2));
#11979=CARTESIAN_POINT('',(-11.,-1.558208E-18,6.2));
#11980=CARTESIAN_POINT('',(11.,17.5,6.2));
#11981=CARTESIAN_POINT('',(11.,17.5,6.2));
#11982=CARTESIAN_POINT('',(16.1,17.5,6.2));
#11983=CARTESIAN_POINT('',(16.1,17.5,6.2));
#11984=CARTESIAN_POINT('',(16.1,19.9,6.2));
#11985=CARTESIAN_POINT('',(16.1,17.5,6.2));
#11986=CARTESIAN_POINT('',(11.4,19.9,6.2));
#11987=CARTESIAN_POINT('',(16.1,19.9,6.2));
#11988=CARTESIAN_POINT('',(11.4,24.2,6.2));
#11989=CARTESIAN_POINT('',(11.4,19.9,6.2));
#11990=CARTESIAN_POINT('',(-11.4,24.2,6.2));
#11991=CARTESIAN_POINT('',(11.4,24.2,6.2));
#11992=CARTESIAN_POINT('',(-11.4,19.9,6.2));
#11993=CARTESIAN_POINT('',(-11.4,24.2,6.2));
#11994=CARTESIAN_POINT('',(-16.1,19.9,6.2));
#11995=CARTESIAN_POINT('',(-11.4,19.9,6.2));
#11996=CARTESIAN_POINT('',(-16.1,19.9,6.2));
#11997=CARTESIAN_POINT('Origin',(-11.4,0.,0.));
#11998=CARTESIAN_POINT('',(-11.4,0.,-5.8));
#11999=CARTESIAN_POINT('',(-11.4,0.,-5.8));
#12000=CARTESIAN_POINT('',(-11.,-1.558208E-18,-6.2));
#12001=CARTESIAN_POINT('Origin',(-11.,0.,-5.8));
#12002=CARTESIAN_POINT('',(11.,-8.725963E-17,-6.2));
#12003=CARTESIAN_POINT('',(11.,-8.725963E-17,-6.2));
#12004=CARTESIAN_POINT('',(11.4,-8.881784E-17,-5.8));
#12005=CARTESIAN_POINT('Origin',(11.,0.,-5.8));
#12006=CARTESIAN_POINT('',(11.4,-8.881784E-17,5.8));
#12007=CARTESIAN_POINT('',(11.4,-8.881784E-17,-5.8));
#12008=CARTESIAN_POINT('Origin',(11.,0.,5.8));
#12009=CARTESIAN_POINT('Origin',(-11.,15.35,-5.8));
#12010=CARTESIAN_POINT('',(-11.4,17.5,-5.8));
#12011=CARTESIAN_POINT('',(-11.4,0.,-5.8));
#12012=CARTESIAN_POINT('',(-11.,17.5,-6.2));
#12013=CARTESIAN_POINT('Origin',(-11.,17.5,-5.8));
#12014=CARTESIAN_POINT('',(-11.,17.5,-6.2));
#12015=CARTESIAN_POINT('Origin',(0.,13.2,-6.2));
#12016=CARTESIAN_POINT('',(-16.1,17.5,-6.2));
#12017=CARTESIAN_POINT('',(-16.1,17.5,-6.2));
#12018=CARTESIAN_POINT('',(-16.1,19.9,-6.2));
#12019=CARTESIAN_POINT('',(-16.1,17.5,-6.2));
#12020=CARTESIAN_POINT('',(-11.4,19.9,-6.2));
#12021=CARTESIAN_POINT('',(-16.1,19.9,-6.2));
#12022=CARTESIAN_POINT('',(-11.4,24.2,-6.2));
#12023=CARTESIAN_POINT('',(-11.4,19.9,-6.2));
#12024=CARTESIAN_POINT('',(11.4,24.2,-6.2));
#12025=CARTESIAN_POINT('',(-11.4,24.2,-6.2));
#12026=CARTESIAN_POINT('',(11.4,19.9,-6.2));
#12027=CARTESIAN_POINT('',(11.4,24.2,-6.2));
#12028=CARTESIAN_POINT('',(16.1,19.9,-6.2));
#12029=CARTESIAN_POINT('',(11.4,19.9,-6.2));
#12030=CARTESIAN_POINT('',(16.1,17.5,-6.2));
#12031=CARTESIAN_POINT('',(16.1,19.9,-6.2));
#12032=CARTESIAN_POINT('',(11.,17.5,-6.2));
#12033=CARTESIAN_POINT('',(16.1,17.5,-6.2));
#12034=CARTESIAN_POINT('',(11.,0.,-6.2));
#12035=CARTESIAN_POINT('Origin',(11.,6.6,-5.8));
#12036=CARTESIAN_POINT('',(11.4,17.5,-5.8));
#12037=CARTESIAN_POINT('Origin',(11.,17.5,-5.8));
#12038=CARTESIAN_POINT('',(11.4,17.5,-5.8));
#12039=CARTESIAN_POINT('Origin',(11.4,-8.881784E-17,0.));
#12040=CARTESIAN_POINT('',(11.4,17.5,5.8));
#12041=CARTESIAN_POINT('',(11.4,17.5,-5.8));
#12042=CARTESIAN_POINT('',(11.4,0.,5.8));
#12043=CARTESIAN_POINT('Origin',(11.,6.6,5.8));
#12044=CARTESIAN_POINT('Origin',(11.,17.5,5.8));
#12045=CARTESIAN_POINT('Origin',(6.1,24.4,-2.69999999999999));
#12046=CARTESIAN_POINT('',(-0.155844313645042,24.4,-2.5));
#12047=CARTESIAN_POINT('',(0.800000000000001,24.4,-2.5));
#12048=CARTESIAN_POINT('',(-0.155844313645042,24.4,-2.5));
#12049=CARTESIAN_POINT('',(0.800000000000001,24.2,-2.7));
#12050=CARTESIAN_POINT('Origin',(0.800000000000001,24.4,-2.7));
#12051=CARTESIAN_POINT('',(-0.030082267529062,24.2,-2.7));
#12052=CARTESIAN_POINT('',(0.800000000000001,24.2,-2.7));
#12053=CARTESIAN_POINT('Ctrl Pts',(-0.030082267529062,24.2,-2.7));
#12054=CARTESIAN_POINT('Ctrl Pts',(-0.030496634446454,24.2,-2.69933336677965));
#12055=CARTESIAN_POINT('Ctrl Pts',(-0.030911035619692,24.2000033329989,
-2.69866675419992));
#12056=CARTESIAN_POINT('Ctrl Pts',(-0.042175806292545,24.2001845114594,
-2.68054811754769));
#12057=CARTESIAN_POINT('Ctrl Pts',(-0.05304444267371,24.2026434402005,-2.66311947793563));
#12058=CARTESIAN_POINT('Ctrl Pts',(-0.074066820688335,24.2120374081557,
-2.62950621666913));
#12059=CARTESIAN_POINT('Ctrl Pts',(-0.084234804019689,24.2188982994783,
-2.61329711673563));
#12060=CARTESIAN_POINT('Ctrl Pts',(-0.107163429314951,24.2405072311854,
-2.57683952506645));
#12061=CARTESIAN_POINT('Ctrl Pts',(-0.119362695575718,24.257244092883,-2.55752299256848));
#12062=CARTESIAN_POINT('Ctrl Pts',(-0.138045331101864,24.2955186388198,
-2.52801231448454));
#12063=CARTESIAN_POINT('Ctrl Pts',(-0.144971341132494,24.3157594266917,
-2.51710451486359));
#12064=CARTESIAN_POINT('Ctrl Pts',(-0.153692384659882,24.3578491465536,
-2.50338061808857));
#12065=CARTESIAN_POINT('Ctrl Pts',(-0.155844313645045,24.3787615768124,
-2.5));
#12066=CARTESIAN_POINT('Ctrl Pts',(-0.155844313645044,24.4,-2.5));
#12067=CARTESIAN_POINT('Origin',(0.800000000000001,24.4,0.));
#12068=CARTESIAN_POINT('',(0.800000000000001,24.4,2.5));
#12069=CARTESIAN_POINT('',(0.800000000000001,24.2,2.7));
#12070=CARTESIAN_POINT('Origin',(0.800000000000001,24.4,2.7));
#12071=CARTESIAN_POINT('Origin',(0.800000000000001,24.2,0.));
#12072=CARTESIAN_POINT('Origin',(0.800000000000001,24.4,0.));
#12073=CARTESIAN_POINT('Origin',(5.62207784317748,24.4,2.7));
#12074=CARTESIAN_POINT('',(-0.030082267529061,24.2,2.7));
#12075=CARTESIAN_POINT('',(-0.030082267529061,24.2,2.7));
#12076=CARTESIAN_POINT('',(-0.155844313645046,24.4,2.5));
#12077=CARTESIAN_POINT('',(0.800000000000001,24.4,2.5));
#12078=CARTESIAN_POINT('Ctrl Pts',(-0.155844313645044,24.4,2.5));
#12079=CARTESIAN_POINT('Ctrl Pts',(-0.155844313645044,24.3778249883926,
2.5));
#12080=CARTESIAN_POINT('Ctrl Pts',(-0.153498838593113,24.3560376027517,
2.5036845306064));
#12081=CARTESIAN_POINT('Ctrl Pts',(-0.144228730104761,24.3132427480793,
2.51827393015583));
#12082=CARTESIAN_POINT('Ctrl Pts',(-0.137100569090426,24.2930921787062,
2.52950191000261));
#12083=CARTESIAN_POINT('Ctrl Pts',(-0.117999875107992,24.25510142312,2.55967927983016));
#12084=CARTESIAN_POINT('Ctrl Pts',(-0.105580478439103,24.2385804759984,
2.57934989909068));
#12085=CARTESIAN_POINT('Ctrl Pts',(-0.082680562275836,24.2177875571702,
2.6157737966986));
#12086=CARTESIAN_POINT('Ctrl Pts',(-0.072785771242226,24.2113304815221,
2.63155173300751));
#12087=CARTESIAN_POINT('Ctrl Pts',(-0.052372039687013,24.2024935234347,
2.66419772360197));
#12088=CARTESIAN_POINT('Ctrl Pts',(-0.04184022414859,24.2001791140786,2.6810878791736));
#12089=CARTESIAN_POINT('Ctrl Pts',(-0.030911035619691,24.2000033329989,
2.69866675419992));
#12090=CARTESIAN_POINT('Ctrl Pts',(-0.030496634446453,24.2,2.69933336677965));
#12091=CARTESIAN_POINT('Ctrl Pts',(-0.030082267529061,24.2,2.7));
#12092=CARTESIAN_POINT('Origin',(-5.5,24.4,0.));
#12093=CARTESIAN_POINT('',(-11.4,24.2,-1.54919333848296));
#12094=CARTESIAN_POINT('Origin',(-5.5,24.2,0.));
#12095=CARTESIAN_POINT('',(-11.2065573770492,24.4,-1.49840011427041));
#12096=CARTESIAN_POINT('Origin',(-11.4,24.4,-1.54919333848296));
#12097=CARTESIAN_POINT('Origin',(-5.5,24.4,0.));
#12098=CARTESIAN_POINT('Origin',(-5.5,24.4,0.));
#12099=CARTESIAN_POINT('',(-11.2065573770492,24.4,1.49840011427041));
#12100=CARTESIAN_POINT('Origin',(-5.5,24.4,0.));
#12101=CARTESIAN_POINT('',(-11.4,24.2,1.54919333848296));
#12102=CARTESIAN_POINT('Origin',(-11.4,24.4,1.54919333848296));
#12103=CARTESIAN_POINT('Origin',(-5.5,24.2,0.));
#12104=CARTESIAN_POINT('Ctrl Pts',(-11.4,24.2,-1.4340755E-15));
#12105=CARTESIAN_POINT('Ctrl Pts',(-11.4,24.2,-0.0030076780088));
#12106=CARTESIAN_POINT('Ctrl Pts',(-11.4,24.2,-0.00601562241185));
#12107=CARTESIAN_POINT('Ctrl Pts',(-11.4000000000001,24.2000000000003,-0.524173887565162));
#12108=CARTESIAN_POINT('Ctrl Pts',(-11.4,24.2,-1.04276971725545));
#12109=CARTESIAN_POINT('Ctrl Pts',(-11.4,24.2,-1.54919333848296));
#12110=CARTESIAN_POINT('Ctrl Pts',(-11.4,24.2,-1.4340755E-15));
#12111=CARTESIAN_POINT('Ctrl Pts',(-11.4,24.2001379139835,-0.002938318729917));
#12112=CARTESIAN_POINT('Ctrl Pts',(-11.3998639292838,24.2004053213774,-0.005985100170809));
#12113=CARTESIAN_POINT('Ctrl Pts',(-11.4034581622855,24.2304210182671,-0.517495494806493));
#12114=CARTESIAN_POINT('Ctrl Pts',(-11.3442688065962,24.2656359655522,-1.03363587824119));
#12115=CARTESIAN_POINT('Ctrl Pts',(-11.2987136794744,24.2,-1.52259806847658));
#12116=CARTESIAN_POINT('Ctrl Pts',(-11.4,24.2,-1.4340755E-15));
#12117=CARTESIAN_POINT('Ctrl Pts',(-11.4,24.2003528672594,-0.002893758744156));
#12118=CARTESIAN_POINT('Ctrl Pts',(-11.3999742323103,24.2007422383665,-0.005930642213427));
#12119=CARTESIAN_POINT('Ctrl Pts',(-11.3999200785938,24.2614696771186,-0.511458527519359));
#12120=CARTESIAN_POINT('Ctrl Pts',(-11.3319495736379,24.3378665381616,-1.02296869435674));
#12121=CARTESIAN_POINT('Ctrl Pts',(-11.2065573770492,24.2952802448803,-1.49840011427041));
#12122=CARTESIAN_POINT('Ctrl Pts',(-11.4,24.2,-1.4340755E-15));
#12123=CARTESIAN_POINT('Ctrl Pts',(-11.4,24.2005446047448,-0.002909065615068));
#12124=CARTESIAN_POINT('Ctrl Pts',(-11.3999977828664,24.2010953915571,-0.00581838889024));
#12125=CARTESIAN_POINT('Ctrl Pts',(-11.399271714623,24.2934154657555,-0.506987858460057));
#12126=CARTESIAN_POINT('Ctrl Pts',(-11.3351718197469,24.4,-1.0085805461979));
#12127=CARTESIAN_POINT('Ctrl Pts',(-11.2065573770492,24.4,-1.49840011427041));
#12128=CARTESIAN_POINT('',(-11.4,24.2,-0.0488824065096));
#12129=CARTESIAN_POINT('',(-11.4,24.2,-1.54919333848296));
#12130=CARTESIAN_POINT('',(-11.4,24.2,0.));
#12131=CARTESIAN_POINT('',(-11.4,24.2,-1.54919333848296));
#12132=CARTESIAN_POINT('Ctrl Pts',(-11.4,24.2,-1.433329E-15));
#12133=CARTESIAN_POINT('Ctrl Pts',(-11.4,24.2005446047448,-0.002909065615068));
#12134=CARTESIAN_POINT('Ctrl Pts',(-11.3999977828664,24.2010953915571,-0.00581838889024));
#12135=CARTESIAN_POINT('Ctrl Pts',(-11.399271714623,24.2934154657555,-0.506987858460057));
#12136=CARTESIAN_POINT('Ctrl Pts',(-11.3351718197469,24.4,-1.0085805461979));
#12137=CARTESIAN_POINT('Ctrl Pts',(-11.2065573770492,24.4,-1.49840011427041));
#12138=CARTESIAN_POINT('Ctrl Pts',(-11.4,24.2,1.54919333848296));
#12139=CARTESIAN_POINT('Ctrl Pts',(-11.4,24.2,1.04276971725545));
#12140=CARTESIAN_POINT('Ctrl Pts',(-11.4,24.2000000000001,0.524176732833946));
#12141=CARTESIAN_POINT('Ctrl Pts',(-11.4,24.2,0.006015606523872));
#12142=CARTESIAN_POINT('Ctrl Pts',(-11.4,24.2,0.003007678008797));
#12143=CARTESIAN_POINT('Ctrl Pts',(-11.4,24.2,-1.434822E-15));
#12144=CARTESIAN_POINT('Ctrl Pts',(-11.3493568397372,24.2,1.53589570347977));
#12145=CARTESIAN_POINT('Ctrl Pts',(-11.3688530509318,24.2344260908414,1.03931845409267));
#12146=CARTESIAN_POINT('Ctrl Pts',(-11.4006614686022,24.2155748729486,0.521069489571967));
#12147=CARTESIAN_POINT('Ctrl Pts',(-11.3999954877057,24.2001825534039,0.005983735424075));
#12148=CARTESIAN_POINT('Ctrl Pts',(-11.4,24.2000907674575,0.002991242609842));
#12149=CARTESIAN_POINT('Ctrl Pts',(-11.4,24.2,-1.434822E-15));
#12150=CARTESIAN_POINT('Ctrl Pts',(-11.2485584002834,24.2434247867337,1.50942853891515));
#12151=CARTESIAN_POINT('Ctrl Pts',(-11.335038344637,24.3064307380377,1.0319954100805));
#12152=CARTESIAN_POINT('Ctrl Pts',(-11.4003362218031,24.2460832112798,0.514878916410265));
#12153=CARTESIAN_POINT('Ctrl Pts',(-11.3999941510483,24.2005502601275,0.005919891076513));
#12154=CARTESIAN_POINT('Ctrl Pts',(-11.4,24.2002723023724,0.002958371811931));
#12155=CARTESIAN_POINT('Ctrl Pts',(-11.4,24.2,-1.434822E-15));
#12156=CARTESIAN_POINT('Ctrl Pts',(-11.2065573770492,24.3476401224402,1.49840011427041));
#12157=CARTESIAN_POINT('Ctrl Pts',(-11.3335906575461,24.3692664046343,1.01735828902441));
#12158=CARTESIAN_POINT('Ctrl Pts',(-11.3994474336224,24.2777826723257,0.509539850653826));
#12159=CARTESIAN_POINT('Ctrl Pts',(-11.3999970161596,24.2009131016367,0.00585254655495));
#12160=CARTESIAN_POINT('Ctrl Pts',(-11.4,24.2004538372873,0.00292550101402));
#12161=CARTESIAN_POINT('Ctrl Pts',(-11.4,24.2,-1.434822E-15));
#12162=CARTESIAN_POINT('Ctrl Pts',(-11.2065573770492,24.4,1.49840011427041));
#12163=CARTESIAN_POINT('Ctrl Pts',(-11.3351718197469,24.4,1.0085805461979));
#12164=CARTESIAN_POINT('Ctrl Pts',(-11.3992731921716,24.2936632745963,0.506990610440768));
#12165=CARTESIAN_POINT('Ctrl Pts',(-11.3999977777938,24.2010943884804,0.005818373523176));
#12166=CARTESIAN_POINT('Ctrl Pts',(-11.4,24.2005446047448,0.002909065615065));
#12167=CARTESIAN_POINT('Ctrl Pts',(-11.4,24.2,-1.434822E-15));
#12168=CARTESIAN_POINT('Ctrl Pts',(-11.2065573770492,24.4,1.49840011427041));
#12169=CARTESIAN_POINT('Ctrl Pts',(-11.3351718197469,24.4,1.0085805461979));
#12170=CARTESIAN_POINT('Ctrl Pts',(-11.3992731921716,24.2936632745963,0.506990610440768));
#12171=CARTESIAN_POINT('Ctrl Pts',(-11.3999977777938,24.2010943884804,0.005818373523176));
#12172=CARTESIAN_POINT('Ctrl Pts',(-11.4,24.2005446047448,0.002909065615065));
#12173=CARTESIAN_POINT('Ctrl Pts',(-11.4,24.2,-1.434822E-15));
#12174=CARTESIAN_POINT('',(-11.4,24.2,0.));
#12175=CARTESIAN_POINT('Origin',(0.800000000000001,24.2,0.));
#12176=CARTESIAN_POINT('',(0.800000000000001,28.7,-2.5));
#12177=CARTESIAN_POINT('',(0.800000000000001,24.4,-2.5));
#12178=CARTESIAN_POINT('',(0.800000000000001,28.7,2.5));
#12179=CARTESIAN_POINT('Origin',(0.800000000000001,28.7,0.));
#12180=CARTESIAN_POINT('',(0.800000000000001,24.4,2.5));
#12181=CARTESIAN_POINT('Origin',(0.800000000000001,24.2,-2.5));
#12182=CARTESIAN_POINT('',(-0.155844313645042,28.7,-2.5));
#12183=CARTESIAN_POINT('',(-0.155844313645042,24.4,-2.5));
#12184=CARTESIAN_POINT('',(0.800000000000001,28.7,-2.5));
#12185=CARTESIAN_POINT('Origin',(-15.2371843031659,19.9,-0.600000000000001));
#12186=CARTESIAN_POINT('',(-15.2371843031659,17.5,-0.600000000000001));
#12187=CARTESIAN_POINT('',(-16.1,17.5,-0.599999999999999));
#12188=CARTESIAN_POINT('',(-15.2371843031659,17.5,-0.600000000000001));
#12189=CARTESIAN_POINT('',(-15.2371843031659,19.9,-0.600000000000001));
#12190=CARTESIAN_POINT('',(-15.2371843031659,19.9,-0.600000000000001));
#12191=CARTESIAN_POINT('',(-16.1,19.9,-0.599999999999999));
#12192=CARTESIAN_POINT('',(-16.1,19.9,-0.599999999999999));
#12193=CARTESIAN_POINT('',(-16.1,17.5,-0.599999999999999));
#12194=CARTESIAN_POINT('Origin',(-16.1,19.9,0.600000000000001));
#12195=CARTESIAN_POINT('',(-16.1,17.5,0.600000000000001));
#12196=CARTESIAN_POINT('',(-15.2371843031659,17.5,0.599999999999999));
#12197=CARTESIAN_POINT('',(-16.1,17.5,0.600000000000001));
#12198=CARTESIAN_POINT('',(-16.1,19.9,0.600000000000001));
#12199=CARTESIAN_POINT('',(-16.1,19.9,0.600000000000001));
#12200=CARTESIAN_POINT('',(-15.2371843031659,19.9,0.599999999999999));
#12201=CARTESIAN_POINT('',(-15.2371843031659,19.9,0.599999999999999));
#12202=CARTESIAN_POINT('',(-15.2371843031659,17.5,0.599999999999999));
#12203=CARTESIAN_POINT('Origin',(-14.,15.9,0.));
#12204=CARTESIAN_POINT('Origin',(-14.,17.5,0.));
#12205=CARTESIAN_POINT('Origin',(-14.,19.9,0.));
#12206=CARTESIAN_POINT('Origin',(-11.4,19.9,0.));
#12207=CARTESIAN_POINT('',(-16.1,19.9,0.600000000000001));
#12208=CARTESIAN_POINT('',(-11.4,19.9,-6.2));
#12209=CARTESIAN_POINT('',(-16.1,19.9,-6.2));
#12210=CARTESIAN_POINT('Origin',(-16.1,17.5,0.));
#12211=CARTESIAN_POINT('',(-16.1,17.5,-0.599999999999999));
#12212=CARTESIAN_POINT('',(-11.4,17.5,-5.8));
#12213=CARTESIAN_POINT('',(-16.1,17.5,6.2));
#12214=CARTESIAN_POINT('Origin',(-16.1,19.9,0.));
#12215=CARTESIAN_POINT('Origin',(15.2371843031659,19.9,-0.600000000000001));
#12216=CARTESIAN_POINT('',(16.1,17.5,-0.599999999999999));
#12217=CARTESIAN_POINT('',(15.2371843031659,17.5,-0.600000000000001));
#12218=CARTESIAN_POINT('',(16.1,17.5,-0.599999999999999));
#12219=CARTESIAN_POINT('',(16.1,19.9,-0.599999999999999));
#12220=CARTESIAN_POINT('',(16.1,19.9,-0.599999999999999));
#12221=CARTESIAN_POINT('',(15.2371843031659,19.9,-0.600000000000001));
#12222=CARTESIAN_POINT('',(15.2371843031659,19.9,-0.600000000000001));
#12223=CARTESIAN_POINT('',(15.2371843031659,17.5,-0.600000000000001));
#12224=CARTESIAN_POINT('Origin',(16.1,19.9,0.600000000000001));
#12225=CARTESIAN_POINT('',(15.2371843031659,17.5,0.599999999999999));
#12226=CARTESIAN_POINT('',(16.1,17.5,0.600000000000001));
#12227=CARTESIAN_POINT('',(15.2371843031659,17.5,0.599999999999999));
#12228=CARTESIAN_POINT('',(15.2371843031659,19.9,0.599999999999999));
#12229=CARTESIAN_POINT('',(15.2371843031659,19.9,0.599999999999999));
#12230=CARTESIAN_POINT('',(16.1,19.9,0.600000000000001));
#12231=CARTESIAN_POINT('',(16.1,19.9,0.600000000000001));
#12232=CARTESIAN_POINT('',(16.1,17.5,0.600000000000001));
#12233=CARTESIAN_POINT('Origin',(16.1,17.5,0.));
#12234=CARTESIAN_POINT('',(16.1,19.9,0.600000000000001));
#12235=CARTESIAN_POINT('',(16.1,17.5,0.600000000000001));
#12236=CARTESIAN_POINT('Origin',(16.1,17.5,0.));
#12237=CARTESIAN_POINT('',(16.1,17.5,-6.2));
#12238=CARTESIAN_POINT('',(16.1,19.9,-6.2));
#12239=CARTESIAN_POINT('Origin',(14.,15.9,0.));
#12240=CARTESIAN_POINT('Origin',(14.,19.9,0.));
#12241=CARTESIAN_POINT('Origin',(14.,17.5,0.));
#12242=CARTESIAN_POINT('Origin',(-5.5,24.2,0.));
#12243=CARTESIAN_POINT('',(-2.95,28.7,-3.122849E-16));
#12244=CARTESIAN_POINT('',(-2.95,24.2,-3.12284933782575E-16));
#12245=CARTESIAN_POINT('Origin',(-5.5,28.7,0.));
#12246=CARTESIAN_POINT('Origin',(-0.155844313645046,24.2,2.5));
#12247=CARTESIAN_POINT('',(-0.155844313645046,28.7,2.5));
#12248=CARTESIAN_POINT('',(-0.155844313645046,28.7,2.5));
#12249=CARTESIAN_POINT('',(-0.155844313645046,24.4,2.5));
#12250=CARTESIAN_POINT('Origin',(-5.5,24.2,0.));
#12251=CARTESIAN_POINT('Origin',(-5.5,28.7,0.));
#12252=CARTESIAN_POINT('Origin',(-4.38159747186902,28.7,-6.231974E-16));
#12253=CARTESIAN_POINT('Origin',(11.4,24.2,0.));
#12254=CARTESIAN_POINT('',(-11.4,24.2,1.54919333848296));
#12255=CARTESIAN_POINT('',(11.4,24.2,-6.2));
#12256=CARTESIAN_POINT('',(-11.4,24.2,-6.2));
#12257=CARTESIAN_POINT('Origin',(-16.1,19.9,0.));
#12258=CARTESIAN_POINT('Origin',(-11.4,24.2,0.));
#12259=CARTESIAN_POINT('Origin',(11.4,19.9,0.));
#12260=CARTESIAN_POINT('',(11.4,19.9,-6.2));
#12261=CARTESIAN_POINT('Origin',(16.1,19.9,0.));
#12262=CARTESIAN_POINT('Origin',(11.4,17.5,0.));
#12263=CARTESIAN_POINT('Origin',(-11.4,17.5,0.));
#12264=CARTESIAN_POINT('Origin',(-5.5,32.125,5.632033E-16));
#12265=CARTESIAN_POINT('',(-3.43927513070071,32.05,1.3707800746478));
#12266=CARTESIAN_POINT('',(-3.50693583414191,32.2,1.19721352764342));
#12267=CARTESIAN_POINT('Origin',(-4.08656464941493,32.6860975325961,1.04228730333735));
#12268=CARTESIAN_POINT('',(-3.74612526040275,32.2,1.52628581786069));
#12269=CARTESIAN_POINT('Origin',(-5.5,32.2,5.71295E-16));
#12270=CARTESIAN_POINT('',(-3.55951167225407,32.05,1.53627147662183));
#12271=CARTESIAN_POINT('Ctrl Pts',(-3.74612526040275,32.2,1.52628581786069));
#12272=CARTESIAN_POINT('Ctrl Pts',(-3.71482520053018,32.1736489812116,1.53045917402377));
#12273=CARTESIAN_POINT('Ctrl Pts',(-3.68294380833582,32.1473939946241,1.53351991362968));
#12274=CARTESIAN_POINT('Ctrl Pts',(-3.65092016474503,32.1216598940242,1.53523530048079));
#12275=CARTESIAN_POINT('Ctrl Pts',(-3.62245905765348,32.0987886366983,1.53675985557192));
#12276=CARTESIAN_POINT('Ctrl Pts',(-3.5934972188169,32.0760166434305,1.5372422802849));
#12277=CARTESIAN_POINT('Ctrl Pts',(-3.56447005589319,32.0537908063878,1.53642394658639));
#12278=CARTESIAN_POINT('Ctrl Pts',(-3.5628174310363,32.0525254064292,1.5363773557909));
#12279=CARTESIAN_POINT('Ctrl Pts',(-3.56116460812893,32.051261776809,1.53632654837886));
#12280=CARTESIAN_POINT('Ctrl Pts',(-3.55951167225407,32.05,1.53627147662183));
#12281=CARTESIAN_POINT('Origin',(-5.5,32.05,5.551115E-16));
#12282=CARTESIAN_POINT('Origin',(-5.5,32.2,5.551115E-16));
#12283=CARTESIAN_POINT('',(-3.55951167225407,29.2,1.53627147662183));
#12284=CARTESIAN_POINT('',(-3.55951167225407,32.05,1.53627147662183));
#12285=CARTESIAN_POINT('',(-3.43927513070071,29.2,1.3707800746478));
#12286=CARTESIAN_POINT('Origin',(-5.5,29.2,5.551115E-16));
#12287=CARTESIAN_POINT('',(-3.43927513070071,32.05,1.3707800746478));
#12288=CARTESIAN_POINT('Ctrl Pts',(-3.55951167225407,32.2,1.53627147662183));
#12289=CARTESIAN_POINT('Ctrl Pts',(-3.55951167225407,27.88,1.53627147662183));
#12290=CARTESIAN_POINT('Ctrl Pts',(-3.6266488064539,32.2,1.53850832077185));
#12291=CARTESIAN_POINT('Ctrl Pts',(-3.6266488064539,27.88,1.53850832077185));
#12292=CARTESIAN_POINT('Ctrl Pts',(-3.69571853802039,32.2,1.53456171631036));
#12293=CARTESIAN_POINT('Ctrl Pts',(-3.69571853802039,27.88,1.53456171631036));
#12294=CARTESIAN_POINT('Ctrl Pts',(-3.76501119397882,32.2,1.52550342235833));
#12295=CARTESIAN_POINT('Ctrl Pts',(-3.76501119397882,27.88,1.52550342235833));
#12296=CARTESIAN_POINT('Ctrl Pts',(-3.83324803633519,32.2,1.51161120638872));
#12297=CARTESIAN_POINT('Ctrl Pts',(-3.83324803633519,27.88,1.51161120638872));
#12298=CARTESIAN_POINT('',(-3.83324803633519,32.2,1.51161120638872));
#12299=CARTESIAN_POINT('Origin',(-3.78480680960439,32.2,1.27977885307408));
#12300=CARTESIAN_POINT('',(-3.83324803633519,29.2,1.51161120638872));
#12301=CARTESIAN_POINT('',(-3.83324803633519,32.2,1.51161120638872));
#12302=CARTESIAN_POINT('Origin',(-3.78874731680289,29.2,1.25773250271268));
#12303=CARTESIAN_POINT('Ctrl Pts',(-3.54731762987898,32.2,1.11806176442944));
#12304=CARTESIAN_POINT('Ctrl Pts',(-3.54731762987898,27.88,1.11806176442944));
#12305=CARTESIAN_POINT('Ctrl Pts',(-3.51341873569023,32.2,1.18020674770268));
#12306=CARTESIAN_POINT('Ctrl Pts',(-3.51341873569023,27.88,1.18020674770268));
#12307=CARTESIAN_POINT('Ctrl Pts',(-3.48344047929697,32.2,1.24353232327028));
#12308=CARTESIAN_POINT('Ctrl Pts',(-3.48344047929697,27.88,1.24353232327028));
#12309=CARTESIAN_POINT('Ctrl Pts',(-3.45816590568878,32.2,1.30737635385358));
#12310=CARTESIAN_POINT('Ctrl Pts',(-3.45816590568878,27.88,1.30737635385358));
#12311=CARTESIAN_POINT('Ctrl Pts',(-3.43927513070071,32.2,1.3707800746478));
#12312=CARTESIAN_POINT('Ctrl Pts',(-3.43927513070071,27.88,1.3707800746478));
#12313=CARTESIAN_POINT('',(-3.54731762987898,29.2,1.11806176442944));
#12314=CARTESIAN_POINT('Origin',(-3.97919133375897,29.2,1.08351142541158));
#12315=CARTESIAN_POINT('',(-3.54731762987898,32.2,1.11806176442944));
#12316=CARTESIAN_POINT('',(-3.54731762987898,32.2,1.11806176442944));
#12317=CARTESIAN_POINT('Origin',(-3.86436129108087,32.2,1.11016295021257));
#12318=CARTESIAN_POINT('Origin',(-4.41829754818948,32.2,1.64022372469424));
#12319=CARTESIAN_POINT('',(-3.56765132322037,32.2,1.08555253309192));
#12320=CARTESIAN_POINT('Origin',(-4.41829754818948,32.2,1.64022372469424));
#12321=CARTESIAN_POINT('',(-3.56765132322037,29.2,1.08555253309192));
#12322=CARTESIAN_POINT('Origin',(-4.41829754818948,29.2,1.64022372469424));
#12323=CARTESIAN_POINT('',(-3.56765132322037,32.2,1.08555253309192));
#12324=CARTESIAN_POINT('Origin',(-3.51529789892884,32.2,1.05141503223214));
#12325=CARTESIAN_POINT('',(-3.57052669737806,32.2,1.02215704491491));
#12326=CARTESIAN_POINT('Origin',(-3.51529789892884,32.2,1.05141503223214));
#12327=CARTESIAN_POINT('',(-3.57052669737806,29.2,1.02215704491491));
#12328=CARTESIAN_POINT('Origin',(-3.51529789892884,29.2,1.05141503223214));
#12329=CARTESIAN_POINT('',(-3.57052669737806,32.2,1.02215704491491));
#12330=CARTESIAN_POINT('Origin',(-3.88673820426229,32.2,1.56265875302739));
#12331=CARTESIAN_POINT('',(-3.93163084105374,32.2,1.51917425967734));
#12332=CARTESIAN_POINT('',(-3.87044960943937,32.2,1.50231861979341));
#12333=CARTESIAN_POINT('Origin',(-3.88673820426229,32.2,1.56265875302739));
#12334=CARTESIAN_POINT('',(-3.93163084105374,29.2,1.51917425967734));
#12335=CARTESIAN_POINT('',(-3.93163084105374,32.2,1.51917425967734));
#12336=CARTESIAN_POINT('',(-3.87044960943937,29.2,1.50231861979341));
#12337=CARTESIAN_POINT('Origin',(-3.88673820426229,29.2,1.56265875302739));
#12338=CARTESIAN_POINT('',(-3.87044960943937,32.2,1.50231861979341));
#12339=CARTESIAN_POINT('Origin',(-3.60579009798113,32.2,0.521903159979348));
#12340=CARTESIAN_POINT('Origin',(-3.60579009798113,32.2,0.521903159979348));
#12341=CARTESIAN_POINT('Origin',(-3.60579009798113,29.2,0.521903159979348));
#12342=CARTESIAN_POINT('Origin',(-3.65543014325998,29.2,1.34027900892841));
#12343=CARTESIAN_POINT('Origin',(-5.5,29.2,-1.89291400000001E-31));
#12344=CARTESIAN_POINT('Origin',(-5.5,28.7,0.));
#12345=CARTESIAN_POINT('',(-3.3165,28.7,-2.67401628593825E-16));
#12346=CARTESIAN_POINT('Origin',(-5.5,32.2,-1.32504E-30));
#12347=CARTESIAN_POINT('Origin',(-5.5,32.2,-1.32504E-30));
#12348=CARTESIAN_POINT('',(-3.98082574032266,32.2,1.56836915894626));
#12349=CARTESIAN_POINT('Origin',(-5.5,32.2,-1.32504E-30));
#12350=CARTESIAN_POINT('',(-3.98082574032266,29.2,1.56836915894626));
#12351=CARTESIAN_POINT('',(-3.98082574032266,32.2,1.56836915894626));
#12352=CARTESIAN_POINT('',(-4.47784295508509,29.2,1.92947330262194));
#12353=CARTESIAN_POINT('Origin',(-5.5,29.2,1.110223E-15));
#12354=CARTESIAN_POINT('',(-4.47784295508509,32.2,1.92947330262194));
#12355=CARTESIAN_POINT('',(-4.47784295508509,32.2,1.92947330262194));
#12356=CARTESIAN_POINT('',(-4.53983214451393,32.2,1.96105837222947));
#12357=CARTESIAN_POINT('Origin',(-5.5,32.2,-1.32504E-30));
#12358=CARTESIAN_POINT('',(-4.53983214451393,29.2,1.96105837222947));
#12359=CARTESIAN_POINT('',(-4.53983214451393,32.2,1.96105837222947));
#12360=CARTESIAN_POINT('',(-5.12411092245961,29.2,2.15090205527491));
#12361=CARTESIAN_POINT('Origin',(-5.5,29.2,1.110223E-15));
#12362=CARTESIAN_POINT('',(-5.12411092245961,32.2,2.15090205527491));
#12363=CARTESIAN_POINT('',(-5.12411092245961,32.2,2.15090205527491));
#12364=CARTESIAN_POINT('Origin',(-5.5,32.2,-1.32504E-30));
#12365=CARTESIAN_POINT('',(-5.87588907754039,32.2,2.15090205527491));
#12366=CARTESIAN_POINT('Origin',(-5.5,32.2,-1.32504E-30));
#12367=CARTESIAN_POINT('',(-5.87588907754039,29.2,2.15090205527491));
#12368=CARTESIAN_POINT('',(-5.87588907754039,32.2,2.15090205527491));
#12369=CARTESIAN_POINT('',(-6.46016785548606,29.2,1.96105837222947));
#12370=CARTESIAN_POINT('Origin',(-5.5,29.2,1.665335E-15));
#12371=CARTESIAN_POINT('',(-6.46016785548606,32.2,1.96105837222947));
#12372=CARTESIAN_POINT('',(-6.46016785548606,32.2,1.96105837222947));
#12373=CARTESIAN_POINT('Origin',(-5.5,32.2,-1.32504E-30));
#12374=CARTESIAN_POINT('',(-7.06836915894626,32.2,1.51917425967734));
#12375=CARTESIAN_POINT('Origin',(-5.5,32.2,-1.32504E-30));
#12376=CARTESIAN_POINT('',(-7.06836915894626,29.2,1.51917425967734));
#12377=CARTESIAN_POINT('',(-7.06836915894626,32.2,1.51917425967734));
#12378=CARTESIAN_POINT('',(-7.42947330262194,29.2,1.02215704491491));
#12379=CARTESIAN_POINT('Origin',(-5.5,29.2,2.775558E-16));
#12380=CARTESIAN_POINT('',(-7.42947330262194,32.2,1.02215704491491));
#12381=CARTESIAN_POINT('',(-7.42947330262194,32.2,1.02215704491491));
#12382=CARTESIAN_POINT('Origin',(-5.5,32.2,-1.32504E-30));
#12383=CARTESIAN_POINT('Origin',(-5.5,32.2,-1.32504E-30));
#12384=CARTESIAN_POINT('Origin',(-5.5,32.2,-1.32504E-30));
#12385=CARTESIAN_POINT('Origin',(-5.5,32.2,-1.32504E-30));
#12386=CARTESIAN_POINT('',(-7.01917425967734,32.2,-1.56836915894626));
#12387=CARTESIAN_POINT('Origin',(-5.5,32.2,-1.32504E-30));
#12388=CARTESIAN_POINT('',(-7.01917425967734,29.2,-1.56836915894626));
#12389=CARTESIAN_POINT('',(-7.01917425967734,32.2,-1.56836915894626));
#12390=CARTESIAN_POINT('',(-6.52215704491491,29.2,-1.92947330262194));
#12391=CARTESIAN_POINT('Origin',(-5.5,29.2,-1.110223E-15));
#12392=CARTESIAN_POINT('',(-6.52215704491491,32.2,-1.92947330262194));
#12393=CARTESIAN_POINT('',(-6.52215704491491,32.2,-1.92947330262194));
#12394=CARTESIAN_POINT('',(-6.46016785548607,32.2,-1.96105837222947));
#12395=CARTESIAN_POINT('Origin',(-5.5,32.2,-1.32504E-30));
#12396=CARTESIAN_POINT('',(-6.46016785548607,29.2,-1.96105837222947));
#12397=CARTESIAN_POINT('',(-6.46016785548607,32.2,-1.96105837222947));
#12398=CARTESIAN_POINT('',(-5.87588907754039,29.2,-2.15090205527491));
#12399=CARTESIAN_POINT('Origin',(-5.5,29.2,-1.110223E-15));
#12400=CARTESIAN_POINT('',(-5.87588907754039,32.2,-2.15090205527491));
#12401=CARTESIAN_POINT('',(-5.87588907754039,32.2,-2.15090205527491));
#12402=CARTESIAN_POINT('',(-5.80717353171699,32.2,-2.16178552854175));
#12403=CARTESIAN_POINT('Origin',(-5.5,32.2,-1.32504E-30));
#12404=CARTESIAN_POINT('',(-5.80717353171699,29.2,-2.16178552854175));
#12405=CARTESIAN_POINT('',(-5.80717353171699,32.2,-2.16178552854175));
#12406=CARTESIAN_POINT('',(-5.19282646828301,29.2,-2.16178552854175));
#12407=CARTESIAN_POINT('Origin',(-5.5,29.2,-1.110223E-15));
#12408=CARTESIAN_POINT('',(-5.19282646828301,32.2,-2.16178552854175));
#12409=CARTESIAN_POINT('',(-5.19282646828301,32.2,-2.16178552854175));
#12410=CARTESIAN_POINT('Origin',(-5.5,32.2,-1.32504E-30));
#12411=CARTESIAN_POINT('Origin',(-5.5,32.2,-1.32504E-30));
#12412=CARTESIAN_POINT('Origin',(-5.5,32.2,-1.32504E-30));
#12413=CARTESIAN_POINT('Origin',(-5.5,32.2,-1.32504E-30));
#12414=CARTESIAN_POINT('Origin',(-5.5,32.2,-1.32504E-30));
#12415=CARTESIAN_POINT('Origin',(-5.5,28.2,-8.673617E-19));
#12416=CARTESIAN_POINT('',(-6.5065,32.2,1.29332230634181E-16));
#12417=CARTESIAN_POINT('',(-6.5065,28.2,1.22393338634181E-16));
#12418=CARTESIAN_POINT('Origin',(-5.5,32.2,6.071532E-18));
#12419=CARTESIAN_POINT('Origin',(-5.5,32.125,-1.11325E-15));
#12420=CARTESIAN_POINT('',(-6.36143712797987,32.05,-2.32024806314709));
#12421=CARTESIAN_POINT('',(-6.40871832566508,32.2,-2.14005981332309));
#12422=CARTESIAN_POINT('Origin',(-6.03085211324838,32.6860975330281,-1.67402459513603));
#12423=CARTESIAN_POINT('',(-6.02178617581744,32.2,-2.26569287122633));
#12424=CARTESIAN_POINT('Origin',(-5.5,32.2,-1.116277E-15));
#12425=CARTESIAN_POINT('',(-6.16689031705679,32.05,-2.3834601538553));
#12426=CARTESIAN_POINT('Ctrl Pts',(-6.02178617581744,32.2,-2.26569287122632));
#12427=CARTESIAN_POINT('Ctrl Pts',(-6.04465541897408,32.1736489812116,-2.28746690087481));
#12428=CARTESIAN_POINT('Ctrl Pts',(-6.06864894946223,32.1473939946241,-2.30868250338577));
#12429=CARTESIAN_POINT('Ctrl Pts',(-6.09354834225595,32.1216598940242,-2.3288933059276));
#12430=CARTESIAN_POINT('Ctrl Pts',(-6.11567775057275,32.0987886366984,-2.34685571591743));
#12431=CARTESIAN_POINT('Ctrl Pts',(-6.13882480824816,32.0760166434306,-2.36426934745607));
#12432=CARTESIAN_POINT('Ctrl Pts',(-6.16278928083125,32.0537908063881,-2.38066903986929));
#12433=CARTESIAN_POINT('Ctrl Pts',(-6.16415366780837,32.0525254064294,-2.38160273564247));
#12434=CARTESIAN_POINT('Ctrl Pts',(-6.16552069347673,32.051261776809,-2.38253313651236));
#12435=CARTESIAN_POINT('Ctrl Pts',(-6.16689031705679,32.05,-2.3834601538553));
#12436=CARTESIAN_POINT('Origin',(-5.5,32.05,-1.110223E-15));
#12437=CARTESIAN_POINT('Origin',(-5.5,32.2,-1.110223E-15));
#12438=CARTESIAN_POINT('',(-6.16689031705679,29.2,-2.3834601538553));
#12439=CARTESIAN_POINT('',(-6.16689031705679,32.05,-2.3834601538553));
#12440=CARTESIAN_POINT('',(-6.36143712797987,29.2,-2.32024806314709));
#12441=CARTESIAN_POINT('Origin',(-5.5,29.2,-1.110223E-15));
#12442=CARTESIAN_POINT('',(-6.36143712797987,32.05,-2.32024806314709));
#12443=CARTESIAN_POINT('Ctrl Pts',(-6.16689031705679,32.2,-2.3834601538553));
#12444=CARTESIAN_POINT('Ctrl Pts',(-6.16689031705679,27.88,-2.3834601538553));
#12445=CARTESIAN_POINT('Ctrl Pts',(-6.11126045053244,32.2,-2.34580758142259));
#12446=CARTESIAN_POINT('Ctrl Pts',(-6.11126045053244,27.88,-2.34580758142259));
#12447=CARTESIAN_POINT('Ctrl Pts',(-6.05770161979732,32.2,-2.30201654174858));
#12448=CARTESIAN_POINT('Ctrl Pts',(-6.05770161979732,27.88,-2.30201654174858));
#12449=CARTESIAN_POINT('Ctrl Pts',(-6.00696701513751,32.2,-2.2539590267368));
#12450=CARTESIAN_POINT('Ctrl Pts',(-6.00696701513751,27.88,-2.2539590267368));
#12451=CARTESIAN_POINT('Ctrl Pts',(-5.95992788969733,32.2,-2.20261137832779));
#12452=CARTESIAN_POINT('Ctrl Pts',(-5.95992788969733,27.88,-2.20261137832779));
#12453=CARTESIAN_POINT('',(-5.95992788969733,32.2,-2.20261137832779));
#12454=CARTESIAN_POINT('Origin',(-6.13538530374879,32.2,-2.04352810315753));
#12455=CARTESIAN_POINT('',(-5.95992788969733,29.2,-2.20261137832779));
#12456=CARTESIAN_POINT('',(-5.95992788969733,32.2,-2.20261137832779));
#12457=CARTESIAN_POINT('Origin',(-6.1451558859514,29.2,-2.02337605920394));
#12458=CARTESIAN_POINT('Ctrl Pts',(-6.42257300576053,32.2,-2.0522888677529));
#12459=CARTESIAN_POINT('Ctrl Pts',(-6.42257300576053,27.88,-2.0522888677529));
#12460=CARTESIAN_POINT('Ctrl Pts',(-6.41346988257778,32.2,-2.12249048540927));
#12461=CARTESIAN_POINT('Ctrl Pts',(-6.41346988257778,27.88,-2.12249048540927));
#12462=CARTESIAN_POINT('Ctrl Pts',(-6.40050096205009,32.2,-2.19134272921944));
#12463=CARTESIAN_POINT('Ctrl Pts',(-6.40050096205009,27.88,-2.19134272921944));
#12464=CARTESIAN_POINT('Ctrl Pts',(-6.38342194200091,32.2,-2.2578496565756));
#12465=CARTESIAN_POINT('Ctrl Pts',(-6.38342194200091,27.88,-2.2578496565756));
#12466=CARTESIAN_POINT('Ctrl Pts',(-6.36143712797987,32.2,-2.32024806314709));
#12467=CARTESIAN_POINT('Ctrl Pts',(-6.36143712797987,27.88,-2.32024806314709));
#12468=CARTESIAN_POINT('',(-6.42257300576053,29.2,-2.0522888677529));
#12469=CARTESIAN_POINT('Origin',(-6.0934880196199,29.2,-1.77048806231349));
#12470=CARTESIAN_POINT('',(-6.42257300576053,32.2,-2.0522888677529));
#12471=CARTESIAN_POINT('',(-6.42257300576053,32.2,-2.0522888677529));
#12472=CARTESIAN_POINT('Origin',(-6.17072209939359,32.2,-1.85954500150158));
#12473=CARTESIAN_POINT('Origin',(-5.41101635053626,32.2,-1.96277761639745));
#12474=CARTESIAN_POINT('',(-6.4252311490325,32.2,-2.01403650205607));
#12475=CARTESIAN_POINT('Origin',(-5.41101635053626,32.2,-1.96277761639745));
#12476=CARTESIAN_POINT('',(-6.4252311490325,29.2,-2.01403650205607));
#12477=CARTESIAN_POINT('Origin',(-5.41101635053626,29.2,-1.96277761639745));
#12478=CARTESIAN_POINT('',(-6.4252311490325,32.2,-2.01403650205607));
#12479=CARTESIAN_POINT('Origin',(-6.48765147855356,32.2,-2.0171912544206));
#12480=CARTESIAN_POINT('Origin',(-6.48765147855356,32.2,-2.0171912544206));
#12481=CARTESIAN_POINT('Origin',(-6.48765147855356,29.2,-2.0171912544206));
#12482=CARTESIAN_POINT('Origin',(-5.88664843973241,32.2,-2.21246897922943));
#12483=CARTESIAN_POINT('',(-5.93529323019493,32.2,-2.17322698181776));
#12484=CARTESIAN_POINT('Origin',(-5.88664843973241,32.2,-2.21246897922943));
#12485=CARTESIAN_POINT('',(-5.93529323019493,29.2,-2.17322698181776));
#12486=CARTESIAN_POINT('Origin',(-5.88664843973241,29.2,-2.21246897922943));
#12487=CARTESIAN_POINT('',(-5.93529323019493,32.2,-2.17322698181776));
#12488=CARTESIAN_POINT('Origin',(-6.72568102108587,32.2,-1.53561717099434));
#12489=CARTESIAN_POINT('Origin',(-6.72568102108587,32.2,-1.53561717099434));
#12490=CARTESIAN_POINT('Origin',(-6.72568102108587,29.2,-1.53561717099434));
#12491=CARTESIAN_POINT('Origin',(-6.20449212600915,29.2,-2.16851945404212));
#12492=CARTESIAN_POINT('Origin',(-5.5,32.125,1.11325E-15));
#12493=CARTESIAN_POINT('',(-4.63856287202013,32.05,2.32024806314709));
#12494=CARTESIAN_POINT('',(-4.59128167433492,32.2,2.14005981332309));
#12495=CARTESIAN_POINT('Origin',(-4.96914788690555,32.6860975332573,1.67402459491099));
#12496=CARTESIAN_POINT('',(-4.97821382418255,32.2,2.26569287122633));
#12497=CARTESIAN_POINT('Origin',(-5.5,32.2,1.116277E-15));
#12498=CARTESIAN_POINT('',(-4.83310968294321,32.05,2.3834601538553));
#12499=CARTESIAN_POINT('Ctrl Pts',(-4.97821382418256,32.2,2.26569287122633));
#12500=CARTESIAN_POINT('Ctrl Pts',(-4.95534458102593,32.1736489812116,2.2874669008748));
#12501=CARTESIAN_POINT('Ctrl Pts',(-4.93135105053784,32.1473939946242,2.30868250338572));
#12502=CARTESIAN_POINT('Ctrl Pts',(-4.90645165774418,32.1216598940243,2.32889330592751));
#12503=CARTESIAN_POINT('Ctrl Pts',(-4.88432224942668,32.0987886366978,2.34685571591789));
#12504=CARTESIAN_POINT('Ctrl Pts',(-4.86117519175041,32.0760166434292,2.36426934745715));
#12505=CARTESIAN_POINT('Ctrl Pts',(-4.83721071916642,32.0537908063859,2.38066903987089));
#12506=CARTESIAN_POINT('Ctrl Pts',(-4.83584633219007,32.052525406428,2.38160273564353));
#12507=CARTESIAN_POINT('Ctrl Pts',(-4.8344793065225,32.0512617768083,2.38253313651288));
#12508=CARTESIAN_POINT('Ctrl Pts',(-4.83310968294322,32.05,2.38346015385529));
#12509=CARTESIAN_POINT('Origin',(-5.5,32.05,1.110223E-15));
#12510=CARTESIAN_POINT('Origin',(-5.5,32.2,1.110223E-15));
#12511=CARTESIAN_POINT('',(-4.83310968294321,29.2,2.3834601538553));
#12512=CARTESIAN_POINT('',(-4.83310968294321,32.05,2.3834601538553));
#12513=CARTESIAN_POINT('',(-4.63856287202013,29.2,2.32024806314709));
#12514=CARTESIAN_POINT('Origin',(-5.5,29.2,1.110223E-15));
#12515=CARTESIAN_POINT('',(-4.63856287202013,32.05,2.32024806314709));
#12516=CARTESIAN_POINT('Ctrl Pts',(-4.83310968294321,32.2,2.3834601538553));
#12517=CARTESIAN_POINT('Ctrl Pts',(-4.83310968294321,27.88,2.3834601538553));
#12518=CARTESIAN_POINT('Ctrl Pts',(-4.88873954946756,32.2,2.34580758142259));
#12519=CARTESIAN_POINT('Ctrl Pts',(-4.88873954946756,27.88,2.34580758142259));
#12520=CARTESIAN_POINT('Ctrl Pts',(-4.94229838020268,32.2,2.30201654174858));
#12521=CARTESIAN_POINT('Ctrl Pts',(-4.94229838020268,27.88,2.30201654174858));
#12522=CARTESIAN_POINT('Ctrl Pts',(-4.99303298486249,32.2,2.2539590267368));
#12523=CARTESIAN_POINT('Ctrl Pts',(-4.99303298486249,27.88,2.2539590267368));
#12524=CARTESIAN_POINT('Ctrl Pts',(-5.04007211030267,32.2,2.20261137832779));
#12525=CARTESIAN_POINT('Ctrl Pts',(-5.04007211030267,27.88,2.20261137832779));
#12526=CARTESIAN_POINT('',(-5.04007211030267,32.2,2.20261137832779));
#12527=CARTESIAN_POINT('Origin',(-4.86461469682704,32.2,2.0435281039126));
#12528=CARTESIAN_POINT('',(-5.04007211030267,29.2,2.20261137832779));
#12529=CARTESIAN_POINT('',(-5.04007211030267,32.2,2.20261137832779));
#12530=CARTESIAN_POINT('Origin',(-4.85484411404796,29.2,2.02337605920208));
#12531=CARTESIAN_POINT('Ctrl Pts',(-4.57742699423947,32.2,2.0522888677529));
#12532=CARTESIAN_POINT('Ctrl Pts',(-4.57742699423947,27.88,2.0522888677529));
#12533=CARTESIAN_POINT('Ctrl Pts',(-4.58653011742222,32.2,2.12249048540927));
#12534=CARTESIAN_POINT('Ctrl Pts',(-4.58653011742222,27.88,2.12249048540927));
#12535=CARTESIAN_POINT('Ctrl Pts',(-4.59949903794991,32.2,2.19134272921944));
#12536=CARTESIAN_POINT('Ctrl Pts',(-4.59949903794991,27.88,2.19134272921944));
#12537=CARTESIAN_POINT('Ctrl Pts',(-4.61657805799908,32.2,2.2578496565756));
#12538=CARTESIAN_POINT('Ctrl Pts',(-4.61657805799908,27.88,2.2578496565756));
#12539=CARTESIAN_POINT('Ctrl Pts',(-4.63856287202013,32.2,2.32024806314709));
#12540=CARTESIAN_POINT('Ctrl Pts',(-4.63856287202013,27.88,2.32024806314709));
#12541=CARTESIAN_POINT('',(-4.57742699423947,29.2,2.0522888677529));
#12542=CARTESIAN_POINT('Origin',(-4.90651198037117,29.2,1.7704880623248));
#12543=CARTESIAN_POINT('',(-4.57742699423947,32.2,2.0522888677529));
#12544=CARTESIAN_POINT('',(-4.57742699423947,32.2,2.0522888677529));
#12545=CARTESIAN_POINT('Origin',(-4.82927789846523,32.2,1.85954500358727));
#12546=CARTESIAN_POINT('Origin',(-5.58898364946374,32.2,1.96277761639745));
#12547=CARTESIAN_POINT('',(-4.5747688509675,32.2,2.01403650205607));
#12548=CARTESIAN_POINT('Origin',(-5.58898364946374,32.2,1.96277761639745));
#12549=CARTESIAN_POINT('',(-4.5747688509675,29.2,2.01403650205607));
#12550=CARTESIAN_POINT('Origin',(-5.58898364946374,29.2,1.96277761639745));
#12551=CARTESIAN_POINT('',(-4.5747688509675,32.2,2.01403650205607));
#12552=CARTESIAN_POINT('Origin',(-4.51234852144644,32.2,2.0171912544206));
#12553=CARTESIAN_POINT('Origin',(-4.51234852144644,32.2,2.0171912544206));
#12554=CARTESIAN_POINT('Origin',(-4.51234852144644,29.2,2.0171912544206));
#12555=CARTESIAN_POINT('Origin',(-5.11335156026759,32.2,2.21246897922943));
#12556=CARTESIAN_POINT('',(-5.06470676980507,32.2,2.17322698181776));
#12557=CARTESIAN_POINT('Origin',(-5.11335156026759,32.2,2.21246897922943));
#12558=CARTESIAN_POINT('',(-5.06470676980507,29.2,2.17322698181776));
#12559=CARTESIAN_POINT('Origin',(-5.11335156026759,29.2,2.21246897922943));
#12560=CARTESIAN_POINT('',(-5.06470676980507,32.2,2.17322698181776));
#12561=CARTESIAN_POINT('Origin',(-4.27431897891413,32.2,1.53561717099434));
#12562=CARTESIAN_POINT('Origin',(-4.27431897891413,32.2,1.53561717099434));
#12563=CARTESIAN_POINT('Origin',(-4.27431897891413,29.2,1.53561717099434));
#12564=CARTESIAN_POINT('Origin',(-4.79550787399085,29.2,2.16851945404212));
#12565=CARTESIAN_POINT('Origin',(-5.5,32.125,1.116068E-15));
#12566=CARTESIAN_POINT('',(-3.96372852337816,32.05,1.94048832774592));
#12567=CARTESIAN_POINT('',(-3.97444266360369,32.2,1.75450842499186));
#12568=CARTESIAN_POINT('Origin',(-4.47782758993428,32.686097533382,1.42804967488753));
#12569=CARTESIAN_POINT('',(-4.30361425613298,32.2,1.99356117334577));
#12570=CARTESIAN_POINT('Origin',(-5.5,32.2,1.121914E-15));
#12571=CARTESIAN_POINT('',(-4.12921992535219,32.05,2.06072486929929));
#12572=CARTESIAN_POINT('Ctrl Pts',(-4.30361425613299,32.2,1.99356117334577));
#12573=CARTESIAN_POINT('Ctrl Pts',(-4.27513576820869,32.1736489812116,2.00720252134509));
#12574=CARTESIAN_POINT('Ctrl Pts',(-4.24576058296725,32.1473939946241,2.01996534968437));
#12575=CARTESIAN_POINT('Ctrl Pts',(-4.21583437174363,32.1216598940242,2.03149262961844));
#12576=CARTESIAN_POINT('Ctrl Pts',(-4.18923736381498,32.098788636698,2.04173753344243));
#12577=CARTESIAN_POINT('Ctrl Pts',(-4.16184209570006,32.0760166434299,2.05114604699828));
#12578=CARTESIAN_POINT('Ctrl Pts',(-4.13398274423167,32.0537908063871,2.0593376520438));
#12579=CARTESIAN_POINT('Ctrl Pts',(-4.13239660724527,32.0525254064287,2.05980403073015));
#12580=CARTESIAN_POINT('Ctrl Pts',(-4.1308089788955,32.0512617768087,2.06026646037682));
#12581=CARTESIAN_POINT('Ctrl Pts',(-4.12921992535219,32.05,2.06072486929929));
#12582=CARTESIAN_POINT('Origin',(-5.5,32.05,1.110223E-15));
#12583=CARTESIAN_POINT('Origin',(-5.5,32.2,1.110223E-15));
#12584=CARTESIAN_POINT('',(-4.12921992535219,29.2,2.06072486929929));
#12585=CARTESIAN_POINT('',(-4.12921992535219,32.05,2.06072486929929));
#12586=CARTESIAN_POINT('',(-3.96372852337816,29.2,1.94048832774592));
#12587=CARTESIAN_POINT('Origin',(-5.5,29.2,1.110223E-15));
#12588=CARTESIAN_POINT('',(-3.96372852337816,32.05,1.94048832774592));
#12589=CARTESIAN_POINT('Ctrl Pts',(-4.12921992535219,32.2,2.06072486929929));
#12590=CARTESIAN_POINT('Ctrl Pts',(-4.12921992535219,27.88,2.06072486929929));
#12591=CARTESIAN_POINT('Ctrl Pts',(-4.19376235717444,32.2,2.04210571908272));
#12592=CARTESIAN_POINT('Ctrl Pts',(-4.19376235717444,27.88,2.04210571908272));
#12593=CARTESIAN_POINT('Ctrl Pts',(-4.25823200761083,32.2,2.01700855434142));
#12594=CARTESIAN_POINT('Ctrl Pts',(-4.25823200761083,27.88,2.01700855434142));
#12595=CARTESIAN_POINT('Ctrl Pts',(-4.32133407282028,32.2,1.98698099657529));
#12596=CARTESIAN_POINT('Ctrl Pts',(-4.32133407282028,27.88,1.98698099657529));
#12597=CARTESIAN_POINT('Ctrl Pts',(-4.38193823557056,32.2,1.95268237012101));
#12598=CARTESIAN_POINT('Ctrl Pts',(-4.38193823557056,27.88,1.95268237012101));
#12599=CARTESIAN_POINT('',(-4.38193823557056,32.2,1.95268237012101));
#12600=CARTESIAN_POINT('Origin',(-4.2642277541934,32.2,1.74716586206769));
#12601=CARTESIAN_POINT('',(-4.38193823557056,29.2,1.95268237012101));
#12602=CARTESIAN_POINT('',(-4.38193823557056,32.2,1.95268237012101));
#12603=CARTESIAN_POINT('Origin',(-4.26116270233386,29.2,1.72498085324112));
#12604=CARTESIAN_POINT('Ctrl Pts',(-3.98838879361128,32.2,1.66675196366482));
#12605=CARTESIAN_POINT('Ctrl Pts',(-3.98838879361128,27.88,1.66675196366482));
#12606=CARTESIAN_POINT('Ctrl Pts',(-3.97535288534444,32.2,1.73633068935673));
#12607=CARTESIAN_POINT('Ctrl Pts',(-3.97535288534444,27.88,1.73633068935673));
#12608=CARTESIAN_POINT('Ctrl Pts',(-3.96641054828342,32.2,1.80582068133569));
#12609=CARTESIAN_POINT('Ctrl Pts',(-3.96641054828342,27.88,1.80582068133569));
#12610=CARTESIAN_POINT('Ctrl Pts',(-3.96210189079641,32.2,1.87435023541899));
#12611=CARTESIAN_POINT('Ctrl Pts',(-3.96210189079641,27.88,1.87435023541899));
#12612=CARTESIAN_POINT('Ctrl Pts',(-3.96372852337816,32.2,1.94048832774592));
#12613=CARTESIAN_POINT('Ctrl Pts',(-3.96372852337816,27.88,1.94048832774592));
#12614=CARTESIAN_POINT('',(-3.98838879361128,29.2,1.66675196366482));
#12615=CARTESIAN_POINT('Origin',(-4.38844845201394,29.2,1.50043632465729));
#12616=CARTESIAN_POINT('',(-3.98838879361128,32.2,1.66675196366482));
#12617=CARTESIAN_POINT('',(-3.98838879361128,32.2,1.66675196366482));
#12618=CARTESIAN_POINT('Origin',(-4.28747437026763,32.2,1.5612678634079));
#12619=CARTESIAN_POINT('Origin',(-4.97809684002065,32.2,1.89420990201887));
#12620=CARTESIAN_POINT('',(-3.99768138020659,32.2,1.62955039056063));
#12621=CARTESIAN_POINT('Origin',(-4.97809684002065,32.2,1.89420990201887));
#12622=CARTESIAN_POINT('',(-3.99768138020659,29.2,1.62955039056063));
#12623=CARTESIAN_POINT('Origin',(-4.97809684002065,29.2,1.89420990201887));
#12624=CARTESIAN_POINT('',(-3.99768138020659,32.2,1.62955039056063));
#12625=CARTESIAN_POINT('Origin',(-3.9373412469726,32.2,1.61326179573771));
#12626=CARTESIAN_POINT('Origin',(-3.9373412469726,32.2,1.61326179573771));
#12627=CARTESIAN_POINT('Origin',(-3.9373412469726,29.2,1.61326179573771));
#12628=CARTESIAN_POINT('Origin',(-4.44858496776785,32.2,1.98470210107116));
#12629=CARTESIAN_POINT('',(-4.41444746690808,32.2,1.93234867677963));
#12630=CARTESIAN_POINT('Origin',(-4.44858496776785,32.2,1.98470210107116));
#12631=CARTESIAN_POINT('',(-4.41444746690808,29.2,1.93234867677963));
#12632=CARTESIAN_POINT('Origin',(-4.44858496776785,29.2,1.98470210107116));
#12633=CARTESIAN_POINT('',(-4.41444746690808,32.2,1.93234867677963));
#12634=CARTESIAN_POINT('Origin',(-3.85977627530576,32.2,1.08170245181052));
#12635=CARTESIAN_POINT('Origin',(-3.85977627530576,32.2,1.08170245181052));
#12636=CARTESIAN_POINT('Origin',(-3.85977627530576,29.2,1.08170245181052));
#12637=CARTESIAN_POINT('Origin',(-4.15987880894867,29.2,1.8446845181394));
#12638=CARTESIAN_POINT('Origin',(-5.5,32.125,-1.116068E-15));
#12639=CARTESIAN_POINT('',(-7.03627147662185,32.05,-1.94048832774592));
#12640=CARTESIAN_POINT('',(-7.02555733639631,32.2,-1.75450842499186));
#12641=CARTESIAN_POINT('Origin',(-6.52217241066213,32.6860975327271,-1.42804967537573));
#12642=CARTESIAN_POINT('',(-6.69638574386702,32.2,-1.99356117334577));
#12643=CARTESIAN_POINT('Origin',(-5.5,32.2,-1.121914E-15));
#12644=CARTESIAN_POINT('',(-6.87078007464781,32.05,-2.06072486929929));
#12645=CARTESIAN_POINT('Ctrl Pts',(-6.69638574386701,32.2,-1.99356117334577));
#12646=CARTESIAN_POINT('Ctrl Pts',(-6.7248642317913,32.1736489812116,-2.00720252134508));
#12647=CARTESIAN_POINT('Ctrl Pts',(-6.75423941703272,32.1473939946241,-2.01996534968436));
#12648=CARTESIAN_POINT('Ctrl Pts',(-6.78416562825633,32.1216598940242,-2.03149262961843));
#12649=CARTESIAN_POINT('Ctrl Pts',(-6.81076263618447,32.0987886366985,-2.04173753344222));
#12650=CARTESIAN_POINT('Ctrl Pts',(-6.83815790429887,32.0760166434308,-2.05114604699791));
#12651=CARTESIAN_POINT('Ctrl Pts',(-6.86601725576671,32.0537908063883,-2.05933765204332));
#12652=CARTESIAN_POINT('Ctrl Pts',(-6.86760339275365,32.0525254064296,-2.05980403072984));
#12653=CARTESIAN_POINT('Ctrl Pts',(-6.86919102110396,32.0512617768091,-2.06026646037667));
#12654=CARTESIAN_POINT('Ctrl Pts',(-6.87078007464781,32.05,-2.06072486929929));
#12655=CARTESIAN_POINT('Origin',(-5.5,32.05,-1.110223E-15));
#12656=CARTESIAN_POINT('Origin',(-5.5,32.2,-1.110223E-15));
#12657=CARTESIAN_POINT('',(-6.87078007464781,29.2,-2.06072486929929));
#12658=CARTESIAN_POINT('',(-6.87078007464781,32.05,-2.06072486929929));
#12659=CARTESIAN_POINT('',(-7.03627147662185,29.2,-1.94048832774592));
#12660=CARTESIAN_POINT('Origin',(-5.5,29.2,-1.110223E-15));
#12661=CARTESIAN_POINT('',(-7.03627147662185,32.05,-1.94048832774592));
#12662=CARTESIAN_POINT('Ctrl Pts',(-6.87078007464781,32.2,-2.06072486929929));
#12663=CARTESIAN_POINT('Ctrl Pts',(-6.87078007464781,27.88,-2.06072486929929));
#12664=CARTESIAN_POINT('Ctrl Pts',(-6.80623764282556,32.2,-2.04210571908272));
#12665=CARTESIAN_POINT('Ctrl Pts',(-6.80623764282556,27.88,-2.04210571908272));
#12666=CARTESIAN_POINT('Ctrl Pts',(-6.74176799238916,32.2,-2.01700855434142));
#12667=CARTESIAN_POINT('Ctrl Pts',(-6.74176799238916,27.88,-2.01700855434142));
#12668=CARTESIAN_POINT('Ctrl Pts',(-6.67866592717973,32.2,-1.98698099657529));
#12669=CARTESIAN_POINT('Ctrl Pts',(-6.67866592717973,27.88,-1.98698099657529));
#12670=CARTESIAN_POINT('Ctrl Pts',(-6.61806176442943,32.2,-1.95268237012101));
#12671=CARTESIAN_POINT('Ctrl Pts',(-6.61806176442943,27.88,-1.95268237012101));
#12672=CARTESIAN_POINT('',(-6.61806176442943,32.2,-1.95268237012101));
#12673=CARTESIAN_POINT('Origin',(-6.73577224585638,32.2,-1.74716586191117));
#12674=CARTESIAN_POINT('',(-6.61806176442943,29.2,-1.95268237012101));
#12675=CARTESIAN_POINT('',(-6.61806176442943,32.2,-1.95268237012101));
#12676=CARTESIAN_POINT('Origin',(-6.73883729766606,29.2,-1.72498085324407));
#12677=CARTESIAN_POINT('Ctrl Pts',(-7.01161120638872,32.2,-1.66675196366482));
#12678=CARTESIAN_POINT('Ctrl Pts',(-7.01161120638872,27.88,-1.66675196366482));
#12679=CARTESIAN_POINT('Ctrl Pts',(-7.02464711465556,32.2,-1.73633068935673));
#12680=CARTESIAN_POINT('Ctrl Pts',(-7.02464711465556,27.88,-1.73633068935673));
#12681=CARTESIAN_POINT('Ctrl Pts',(-7.03358945171658,32.2,-1.80582068133569));
#12682=CARTESIAN_POINT('Ctrl Pts',(-7.03358945171658,27.88,-1.80582068133569));
#12683=CARTESIAN_POINT('Ctrl Pts',(-7.03789810920359,32.2,-1.87435023541899));
#12684=CARTESIAN_POINT('Ctrl Pts',(-7.03789810920359,27.88,-1.87435023541899));
#12685=CARTESIAN_POINT('Ctrl Pts',(-7.03627147662185,32.2,-1.94048832774592));
#12686=CARTESIAN_POINT('Ctrl Pts',(-7.03627147662185,27.88,-1.94048832774592));
#12687=CARTESIAN_POINT('',(-7.01161120638872,29.2,-1.66675196366482));
#12688=CARTESIAN_POINT('Origin',(-6.6115515480085,29.2,-1.50043632467455));
#12689=CARTESIAN_POINT('',(-7.01161120638872,32.2,-1.66675196366482));
#12690=CARTESIAN_POINT('',(-7.01161120638872,32.2,-1.66675196366482));
#12691=CARTESIAN_POINT('Origin',(-6.71252562811118,32.2,-1.56126786264837));
#12692=CARTESIAN_POINT('Origin',(-6.02190315997935,32.2,-1.89420990201887));
#12693=CARTESIAN_POINT('',(-7.00231861979341,32.2,-1.62955039056063));
#12694=CARTESIAN_POINT('Origin',(-6.02190315997935,32.2,-1.89420990201887));
#12695=CARTESIAN_POINT('',(-7.00231861979341,29.2,-1.62955039056063));
#12696=CARTESIAN_POINT('Origin',(-6.02190315997935,29.2,-1.89420990201887));
#12697=CARTESIAN_POINT('',(-7.00231861979341,32.2,-1.62955039056063));
#12698=CARTESIAN_POINT('Origin',(-7.06265875302739,32.2,-1.61326179573771));
#12699=CARTESIAN_POINT('Origin',(-7.06265875302739,32.2,-1.61326179573771));
#12700=CARTESIAN_POINT('Origin',(-7.06265875302739,29.2,-1.61326179573771));
#12701=CARTESIAN_POINT('Origin',(-6.55141503223215,32.2,-1.98470210107116));
#12702=CARTESIAN_POINT('',(-6.58555253309192,32.2,-1.93234867677963));
#12703=CARTESIAN_POINT('Origin',(-6.55141503223215,32.2,-1.98470210107116));
#12704=CARTESIAN_POINT('',(-6.58555253309192,29.2,-1.93234867677963));
#12705=CARTESIAN_POINT('Origin',(-6.55141503223215,29.2,-1.98470210107116));
#12706=CARTESIAN_POINT('',(-6.58555253309192,32.2,-1.93234867677963));
#12707=CARTESIAN_POINT('Origin',(-7.14022372469424,32.2,-1.08170245181052));
#12708=CARTESIAN_POINT('Origin',(-7.14022372469424,32.2,-1.08170245181052));
#12709=CARTESIAN_POINT('Origin',(-7.14022372469424,29.2,-1.08170245181052));
#12710=CARTESIAN_POINT('Origin',(-6.84012119105133,29.2,-1.8446845181394));
#12711=CARTESIAN_POINT('Origin',(-5.5,32.125,-1.110135E-15));
#12712=CARTESIAN_POINT('',(-5.60227931126583,32.05,-2.47288575200857));
#12713=CARTESIAN_POINT('',(-5.70292763380488,32.2,-2.31612723645277));
#12714=CARTESIAN_POINT('Origin',(-5.48756831278617,32.6860975323631,-1.75613432489122));
#12715=CARTESIAN_POINT('',(-5.2961105413808,32.2,-2.31604276486078));
#12716=CARTESIAN_POINT('Origin',(-5.5,32.2,-1.110047E-15));
#12717=CARTESIAN_POINT('',(-5.39772068873418,32.05,-2.47288575200857));
#12718=CARTESIAN_POINT('Ctrl Pts',(-5.2961105413808,32.2,-2.31604276486078));
#12719=CARTESIAN_POINT('Ctrl Pts',(-5.31113193891024,32.1736489812116,-2.34381808242784));
#12720=CARTESIAN_POINT('Ctrl Pts',(-5.32739516070811,32.1473939946241,-2.37140972811889));
#12721=CARTESIAN_POINT('Ctrl Pts',(-5.34483040902098,32.1216598940242,-2.39832567909871));
#12722=CARTESIAN_POINT('Ctrl Pts',(-5.3603260370557,32.0987886366983,-2.42224730941334));
#12723=CARTESIAN_POINT('Ctrl Pts',(-5.37695908901179,32.0760166434305,-2.4459614913521));
#12724=CARTESIAN_POINT('Ctrl Pts',(-5.39468287316339,32.0537908063879,-2.46896395497641));
#12725=CARTESIAN_POINT('Ctrl Pts',(-5.39569195442718,32.0525254064293,-2.4702735711885));
#12726=CARTESIAN_POINT('Ctrl Pts',(-5.39670456341659,32.051261776809,-2.47158086916177));
#12727=CARTESIAN_POINT('Ctrl Pts',(-5.39772068873418,32.05,-2.47288575200857));
#12728=CARTESIAN_POINT('Origin',(-5.5,32.05,-1.110223E-15));
#12729=CARTESIAN_POINT('Origin',(-5.5,32.2,-1.110223E-15));
#12730=CARTESIAN_POINT('',(-5.39772068873418,29.2,-2.47288575200857));
#12731=CARTESIAN_POINT('',(-5.39772068873418,32.05,-2.47288575200857));
#12732=CARTESIAN_POINT('',(-5.60227931126583,29.2,-2.47288575200857));
#12733=CARTESIAN_POINT('Origin',(-5.5,29.2,-1.110223E-15));
#12734=CARTESIAN_POINT('',(-5.60227931126583,32.05,-2.47288575200857));
#12735=CARTESIAN_POINT('Ctrl Pts',(-5.39772068873418,32.2,-2.47288575200857));
#12736=CARTESIAN_POINT('Ctrl Pts',(-5.39772068873418,27.88,-2.47288575200857));
#12737=CARTESIAN_POINT('Ctrl Pts',(-5.35644882643921,32.2,-2.41988545349034));
#12738=CARTESIAN_POINT('Ctrl Pts',(-5.35644882643921,27.88,-2.41988545349034));
#12739=CARTESIAN_POINT('Ctrl Pts',(-5.31904352692405,32.2,-2.36168711095703));
#12740=CARTESIAN_POINT('Ctrl Pts',(-5.31904352692405,27.88,-2.36168711095703));
#12741=CARTESIAN_POINT('Ctrl Pts',(-5.28564263940674,32.2,-2.30030384310535));
#12742=CARTESIAN_POINT('Ctrl Pts',(-5.28564263940674,27.88,-2.30030384310535));
#12743=CARTESIAN_POINT('Ctrl Pts',(-5.25677306861561,32.2,-2.23693343832797));
#12744=CARTESIAN_POINT('Ctrl Pts',(-5.25677306861561,27.88,-2.23693343832797));
#12745=CARTESIAN_POINT('',(-5.25677306861561,32.2,-2.23693343832797));
#12746=CARTESIAN_POINT('Origin',(-5.47280242119921,32.2,-2.13985557553976));
#12747=CARTESIAN_POINT('',(-5.25677306861561,29.2,-2.23693343832797));
#12748=CARTESIAN_POINT('',(-5.25677306861561,32.2,-2.23693343832797));
#12749=CARTESIAN_POINT('Origin',(-5.488322121054,29.2,-2.12370911880398));
#12750=CARTESIAN_POINT('Ctrl Pts',(-5.74322693138439,32.2,-2.23693343832798));
#12751=CARTESIAN_POINT('Ctrl Pts',(-5.74322693138439,27.88,-2.23693343832798));
#12752=CARTESIAN_POINT('Ctrl Pts',(-5.71287585387437,32.2,-2.30088612448917));
#12753=CARTESIAN_POINT('Ctrl Pts',(-5.71287585387437,27.88,-2.30088612448917));
#12754=CARTESIAN_POINT('Ctrl Pts',(-5.679265164059,32.2,-2.36236088278462));
#12755=CARTESIAN_POINT('Ctrl Pts',(-5.679265164059,27.88,-2.36236088278462));
#12756=CARTESIAN_POINT('Ctrl Pts',(-5.64247027995259,32.2,-2.420335021983));
#12757=CARTESIAN_POINT('Ctrl Pts',(-5.64247027995259,27.88,-2.420335021983));
#12758=CARTESIAN_POINT('Ctrl Pts',(-5.60227931126583,32.2,-2.47288575200857));
#12759=CARTESIAN_POINT('Ctrl Pts',(-5.60227931126583,27.88,-2.47288575200857));
#12760=CARTESIAN_POINT('',(-5.74322693138439,29.2,-2.23693343832798));
#12761=CARTESIAN_POINT('Origin',(-5.51732974881482,29.2,-1.8672320927196));
#12762=CARTESIAN_POINT('',(-5.74322693138439,32.2,-2.23693343832798));
#12763=CARTESIAN_POINT('',(-5.74322693138439,32.2,-2.23693343832798));
#12764=CARTESIAN_POINT('Origin',(-5.56326361765164,32.2,-1.97579692141093));
#12765=CARTESIAN_POINT('Origin',(-4.80883988068822,32.2,-1.83921498220727));
#12766=CARTESIAN_POINT('',(-5.75757560693981,32.2,-2.20137468811283));
#12767=CARTESIAN_POINT('Origin',(-4.80883988068822,32.2,-1.83921498220727));
#12768=CARTESIAN_POINT('',(-5.75757560693981,29.2,-2.20137468811283));
#12769=CARTESIAN_POINT('Origin',(-4.80883988068822,29.2,-1.83921498220727));
#12770=CARTESIAN_POINT('',(-5.75757560693981,32.2,-2.20137468811283));
#12771=CARTESIAN_POINT('Origin',(-5.81596599598642,32.2,-2.2236639785229));
#12772=CARTESIAN_POINT('Origin',(-5.81596599598642,32.2,-2.2236639785229));
#12773=CARTESIAN_POINT('Origin',(-5.81596599598642,29.2,-2.2236639785229));
#12774=CARTESIAN_POINT('Origin',(-5.18403400401358,32.2,-2.22366397852291));
#12775=CARTESIAN_POINT('',(-5.24242439306019,32.2,-2.20137468811283));
#12776=CARTESIAN_POINT('Origin',(-5.18403400401358,32.2,-2.22366397852291));
#12777=CARTESIAN_POINT('',(-5.24242439306019,29.2,-2.20137468811283));
#12778=CARTESIAN_POINT('Origin',(-5.18403400401358,29.2,-2.22366397852291));
#12779=CARTESIAN_POINT('',(-5.24242439306019,32.2,-2.20137468811283));
#12780=CARTESIAN_POINT('Origin',(-6.19116011931178,32.2,-1.83921498220727));
#12781=CARTESIAN_POINT('Origin',(-6.19116011931178,32.2,-1.83921498220727));
#12782=CARTESIAN_POINT('Origin',(-6.19116011931178,29.2,-1.83921498220727));
#12783=CARTESIAN_POINT('Origin',(-5.49990246318793,29.2,-2.28008459681973));
#12784=CARTESIAN_POINT('Origin',(-5.5,32.125,2.693607E-16));
#12785=CARTESIAN_POINT('',(-7.44048832774592,32.05,1.53627147662184));
#12786=CARTESIAN_POINT('',(-7.25450842499186,32.2,1.52555733639631));
#12787=CARTESIAN_POINT('Origin',(-6.92804967495209,32.6860975332944,1.02217241014741));
#12788=CARTESIAN_POINT('',(-7.49356117334577,32.2,1.19638574386702));
#12789=CARTESIAN_POINT('Origin',(-5.5,32.2,2.611656E-16));
#12790=CARTESIAN_POINT('',(-7.56072486929928,32.05,1.37078007464781));
#12791=CARTESIAN_POINT('Ctrl Pts',(-7.49356117334577,32.2,1.19638574386701));
#12792=CARTESIAN_POINT('Ctrl Pts',(-7.50720252134509,32.1736489812116,1.22486423179131));
#12793=CARTESIAN_POINT('Ctrl Pts',(-7.51996534968436,32.1473939946241,1.25423941703273));
#12794=CARTESIAN_POINT('Ctrl Pts',(-7.53149262961843,32.1216598940242,1.28416562825633));
#12795=CARTESIAN_POINT('Ctrl Pts',(-7.54173753344254,32.0987886366978,1.31076263618529));
#12796=CARTESIAN_POINT('Ctrl Pts',(-7.55114604699852,32.0760166434293,1.33815790430065));
#12797=CARTESIAN_POINT('Ctrl Pts',(-7.55933765204412,32.0537908063862,1.36601725576946));
#12798=CARTESIAN_POINT('Ctrl Pts',(-7.55980403073036,32.0525254064281,1.36760339275548));
#12799=CARTESIAN_POINT('Ctrl Pts',(-7.56026646037692,32.0512617768084,1.36919102110488));
#12800=CARTESIAN_POINT('Ctrl Pts',(-7.56072486929928,32.05,1.37078007464781));
#12801=CARTESIAN_POINT('Origin',(-5.5,32.05,2.775558E-16));
#12802=CARTESIAN_POINT('Origin',(-5.5,32.2,2.775558E-16));
#12803=CARTESIAN_POINT('',(-7.56072486929928,29.2,1.37078007464781));
#12804=CARTESIAN_POINT('',(-7.56072486929928,32.05,1.37078007464781));
#12805=CARTESIAN_POINT('',(-7.44048832774592,29.2,1.53627147662184));
#12806=CARTESIAN_POINT('Origin',(-5.5,29.2,2.775558E-16));
#12807=CARTESIAN_POINT('',(-7.44048832774592,32.05,1.53627147662184));
#12808=CARTESIAN_POINT('Ctrl Pts',(-7.56072486929928,32.2,1.37078007464781));
#12809=CARTESIAN_POINT('Ctrl Pts',(-7.56072486929928,27.88,1.37078007464781));
#12810=CARTESIAN_POINT('Ctrl Pts',(-7.54210571908272,32.2,1.30623764282556));
#12811=CARTESIAN_POINT('Ctrl Pts',(-7.54210571908272,27.88,1.30623764282556));
#12812=CARTESIAN_POINT('Ctrl Pts',(-7.51700855434142,32.2,1.24176799238916));
#12813=CARTESIAN_POINT('Ctrl Pts',(-7.51700855434142,27.88,1.24176799238916));
#12814=CARTESIAN_POINT('Ctrl Pts',(-7.48698099657529,32.2,1.17866592717972));
#12815=CARTESIAN_POINT('Ctrl Pts',(-7.48698099657529,27.88,1.17866592717972));
#12816=CARTESIAN_POINT('Ctrl Pts',(-7.45268237012101,32.2,1.11806176442943));
#12817=CARTESIAN_POINT('Ctrl Pts',(-7.45268237012101,27.88,1.11806176442943));
#12818=CARTESIAN_POINT('',(-7.45268237012101,32.2,1.11806176442943));
#12819=CARTESIAN_POINT('Origin',(-7.24716586181481,32.2,1.23577224590074));
#12820=CARTESIAN_POINT('',(-7.45268237012101,29.2,1.11806176442943));
#12821=CARTESIAN_POINT('',(-7.45268237012101,32.2,1.11806176442943));
#12822=CARTESIAN_POINT('Origin',(-7.22498085324469,29.2,1.23883729766588));
#12823=CARTESIAN_POINT('Ctrl Pts',(-7.16675196366482,32.2,1.51161120638872));
#12824=CARTESIAN_POINT('Ctrl Pts',(-7.16675196366482,27.88,1.51161120638872));
#12825=CARTESIAN_POINT('Ctrl Pts',(-7.23633068935673,32.2,1.52464711465556));
#12826=CARTESIAN_POINT('Ctrl Pts',(-7.23633068935673,27.88,1.52464711465556));
#12827=CARTESIAN_POINT('Ctrl Pts',(-7.30582068133569,32.2,1.53358945171657));
#12828=CARTESIAN_POINT('Ctrl Pts',(-7.30582068133569,27.88,1.53358945171657));
#12829=CARTESIAN_POINT('Ctrl Pts',(-7.374350235419,32.2,1.53789810920359));
#12830=CARTESIAN_POINT('Ctrl Pts',(-7.374350235419,27.88,1.53789810920359));
#12831=CARTESIAN_POINT('Ctrl Pts',(-7.44048832774592,32.2,1.53627147662184));
#12832=CARTESIAN_POINT('Ctrl Pts',(-7.44048832774592,27.88,1.53627147662184));
#12833=CARTESIAN_POINT('',(-7.16675196366482,29.2,1.51161120638872));
#12834=CARTESIAN_POINT('Origin',(-7.00043632467475,29.2,1.111551548009));
#12835=CARTESIAN_POINT('',(-7.16675196366482,32.2,1.51161120638872));
#12836=CARTESIAN_POINT('',(-7.16675196366482,32.2,1.51161120638872));
#12837=CARTESIAN_POINT('Origin',(-7.06126786470234,32.2,1.21252563236049));
#12838=CARTESIAN_POINT('Origin',(-7.39420990201887,32.2,0.521903159979348));
#12839=CARTESIAN_POINT('',(-7.12955039056063,32.2,1.50231861979341));
#12840=CARTESIAN_POINT('Origin',(-7.39420990201887,32.2,0.521903159979348));
#12841=CARTESIAN_POINT('',(-7.12955039056063,29.2,1.50231861979341));
#12842=CARTESIAN_POINT('Origin',(-7.39420990201887,29.2,0.521903159979348));
#12843=CARTESIAN_POINT('',(-7.12955039056063,32.2,1.50231861979341));
#12844=CARTESIAN_POINT('Origin',(-7.11326179573772,32.2,1.56265875302739));
#12845=CARTESIAN_POINT('Origin',(-7.11326179573772,32.2,1.56265875302739));
#12846=CARTESIAN_POINT('Origin',(-7.11326179573772,29.2,1.56265875302739));
#12847=CARTESIAN_POINT('Origin',(-7.48470210107116,32.2,1.05141503223215));
#12848=CARTESIAN_POINT('',(-7.43234867677963,32.2,1.08555253309192));
#12849=CARTESIAN_POINT('Origin',(-7.48470210107116,32.2,1.05141503223215));
#12850=CARTESIAN_POINT('',(-7.43234867677963,29.2,1.08555253309192));
#12851=CARTESIAN_POINT('Origin',(-7.48470210107116,29.2,1.05141503223215));
#12852=CARTESIAN_POINT('',(-7.43234867677963,32.2,1.08555253309192));
#12853=CARTESIAN_POINT('Origin',(-6.58170245181052,32.2,1.64022372469424));
#12854=CARTESIAN_POINT('Origin',(-6.58170245181052,32.2,1.64022372469424));
#12855=CARTESIAN_POINT('Origin',(-6.58170245181052,29.2,1.64022372469424));
#12856=CARTESIAN_POINT('Origin',(-7.3446845181394,29.2,1.34012119105133));
#12857=CARTESIAN_POINT('Origin',(-5.5,32.125,1.66214E-15));
#12858=CARTESIAN_POINT('',(-6.16689031705677,32.05,2.3834601538553));
#12859=CARTESIAN_POINT('',(-6.0227270287321,32.2,2.2654759882711));
#12860=CARTESIAN_POINT('Origin',(-6.0544985879018,32.6860975327592,1.66634139009595));
#12861=CARTESIAN_POINT('',(-6.4096069722648,32.2,2.13968225585185));
#12862=CARTESIAN_POINT('Origin',(-5.5,32.2,1.658946E-15));
#12863=CARTESIAN_POINT('',(-6.36143712797986,32.05,2.32024806314709));
#12864=CARTESIAN_POINT('Ctrl Pts',(-6.4096069722648,32.2,2.13968225585185));
#12865=CARTESIAN_POINT('Ctrl Pts',(-6.40390381941295,32.1736489812116,2.17074001973205));
#12866=CARTESIAN_POINT('Ctrl Pts',(-6.39696286376745,32.1473939946242,2.20200684608059));
#12867=CARTESIAN_POINT('Ctrl Pts',(-6.38869844351882,32.1216598940243,2.23299322468198));
#12868=CARTESIAN_POINT('Ctrl Pts',(-6.38135341580262,32.0987886366982,2.26053245947462));
#12869=CARTESIAN_POINT('Ctrl Pts',(-6.37286252858057,32.0760166434301,2.28822588245918));
#12870=CARTESIAN_POINT('Ctrl Pts',(-6.36311436034205,32.0537908063872,2.31557947588773));
#12871=CARTESIAN_POINT('Ctrl Pts',(-6.36255936069638,32.0525254064288,2.31713681817903));
#12872=CARTESIAN_POINT('Ctrl Pts',(-6.3620002896091,32.0512617768088,2.31869304582137));
#12873=CARTESIAN_POINT('Ctrl Pts',(-6.36143712797986,32.05,2.32024806314709));
#12874=CARTESIAN_POINT('Origin',(-5.5,32.05,1.665335E-15));
#12875=CARTESIAN_POINT('Origin',(-5.5,32.2,1.665335E-15));
#12876=CARTESIAN_POINT('',(-6.36143712797986,29.2,2.32024806314709));
#12877=CARTESIAN_POINT('',(-6.36143712797986,32.05,2.32024806314709));
#12878=CARTESIAN_POINT('',(-6.16689031705677,29.2,2.3834601538553));
#12879=CARTESIAN_POINT('Origin',(-5.5,29.2,1.665335E-15));
#12880=CARTESIAN_POINT('',(-6.16689031705677,32.05,2.3834601538553));
#12881=CARTESIAN_POINT('Ctrl Pts',(-6.36143712797986,32.2,2.32024806314709));
#12882=CARTESIAN_POINT('Ctrl Pts',(-6.36143712797986,27.88,2.32024806314709));
#12883=CARTESIAN_POINT('Ctrl Pts',(-6.38431100860604,32.2,2.25708807703709));
#12884=CARTESIAN_POINT('Ctrl Pts',(-6.38431100860604,27.88,2.25708807703709));
#12885=CARTESIAN_POINT('Ctrl Pts',(-6.40190128556667,32.2,2.19017929090334));
#12886=CARTESIAN_POINT('Ctrl Pts',(-6.40190128556667,27.88,2.19017929090334));
#12887=CARTESIAN_POINT('Ctrl Pts',(-6.4146989443536,32.2,2.12147889215146));
#12888=CARTESIAN_POINT('Ctrl Pts',(-6.4146989443536,27.88,2.12147889215146));
#12889=CARTESIAN_POINT('Ctrl Pts',(-6.42257300576053,32.2,2.0522888677529));
#12890=CARTESIAN_POINT('Ctrl Pts',(-6.42257300576053,27.88,2.0522888677529));
#12891=CARTESIAN_POINT('',(-6.42257300576053,32.2,2.0522888677529));
#12892=CARTESIAN_POINT('Origin',(-6.1871181724313,32.2,2.02671907484953));
#12893=CARTESIAN_POINT('',(-6.42257300576053,29.2,2.0522888677529));
#12894=CARTESIAN_POINT('',(-6.42257300576053,32.2,2.0522888677529));
#12895=CARTESIAN_POINT('Origin',(-6.16736853169719,29.2,2.01615873310894));
#12896=CARTESIAN_POINT('Ctrl Pts',(-5.95992788969733,32.2,2.2026113783278));
#12897=CARTESIAN_POINT('Ctrl Pts',(-5.95992788969733,27.88,2.2026113783278));
#12898=CARTESIAN_POINT('Ctrl Pts',(-6.00855594659955,32.2,2.25405499848779));
#12899=CARTESIAN_POINT('Ctrl Pts',(-6.00855594659955,27.88,2.25405499848779));
#12900=CARTESIAN_POINT('Ctrl Pts',(-6.05951835720402,32.2,2.30213469360673));
#12901=CARTESIAN_POINT('Ctrl Pts',(-6.05951835720402,27.88,2.30213469360673));
#12902=CARTESIAN_POINT('Ctrl Pts',(-6.1124273657463,32.2,2.34590113197301));
#12903=CARTESIAN_POINT('Ctrl Pts',(-6.1124273657463,27.88,2.34590113197301));
#12904=CARTESIAN_POINT('Ctrl Pts',(-6.16689031705677,32.2,2.3834601538553));
#12905=CARTESIAN_POINT('Ctrl Pts',(-6.16689031705677,27.88,2.3834601538553));
#12906=CARTESIAN_POINT('',(-5.95992788969733,29.2,2.20261137832779));
#12907=CARTESIAN_POINT('Origin',(-6.06052487855712,29.2,1.78119843610435));
#12908=CARTESIAN_POINT('',(-5.95992788969733,32.2,2.20261137832779));
#12909=CARTESIAN_POINT('',(-5.95992788969733,32.2,2.20261137832779));
#12910=CARTESIAN_POINT('Origin',(-6.0503875509433,32.2,1.89864406647515));
#12911=CARTESIAN_POINT('Origin',(-6.72568102108587,32.2,1.53561717099434));
#12912=CARTESIAN_POINT('',(-5.93529323019493,32.2,2.17322698181776));
#12913=CARTESIAN_POINT('Origin',(-6.72568102108587,32.2,1.53561717099434));
#12914=CARTESIAN_POINT('',(-5.93529323019493,29.2,2.17322698181776));
#12915=CARTESIAN_POINT('Origin',(-6.72568102108587,29.2,1.53561717099434));
#12916=CARTESIAN_POINT('',(-5.93529323019493,32.2,2.17322698181776));
#12917=CARTESIAN_POINT('Origin',(-5.88664843973241,32.2,2.21246897922943));
#12918=CARTESIAN_POINT('Origin',(-5.88664843973241,32.2,2.21246897922943));
#12919=CARTESIAN_POINT('Origin',(-5.88664843973241,29.2,2.21246897922943));
#12920=CARTESIAN_POINT('Origin',(-6.48765147855356,32.2,2.0171912544206));
#12921=CARTESIAN_POINT('',(-6.42523114903249,32.2,2.01403650205608));
#12922=CARTESIAN_POINT('Origin',(-6.48765147855356,32.2,2.0171912544206));
#12923=CARTESIAN_POINT('',(-6.42523114903249,29.2,2.01403650205608));
#12924=CARTESIAN_POINT('Origin',(-6.48765147855356,29.2,2.0171912544206));
#12925=CARTESIAN_POINT('',(-6.42523114903249,32.2,2.01403650205608));
#12926=CARTESIAN_POINT('Origin',(-5.41101635053626,32.2,1.96277761639745));
#12927=CARTESIAN_POINT('Origin',(-5.41101635053626,32.2,1.96277761639745));
#12928=CARTESIAN_POINT('Origin',(-5.41101635053626,29.2,1.96277761639745));
#12929=CARTESIAN_POINT('Origin',(-6.20467765205054,29.2,2.16845917297711));
#12930=CARTESIAN_POINT('Origin',(-6.20467765205054,32.2,2.16845917297711));
#12931=CARTESIAN_POINT('',(0.,0.,0.));
#12932=CARTESIAN_POINT('',(0.,0.,0.));
#12933=CARTESIAN_POINT('',(0.,0.,0.));
#12934=CARTESIAN_POINT('',(0.,0.,0.));
#12935=CARTESIAN_POINT('',(-1.38777878078145E-17,0.,0.));
#12936=CARTESIAN_POINT('',(-1.38777878078145E-17,0.,0.));
#12937=CARTESIAN_POINT('',(0.,0.,0.));
#12938=CARTESIAN_POINT('',(0.,0.,0.));
#12939=CARTESIAN_POINT('',(0.,0.,0.));
#12940=CARTESIAN_POINT('Origin',(-97.5650747476,3.325,0.));
#12941=CARTESIAN_POINT('',(-97.5650747476,4.,-3.));
#12942=CARTESIAN_POINT('Origin',(-97.5650747476,4.,0.));
#12943=CARTESIAN_POINT('',(-97.5650747476,2.65,-1.65));
#12944=CARTESIAN_POINT('',(-97.5650747476,3.325,-2.325));
#12945=CARTESIAN_POINT('Origin',(-97.5650747476,2.65,0.));
#12946=CARTESIAN_POINT('Origin',(-97.5650747476,2.,0.));
#12947=CARTESIAN_POINT('',(-97.5650747476,0.,-1.65));
#12948=CARTESIAN_POINT('',(-97.5650747476,2.,-1.65));
#12949=CARTESIAN_POINT('Origin',(-97.5650747476,0.,0.));
#12950=CARTESIAN_POINT('Origin',(1.11022302462516E-15,3.325,-97.5650747476));
#12951=CARTESIAN_POINT('',(1.47761706436936E-15,4.,-100.5650747476));
#12952=CARTESIAN_POINT('Origin',(1.11022302462516E-15,4.,-97.5650747476));
#12953=CARTESIAN_POINT('',(1.31228974648447E-15,2.65,-99.2150747476));
#12954=CARTESIAN_POINT('',(1.39495340542692E-15,3.325,-99.8900747476));
#12955=CARTESIAN_POINT('Origin',(1.11022302462516E-15,2.65,-97.5650747476));
#12956=CARTESIAN_POINT('Origin',(1.11022302462516E-15,2.,-97.5650747476));
#12957=CARTESIAN_POINT('',(1.31228974648447E-15,0.,-99.2150747476));
#12958=CARTESIAN_POINT('',(1.31228974648447E-15,2.,-99.2150747476));
#12959=CARTESIAN_POINT('Origin',(1.11022302462516E-15,0.,-97.5650747476));
#12960=CARTESIAN_POINT('Origin',(97.5650747475673,3.325,0.));
#12961=CARTESIAN_POINT('',(97.5650747475673,4.,-3.));
#12962=CARTESIAN_POINT('Origin',(97.5650747475673,4.,0.));
#12963=CARTESIAN_POINT('',(97.5650747475673,2.65,-1.65));
#12964=CARTESIAN_POINT('',(97.5650747475673,3.325,-2.325));
#12965=CARTESIAN_POINT('Origin',(97.5650747475673,2.65,0.));
#12966=CARTESIAN_POINT('Origin',(97.5650747475673,2.,0.));
#12967=CARTESIAN_POINT('',(97.5650747475673,0.,-1.65));
#12968=CARTESIAN_POINT('',(97.5650747475673,2.,-1.65));
#12969=CARTESIAN_POINT('Origin',(97.5650747475673,0.,0.));
#12970=CARTESIAN_POINT('Origin',(5.55111512312578E-16,3.325,97.5650747476));
#12971=CARTESIAN_POINT('',(9.22505552056785E-16,4.,94.5650747476));
#12972=CARTESIAN_POINT('Origin',(5.55111512312578E-16,4.,97.5650747476));
#12973=CARTESIAN_POINT('',(7.57178234171891E-16,2.65,95.9150747476));
#12974=CARTESIAN_POINT('',(8.39841893114338E-16,3.325,95.2400747476));
#12975=CARTESIAN_POINT('Origin',(5.55111512312578E-16,2.65,97.5650747476));
#12976=CARTESIAN_POINT('Origin',(5.55111512312578E-16,2.,97.5650747476));
#12977=CARTESIAN_POINT('',(7.57178234171892E-16,0.,95.9150747476));
#12978=CARTESIAN_POINT('',(7.57178234171892E-16,2.,95.9150747476));
#12979=CARTESIAN_POINT('Origin',(5.55111512312578E-16,0.,97.5650747476));
#12980=CARTESIAN_POINT('Origin',(0.,3.,97.5650747476));
#12981=CARTESIAN_POINT('',(7.99764487096511,4.,97.3709703480476));
#12982=CARTESIAN_POINT('',(-7.99764487096514,4.,97.3709703480473));
#12983=CARTESIAN_POINT('Origin',(0.,4.,97.5650747476));
#12984=CARTESIAN_POINT('',(-10.,2.,97.5650747476));
#12985=CARTESIAN_POINT('Ctrl Pts',(-7.9976448709651,4.00000000000001,97.3709703480475));
#12986=CARTESIAN_POINT('Ctrl Pts',(-8.66314282569727,3.33615890082323,97.4311828466527));
#12987=CARTESIAN_POINT('Ctrl Pts',(-9.33580196357692,2.66419803642308,97.4968460400804));
#12988=CARTESIAN_POINT('Ctrl Pts',(-10.,2.,97.5650747476));
#12989=CARTESIAN_POINT('',(10.,2.,97.5650747476));
#12990=CARTESIAN_POINT('Origin',(0.,2.,97.5650747476));
#12991=CARTESIAN_POINT('Ctrl Pts',(7.99764487096511,3.99999999999999,97.3709703480475));
#12992=CARTESIAN_POINT('Ctrl Pts',(8.66314282567429,3.33615890084615,97.4311828466506));
#12993=CARTESIAN_POINT('Ctrl Pts',(9.3358019635158,2.6641980364842,97.4968460400741));
#12994=CARTESIAN_POINT('Ctrl Pts',(10.,2.,97.5650747476));
#12995=CARTESIAN_POINT('Origin',(-21.0246780803209,3.,39.5505818706596));
#12996=CARTESIAN_POINT('',(-13.3121412464888,4.,71.7759492827057));
#12997=CARTESIAN_POINT('',(-20.0455619223065,4.,39.3472802496256));
#12998=CARTESIAN_POINT('',(-15.,2.,73.4846922834953));
#12999=CARTESIAN_POINT('Ctrl Pts',(-13.3121412464888,4.,71.7759492827056));
#13000=CARTESIAN_POINT('Ctrl Pts',(-13.872830201684,3.33457202627001,72.3487354586635));
#13001=CARTESIAN_POINT('Ctrl Pts',(-14.4355693035041,2.66778035009988,72.9183557511262));
#13002=CARTESIAN_POINT('Ctrl Pts',(-15.,2.,73.4846922834953));
#13003=CARTESIAN_POINT('',(-22.0037942383354,2.,39.7538834916937));
#13004=CARTESIAN_POINT('Origin',(0.,3.,0.));
#13005=CARTESIAN_POINT('',(-71.7759492827057,4.,13.3121412464888));
#13006=CARTESIAN_POINT('Origin',(0.,4.,0.));
#13007=CARTESIAN_POINT('',(-73.4846922834953,2.,15.));
#13008=CARTESIAN_POINT('Ctrl Pts',(-71.7759492827057,4.,13.3121412464888));
#13009=CARTESIAN_POINT('Ctrl Pts',(-72.348735458663,3.33457202627054,13.8728302016836));
#13010=CARTESIAN_POINT('Ctrl Pts',(-72.9183557511252,2.66778035010098,14.4355693035032));
#13011=CARTESIAN_POINT('Ctrl Pts',(-73.4846922834953,2.00000000000001,15.));
#13012=CARTESIAN_POINT('Origin',(0.,2.,0.));
#13013=CARTESIAN_POINT('Origin',(-51.5907731027214,3.,18.524678080319));
#13014=CARTESIAN_POINT('',(-97.3709703480473,4.,7.9976448709651));
#13015=CARTESIAN_POINT('',(-51.3874714816874,4.,17.5455619223046));
#13016=CARTESIAN_POINT('',(-97.5650747476,2.,10.));
#13017=CARTESIAN_POINT('Ctrl Pts',(-97.3709703480474,4.00000000000001,7.9976448709651));
#13018=CARTESIAN_POINT('Ctrl Pts',(-97.4311828466524,3.33615890082589,8.6631428256946));
#13019=CARTESIAN_POINT('Ctrl Pts',(-97.4968460400797,2.66419803643016,9.33580196356985));
#13020=CARTESIAN_POINT('Ctrl Pts',(-97.5650747476,2.,10.));
#13021=CARTESIAN_POINT('',(-51.7940747237555,2.,19.5037942383334));
#13022=CARTESIAN_POINT('Origin',(-97.5650747476,3.,0.));
#13023=CARTESIAN_POINT('',(-97.3709703480475,4.,-7.9976448709651));
#13024=CARTESIAN_POINT('Origin',(-97.5650747476,4.,0.));
#13025=CARTESIAN_POINT('',(-97.5650747476,2.,-10.));
#13026=CARTESIAN_POINT('Ctrl Pts',(-97.3709703480475,4.,-7.9976448709651));
#13027=CARTESIAN_POINT('Ctrl Pts',(-97.4311828466517,3.33615890083399,-8.66314282568648));
#13028=CARTESIAN_POINT('Ctrl Pts',(-97.4968460400775,2.66419803645163,-9.33580196354837));
#13029=CARTESIAN_POINT('Ctrl Pts',(-97.5650747476,2.,-10.));
#13030=CARTESIAN_POINT('Origin',(-97.5650747476,2.,0.));
#13031=CARTESIAN_POINT('Origin',(-39.5505818706691,3.,-21.024678080319));
#13032=CARTESIAN_POINT('',(-71.7759492827057,4.,-13.3121412464888));
#13033=CARTESIAN_POINT('',(-39.3472802496351,4.,-20.0455619223046));
#13034=CARTESIAN_POINT('',(-73.4846922834953,2.,-15.));
#13035=CARTESIAN_POINT('Ctrl Pts',(-71.7759492827057,4.,-13.3121412464888));
#13036=CARTESIAN_POINT('Ctrl Pts',(-72.3487354586636,3.33457202626988,-13.8728302016842));
#13037=CARTESIAN_POINT('Ctrl Pts',(-72.9183557511264,2.66778035009964,-14.4355693035044));
#13038=CARTESIAN_POINT('Ctrl Pts',(-73.4846922834953,2.,-15.));
#13039=CARTESIAN_POINT('',(-39.7538834917031,2.,-22.0037942383334));
#13040=CARTESIAN_POINT('Origin',(0.,3.,0.));
#13041=CARTESIAN_POINT('',(-13.3121412464888,4.,-71.7759492827057));
#13042=CARTESIAN_POINT('Origin',(0.,4.,0.));
#13043=CARTESIAN_POINT('',(-15.,2.,-73.4846922834953));
#13044=CARTESIAN_POINT('Ctrl Pts',(-13.3121412464888,4.,-71.7759492827056));
#13045=CARTESIAN_POINT('Ctrl Pts',(-13.8728302016829,3.3345720262714,-72.3487354586623));
#13046=CARTESIAN_POINT('Ctrl Pts',(-14.4355693035017,2.6677803501028,-72.9183557511237));
#13047=CARTESIAN_POINT('Ctrl Pts',(-15.,2.,-73.4846922834953));
#13048=CARTESIAN_POINT('Origin',(0.,2.,0.));
#13049=CARTESIAN_POINT('Origin',(-18.5246780803209,3.,-51.590773102712));
#13050=CARTESIAN_POINT('',(-7.9976448709651,4.,-97.3709703480475));
#13051=CARTESIAN_POINT('',(-17.5455619223065,4.,-51.3874714816779));
#13052=CARTESIAN_POINT('',(-10.,2.,-97.5650747476));
#13053=CARTESIAN_POINT('Ctrl Pts',(-7.9976448709651,4.,-97.3709703480475));
#13054=CARTESIAN_POINT('Ctrl Pts',(-8.66314282568594,3.33615890083453,-97.4311828466517));
#13055=CARTESIAN_POINT('Ctrl Pts',(-9.33580196354683,2.66419803645317,-97.4968460400773));
#13056=CARTESIAN_POINT('Ctrl Pts',(-10.,2.,-97.5650747476));
#13057=CARTESIAN_POINT('',(-19.5037942383354,2.,-51.794074723746));
#13058=CARTESIAN_POINT('Origin',(1.11022302462516E-15,3.,-97.5650747476));
#13059=CARTESIAN_POINT('',(7.99764487096504,4.,-97.3709703480477));
#13060=CARTESIAN_POINT('Origin',(1.11022302462516E-15,4.,-97.5650747476));
#13061=CARTESIAN_POINT('',(10.,2.,-97.5650747476));
#13062=CARTESIAN_POINT('Ctrl Pts',(7.99764487096512,3.99999999999998,-97.3709703480474));
#13063=CARTESIAN_POINT('Ctrl Pts',(8.6631428256649,3.33615890085552,-97.4311828466497));
#13064=CARTESIAN_POINT('Ctrl Pts',(9.33580196349078,2.66419803650923,-97.4968460400716));
#13065=CARTESIAN_POINT('Ctrl Pts',(10.,2.,-97.5650747476));
#13066=CARTESIAN_POINT('Origin',(1.11022302462516E-15,2.,-97.5650747476));
#13067=CARTESIAN_POINT('Origin',(21.0246780803203,3.,-39.5505818706629));
#13068=CARTESIAN_POINT('',(15.,2.,-73.4846922834953));
#13069=CARTESIAN_POINT('',(22.0037942383347,2.,-39.7538834916969));
#13070=CARTESIAN_POINT('',(13.3121412464888,4.,-71.7759492827057));
#13071=CARTESIAN_POINT('',(20.0455619223058,4.,-39.3472802496289));
#13072=CARTESIAN_POINT('Ctrl Pts',(13.3121412464888,4.,-71.7759492827057));
#13073=CARTESIAN_POINT('Ctrl Pts',(13.8728302016833,3.33457202627084,-72.3487354586628));
#13074=CARTESIAN_POINT('Ctrl Pts',(14.4355693035027,2.66778035010165,-72.9183557511247));
#13075=CARTESIAN_POINT('Ctrl Pts',(15.,2.,-73.4846922834953));
#13076=CARTESIAN_POINT('Origin',(0.,3.,0.));
#13077=CARTESIAN_POINT('',(73.4846922834953,2.,-15.));
#13078=CARTESIAN_POINT('Origin',(0.,2.,0.));
#13079=CARTESIAN_POINT('',(71.7759492827056,4.,-13.3121412464892));
#13080=CARTESIAN_POINT('Origin',(0.,4.,0.));
#13081=CARTESIAN_POINT('Ctrl Pts',(71.7759492827056,4.,-13.3121412464892));
#13082=CARTESIAN_POINT('Ctrl Pts',(72.3487354586628,3.33457202627079,-13.8728302016836));
#13083=CARTESIAN_POINT('Ctrl Pts',(72.9183557511247,2.66778035010152,-14.4355693035029));
#13084=CARTESIAN_POINT('Ctrl Pts',(73.4846922834953,2.00000000000001,-15.));
#13085=CARTESIAN_POINT('Origin',(51.5907731026949,3.,-18.5246780803306));
#13086=CARTESIAN_POINT('',(97.5650747475673,2.,-10.));
#13087=CARTESIAN_POINT('',(51.7940747237293,2.,-19.503794238345));
#13088=CARTESIAN_POINT('',(97.3709703480145,4.,-7.9976448709651));
#13089=CARTESIAN_POINT('',(51.3874714816606,4.,-17.5455619223162));
#13090=CARTESIAN_POINT('Ctrl Pts',(97.3709703480145,4.,-7.9976448709651));
#13091=CARTESIAN_POINT('Ctrl Pts',(97.4311828466186,3.33615890083562,-8.66314282568485));
#13092=CARTESIAN_POINT('Ctrl Pts',(97.4968460400442,2.66419803645604,-9.33580196354396));
#13093=CARTESIAN_POINT('Ctrl Pts',(97.5650747475673,2.,-10.));
#13094=CARTESIAN_POINT('Origin',(97.5650747475673,3.,0.));
#13095=CARTESIAN_POINT('',(97.5650747475673,2.,10.));
#13096=CARTESIAN_POINT('Origin',(97.5650747475673,2.,0.));
#13097=CARTESIAN_POINT('',(97.3709703480144,4.,7.9976448709651));
#13098=CARTESIAN_POINT('Origin',(97.5650747475673,4.,0.));
#13099=CARTESIAN_POINT('Ctrl Pts',(97.3709703480144,4.,7.9976448709651));
#13100=CARTESIAN_POINT('Ctrl Pts',(97.4311828466187,3.33615890083482,8.66314282568566));
#13101=CARTESIAN_POINT('Ctrl Pts',(97.4968460400444,2.66419803645389,9.33580196354611));
#13102=CARTESIAN_POINT('Ctrl Pts',(97.5650747475673,2.,10.));
#13103=CARTESIAN_POINT('Origin',(39.550581870659,3.,21.0246780803306));
#13104=CARTESIAN_POINT('',(73.4846922834953,2.,15.));
#13105=CARTESIAN_POINT('',(39.7538834916933,2.,22.003794238345));
#13106=CARTESIAN_POINT('',(71.7759492827056,4.,13.3121412464892));
#13107=CARTESIAN_POINT('',(39.3472802496247,4.,20.0455619223162));
#13108=CARTESIAN_POINT('Ctrl Pts',(71.7759492827056,4.00000000000001,13.3121412464892));
#13109=CARTESIAN_POINT('Ctrl Pts',(72.3487354586628,3.33457202627076,13.8728302016837));
#13110=CARTESIAN_POINT('Ctrl Pts',(72.9183557511248,2.66778035010143,14.435569303503));
#13111=CARTESIAN_POINT('Ctrl Pts',(73.4846922834953,2.,15.));
#13112=CARTESIAN_POINT('Origin',(0.,3.,0.));
#13113=CARTESIAN_POINT('',(15.,2.,73.4846922834953));
#13114=CARTESIAN_POINT('Origin',(0.,2.,0.));
#13115=CARTESIAN_POINT('',(13.3121412464888,4.,71.7759492827057));
#13116=CARTESIAN_POINT('Origin',(0.,4.,0.));
#13117=CARTESIAN_POINT('Ctrl Pts',(13.3121412464888,4.,71.7759492827057));
#13118=CARTESIAN_POINT('Ctrl Pts',(13.8728302016828,3.33457202627149,72.3487354586622));
#13119=CARTESIAN_POINT('Ctrl Pts',(14.4355693035015,2.66778035010299,72.9183557511235));
#13120=CARTESIAN_POINT('Ctrl Pts',(15.,2.,73.4846922834953));
#13121=CARTESIAN_POINT('Origin',(18.5246780803203,3.,51.5907731027152));
#13122=CARTESIAN_POINT('',(19.5037942383347,2.,51.7940747237493));
#13123=CARTESIAN_POINT('',(17.5455619223058,4.,51.3874714816812));
#13124=CARTESIAN_POINT('Origin',(15.,0.,-73.4846922834953));
#13125=CARTESIAN_POINT('',(15.,0.,-73.4846922834953));
#13126=CARTESIAN_POINT('',(15.,0.,-73.4846922834953));
#13127=CARTESIAN_POINT('',(10.,0.,-97.5650747476));
#13128=CARTESIAN_POINT('',(10.,0.,-97.5650747476));
#13129=CARTESIAN_POINT('',(10.,0.,-97.5650747476));
#13130=CARTESIAN_POINT('Origin',(0.,0.,0.));
#13131=CARTESIAN_POINT('',(73.4846922834953,0.,-15.));
#13132=CARTESIAN_POINT('',(73.4846922834953,0.,-15.));
#13133=CARTESIAN_POINT('Origin',(0.,0.,0.));
#13134=CARTESIAN_POINT('Origin',(97.5650747475673,0.,-10.));
#13135=CARTESIAN_POINT('',(97.5650747475673,0.,-10.));
#13136=CARTESIAN_POINT('',(97.5650747475673,0.,-10.));
#13137=CARTESIAN_POINT('',(73.4846922834953,0.,-15.));
#13138=CARTESIAN_POINT('Origin',(97.5650747475673,0.,0.));
#13139=CARTESIAN_POINT('',(97.5650747475673,0.,10.));
#13140=CARTESIAN_POINT('',(97.5650747475673,0.,10.));
#13141=CARTESIAN_POINT('Origin',(97.5650747475673,0.,0.));
#13142=CARTESIAN_POINT('Origin',(73.4846922834953,0.,15.));
#13143=CARTESIAN_POINT('',(73.4846922834953,0.,15.));
#13144=CARTESIAN_POINT('',(73.4846922834953,0.,15.));
#13145=CARTESIAN_POINT('',(97.5650747475673,0.,10.));
#13146=CARTESIAN_POINT('Origin',(0.,0.,0.));
#13147=CARTESIAN_POINT('',(15.,0.,73.4846922834953));
#13148=CARTESIAN_POINT('',(15.,0.,73.4846922834953));
#13149=CARTESIAN_POINT('Origin',(0.,0.,0.));
#13150=CARTESIAN_POINT('Origin',(10.,0.,97.5650747476));
#13151=CARTESIAN_POINT('',(10.,0.,97.5650747476));
#13152=CARTESIAN_POINT('',(10.,0.,97.5650747476));
#13153=CARTESIAN_POINT('',(10.,0.,97.5650747476));
#13154=CARTESIAN_POINT('Origin',(0.,0.,97.5650747476));
#13155=CARTESIAN_POINT('',(-10.,0.,97.5650747476));
#13156=CARTESIAN_POINT('',(-10.,0.,97.5650747476));
#13157=CARTESIAN_POINT('Origin',(0.,0.,97.5650747476));
#13158=CARTESIAN_POINT('Origin',(-1.63602464908763E-11,4.,0.));
#13159=CARTESIAN_POINT('',(-10.,4.,48.9897948556636));
#13160=CARTESIAN_POINT('',(-48.9897948556636,4.,10.));
#13161=CARTESIAN_POINT('Origin',(0.,4.,0.));
#13162=CARTESIAN_POINT('',(-18.4661853126194,4.,10.));
#13163=CARTESIAN_POINT('',(-50.,4.,10.));
#13164=CARTESIAN_POINT('',(-10.,4.,18.4661853126194));
#13165=CARTESIAN_POINT('Origin',(0.,4.,0.));
#13166=CARTESIAN_POINT('',(-10.,4.,-50.));
#13167=CARTESIAN_POINT('',(-48.9897948556636,4.,-10.));
#13168=CARTESIAN_POINT('',(-10.,4.,-48.9897948556636));
#13169=CARTESIAN_POINT('Origin',(0.,4.,0.));
#13170=CARTESIAN_POINT('',(-10.,4.,-18.4661853126194));
#13171=CARTESIAN_POINT('',(-10.,4.,-50.));
#13172=CARTESIAN_POINT('',(-18.4661853126194,4.,-10.));
#13173=CARTESIAN_POINT('Origin',(0.,4.,0.));
#13174=CARTESIAN_POINT('',(50.,4.,-10.));
#13175=CARTESIAN_POINT('',(10.,4.,48.9897948556636));
#13176=CARTESIAN_POINT('',(10.,4.,18.4661853126194));
#13177=CARTESIAN_POINT('',(10.,4.,-50.));
#13178=CARTESIAN_POINT('',(18.4661853126194,4.,10.));
#13179=CARTESIAN_POINT('Origin',(0.,4.,0.));
#13180=CARTESIAN_POINT('',(48.9897948556636,4.,10.));
#13181=CARTESIAN_POINT('',(-50.,4.,10.));
#13182=CARTESIAN_POINT('Origin',(0.,4.,0.));
#13183=CARTESIAN_POINT('',(10.,4.,-18.4661853126194));
#13184=CARTESIAN_POINT('',(10.,4.,-48.9897948556636));
#13185=CARTESIAN_POINT('',(10.,4.,-50.));
#13186=CARTESIAN_POINT('',(48.9897948556636,4.,-10.));
#13187=CARTESIAN_POINT('Origin',(0.,4.,0.));
#13188=CARTESIAN_POINT('',(18.4661853126194,4.,-10.));
#13189=CARTESIAN_POINT('',(50.,4.,-10.));
#13190=CARTESIAN_POINT('Origin',(0.,4.,0.));
#13191=CARTESIAN_POINT('Origin',(0.,0.,0.));
#13192=CARTESIAN_POINT('',(18.4661853126194,0.,-10.));
#13193=CARTESIAN_POINT('',(10.,0.,-18.4661853126194));
#13194=CARTESIAN_POINT('Origin',(0.,0.,0.));
#13195=CARTESIAN_POINT('',(10.,0.,-18.4661853126194));
#13196=CARTESIAN_POINT('',(18.4661853126194,0.,-10.));
#13197=CARTESIAN_POINT('Origin',(48.9897948556636,0.,-10.));
#13198=CARTESIAN_POINT('',(48.9897948556636,0.,-10.));
#13199=CARTESIAN_POINT('',(50.,0.,-10.));
#13200=CARTESIAN_POINT('',(48.9897948556636,0.,-10.));
#13201=CARTESIAN_POINT('Origin',(0.,0.,0.));
#13202=CARTESIAN_POINT('',(10.,0.,-48.9897948556636));
#13203=CARTESIAN_POINT('Origin',(0.,0.,0.));
#13204=CARTESIAN_POINT('',(10.,0.,-48.9897948556636));
#13205=CARTESIAN_POINT('Origin',(10.,0.,-18.4661853126194));
#13206=CARTESIAN_POINT('',(10.,0.,-50.));
#13207=CARTESIAN_POINT('Origin',(0.,0.,0.));
#13208=CARTESIAN_POINT('',(48.9897948556636,0.,10.));
#13209=CARTESIAN_POINT('',(10.,0.,48.9897948556636));
#13210=CARTESIAN_POINT('Origin',(0.,0.,0.));
#13211=CARTESIAN_POINT('',(10.,0.,48.9897948556636));
#13212=CARTESIAN_POINT('',(48.9897948556636,0.,10.));
#13213=CARTESIAN_POINT('Origin',(18.4661853126194,0.,10.));
#13214=CARTESIAN_POINT('',(18.4661853126194,0.,10.));
#13215=CARTESIAN_POINT('',(-50.,0.,10.));
#13216=CARTESIAN_POINT('',(18.4661853126194,0.,10.));
#13217=CARTESIAN_POINT('Origin',(0.,0.,0.));
#13218=CARTESIAN_POINT('',(10.,0.,18.4661853126194));
#13219=CARTESIAN_POINT('Origin',(0.,0.,0.));
#13220=CARTESIAN_POINT('',(10.,0.,18.4661853126194));
#13221=CARTESIAN_POINT('Origin',(10.,0.,48.9897948556636));
#13222=CARTESIAN_POINT('',(10.,0.,-50.));
#13223=CARTESIAN_POINT('Origin',(-18.4661853126194,0.,-10.));
#13224=CARTESIAN_POINT('',(-18.4661853126194,0.,-10.));
#13225=CARTESIAN_POINT('',(-48.9897948556636,0.,-10.));
#13226=CARTESIAN_POINT('',(50.,0.,-10.));
#13227=CARTESIAN_POINT('',(-48.9897948556636,0.,-10.));
#13228=CARTESIAN_POINT('',(-18.4661853126194,0.,-10.));
#13229=CARTESIAN_POINT('Origin',(0.,0.,0.));
#13230=CARTESIAN_POINT('',(-10.,0.,-18.4661853126194));
#13231=CARTESIAN_POINT('Origin',(0.,0.,0.));
#13232=CARTESIAN_POINT('',(-10.,0.,-18.4661853126194));
#13233=CARTESIAN_POINT('Origin',(-10.,0.,-48.9897948556636));
#13234=CARTESIAN_POINT('',(-10.,0.,-48.9897948556636));
#13235=CARTESIAN_POINT('',(-10.,0.,-50.));
#13236=CARTESIAN_POINT('',(-10.,0.,-48.9897948556636));
#13237=CARTESIAN_POINT('Origin',(0.,0.,0.));
#13238=CARTESIAN_POINT('Origin',(0.,0.,0.));
#13239=CARTESIAN_POINT('Origin',(-10.,0.,18.4661853126194));
#13240=CARTESIAN_POINT('',(-10.,0.,18.4661853126194));
#13241=CARTESIAN_POINT('',(-10.,0.,48.9897948556636));
#13242=CARTESIAN_POINT('',(-10.,0.,-50.));
#13243=CARTESIAN_POINT('',(-10.,0.,48.9897948556636));
#13244=CARTESIAN_POINT('',(-10.,0.,18.4661853126194));
#13245=CARTESIAN_POINT('Origin',(0.,0.,0.));
#13246=CARTESIAN_POINT('',(-18.4661853126194,0.,9.99999999999999));
#13247=CARTESIAN_POINT('Origin',(0.,0.,0.));
#13248=CARTESIAN_POINT('',(-18.4661853126194,0.,9.99999999999999));
#13249=CARTESIAN_POINT('Origin',(-48.9897948556636,0.,10.));
#13250=CARTESIAN_POINT('',(-48.9897948556636,0.,10.));
#13251=CARTESIAN_POINT('',(-50.,0.,10.));
#13252=CARTESIAN_POINT('',(-48.9897948556636,0.,10.));
#13253=CARTESIAN_POINT('Origin',(0.,0.,0.));
#13254=CARTESIAN_POINT('Origin',(0.,0.,0.));
#13255=CARTESIAN_POINT('Origin',(-15.,0.,73.4846922834953));
#13256=CARTESIAN_POINT('',(-15.,0.,73.4846922834953));
#13257=CARTESIAN_POINT('',(-15.,0.,73.4846922834953));
#13258=CARTESIAN_POINT('',(-15.,0.,73.4846922834953));
#13259=CARTESIAN_POINT('Origin',(0.,0.,0.));
#13260=CARTESIAN_POINT('',(-73.4846922834953,0.,15.));
#13261=CARTESIAN_POINT('',(-73.4846922834953,0.,15.));
#13262=CARTESIAN_POINT('Origin',(0.,0.,0.));
#13263=CARTESIAN_POINT('Origin',(-97.5650747476,0.,10.));
#13264=CARTESIAN_POINT('',(-97.5650747476,0.,10.));
#13265=CARTESIAN_POINT('',(-97.5650747476,0.,10.));
#13266=CARTESIAN_POINT('',(-97.5650747476,0.,10.));
#13267=CARTESIAN_POINT('Origin',(-97.5650747476,0.,0.));
#13268=CARTESIAN_POINT('',(-97.5650747476,0.,-10.));
#13269=CARTESIAN_POINT('',(-97.5650747476,0.,-10.));
#13270=CARTESIAN_POINT('Origin',(-97.5650747476,0.,0.));
#13271=CARTESIAN_POINT('Origin',(-73.4846922834953,0.,-15.));
#13272=CARTESIAN_POINT('',(-73.4846922834953,0.,-15.));
#13273=CARTESIAN_POINT('',(-73.4846922834953,0.,-15.));
#13274=CARTESIAN_POINT('',(-73.4846922834953,0.,-15.));
#13275=CARTESIAN_POINT('Origin',(0.,0.,0.));
#13276=CARTESIAN_POINT('',(-15.,0.,-73.4846922834953));
#13277=CARTESIAN_POINT('',(-15.,0.,-73.4846922834953));
#13278=CARTESIAN_POINT('Origin',(0.,0.,0.));
#13279=CARTESIAN_POINT('Origin',(-10.,0.,-97.5650747476));
#13280=CARTESIAN_POINT('',(-10.,0.,-97.5650747476));
#13281=CARTESIAN_POINT('',(-10.,0.,-97.5650747476));
#13282=CARTESIAN_POINT('',(-15.,0.,-73.4846922834953));
#13283=CARTESIAN_POINT('Origin',(1.11022302462516E-15,0.,-97.5650747476));
#13284=CARTESIAN_POINT('Origin',(1.11022302462516E-15,0.,-97.5650747476));
#13285=CARTESIAN_POINT('Origin',(-1.63602464908763E-11,0.,0.));
#13286=CARTESIAN_POINT('Origin',(-22.5697688287406,47.4,2.26118317649145E-16));
#13287=CARTESIAN_POINT('',(-23.7697688287406,47.4,-11.4));
#13288=CARTESIAN_POINT('',(-21.3697688287406,47.4,-11.4));
#13289=CARTESIAN_POINT('',(-14.4197688287406,47.4,-11.4));
#13290=CARTESIAN_POINT('',(-23.7697688287406,47.4,11.4));
#13291=CARTESIAN_POINT('',(-23.7697688287406,47.4,16.1));
#13292=CARTESIAN_POINT('',(-21.3697688287406,47.4,11.4));
#13293=CARTESIAN_POINT('',(-23.1697688287406,47.4,11.4));
#13294=CARTESIAN_POINT('',(-21.3697688287406,47.4,-16.1));
#13295=CARTESIAN_POINT('Origin',(-21.3697688287406,29.9,16.1));
#13296=CARTESIAN_POINT('',(-21.3697688287406,29.9,-11.4));
#13297=CARTESIAN_POINT('',(-21.3697688287406,44.85,-11.4));
#13298=CARTESIAN_POINT('',(-21.3697688287406,29.9,11.4));
#13299=CARTESIAN_POINT('',(-21.3697688287406,44.85,11.4));
#13300=CARTESIAN_POINT('',(-21.3697688287406,29.9,-16.1));
#13301=CARTESIAN_POINT('Origin',(-6.26976882874061,59.8,-11.4));
#13302=CARTESIAN_POINT('',(-9.26976882874061,29.9,-11.4));
#13303=CARTESIAN_POINT('',(-23.7697688287406,29.9,-11.4));
#13304=CARTESIAN_POINT('',(-9.26976882874061,47.4,-11.4));
#13305=CARTESIAN_POINT('',(-9.26976882874061,49.225,-11.4));
#13306=CARTESIAN_POINT('',(-6.26976882874061,47.4,-11.4));
#13307=CARTESIAN_POINT('',(-4.76976882874061,47.4,-11.4));
#13308=CARTESIAN_POINT('',(-6.26976882874061,59.8,-11.4));
#13309=CARTESIAN_POINT('',(-6.26976882874061,59.8,-11.4));
#13310=CARTESIAN_POINT('',(-13.0367688287406,59.8,-11.4));
#13311=CARTESIAN_POINT('',(-23.7697688287406,59.8,-11.4));
#13312=CARTESIAN_POINT('',(-13.0367688287406,54.8,-11.4));
#13313=CARTESIAN_POINT('',(-13.0367688287406,59.8,-11.4));
#13314=CARTESIAN_POINT('',(-18.1157688287406,54.8,-11.4));
#13315=CARTESIAN_POINT('',(-10.9230188287406,54.8,-11.4));
#13316=CARTESIAN_POINT('',(-18.1157688287406,59.8,-11.4));
#13317=CARTESIAN_POINT('',(-18.1157688287406,59.8,-11.4));
#13318=CARTESIAN_POINT('',(-23.7697688287406,59.8,-11.4));
#13319=CARTESIAN_POINT('',(-23.7697688287406,59.8,-11.4));
#13320=CARTESIAN_POINT('',(-23.7697688287406,59.8,-11.4));
#13321=CARTESIAN_POINT('Origin',(-10.6667688287406,29.9,3.50934432065865E-15));
#13322=CARTESIAN_POINT('',(-23.7697688287406,29.9,16.1));
#13323=CARTESIAN_POINT('',(-23.7697688287406,29.9,-16.1));
#13324=CARTESIAN_POINT('',(-23.7697688287406,29.9,16.1));
#13325=CARTESIAN_POINT('',(-6.01111259122935,29.9,-16.1));
#13326=CARTESIAN_POINT('',(-6.01111259122935,29.9,-16.1));
#13327=CARTESIAN_POINT('',(-6.01111259122937,29.9,16.1));
#13328=CARTESIAN_POINT('',(-6.01111259122937,29.9,16.1));
#13329=CARTESIAN_POINT('',(2.43623117125938,29.9,16.1));
#13330=CARTESIAN_POINT('',(-9.26976882874062,29.9,11.4));
#13331=CARTESIAN_POINT('',(-23.7697688287406,29.9,11.4));
#13332=CARTESIAN_POINT('',(-9.26976882874061,29.9,16.1));
#13333=CARTESIAN_POINT('Origin',(-23.7697688287406,59.8,11.4));
#13334=CARTESIAN_POINT('',(-23.7697688287406,59.8,11.4));
#13335=CARTESIAN_POINT('',(-23.7697688287406,59.8,11.4));
#13336=CARTESIAN_POINT('',(-18.1157688287406,59.8,11.4));
#13337=CARTESIAN_POINT('',(-23.7697688287406,59.8,11.4));
#13338=CARTESIAN_POINT('',(-18.1157688287406,54.8,11.4));
#13339=CARTESIAN_POINT('',(-18.1157688287406,59.8,11.4));
#13340=CARTESIAN_POINT('',(-13.0367688287406,54.8,11.4));
#13341=CARTESIAN_POINT('',(-19.6730188287406,54.8,11.4));
#13342=CARTESIAN_POINT('',(-13.0367688287406,59.8,11.4));
#13343=CARTESIAN_POINT('',(-13.0367688287406,59.8,11.4));
#13344=CARTESIAN_POINT('',(-6.26976882874061,59.8,11.4));
#13345=CARTESIAN_POINT('',(-23.7697688287406,59.8,11.4));
#13346=CARTESIAN_POINT('',(-6.26976882874061,47.4,11.4));
#13347=CARTESIAN_POINT('',(-6.26976882874061,59.8,11.4));
#13348=CARTESIAN_POINT('',(-9.26976882874062,47.4,11.4));
#13349=CARTESIAN_POINT('',(-13.5197688287406,47.4,11.4));
#13350=CARTESIAN_POINT('',(-9.26976882874062,49.225,11.4));
#13351=CARTESIAN_POINT('Origin',(-9.26976882874062,47.4,16.1));
#13352=CARTESIAN_POINT('',(-9.26976882874062,47.4,16.1));
#13353=CARTESIAN_POINT('Origin',(-7.64044070998499,47.4,4.34410187532027E-15));
#13354=CARTESIAN_POINT('',(-6.26976882874061,47.4,13.75));
#13355=CARTESIAN_POINT('Origin',(-6.01111259122935,47.4,-16.1));
#13356=CARTESIAN_POINT('',(-6.01111259122937,47.4,16.1));
#13357=CARTESIAN_POINT('',(-6.01111259122935,47.4,-16.1));
#13358=CARTESIAN_POINT('',(-6.01111259122936,47.4,4.79352239509957E-15));
#13359=CARTESIAN_POINT('',(-6.01111259122937,47.4,16.1));
#13360=CARTESIAN_POINT('',(-6.01111259122935,47.4,-16.1));
#13361=CARTESIAN_POINT('Origin',(2.43623117125938,47.4,16.1));
#13362=CARTESIAN_POINT('',(2.4362311712594,47.4,-16.1));
#13363=CARTESIAN_POINT('',(-10.6667688287406,47.4,-16.1));
#13364=CARTESIAN_POINT('',(2.43623117125938,47.4,16.1));
#13365=CARTESIAN_POINT('',(2.43623117125939,47.4,7.12356849250049E-15));
#13366=CARTESIAN_POINT('',(2.43623117125938,47.4,16.1));
#13367=CARTESIAN_POINT('Origin',(-23.7697688287406,59.8,-16.1));
#13368=CARTESIAN_POINT('',(-23.7697688287406,59.8,-16.1));
#13369=CARTESIAN_POINT('',(-23.7697688287406,59.8,-16.1));
#13370=CARTESIAN_POINT('',(-18.1157688287406,59.8,-16.1));
#13371=CARTESIAN_POINT('',(2.4362311712594,59.8,-16.1));
#13372=CARTESIAN_POINT('',(-18.1157688287406,54.8,-16.1));
#13373=CARTESIAN_POINT('',(-18.1157688287406,59.8,-16.1));
#13374=CARTESIAN_POINT('',(-13.0367688287406,54.8,-16.1));
#13375=CARTESIAN_POINT('',(-19.6730188287406,54.8,-16.1));
#13376=CARTESIAN_POINT('',(-13.0367688287406,59.8,-16.1));
#13377=CARTESIAN_POINT('',(-13.0367688287406,59.8,-16.1));
#13378=CARTESIAN_POINT('',(2.4362311712594,59.8,-16.1));
#13379=CARTESIAN_POINT('',(2.4362311712594,59.8,-16.1));
#13380=CARTESIAN_POINT('',(2.4362311712594,59.8,-16.1));
#13381=CARTESIAN_POINT('Origin',(-6.26976882874061,59.8,11.4));
#13382=CARTESIAN_POINT('',(-6.26976882874061,59.8,11.4));
#13383=CARTESIAN_POINT('Origin',(-18.1157688287406,59.8,-11.4));
#13384=CARTESIAN_POINT('',(-18.1157688287406,59.8,-5.7));
#13385=CARTESIAN_POINT('',(-18.1157688287406,54.8,-16.1));
#13386=CARTESIAN_POINT('Origin',(-13.0367688287406,59.8,-16.1));
#13387=CARTESIAN_POINT('',(-13.0367688287406,59.8,-8.05));
#13388=CARTESIAN_POINT('',(-13.0367688287406,54.8,-11.4));
#13389=CARTESIAN_POINT('Origin',(-15.5762688287406,54.8,-13.75));
#13390=CARTESIAN_POINT('Origin',(-18.1157688287406,59.8,16.1));
#13391=CARTESIAN_POINT('',(-18.1157688287406,59.8,16.1));
#13392=CARTESIAN_POINT('',(-18.1157688287406,59.8,8.05));
#13393=CARTESIAN_POINT('',(-18.1157688287406,54.8,16.1));
#13394=CARTESIAN_POINT('',(-18.1157688287406,59.8,16.1));
#13395=CARTESIAN_POINT('',(-18.1157688287406,54.8,16.1));
#13396=CARTESIAN_POINT('Origin',(-13.0367688287406,59.8,11.4));
#13397=CARTESIAN_POINT('',(-13.0367688287406,59.8,16.1));
#13398=CARTESIAN_POINT('',(-13.0367688287406,59.8,5.70000000000001));
#13399=CARTESIAN_POINT('',(-13.0367688287406,54.8,16.1));
#13400=CARTESIAN_POINT('',(-13.0367688287406,54.8,11.4));
#13401=CARTESIAN_POINT('',(-13.0367688287406,59.8,16.1));
#13402=CARTESIAN_POINT('Origin',(-15.5762688287406,54.8,13.75));
#13403=CARTESIAN_POINT('',(-6.57001882874062,54.8,16.1));
#13404=CARTESIAN_POINT('Origin',(-10.6667688287406,59.8,3.50934432065865E-15));
#13405=CARTESIAN_POINT('',(-23.7697688287406,59.8,16.1));
#13406=CARTESIAN_POINT('',(-23.7697688287406,59.8,16.1));
#13407=CARTESIAN_POINT('',(2.43623117125938,59.8,16.1));
#13408=CARTESIAN_POINT('Origin',(-10.6667688287406,59.8,3.50934432065865E-15));
#13409=CARTESIAN_POINT('',(2.43623117125938,59.8,16.1));
#13410=CARTESIAN_POINT('',(2.43623117125938,59.8,16.1));
#13411=CARTESIAN_POINT('',(2.43623117125938,59.8,16.1));
#13412=CARTESIAN_POINT('Origin',(-10.6667688287406,59.8,3.50934432065865E-15));
#13413=CARTESIAN_POINT('',(-23.7697688287406,59.8,-16.1));
#13414=CARTESIAN_POINT('Origin',(2.43623117125938,59.8,16.1));
#13415=CARTESIAN_POINT('',(2.43623117125938,59.8,16.1));
#13416=CARTESIAN_POINT('',(-23.7697688287406,59.8,16.1));
#13417=CARTESIAN_POINT('Origin',(2.4362311712594,59.8,-16.1));
#13418=CARTESIAN_POINT('Origin',(-23.7697688287406,59.8,-11.4));
#13419=CARTESIAN_POINT('',(-15.3197688287406,47.4,4.44089209850063E-15));
#13420=CARTESIAN_POINT('',(-6.26976882874061,53.6,2.22044604925031E-15));
#13421=CARTESIAN_POINT('',(84.1378210524927,10.7028497960313,10.417859826307));
#13422=CARTESIAN_POINT('',(-24.6697688287408,171.555365530703,0.886058449414775));
#13423=CARTESIAN_POINT('',(22.7791760066262,166.46757695572,-147.224831764907));
#13424=CARTESIAN_POINT('',(-10.3235574118674,159.936245755395,63.4838700396293));
#13425=CARTESIAN_POINT('',(-15.3197688287407,11.2,5.50000000000002));
#13426=UNCERTAINTY_MEASURE_WITH_UNIT(LENGTH_MEASURE(0.01),#13456,
'DISTANCE_ACCURACY_VALUE',
'Maximum model space distance between geometric entities at asserted c
onnectivities');
#13427=UNCERTAINTY_MEASURE_WITH_UNIT(LENGTH_MEASURE(0.01),#13456,
'DISTANCE_ACCURACY_VALUE',
'Maximum model space distance between geometric entities at asserted c
onnectivities');
#13428=UNCERTAINTY_MEASURE_WITH_UNIT(LENGTH_MEASURE(0.01),#13456,
'DISTANCE_ACCURACY_VALUE',
'Maximum model space distance between geometric entities at asserted c
onnectivities');
#13429=UNCERTAINTY_MEASURE_WITH_UNIT(LENGTH_MEASURE(0.01),#13456,
'DISTANCE_ACCURACY_VALUE',
'Maximum model space distance between geometric entities at asserted c
onnectivities');
#13430=UNCERTAINTY_MEASURE_WITH_UNIT(LENGTH_MEASURE(0.01),#13456,
'DISTANCE_ACCURACY_VALUE',
'Maximum model space distance between geometric entities at asserted c
onnectivities');
#13431=UNCERTAINTY_MEASURE_WITH_UNIT(LENGTH_MEASURE(0.01),#13456,
'DISTANCE_ACCURACY_VALUE',
'Maximum model space distance between geometric entities at asserted c
onnectivities');
#13432=UNCERTAINTY_MEASURE_WITH_UNIT(LENGTH_MEASURE(0.01),#13456,
'DISTANCE_ACCURACY_VALUE',
'Maximum model space distance between geometric entities at asserted c
onnectivities');
#13433=UNCERTAINTY_MEASURE_WITH_UNIT(LENGTH_MEASURE(0.01),#13456,
'DISTANCE_ACCURACY_VALUE',
'Maximum model space distance between geometric entities at asserted c
onnectivities');
#13434=UNCERTAINTY_MEASURE_WITH_UNIT(LENGTH_MEASURE(0.01),#13456,
'DISTANCE_ACCURACY_VALUE',
'Maximum model space distance between geometric entities at asserted c
onnectivities');
#13435=UNCERTAINTY_MEASURE_WITH_UNIT(LENGTH_MEASURE(0.01),#13456,
'DISTANCE_ACCURACY_VALUE',
'Maximum model space distance between geometric entities at asserted c
onnectivities');
#13436=UNCERTAINTY_MEASURE_WITH_UNIT(LENGTH_MEASURE(0.01),#13456,
'DISTANCE_ACCURACY_VALUE',
'Maximum model space distance between geometric entities at asserted c
onnectivities');
#13437=UNCERTAINTY_MEASURE_WITH_UNIT(LENGTH_MEASURE(0.01),#13456,
'DISTANCE_ACCURACY_VALUE',
'Maximum model space distance between geometric entities at asserted c
onnectivities');
#13438=UNCERTAINTY_MEASURE_WITH_UNIT(LENGTH_MEASURE(0.01),#13456,
'DISTANCE_ACCURACY_VALUE',
'Maximum model space distance between geometric entities at asserted c
onnectivities');
#13439=UNCERTAINTY_MEASURE_WITH_UNIT(LENGTH_MEASURE(0.01),#13456,
'DISTANCE_ACCURACY_VALUE',
'Maximum model space distance between geometric entities at asserted c
onnectivities');
#13440=UNCERTAINTY_MEASURE_WITH_UNIT(LENGTH_MEASURE(0.01),#13456,
'DISTANCE_ACCURACY_VALUE',
'Maximum model space distance between geometric entities at asserted c
onnectivities');
#13441=(
GEOMETRIC_REPRESENTATION_CONTEXT(3)
GLOBAL_UNCERTAINTY_ASSIGNED_CONTEXT((#13426))
GLOBAL_UNIT_ASSIGNED_CONTEXT((#13456,#13458,#13459))
REPRESENTATION_CONTEXT('','3D')
);
#13442=(
GEOMETRIC_REPRESENTATION_CONTEXT(3)
GLOBAL_UNCERTAINTY_ASSIGNED_CONTEXT((#13427))
GLOBAL_UNIT_ASSIGNED_CONTEXT((#13456,#13458,#13459))
REPRESENTATION_CONTEXT('','3D')
);
#13443=(
GEOMETRIC_REPRESENTATION_CONTEXT(3)
GLOBAL_UNCERTAINTY_ASSIGNED_CONTEXT((#13428))
GLOBAL_UNIT_ASSIGNED_CONTEXT((#13456,#13458,#13459))
REPRESENTATION_CONTEXT('','3D')
);
#13444=(
GEOMETRIC_REPRESENTATION_CONTEXT(3)
GLOBAL_UNCERTAINTY_ASSIGNED_CONTEXT((#13429))
GLOBAL_UNIT_ASSIGNED_CONTEXT((#13456,#13458,#13459))
REPRESENTATION_CONTEXT('','3D')
);
#13445=(
GEOMETRIC_REPRESENTATION_CONTEXT(3)
GLOBAL_UNCERTAINTY_ASSIGNED_CONTEXT((#13430))
GLOBAL_UNIT_ASSIGNED_CONTEXT((#13456,#13458,#13459))
REPRESENTATION_CONTEXT('','3D')
);
#13446=(
GEOMETRIC_REPRESENTATION_CONTEXT(3)
GLOBAL_UNCERTAINTY_ASSIGNED_CONTEXT((#13431))
GLOBAL_UNIT_ASSIGNED_CONTEXT((#13456,#13458,#13459))
REPRESENTATION_CONTEXT('','3D')
);
#13447=(
GEOMETRIC_REPRESENTATION_CONTEXT(3)
GLOBAL_UNCERTAINTY_ASSIGNED_CONTEXT((#13432))
GLOBAL_UNIT_ASSIGNED_CONTEXT((#13456,#13458,#13459))
REPRESENTATION_CONTEXT('','3D')
);
#13448=(
GEOMETRIC_REPRESENTATION_CONTEXT(3)
GLOBAL_UNCERTAINTY_ASSIGNED_CONTEXT((#13433))
GLOBAL_UNIT_ASSIGNED_CONTEXT((#13456,#13458,#13459))
REPRESENTATION_CONTEXT('','3D')
);
#13449=(
GEOMETRIC_REPRESENTATION_CONTEXT(3)
GLOBAL_UNCERTAINTY_ASSIGNED_CONTEXT((#13434))
GLOBAL_UNIT_ASSIGNED_CONTEXT((#13456,#13458,#13459))
REPRESENTATION_CONTEXT('','3D')
);
#13450=(
GEOMETRIC_REPRESENTATION_CONTEXT(3)
GLOBAL_UNCERTAINTY_ASSIGNED_CONTEXT((#13435))
GLOBAL_UNIT_ASSIGNED_CONTEXT((#13456,#13458,#13459))
REPRESENTATION_CONTEXT('','3D')
);
#13451=(
GEOMETRIC_REPRESENTATION_CONTEXT(3)
GLOBAL_UNCERTAINTY_ASSIGNED_CONTEXT((#13436))
GLOBAL_UNIT_ASSIGNED_CONTEXT((#13456,#13458,#13459))
REPRESENTATION_CONTEXT('','3D')
);
#13452=(
GEOMETRIC_REPRESENTATION_CONTEXT(3)
GLOBAL_UNCERTAINTY_ASSIGNED_CONTEXT((#13437))
GLOBAL_UNIT_ASSIGNED_CONTEXT((#13456,#13458,#13459))
REPRESENTATION_CONTEXT('','3D')
);
#13453=(
GEOMETRIC_REPRESENTATION_CONTEXT(3)
GLOBAL_UNCERTAINTY_ASSIGNED_CONTEXT((#13438))
GLOBAL_UNIT_ASSIGNED_CONTEXT((#13456,#13458,#13459))
REPRESENTATION_CONTEXT('','3D')
);
#13454=(
GEOMETRIC_REPRESENTATION_CONTEXT(3)
GLOBAL_UNCERTAINTY_ASSIGNED_CONTEXT((#13439))
GLOBAL_UNIT_ASSIGNED_CONTEXT((#13456,#13458,#13459))
REPRESENTATION_CONTEXT('','3D')
);
#13455=(
GEOMETRIC_REPRESENTATION_CONTEXT(3)
GLOBAL_UNCERTAINTY_ASSIGNED_CONTEXT((#13440))
GLOBAL_UNIT_ASSIGNED_CONTEXT((#13456,#13458,#13459))
REPRESENTATION_CONTEXT('','3D')
);
#13456=(
LENGTH_UNIT()
NAMED_UNIT(*)
SI_UNIT(.MILLI.,.METRE.)
);
#13457=(
LENGTH_UNIT()
NAMED_UNIT(*)
SI_UNIT($,.METRE.)
);
#13458=(
NAMED_UNIT(*)
PLANE_ANGLE_UNIT()
SI_UNIT($,.RADIAN.)
);
#13459=(
NAMED_UNIT(*)
SI_UNIT($,.STERADIAN.)
SOLID_ANGLE_UNIT()
);
#13460=SHAPE_DEFINITION_REPRESENTATION(#13474,#13504);
#13461=SHAPE_DEFINITION_REPRESENTATION(#13475,#13505);
#13462=SHAPE_DEFINITION_REPRESENTATION(#13476,#13506);
#13463=SHAPE_DEFINITION_REPRESENTATION(#13477,#13507);
#13464=SHAPE_DEFINITION_REPRESENTATION(#13478,#13508);
#13465=SHAPE_DEFINITION_REPRESENTATION(#13479,#13509);
#13466=SHAPE_DEFINITION_REPRESENTATION(#13480,#13510);
#13467=SHAPE_DEFINITION_REPRESENTATION(#13482,#13511);
#13468=SHAPE_DEFINITION_REPRESENTATION(#13483,#13512);
#13469=SHAPE_DEFINITION_REPRESENTATION(#13484,#13513);
#13470=SHAPE_DEFINITION_REPRESENTATION(#13485,#13514);
#13471=SHAPE_DEFINITION_REPRESENTATION(#13486,#13515);
#13472=SHAPE_DEFINITION_REPRESENTATION(#13487,#13516);
#13473=SHAPE_DEFINITION_REPRESENTATION(#13496,#13517);
#13474=PRODUCT_DEFINITION_SHAPE('',$,#13519);
#13475=PRODUCT_DEFINITION_SHAPE('',$,#13520);
#13476=PRODUCT_DEFINITION_SHAPE('',$,#13521);
#13477=PRODUCT_DEFINITION_SHAPE('',$,#13522);
#13478=PRODUCT_DEFINITION_SHAPE('',$,#13523);
#13479=PRODUCT_DEFINITION_SHAPE('',$,#13524);
#13480=PRODUCT_DEFINITION_SHAPE('',$,#13525);
#13481=PRODUCT_DEFINITION_SHAPE($,$,#276);
#13482=PRODUCT_DEFINITION_SHAPE('',$,#13526);
#13483=PRODUCT_DEFINITION_SHAPE('',$,#13527);
#13484=PRODUCT_DEFINITION_SHAPE('',$,#13528);
#13485=PRODUCT_DEFINITION_SHAPE('',$,#13529);
#13486=PRODUCT_DEFINITION_SHAPE('',$,#13530);
#13487=PRODUCT_DEFINITION_SHAPE('',$,#13531);
#13488=PRODUCT_DEFINITION_SHAPE($,$,#277);
#13489=PRODUCT_DEFINITION_SHAPE($,$,#278);
#13490=PRODUCT_DEFINITION_SHAPE($,$,#279);
#13491=PRODUCT_DEFINITION_SHAPE($,$,#280);
#13492=PRODUCT_DEFINITION_SHAPE($,$,#281);
#13493=PRODUCT_DEFINITION_SHAPE($,$,#282);
#13494=PRODUCT_DEFINITION_SHAPE($,$,#283);
#13495=PRODUCT_DEFINITION_SHAPE($,$,#284);
#13496=PRODUCT_DEFINITION_SHAPE('',$,#13532);
#13497=PRODUCT_DEFINITION_SHAPE($,$,#285);
#13498=PRODUCT_DEFINITION_SHAPE($,$,#286);
#13499=PRODUCT_DEFINITION_SHAPE($,$,#287);
#13500=PRODUCT_DEFINITION_SHAPE($,$,#288);
#13501=PRODUCT_DEFINITION_SHAPE($,$,#289);
#13502=PRODUCT_DEFINITION_SHAPE($,$,#290);
#13503=PRODUCT_DEFINITION_SHAPE($,$,#291);
#13504=SHAPE_REPRESENTATION('',(#7498,#8323,#8324,#8325,#8326,#8327,#8328,
#8329),#13441);
#13505=SHAPE_REPRESENTATION('',(#7499,#8182),#13442);
#13506=SHAPE_REPRESENTATION('',(#7500,#8181),#13443);
#13507=SHAPE_REPRESENTATION('',(#7501,#8184),#13444);
#13508=SHAPE_REPRESENTATION('',(#7502,#8183),#13445);
#13509=SHAPE_REPRESENTATION('',(#7503,#7562),#13446);
#13510=SHAPE_REPRESENTATION('',(#7504),#13447);
#13511=SHAPE_REPRESENTATION('',(#7563,#8186),#13448);
#13512=SHAPE_REPRESENTATION('',(#7564,#8185),#13449);
#13513=SHAPE_REPRESENTATION('',(#7565),#13450);
#13514=SHAPE_REPRESENTATION('',(#7606,#8188),#13451);
#13515=SHAPE_REPRESENTATION('',(#7607,#8187),#13452);
#13516=SHAPE_REPRESENTATION('',(#7608),#13453);
#13517=SHAPE_REPRESENTATION('',(#8189),#13454);
#13518=PRODUCT_DEFINITION_CONTEXT('part definition',#13562,'design');
#13519=PRODUCT_DEFINITION('2026-09-26-13-27-47-930',
'project part 1 (~recovered)',#13533,#13518);
#13520=PRODUCT_DEFINITION('(Unsaved)','mg90s servo',#13534,#13518);
#13521=PRODUCT_DEFINITION('SERVOFULLCOMBINE','SERVOFULLCOMBINE v1',#13535,
#13518);
#13522=PRODUCT_DEFINITION('(Unsaved)_1','mg90s servo',#13536,#13518);
#13523=PRODUCT_DEFINITION('SERVOFULLCOMBINE_1','SERVOFULLCOMBINE v1',#13537,
#13518);
#13524=PRODUCT_DEFINITION('2026-09-26-23-18-08-950','Component3',#13538,
#13518);
#13525=PRODUCT_DEFINITION('2026-09-26-23-18-40-936','Component4',#13539,
#13518);
#13526=PRODUCT_DEFINITION('(Unsaved)_2','mg90s servo',#13540,#13518);
#13527=PRODUCT_DEFINITION('SERVOFULLCOMBINE_2','SERVOFULLCOMBINE v1',#13541,
#13518);
#13528=PRODUCT_DEFINITION('2026-09-27-01-41-51-802','Component5',#13542,
#13518);
#13529=PRODUCT_DEFINITION('(Unsaved)_3','mg90s servo',#13543,#13518);
#13530=PRODUCT_DEFINITION('SERVOFULLCOMBINE_3','SERVOFULLCOMBINE v1',#13544,
#13518);
#13531=PRODUCT_DEFINITION('MG90S Servo Motor','MG90S Servo Motor v1',#13545,
#13518);
#13532=PRODUCT_DEFINITION('2026-09-26-22-16-45-742',
'base part ms project final',#13546,#13518);
#13533=PRODUCT_DEFINITION_FORMATION('',$,#13564);
#13534=PRODUCT_DEFINITION_FORMATION('',$,#13565);
#13535=PRODUCT_DEFINITION_FORMATION('',$,#13566);
#13536=PRODUCT_DEFINITION_FORMATION('',$,#13567);
#13537=PRODUCT_DEFINITION_FORMATION('',$,#13568);
#13538=PRODUCT_DEFINITION_FORMATION('',$,#13569);
#13539=PRODUCT_DEFINITION_FORMATION('',$,#13570);
#13540=PRODUCT_DEFINITION_FORMATION('',$,#13571);
#13541=PRODUCT_DEFINITION_FORMATION('',$,#13572);
#13542=PRODUCT_DEFINITION_FORMATION('',$,#13573);
#13543=PRODUCT_DEFINITION_FORMATION('',$,#13574);
#13544=PRODUCT_DEFINITION_FORMATION('',$,#13575);
#13545=PRODUCT_DEFINITION_FORMATION('',$,#13576);
#13546=PRODUCT_DEFINITION_FORMATION('',$,#13577);
#13547=PRODUCT_RELATED_PRODUCT_CATEGORY('project part 1 (~recovered)',
'project part 1 (~recovered)',(#13564));
#13548=PRODUCT_RELATED_PRODUCT_CATEGORY('mg90s servo','mg90s servo',(#13565));
#13549=PRODUCT_RELATED_PRODUCT_CATEGORY('SERVOFULLCOMBINE v1',
'SERVOFULLCOMBINE v1',(#13566));
#13550=PRODUCT_RELATED_PRODUCT_CATEGORY('mg90s servo','mg90s servo',(#13567));
#13551=PRODUCT_RELATED_PRODUCT_CATEGORY('SERVOFULLCOMBINE v1',
'SERVOFULLCOMBINE v1',(#13568));
#13552=PRODUCT_RELATED_PRODUCT_CATEGORY('Component3','Component3',(#13569));
#13553=PRODUCT_RELATED_PRODUCT_CATEGORY('Component4','Component4',(#13570));
#13554=PRODUCT_RELATED_PRODUCT_CATEGORY('mg90s servo','mg90s servo',(#13571));
#13555=PRODUCT_RELATED_PRODUCT_CATEGORY('SERVOFULLCOMBINE v1',
'SERVOFULLCOMBINE v1',(#13572));
#13556=PRODUCT_RELATED_PRODUCT_CATEGORY('Component5','Component5',(#13573));
#13557=PRODUCT_RELATED_PRODUCT_CATEGORY('mg90s servo','mg90s servo',(#13574));
#13558=PRODUCT_RELATED_PRODUCT_CATEGORY('SERVOFULLCOMBINE v1',
'SERVOFULLCOMBINE v1',(#13575));
#13559=PRODUCT_RELATED_PRODUCT_CATEGORY('MG90S Servo Motor v1',
'MG90S Servo Motor v1',(#13576));
#13560=PRODUCT_RELATED_PRODUCT_CATEGORY('base part ms project final',
'base part ms project final',(#13577));
#13561=APPLICATION_PROTOCOL_DEFINITION('international standard',
'automotive_design',2009,#13562);
#13562=APPLICATION_CONTEXT(
'Core Data for Automotive Mechanical Design Process');
#13563=PRODUCT_CONTEXT('part definition',#13562,'mechanical');
#13564=PRODUCT('2026-09-26-13-27-47-930','project part 1 (~recovered)',
$,(#13563));
#13565=PRODUCT('(Unsaved)','mg90s servo',$,(#13563));
#13566=PRODUCT('SERVOFULLCOMBINE','SERVOFULLCOMBINE v1',$,(#13563));
#13567=PRODUCT('(Unsaved)_1','mg90s servo',$,(#13563));
#13568=PRODUCT('SERVOFULLCOMBINE_1','SERVOFULLCOMBINE v1',$,(#13563));
#13569=PRODUCT('2026-09-26-23-18-08-950','Component3',$,(#13563));
#13570=PRODUCT('2026-09-26-23-18-40-936','Component4',$,(#13563));
#13571=PRODUCT('(Unsaved)_2','mg90s servo',$,(#13563));
#13572=PRODUCT('SERVOFULLCOMBINE_2','SERVOFULLCOMBINE v1',$,(#13563));
#13573=PRODUCT('2026-09-27-01-41-51-802','Component5',$,(#13563));
#13574=PRODUCT('(Unsaved)_3','mg90s servo',$,(#13563));
#13575=PRODUCT('SERVOFULLCOMBINE_3','SERVOFULLCOMBINE v1',$,(#13563));
#13576=PRODUCT('MG90S Servo Motor','MG90S Servo Motor v1',$,(#13563));
#13577=PRODUCT('2026-09-26-22-16-45-742','base part ms project final',$,
(#13563));
#13578=PRESENTATION_STYLE_ASSIGNMENT((#13581));
#13579=PRESENTATION_STYLE_ASSIGNMENT((#13582));
#13580=PRESENTATION_STYLE_ASSIGNMENT((#13583));
#13581=SURFACE_STYLE_USAGE(.BOTH.,#13584);
#13582=SURFACE_STYLE_USAGE(.BOTH.,#13585);
#13583=SURFACE_STYLE_USAGE(.BOTH.,#13586);
#13584=SURFACE_SIDE_STYLE('',(#13587));
#13585=SURFACE_SIDE_STYLE('',(#13588));
#13586=SURFACE_SIDE_STYLE('',(#13589));
#13587=SURFACE_STYLE_FILL_AREA(#13590);
#13588=SURFACE_STYLE_FILL_AREA(#13591);
#13589=SURFACE_STYLE_FILL_AREA(#13592);
#13590=FILL_AREA_STYLE('Steel - Satin',(#13593));
#13591=FILL_AREA_STYLE('Opaque(54,54,54)',(#13594));
#13592=FILL_AREA_STYLE('Opaque(244,244,244)',(#13595));
#13593=FILL_AREA_STYLE_COLOUR('Steel - Satin',#13596);
#13594=FILL_AREA_STYLE_COLOUR('Opaque(54,54,54)',#13597);
#13595=FILL_AREA_STYLE_COLOUR('Opaque(244,244,244)',#13598);
#13596=COLOUR_RGB('Steel - Satin',0.627450980392157,0.627450980392157,0.627450980392157);
#13597=COLOUR_RGB('Opaque(54,54,54)',0.211764705882353,0.211764705882353,
0.211764705882353);
#13598=COLOUR_RGB('Opaque(244,244,244)',0.956862745098039,0.956862745098039,
0.956862745098039);
ENDSEC;
END-ISO-10303-21;
